t,T_true,T_meas,T_out,setpoint,heater,error,T_pred,lower,upper
0.0,18.0,18.3,5.0,21.0,1,2.6999999999999993,18.3,20.5,21.5
1.0,18.0174,18.3087,5.00174532903047,21.0,1,2.6912999999999982,18.395700000000012,20.5,21.5
2.0,18.034796869065804,18.31739895635527,5.003490656731796,21.0,1,2.6826010436447305,18.404388519907947,20.5,21.5
3.0,18.052190607823338,18.326096869222287,5.005235981774836,21.0,1,2.6739031307777132,18.41307599789246,20.5,21.5
4.0,18.06958121689813,18.334793738757455,5.0069813028304475,21.0,1,2.6652062612425453,18.421762434109134,20.5,21.5
5.0,18.086968696915317,18.352187478140518,5.008726618569493,21.0,1,2.647812521859482,18.526124871971152,20.5,21.5
6.0,18.104353048499647,18.36957808784045,5.010471927662839,21.0,1,2.6304219121595516,18.543484184839752,20.5,21.5
7.0,18.12173427227548,18.386965568482385,5.012217228781357,21.0,1,2.6130344315176153,18.560840374901748,20.5,21.5
8.0,18.13911236886678,18.40434992069107,5.013962520595923,21.0,1,2.5956500793089283,18.57819344277794,20.5,21.5
9.0,18.156487338897126,18.42173114509087,5.015707801777423,21.0,1,2.5782688549091297,18.595543389088856,20.5,21.5
10.0,18.173859182989702,18.439109242305747,5.017453070996748,21.0,1,2.560890757694253,18.612890214454517,20.5,21.5
11.0,18.191227901767302,18.45648421295928,5.0191983269248,21.0,1,2.5435157870407217,18.63023391949459,20.5,21.5
12.0,18.208593495852334,18.473856057674652,5.020943568232491,21.0,1,2.526143942325348,18.64757450482839,20.5,21.5
13.0,18.22595596586681,18.49122477707466,5.022688793590745,21.0,1,2.5087752229253404,18.664911971074734,20.5,21.5
14.0,18.243315312432355,18.508590371781708,5.024434001670494,21.0,1,2.4914096282182925,18.682246318852187,20.5,21.5
15.0,18.260671536170204,18.52595284241781,5.026179191142689,21.0,1,2.4740471575821914,18.69957754877882,20.5,21.5
16.0,18.278024637701197,18.543312189604585,5.02792436067829,21.0,1,2.4566878103954153,18.716905661472346,20.5,21.5
17.0,18.29537461764579,18.560668413963278,5.029669508948277,21.0,1,2.4393315860367224,18.734230657550206,20.5,21.5
18.0,18.312721476624052,18.578021516114724,5.0314146346236415,21.0,1,2.421978483885276,18.751552537629188,20.5,21.5
19.0,18.33006521525565,18.595371496679384,5.033159736375395,21.0,1,2.404628503320616,18.768871302325984,20.5,21.5
20.0,18.347405834159876,18.61271835627732,5.034904812874567,21.0,1,2.3872816437226803,18.786186952256678,20.5,21.5
21.0,18.36474333395562,18.630062095528206,5.036649862792205,21.0,1,2.3699379044717936,18.803499488037072,20.5,21.5
22.0,18.382077715261385,18.647402715051324,5.038394884799379,21.0,1,2.3525972849486756,18.820808910282505,20.5,21.5
23.0,18.39940897869529,18.66474021546557,5.040139877567178,21.0,1,2.335259784534429,18.838115219608035,20.5,21.5
24.0,18.416737124875066,18.68207459738945,5.0418848397667135,21.0,1,2.3179254026105482,18.85541841662826,20.5,21.5
25.0,18.434062154418044,18.699405861441086,5.043629770069122,21.0,1,2.300594138558914,18.87271850195743,20.5,21.5
26.0,18.451384067941174,18.716734008238195,5.045374667145563,21.0,1,2.2832659917618052,18.890015476209282,20.5,21.5
27.0,18.468702866061015,18.734059038398122,5.047119529667221,21.0,1,2.2659409616018777,18.907309339997397,20.5,21.5
28.0,18.486018549393737,18.75138095253781,5.048864356305306,21.0,1,2.2486190474621885,18.924600093934703,20.5,21.5
29.0,18.50333111855512,18.76869975127382,5.050609145731059,21.0,1,2.2313002487261784,18.941887738633923,20.5,21.5
30.0,18.520640574160556,18.78601543522233,5.052353896615746,21.0,1,2.2139845647776717,18.959172274707395,20.5,21.5
31.0,18.537946916825046,18.803328004999102,5.054098607630664,21.0,1,2.196671995000898,18.97645370276684,20.5,21.5
32.0,18.555250147163207,18.82063746121954,5.055843277447138,21.0,1,2.1793625387804596,18.993732023423924,20.5,21.5
33.0,18.572550265789264,18.837943804498643,5.057587904736527,21.0,1,2.162056195501357,19.011007237289668,20.5,21.5
34.0,18.589847273317055,18.855247035451033,5.059332488170221,21.0,1,2.1447529645489674,19.02827934497493,20.5,21.5
35.0,18.607141170360027,18.872547154690928,5.061077026419645,21.0,1,2.1274528453090724,19.045548347089877,20.5,21.5
36.0,18.62443195753124,18.889844162832166,5.062821518156257,21.0,1,2.1101558371678344,19.062814244244546,20.5,21.5
37.0,18.641719635443366,18.907138060488197,5.064565962051549,21.0,1,2.0928619395118027,19.080077037048515,20.5,21.5
38.0,18.659004204708687,18.924428848272083,5.066310356777053,21.0,1,2.0755711517279174,19.097336726110935,20.5,21.5
39.0,18.6762856659391,18.94171652679649,5.068054701004335,21.0,1,2.0582834732035096,19.11459331204057,20.5,21.5
40.0,18.693564019746113,18.95900109667371,5.069798993405002,21.0,1,2.0409989033262903,19.131846795445902,20.5,21.5
41.0,18.710839266740845,18.97628255851563,5.071543232650699,21.0,1,2.0237174414843686,19.14909717693485,20.5,21.5
42.0,18.728111407534026,18.993560912933766,5.073287417413113,21.0,1,2.0064390870662336,19.166344457115116,20.5,21.5
43.0,18.745380442736003,19.010836160539228,5.075031546363969,21.0,1,1.9891638394607725,19.18358863659384,20.5,21.5
44.0,18.76264637295673,19.028108301942755,5.07677561817504,21.0,1,1.9718916980572452,19.200829715978028,20.5,21.5
45.0,18.779909198805775,19.045377337754687,5.078519631518137,21.0,1,1.9546226622453133,19.218067695874005,20.5,21.5
46.0,18.797168920892318,19.06264326858498,5.080263585065119,21.0,1,1.9373567314150186,19.23530257688793,20.5,21.5
47.0,18.81442553982515,19.079906095043206,5.08200747748789,21.0,1,1.9200939049567936,19.252534359625457,20.5,21.5
48.0,18.831679056212685,19.097165817738542,5.0837513074583995,21.0,1,1.9028341822614578,19.2697630446919,20.5,21.5
49.0,18.848929470662934,19.11442243727978,5.085495073648644,21.0,1,1.8855775627202185,19.286988632692175,20.5,21.5
50.0,18.86617678378353,19.13167595427533,5.087238774730672,21.0,1,1.8683240457246697,19.304211124230818,20.5,21.5
51.0,18.88342099618172,19.148926369333214,5.088982409376578,21.0,1,1.8510736306667859,19.321430519912052,20.5,21.5
52.0,18.90066210846436,19.166173683061054,5.090725976258508,21.0,1,1.8338263169389464,19.33864682033945,20.5,21.5
53.0,18.917900121237917,19.1834178960661,5.09246947404866,21.0,1,1.8165821039339,19.355860026116563,20.5,21.5
54.0,18.93513503510848,19.20065900895521,5.094212901419286,21.0,1,1.7993409910447902,19.37307013784631,20.5,21.5
55.0,18.95236685068174,19.217897022334853,5.095956257042688,21.0,1,1.7821029776651471,19.390277156131283,20.5,21.5
56.0,18.969595568563015,19.23513193681111,5.097699539591226,21.0,1,1.7648680631888887,19.407481081573696,20.5,21.5
57.0,18.986821189357222,19.252363752989687,5.099442747737315,21.0,1,1.7476362470103126,19.424681914775448,20.5,21.5
58.0,19.0040437136689,19.26959247147588,5.101185880153427,21.0,1,1.7304075285241183,19.441879656337825,20.5,21.5
59.0,19.021263142102196,19.286818092874626,5.102928935512088,21.0,1,1.7131819071253744,19.459074306862064,20.5,21.5
60.0,19.03847947526088,19.304040617790456,5.1046719124858875,21.0,1,1.6959593822095442,19.476265866948758,20.5,21.5
61.0,19.055692713748325,19.321260046827515,5.106414809747473,21.0,1,1.6787399531724851,19.493454337198106,20.5,21.5
62.0,19.072902858167524,19.338476380589576,5.10815762596955,21.0,1,1.6615236194104241,19.510639718210186,20.5,21.5
63.0,19.090109909121082,19.35568961968001,5.109900359824891,21.0,1,1.6443103803199897,19.527822010584355,20.5,21.5
64.0,19.10731386721122,19.372899764701817,5.111643009986327,21.0,1,1.6271002352981832,19.545001214919882,20.5,21.5
65.0,19.124514733039778,19.390106816257596,5.113385575126755,21.0,1,1.609893183742404,19.562177331815388,20.5,21.5
66.0,19.141712507208194,19.407310774949572,5.115128053919134,21.0,1,1.592689225050428,19.57935036186933,20.5,21.5
67.0,19.158907190317535,19.424511641379574,5.116870445036493,21.0,1,1.5754883586204258,19.596520305679597,20.5,21.5
68.0,19.176098782968477,19.441709416149052,5.118612747151923,21.0,1,1.5582905838509475,19.613687163843835,20.5,21.5
69.0,19.193287285761315,19.45890409985907,5.120354958938587,21.0,1,1.541095900140931,19.630850936959234,20.5,21.5
70.0,19.210472699295952,19.476095693110302,5.122097079069714,21.0,1,1.5239043068896976,19.648011625622637,20.5,21.5
71.0,19.227655024171906,19.493284196503044,5.123839106218604,21.0,1,1.5067158034969559,19.66516923043046,20.5,21.5
72.0,19.244834260988316,19.5104696106372,5.125581039058627,21.0,1,1.4895303893627982,19.682323751978778,20.5,21.5
73.0,19.26201041034393,19.527651936112292,5.127322876263226,21.0,1,1.4723480638877078,19.699475190863197,20.5,21.5
74.0,19.279183472837115,19.544831173527452,5.129064616505916,21.0,1,1.4551688264725477,19.716623547679053,20.5,21.5
75.0,19.296353449065847,19.56200732348143,5.130806258460286,21.0,1,1.4379926765185687,19.733768823021222,20.5,21.5
76.0,19.313520339627726,19.579180386572595,5.1325478008,21.0,1,1.4208196134274047,19.750911017484235,20.5,21.5
77.0,19.33068414511996,19.59635036339892,5.134289242198798,21.0,1,1.4036496366010809,19.768050131662157,20.5,21.5
78.0,19.347844866139376,19.613517254558012,5.1360305813304965,21.0,1,1.3864827454419881,19.78518616614894,20.5,21.5
79.0,19.365002503282415,19.63068106064707,5.137771816868989,21.0,1,1.3693189393529295,19.802319121537657,20.5,21.5
80.0,19.382157057145132,19.64784178226293,5.13951294748825,21.0,1,1.3521582177370703,19.81944899842152,20.5,21.5
81.0,19.3993085283232,19.664999420002026,5.141253971862334,21.0,1,1.335000579997974,19.83657579739299,20.5,21.5
82.0,19.416456917411907,19.682153974460412,5.142994888665372,21.0,1,1.3178460255395876,19.853699519044277,20.5,21.5
83.0,19.433602225006158,19.699305446233772,5.1447356965715825,21.0,1,1.3006945537662276,19.870820163967373,20.5,21.5
84.0,19.450744451700473,19.716453835917385,5.146476394255263,21.0,1,1.2835461640826153,19.887937732753507,20.5,21.5
85.0,19.467883598088985,19.733599144106154,5.1482169803907984,21.0,1,1.2664008558938455,19.905052225993852,20.5,21.5
86.0,19.485019664765446,19.750741371394604,5.149957453652656,21.0,1,1.2492586286053964,19.922163644279095,20.5,21.5
87.0,19.502152652323222,19.767880518376863,5.151697812715388,21.0,1,1.232119481623137,19.939271988199458,20.5,21.5
88.0,19.5192825613553,19.78501658564669,5.153438056253638,21.0,1,1.2149834143533091,19.95637725834497,20.5,21.5
89.0,19.53640939245428,19.802149573797454,5.155178182942132,21.0,1,1.197850426202546,19.973479455305085,20.5,21.5
90.0,19.55353314621238,19.819279483422132,5.15691819145569,21.0,1,1.1807205165778676,19.990578579668917,20.5,21.5
91.0,19.57065382322143,19.83640631511333,5.158658080469219,21.0,1,1.1635936848866706,20.0076746320253,20.5,21.5
92.0,19.58777142407288,19.85353006946326,5.160397848657718,21.0,1,1.146469930536739,20.024767612962577,20.5,21.5
93.0,19.604885949357797,19.870650747063763,5.162137494696277,21.0,1,1.1293492529362368,20.041857523068785,20.5,21.5
94.0,19.621997399666864,19.887768348506278,5.163877017260082,21.0,1,1.1122316514937225,20.05894436293142,20.5,21.5
95.0,19.639105775590384,19.904882874381876,5.165616415024409,21.0,1,1.095117125618124,20.07602813313786,20.5,21.5
96.0,19.65621107771827,19.921994325281247,5.167355686664631,21.0,1,1.078005674718753,20.093108834274958,20.5,21.5
97.0,19.67331330664006,19.939102701794685,5.169094830856218,21.0,1,1.0608972982053153,20.11018646692906,20.5,21.5
98.0,19.690412462944906,19.956208004512103,5.170833846274735,21.0,1,1.0437919954878971,20.127261031686285,20.5,21.5
99.0,19.707508547221572,19.973310234023046,5.172572731595847,21.0,1,1.026689765976954,20.144332529132477,20.5,21.5
100.0,19.724601560058446,19.99040939091666,5.174311485495316,21.0,1,1.0095906090833395,20.161400959852806,20.5,21.5
101.0,19.741691502043533,20.00750547578171,5.176050106649007,21.0,1,0.9924945242182908,20.178466324432197,20.5,21.5
102.0,19.758778373764454,20.02459848920659,5.177788593732883,21.0,1,0.9754015107934109,20.195528623455388,20.5,21.5
103.0,19.77586217580845,20.0416884317793,5.179526945423011,21.0,1,0.9583115682207008,20.2125878575064,20.5,21.5
104.0,19.79294290876237,20.058775304087455,5.181265160395561,21.0,1,0.9412246959125454,20.22964402716901,20.5,21.5
105.0,19.810020573212697,20.075859106718305,5.183003237326805,21.0,1,0.9241408932816952,20.246697133026807,20.5,21.5
106.0,19.82709516974552,20.0929398402587,5.184741174893123,21.0,1,0.9070601597412988,20.263747175662665,20.5,21.5
107.0,19.844166698946548,20.110017505295122,5.186478971771001,21.0,1,0.8899824947048778,20.280794155659333,20.5,21.5
108.0,19.861235161401112,20.127092102413652,5.188216626637028,21.0,1,0.872907897586348,20.29783807359895,20.5,21.5
109.0,19.87830055769416,20.144163632200012,5.189954138167908,21.0,1,0.8558363677999878,20.314878930063614,20.5,21.5
110.0,19.895362888410254,20.161232095239523,5.191691505040448,21.0,1,0.838767904760477,20.33191672563463,20.5,21.5
111.0,19.91242215413358,20.178297492117135,5.193428725931568,21.0,1,0.8217025078828648,20.348951460893257,20.5,21.5
112.0,19.92947835544794,20.195359823417412,5.195165799518299,21.0,1,0.8046401765825877,20.365983136420184,20.5,21.5
113.0,19.946531492936757,20.21241908972454,5.196902724477783,21.0,1,0.7875809102754587,20.38301175279583,20.5,21.5
114.0,19.963581567183066,20.229475291622325,5.198639499487278,21.0,1,0.7705247083776747,20.400037310600165,20.5,21.5
115.0,19.980628578769526,20.246528429694177,5.200376123224153,21.0,1,0.7534715703058232,20.41705981041269,20.5,21.5
116.0,19.997672528278418,20.263578504523146,5.202112594365893,21.0,1,0.7364214954768542,20.434079252812836,20.5,21.5
117.0,20.014713416291634,20.280625516691885,5.2038489115901,21.0,1,0.7193744833081155,20.45109563837927,20.5,21.5
118.0,20.031751243390694,20.297669466782672,5.205585073574493,21.0,1,0.702330533217328,20.468108967690547,20.5,21.5
119.0,20.048786010156732,20.314710355377407,5.207321078996911,21.0,1,0.6852896446225927,20.48511924132476,20.5,21.5
120.0,20.0658177171705,20.331748183057602,5.209056926535307,21.0,1,0.6682518169423979,20.50212645985955,20.5,21.5
121.0,20.082846365012372,20.34878295040439,5.21079261486776,21.0,1,0.6512170495956084,20.519130623872286,20.5,21.5
122.0,20.099871954262344,20.365814657998534,5.212528142672467,21.0,1,0.6341853420014658,20.53613173393996,20.5,21.5
123.0,20.116894485500026,20.3828433064204,5.214263508627747,21.0,1,0.6171566935795987,20.553129790639073,20.5,21.5
124.0,20.133913959304653,20.399868896249988,5.215998711412046,21.0,1,0.6001311037500123,20.57012479454585,20.5,21.5
125.0,20.150930376255076,20.4168914280669,5.217733749703929,21.0,1,0.5831085719330993,20.58711674623603,20.5,21.5
126.0,20.167943736929764,20.433910902450382,5.219468622182091,21.0,1,0.566089097549618,20.604105646285195,20.5,21.5
127.0,20.184954041906813,20.450927319979275,5.221203327525349,21.0,1,0.5490726800207248,20.621091495268207,20.5,21.5
128.0,20.201961291763936,20.467940681232058,5.222937864412651,21.0,1,0.5320593187679421,20.638074293759885,20.5,21.5
129.0,20.218965487078467,20.48495098678682,5.224672231523071,21.0,1,0.5150490132131793,20.65505404233445,20.5,21.5
130.0,20.235966628427356,20.50195823722128,5.226406427535814,21.0,1,0.49804176277871903,20.672030741565884,20.5,21.5
131.0,20.252964716387176,20.518962433112762,5.228140451130212,21.0,1,0.4810375668872382,20.68900439202757,20.5,21.5
132.0,20.269959751534124,20.535963575038224,5.229874300985733,21.0,1,0.4640364249617761,20.705974994292845,20.5,21.5
133.0,20.286951734444013,20.55296166357424,5.231607975781974,21.0,1,0.4470383364257593,20.72294254893441,20.5,21.5
134.0,20.30394066569228,20.569956699297002,5.233341474198666,21.0,1,0.430043300702998,20.739907056524615,20.5,21.5
135.0,20.320926545853983,20.586948682782328,5.2350747949156755,21.0,1,0.41305131721767196,20.75686851763559,20.5,21.5
136.0,20.337909375503795,20.60393761460565,5.236807936613002,21.0,1,0.3960623853943517,20.77382693283885,20.5,21.5
137.0,20.354889155216018,20.620923495342026,5.2385408979707835,21.0,1,0.3790765046579736,20.790782302705807,20.5,21.5
138.0,20.371865885564567,20.63790632556614,5.240273677669294,21.0,1,0.3620936744338614,20.80773462780726,20.5,21.5
139.0,20.38883956712299,20.654886105852277,5.242006274388947,21.0,1,0.34511389414772253,20.824683908713666,20.5,21.5
140.0,20.405810200464444,20.67186283677437,5.243738686810295,21.0,1,0.32813716322563025,20.841630145995293,20.5,21.5
141.0,20.422777786161713,20.68883651890595,5.24547091361403,21.0,1,0.3111634810940487,20.858573340221767,20.5,21.5
142.0,20.439742324787204,20.70580715282019,5.247202953480985,21.0,1,0.2941928471798114,20.87551349196256,20.5,21.5
143.0,20.456703816912942,20.722774739089864,5.248934805092138,21.0,1,0.2772252609101358,20.89245060178662,20.5,21.5
144.0,20.473662263110576,20.73973927828738,5.2506664671286085,21.0,1,0.26026072171261916,20.909384670262547,20.5,21.5
145.0,20.49061766395138,20.756700770984768,5.25239793827166,21.0,1,0.24329922901523204,20.92631569795864,20.5,21.5
146.0,20.507570020006245,20.773659217753675,5.254129217202701,21.0,1,0.22634078224632503,20.943243685442745,20.5,21.5
147.0,20.524519331845685,20.790614619165375,5.255860302603288,21.0,1,0.20938538083462532,20.960168633282372,20.5,21.5
148.0,20.541465600039835,20.807566975790753,5.257591193155125,21.0,1,0.19243302420924735,20.977090542044532,20.5,21.5
149.0,20.55840882515846,20.82451628820033,5.259321887540064,21.0,1,0.17548371179967148,20.994009412296087,20.5,21.5
150.0,20.575349007770935,20.841462556964238,5.261052384440103,21.0,1,0.15853744303576178,21.010925244603335,20.5,21.5
151.0,20.59228614844627,20.858405782652245,5.262782682537396,21.0,1,0.14159421734775535,21.02783803953231,20.5,21.5
152.0,20.60922024775309,20.875345965833723,5.264512780514245,21.0,1,0.12465403416627652,21.044747797648512,20.5,21.5
153.0,20.626151306259644,20.892283107077684,5.266242677053104,21.0,1,0.10771689292231557,21.061654519517294,20.5,21.5
154.0,20.6430793245338,20.909217206952754,5.267972370836584,21.0,1,0.09078279304724646,21.078558205703445,20.5,21.5
155.0,20.66000430314306,20.926148266027177,5.269701860547446,21.0,1,0.0738517339728233,21.09545885677141,20.5,21.5
156.0,20.67692624265454,20.94307628486883,5.271431144868608,21.0,1,0.05692371513116967,21.112356473285367,20.5,21.5
157.0,20.693845143634984,20.96000126404521,5.273160222483147,21.0,1,0.03999873595478931,21.129251055809014,20.5,21.5
158.0,20.710761006650753,20.976923204123434,5.274889092074293,21.0,1,0.02307679587656608,21.146142604905666,20.5,21.5
159.0,20.727673832267836,20.993842105670243,5.276617752325438,21.0,1,0.0061578943297568856,21.163031121138335,20.5,21.5
160.0,20.74458362105185,21.010757969251998,5.278346201920131,21.0,1,-0.010757969251997679,21.179916605069543,20.5,21.5
161.0,20.761490373568023,21.027670795434695,5.280074439542083,21.0,1,-0.02767079543469464,21.196799057261664,20.5,21.5
162.0,20.77839409038122,21.04458058478394,5.281802463875166,21.0,1,-0.044580584783940225,21.213678478276396,20.5,21.5
163.0,20.795294772055918,21.061487337864975,5.283530273603413,21.0,1,-0.061487337864974734,21.23055486867532,20.5,21.5
164.0,20.812192419156226,21.078391055242655,5.2852578674110235,21.0,1,-0.07839105524265477,21.247428229019455,20.5,21.5
165.0,20.829087032245877,21.09529173748146,5.286985243982358,21.0,1,-0.09529173748146036,21.264298559869516,20.5,21.5
166.0,20.845978611888224,21.112189385145502,5.288712402001947,21.0,1,-0.11218938514550203,21.28116586178592,20.5,21.5
167.0,20.862867158646246,21.129083998798507,5.290439340154481,21.0,1,-0.12908399879850663,21.298030135328553,20.5,21.5
168.0,20.879752673082546,21.14597557900383,5.292166057124823,21.0,1,-0.1459755790038315,21.31489138105708,20.5,21.5
169.0,20.896635155759355,21.162864126324457,5.293892551598003,21.0,1,-0.16286412632445746,21.331749599530717,20.5,21.5
170.0,20.913514607238522,21.179749641322985,5.295618822259221,21.0,1,-0.1797496413229851,21.34860479130826,20.5,21.5
171.0,20.930391028081527,21.196632124561646,5.297344867793846,21.0,1,-0.19663212456164558,21.36545695694825,20.5,21.5
172.0,20.947264418849468,21.21351157660229,5.299070686887419,21.0,1,-0.21351157660228992,21.382306097008733,20.5,21.5
173.0,20.964134780103077,21.230387998006396,5.300796278225654,21.0,1,-0.2303879980063961,21.399152212047458,20.5,21.5
174.0,20.981002112402702,21.247261389335065,5.302521640494438,21.0,1,-0.24726138933506547,21.41599530262176,20.5,21.5
175.0,20.99786641630832,21.264131751149026,5.304246772379833,21.0,1,-0.26413175114902643,21.432835369288636,20.5,21.5
176.0,21.014727692379534,21.280999084008627,5.305971672568076,21.0,1,-0.28099908400862716,21.449672412604635,20.5,21.5
177.0,21.03158594117557,21.29786338847385,5.30769633974558,21.0,1,-0.29786338847384997,21.466506433126078,20.5,21.5
178.0,21.048441163255283,21.31472466510429,5.309420772598936,21.0,1,-0.31472466510428987,21.48333743140869,20.5,21.5
179.0,21.06529335917715,21.33158291445918,5.311144969814913,21.0,0,-0.33158291445917953,21.500165408008076,20.5,21.5
180.0,21.06214252949928,21.34443813709737,5.3128689300804615,21.0,0,-0.34443813709737015,21.472990363479276,20.5,21.5
181.0,21.058992674779397,21.35329113357734,5.314592652082709,21.0,0,-0.3532911335773399,21.441821098377037,20.5,21.5
182.0,21.05584379477486,21.3581427042972,5.316316134508967,21.0,0,-0.35814270429720096,21.406658411495812,20.5,21.5
183.0,21.052695889242806,21.3589936494947,5.318039376046729,21.0,0,-0.3589936494946997,21.367503101469687,20.5,21.5
184.0,21.049548957940168,21.355844769247305,5.31976237538367,21.0,0,-0.35584476924730524,21.32435596677336,20.5,21.5
185.0,21.046403000623656,21.352696863472183,5.321485131207652,21.0,0,-0.35269686347218254,21.321217805720956,20.5,21.5
186.0,21.043258017049773,21.349549931926255,5.3232076422067225,21.0,0,-0.34954993192625494,21.31808061646698,20.5,21.5
187.0,21.040114006974804,21.346403974366247,5.324929907069113,21.0,0,-0.3464039743662468,21.314944398766166,20.5,21.5
188.0,21.036970970154822,21.343258990548655,5.326651924483245,21.0,0,-0.34325899054865516,21.31180915237274,20.5,21.5
189.0,21.03382890634569,21.340114980229757,5.328373693137726,21.0,0,-0.3401149802297567,21.308674877040772,20.5,21.5
190.0,21.030687815303047,21.336971943165636,5.330095211721355,21.0,0,-0.3369719431656364,21.305541572524433,20.5,21.5
191.0,21.02754769678233,21.333829879112148,5.3318164789231215,21.0,0,-0.3338298791121481,21.302409238577265,20.5,21.5
192.0,21.02440855053876,21.33068878782494,5.333537493432204,21.0,0,-0.3306887878249398,21.299277874952857,20.5,21.5
193.0,21.021270376327337,21.327548669059443,5.335258253937977,21.0,0,-0.3275486690594427,21.29614748140447,20.5,21.5
194.0,21.018133173902857,21.32440952257088,5.336978759130005,21.0,0,-0.3244095225708783,21.293018057685234,20.5,21.5
195.0,21.014996943019902,21.321271348114248,5.338699007698049,21.0,0,-0.32127134811424796,21.289889603547945,20.5,21.5
196.0,21.011861683432837,21.31813414544435,5.340418998332065,21.0,0,-0.3181341454443505,21.286762118745376,20.5,21.5
197.0,21.008727394895818,21.31499791431576,5.342138729722205,21.0,0,-0.31499791431576085,21.283635603029865,20.5,21.5
198.0,21.005594077162783,21.311862654482848,5.343858200558819,21.0,0,-0.311862654482848,21.28051005615372,20.5,21.5
199.0,21.002461729987463,21.30872836569977,5.3455774095324555,21.0,0,-0.30872836569977125,21.277385477869004,20.5,21.5
200.0,20.999330353123373,21.305595047720466,5.347296355333861,21.0,0,-0.3055950477204661,21.274261867927414,20.5,21.5
201.0,20.996199946323816,21.30246270029866,5.349015036653984,21.0,0,-0.3024627002986584,21.27113922608058,20.5,21.5
202.0,20.993070509341884,21.299331323187875,5.350733452183974,21.0,0,-0.29933132318787514,21.268017552080043,20.5,21.5
203.0,20.98994204193045,21.29620091614141,5.352451600615184,21.0,0,-0.29620091614140875,21.264896845676745,20.5,21.5
204.0,20.98681454384219,21.293071478912356,5.354169480639166,21.0,0,-0.2930714789123563,21.26177710662183,20.5,21.5
205.0,20.98368801482955,21.28994301125359,5.355887090947683,21.0,0,-0.289943011253591,21.258658334665938,20.5,21.5
206.0,20.980562454644772,21.286815512917787,5.3576044302326995,21.0,0,-0.2868155129177872,21.25554052955975,20.5,21.5
207.0,20.97743786303989,21.283688983657388,5.359321497186385,21.0,0,-0.28368898365738815,21.252423691053398,20.5,21.5
208.0,20.974314239766716,21.280563423224642,5.36103829050112,21.0,0,-0.2805634232246419,21.24930781889718,20.5,21.5
209.0,20.971191584576864,21.277438831371576,5.362754808869491,21.0,0,-0.2774388313715761,21.246192912840918,20.5,21.5
210.0,20.968069897221724,21.27431520785001,5.364471050984295,21.0,0,-0.27431520785000885,21.243078972634336,20.5,21.5
211.0,20.96494917745248,21.27119255241155,5.3661870155385385,21.0,0,-0.2711925524115486,21.239965998026946,20.5,21.5
212.0,20.961829425020095,21.26807086480759,5.36790270122544,21.0,0,-0.2680708648075907,21.23685398876801,20.5,21.5
213.0,20.958710639675335,21.264950144789317,5.3696181067384305,21.0,0,-0.2649501447893172,21.233742944606583,20.5,21.5
214.0,20.955592821168747,21.26183039210769,5.371333230771154,21.0,0,-0.2618303921076901,21.23063286529142,20.5,21.5
215.0,20.952475969250667,21.25871160651348,5.373048072017469,21.0,0,-0.25871160651347935,21.227523750571372,20.5,21.5
216.0,20.94936008367122,21.255593787757228,5.37476262917145,21.0,0,-0.25559378775722763,21.22441560019471,20.5,21.5
217.0,20.94624516418032,21.252476935589275,5.3764769009273845,21.0,0,-0.2524769355892751,21.22130841390975,20.5,21.5
218.0,20.943131210527667,21.249361049759738,5.378190885979783,21.0,0,-0.24936104975973805,21.218202191464368,20.5,21.5
219.0,20.940018222462758,21.24624613001854,5.379904583023369,21.0,0,-0.246246130018541,21.21509693260657,20.5,21.5
220.0,20.93690619973487,21.243132176115385,5.38161799075309,21.0,0,-0.24313217611538462,21.21199263708382,20.5,21.5
221.0,20.933795142093075,21.240019187799753,5.383331107864109,21.0,0,-0.24001918779975284,21.208889304643435,20.5,21.5
222.0,20.93068504928623,21.236907164820934,5.385043933051815,21.0,0,-0.2369071648209342,21.205786935032748,20.5,21.5
223.0,20.92757592106298,21.233796106927997,5.386756465011816,21.0,0,-0.23379610692799702,21.202685527998625,20.5,21.5
224.0,20.924467757171772,21.230686013869796,5.388468702439944,21.0,0,-0.23068601386979637,21.19958508328779,20.5,21.5
225.0,20.921360557360828,21.22757688539499,5.390180644032257,21.0,0,-0.22757688539498844,21.19648560064691,20.5,21.5
226.0,20.91825432137816,21.224468721252002,5.391892288485035,21.0,0,-0.224468721252002,21.193387079822138,20.5,21.5
227.0,20.915149048971582,21.221361521189074,5.393603634494789,21.0,0,-0.22136152118907404,21.190289520559794,20.5,21.5
228.0,20.912044739888685,21.218255284954214,5.395314680758252,21.0,0,-0.2182552849542141,21.187192922605615,20.5,21.5
229.0,20.90894139387686,21.215150012295233,5.39702542597239,21.0,0,-0.21515001229523278,21.18409728570542,20.5,21.5
230.0,20.905839010683277,21.21204570295972,5.398735868834394,21.0,0,-0.21204570295972047,21.181002609604597,20.5,21.5
231.0,20.902737590054908,21.20894235669507,5.40044600804169,21.0,0,-0.20894235669506855,21.17790889404855,20.5,21.5
232.0,20.899637131738505,21.205839973248455,5.402155842291929,21.0,0,-0.20583997324845527,21.174816138782322,20.5,21.5
233.0,20.896537635480616,21.202738552366846,5.403865370283001,21.0,0,-0.20273855236684568,21.17172434355075,20.5,21.5
234.0,20.893439101027578,21.199638093796988,5.405574590713025,21.0,0,-0.19963809379698816,21.168633508098413,20.5,21.5
235.0,20.890341528125514,21.196538597285436,5.407283502280355,21.0,0,-0.19653859728543566,21.16554363216991,20.5,21.5
236.0,20.887244916520345,21.193440062578524,5.40899210368358,21.0,0,-0.19344006257852442,21.162454715509412,20.5,21.5
237.0,20.884149265957777,21.190342489422374,5.410700393621528,21.0,0,-0.19034248942237397,21.15936675786087,20.5,21.5
238.0,20.88105457618331,21.187245877562912,5.412408370793259,21.0,0,-0.187245877562912,21.156279758968292,20.5,21.5
239.0,20.87796084694223,21.184150226745842,5.414116033898076,21.0,0,-0.18415022674584236,21.153193718575146,20.5,21.5
240.0,20.87486807797962,21.181055536716663,5.415823381635518,21.0,0,-0.18105553671666286,21.150108636424868,20.5,21.5
241.0,20.871776269040353,21.177961807220665,5.417530412705367,21.0,0,-0.17796180722066524,21.14702451226069,20.5,21.5
242.0,20.868685419869085,21.174869038002925,5.419237125807643,21.0,0,-0.17486903800292453,21.143941345825517,20.5,21.5
243.0,20.86559553021027,21.171777228808317,5.420943519642611,21.0,0,-0.1717772288083168,21.14085913686224,20.5,21.5
244.0,20.862506599808157,21.1686863793815,5.422649592910777,21.0,0,-0.16868637938150144,21.137777885113348,20.5,21.5
245.0,20.85941862840678,21.16559648946693,5.424355344312892,21.0,0,-0.16559648946693173,21.134697590321235,20.5,21.5
246.0,20.85633161574996,21.162507558808855,5.4260607725499534,21.0,0,-0.16250755880885492,21.131618252228087,20.5,21.5
247.0,20.853245561581318,21.1594195871513,5.4277658763232015,21.0,0,-0.15941958715130156,21.128539870575768,20.5,21.5
248.0,20.850160465644265,21.1563325742381,5.429470654334127,21.0,0,-0.15633257423809965,21.12546244510608,20.5,21.5
249.0,20.847076327682004,21.15324651981287,5.431175105284466,21.0,0,-0.15324651981287118,21.122385975560587,20.5,21.5
250.0,20.843993147437523,21.150161423619018,5.432879227876206,21.0,0,-0.15016142361901785,21.119310461680485,20.5,21.5
251.0,20.84091092465361,21.14707728539975,5.434583020811583,21.0,0,-0.1470772853997495,21.116235903207066,20.5,21.5
252.0,20.837829659072842,21.143994104898052,5.4362864827930855,21.0,0,-0.1439941048980522,21.11316229988108,20.5,21.5
253.0,20.834749350437587,21.140911881856717,5.4379896125234515,21.0,0,-0.14091188185671655,21.11008965144336,20.5,21.5
254.0,20.831669998490003,21.13783061601832,5.439692408705675,21.0,0,-0.13783061601832003,21.107017957634355,20.5,21.5
255.0,20.828591602972047,21.134750307125223,5.441394870043002,21.0,0,-0.1347503071252234,21.103947218194257,20.5,21.5
256.0,20.82551416362546,21.131670954919592,5.4430969952389345,21.0,0,-0.13167095491959202,21.100877432863278,20.5,21.5
257.0,20.822437680191783,21.128592559143378,5.44479878299723,21.0,0,-0.12859255914337808,21.09780860138124,20.5,21.5
258.0,20.819362152412342,21.12551511953833,5.4465002320219025,21.0,0,-0.12551511953833128,21.094740723487863,20.5,21.5
259.0,20.816287580028263,21.122438635845988,5.448201341017225,21.0,0,-0.12243863584598813,21.091673798922557,20.5,21.5
260.0,20.81321396278046,21.11936310780767,5.44990210868773,21.0,0,-0.11936310780766846,21.08860782742447,20.5,21.5
261.0,20.81014130040964,21.116288535164507,5.451602533738208,21.0,0,-0.11628853516450732,21.085542808732896,20.5,21.5
262.0,20.807069592656305,21.11321491765741,5.45330261487371,21.0,0,-0.11321491765740888,21.082478742586424,20.5,21.5
263.0,20.80399883926075,21.110142255027093,5.455002350799552,21.0,0,-0.11014225502709252,21.07941562872393,20.5,21.5
264.0,20.80092903996306,21.107070547014054,5.456701740221312,21.0,0,-0.10707054701405383,21.076353466883667,20.5,21.5
265.0,20.79786019450311,21.103999793358582,5.458400781844828,21.0,0,-0.10399979335858234,21.073292256803867,20.5,21.5
266.0,20.79479230262058,21.10092999380077,5.460099474376209,21.0,0,-0.10092999380076861,21.07023199822263,20.5,21.5
267.0,20.79172536405493,21.097861148080494,5.461797816521825,21.0,0,-0.09786114808049362,21.067172690877744,20.5,21.5
268.0,20.78865937854542,21.09479325593743,5.463495806988314,21.0,0,-0.09479325593742871,21.06411433450678,20.5,21.5
269.0,20.78559434583111,21.09172631711104,5.465193444482585,21.0,0,-0.09172631711103918,21.061056928847144,20.5,21.5
270.0,20.78253026565084,21.088660331340584,5.466890727711811,21.0,0,-0.08866033134058426,21.058000473636035,20.5,21.5
271.0,20.779467137743254,21.08559529836512,5.468587655383438,21.0,0,-0.0855952983651207,21.054944968610485,20.5,21.5
272.0,20.776404961846783,21.082531217923492,5.47028422620518,21.0,0,-0.08253121792349205,21.051890413507206,20.5,21.5
273.0,20.773343737699655,21.07946808975434,5.471980438885026,21.0,0,-0.07946808975433939,21.048836808062813,20.5,21.5
274.0,20.770283465039892,21.076405913596098,5.473676292131238,21.0,0,-0.07640591359609772,21.04578415201368,20.5,21.5
275.0,20.76722414360531,21.07334468918699,5.475371784652346,21.0,0,-0.07334468918698889,21.0427324450959,20.5,21.5
276.0,20.76416577313352,21.070284416265046,5.477066915157161,21.0,0,-0.07028441626504645,21.039681687045622,20.5,21.5
277.0,20.761108353361927,21.067225094568073,5.478761682354769,21.0,0,-0.06722509456807302,21.03663187759834,20.5,21.5
278.0,20.758051884027726,21.064166723833686,5.480456084954527,21.0,0,-0.06416672383368649,21.03358301648982,20.5,21.5
279.0,20.75499636486791,21.061109303799288,5.482150121666077,21.0,0,-0.06110930379928803,21.030535103455303,20.5,21.5
280.0,20.75194179561927,21.05805283420208,5.483843791199336,21.0,0,-0.05805283420207985,21.027488138229998,20.5,21.5
281.0,20.748888176018387,21.05499731477905,5.485537092264499,21.0,0,-0.05499731477905101,21.024442120548763,20.5,21.5
282.0,20.745835505801637,21.05194274526699,5.487230023572045,21.0,0,-0.05194274526699161,21.021397050146398,20.5,21.5
283.0,20.74278378470519,21.048889125402486,5.488922583832733,21.0,0,-0.04888912540248569,21.018352926757427,20.5,21.5
284.0,20.739733012465013,21.045836454921904,5.490614771757605,21.0,0,-0.045836454921904135,21.01530975011609,20.5,21.5
285.0,20.736683188816873,21.042784733561426,5.492306586057986,21.0,0,-0.04278473356142598,21.012267519956644,20.5,21.5
286.0,20.73363431349632,21.03973396105701,5.493998025445486,21.0,0,-0.03973396105700999,21.00922623601285,20.5,21.5
287.0,20.73058638623871,21.036684137144427,5.495689088632,21.0,0,-0.03668413714442664,21.006185898018593,20.5,21.5
288.0,20.727539406779186,21.033635261559223,5.497379774329709,21.0,0,-0.033635261559222585,21.003146505707182,20.5,21.5
289.0,20.724493374852695,21.03058733403676,5.499070081251085,21.0,0,-0.030587334036759728,21.00010805881213,20.5,21.5
290.0,20.721448290193976,21.02754035431218,5.500760008108883,21.0,0,-0.027540354312179716,20.99707055706638,20.5,21.5
291.0,20.71840415253756,21.024494322120425,5.502449553616151,21.0,0,-0.024494322120425238,20.99403400020288,20.5,21.5
292.0,20.715360961617776,21.02144923719624,5.504138716486227,21.0,0,-0.021449237196240034,20.990998387954388,20.5,21.5
293.0,20.71231871716875,21.018405099274155,5.50582749543274,21.0,0,-0.01840509927415468,20.9879637200533,20.5,21.5
294.0,20.7092774189244,21.015361908088494,5.507515889169611,21.0,0,-0.015361908088493692,20.984929996231884,20.5,21.5
295.0,20.70623706661845,21.01231966337339,5.509203896411055,21.0,0,-0.012319663373389744,20.98189721622235,20.5,21.5
296.0,20.703197659984408,21.00927836486276,5.510891515871581,21.0,0,-0.009278364862758792,20.97886537975645,20.5,21.5
297.0,20.700159198755586,21.00623801229032,5.512578746265993,21.0,0,-0.006238012290321393,20.975834486565947,20.5,21.5
298.0,20.697121682665088,21.003198605389592,5.514265586309392,21.0,0,-0.0031986053895920463,20.9728045363823,20.5,21.5
299.0,20.694085111445816,21.000160143893872,5.515952034717176,21.0,0,-0.00016014389387208894,20.969775528936673,20.5,21.5
300.0,20.69104948483047,20.997122627536278,5.5176380902050415,21.0,0,0.0028773724637218834,20.96674746396034,20.5,21.5
301.0,20.688014802551542,20.994086056049703,5.519323751488983,21.0,0,0.005913943950297096,20.96372034118395,20.5,21.5
302.0,20.68498106434133,20.991050429166854,5.521009017285297,21.0,0,0.008949570833145515,20.96069416033837,20.5,21.5
303.0,20.68194826993192,20.98801574662022,5.522693886310579,21.0,0,0.011984253379779375,20.957668921153882,20.5,21.5
304.0,20.678916419055195,20.984982008142097,5.524378357281729,21.0,0,0.015017991857902757,20.954644623360863,20.5,21.5
305.0,20.67588551144284,20.98194921346457,5.5260624289159495,21.0,0,0.018050786535429353,20.951621266689305,20.5,21.5
306.0,20.672855546826334,20.978917362319528,5.527746099930746,21.0,0,0.021082637680471805,20.948598850869104,20.5,21.5
307.0,20.669826524936955,20.975886454438655,5.529429369043929,21.0,0,0.024113545561345262,20.94557737562992,20.5,21.5
308.0,20.666798445505776,20.972856489553426,5.531112234973618,21.0,0,0.02714351044657448,20.942556840701133,20.5,21.5
309.0,20.66377130826367,20.96982746739512,5.532794696438235,21.0,0,0.03017253260487962,20.93953724581207,20.5,21.5
310.0,20.660745112941303,20.966799387694813,5.534476752156514,21.0,0,0.033200612305186894,20.93651859069174,20.5,21.5
311.0,20.657719859269147,20.963772250183375,5.536158400847495,21.0,0,0.03622774981662502,20.933500875068994,20.5,21.5
312.0,20.65469554697746,20.960746054591475,5.537839641230532,21.0,0,0.039253945408525226,20.930484098672473,20.5,21.5
313.0,20.65167217579631,20.957720800649586,5.539520472025284,21.0,0,0.04227919935041413,20.927468261230697,20.5,21.5
314.0,20.648649745455558,20.95469648808796,5.5412008919517275,21.0,0,0.04530351191203863,20.924453362471716,20.5,21.5
315.0,20.64562825568486,20.95167311663667,5.542880899730148,21.0,0,0.04832688336333035,20.921439402123752,20.5,21.5
316.0,20.642607706213667,20.948650686025573,5.544560494081149,21.0,0,0.05134931397442699,20.918426379914607,20.5,21.5
317.0,20.63958809677124,20.94562919598433,5.546239673725643,21.0,0,0.05437080401566874,20.915414295571914,20.5,21.5
318.0,20.63656942708663,20.942608646242395,5.547918437384865,21.0,0,0.0573913537576054,20.912403148823028,20.5,21.5
319.0,20.63355169688869,20.93958903652902,5.549596783780361,21.0,0,0.06041096347097863,20.90939293939529,20.5,21.5
320.0,20.63053490590607,20.93657036657326,5.551274711633998,21.0,0,0.06342963342673968,20.90638366701565,20.5,21.5
321.0,20.627519053867218,20.933552636103972,5.5529522196679615,21.0,0,0.06644736389602812,20.903375331411088,20.5,21.5
322.0,20.624504140500378,20.930535844849796,5.554629306604756,21.0,0,0.06946415515020377,20.90036793230804,20.5,21.5
323.0,20.621490165533597,20.927519992539192,5.556305971167205,21.0,0,0.07248000746080763,20.897361469433154,20.5,21.5
324.0,20.618477128694725,20.9245050789004,5.557982212078459,21.0,0,0.07549492109960099,20.894355942512465,20.5,21.5
325.0,20.6154650297114,20.921491103661463,5.5596580280619845,21.0,0,0.07850889633853697,20.891351351272103,20.5,21.5
326.0,20.61245386831107,20.918478066550236,5.561333417841576,21.0,0,0.0815219334497641,20.888347695437965,20.5,21.5
327.0,20.609443644220978,20.91546596729436,5.563008380141351,21.0,0,0.08453403270564053,20.885344974735595,20.5,21.5
328.0,20.606434357168162,20.912454805621273,5.564682913685753,21.0,0,0.08754519437872688,20.88234318889041,20.5,21.5
329.0,20.603426006879467,20.90944458125822,5.566357017199552,21.0,0,0.09055541874177919,20.879342337627698,20.5,21.5
330.0,20.600418593081532,20.906435293932244,5.568030689407845,21.0,0,0.09356470606775602,20.876342420672476,20.5,21.5
331.0,20.5974121155008,20.90342694337019,5.569703929036058,21.0,0,0.0965730566298113,20.873343437749636,20.5,21.5
332.0,20.594406573863505,20.900419529298695,5.571376734809947,21.0,0,0.09958047070130505,20.870345388583758,20.5,21.5
333.0,20.591401967895695,20.897413051444197,5.573049105455596,21.0,0,0.1025869485558033,20.867348272899214,20.5,21.5
334.0,20.588398297323206,20.894407509532947,5.5747210396994245,21.0,0,0.10559249046705332,20.864352090420446,20.5,21.5
335.0,20.58539556187168,20.891402903290974,5.5763925362681785,21.0,0,0.10859709670902618,20.861356840871245,20.5,21.5
336.0,20.582393761266562,20.88839923244413,5.578063593888944,21.0,0,0.11160076755587056,20.858362523975686,20.5,21.5
337.0,20.579392895233088,20.885396496718045,5.579734211289135,21.0,0,0.11460350328195545,20.855369139457196,20.5,21.5
338.0,20.5763929634963,20.882394695838165,5.581404387196505,21.0,0,0.11760530416183457,20.852376687039374,20.5,21.5
339.0,20.57339396578104,20.879393829529736,5.583074120339143,21.0,0,0.12060617047026412,20.84938516644544,20.5,21.5
340.0,20.570395901811953,20.87639389751779,5.5847434094454735,21.0,0,0.12360610248220993,20.846394577398332,20.5,21.5
341.0,20.567398771313478,20.87339489952717,5.58641225324426,21.0,0,0.1266051004728297,20.843404919620973,20.5,21.5
342.0,20.564402574009865,20.870396835282527,5.588080650464608,21.0,0,0.1296031647174729,20.840416192836095,20.5,21.5
343.0,20.561407309625157,20.867399704508294,5.589748599835957,21.0,0,0.13260029549170582,20.837428396765965,20.5,21.5
344.0,20.558412977883197,20.864403506928728,5.591416100088093,21.0,0,0.1355964930712723,20.834441531133063,20.5,21.5
345.0,20.55541957850764,20.861408242267863,5.593083149951142,21.0,0,0.1385917577321365,20.83145559565922,20.5,21.5
346.0,20.552427111221927,20.858413910249553,5.5947497481555715,21.0,0,0.14158608975044729,20.828470590066445,20.5,21.5
347.0,20.549435575749314,20.85542051059744,5.596415893432196,21.0,0,0.1445794894025596,20.825486514076317,20.5,21.5
348.0,20.54644497181285,20.85242804303498,5.598081584512173,21.0,0,0.14757195696502023,20.822503367410373,20.5,21.5
349.0,20.54345529913539,20.849436507285418,5.599746820127006,21.0,0,0.15056349271458203,20.8195211497898,20.5,21.5
350.0,20.540466557439586,20.846445903071807,5.6014115990085465,21.0,0,0.15355409692819322,20.816539860935695,20.5,21.5
351.0,20.5374787464479,20.843456230117003,5.603075919888991,21.0,0,0.15654376988299745,20.81355950056896,20.5,21.5
352.0,20.534491865882586,20.840467488143656,5.604739781500889,21.0,0,0.15953251185634443,20.810580068410186,20.5,21.5
353.0,20.53150591546571,20.837479676874228,5.606403182577136,21.0,0,0.16252032312577214,20.80760156417995,20.5,21.5
354.0,20.528520894919133,20.83449279603098,5.608066121850981,21.0,0,0.16550720396902108,20.80462398759849,20.5,21.5
355.0,20.52553680396452,20.831506845335966,5.609728598056021,21.0,0,0.16849315466403425,20.801647338385834,20.5,21.5
356.0,20.522553642323338,20.828521824511053,5.611390609926211,21.0,0,0.1714781754889465,20.79867161626193,20.5,21.5
357.0,20.519571409716857,20.82553773327791,5.613052156195855,21.0,0,0.17446226672209164,20.795696820946457,20.5,21.5
358.0,20.516590105866154,20.822554571357998,5.6147132355996145,21.0,0,0.1774454286420024,20.79272295215889,20.5,21.5
359.0,20.5136097304921,20.81957233847259,5.616373846872503,21.0,0,0.18042766152741052,20.78975000961851,20.5,21.5
360.0,20.510630283315376,20.81659103434276,5.618033988749895,21.0,0,0.18340896565723952,20.78677799304447,20.5,21.5
361.0,20.50765176405646,20.813610658689385,5.619693659967519,21.0,0,0.18638934131061546,20.783806902155625,20.5,21.5
362.0,20.504674172435642,20.81063121123314,5.621352859261464,21.0,0,0.1893687887668598,20.780836736670697,20.5,21.5
363.0,20.501697508173006,20.80765269169451,5.623011585368176,21.0,0,0.1923473083054894,20.777867496308215,20.5,21.5
364.0,20.498721770988446,20.80467509979378,5.624669837024465,21.0,0,0.19532490020622006,20.774899180786473,20.5,21.5
365.0,20.495746960601654,20.801698435251037,5.626327612967499,21.0,0,0.198301564748963,20.771931789823608,20.5,21.5
366.0,20.492773076732128,20.79872269778617,5.62798491193481,21.0,0,0.20127730221382834,20.768965323137518,20.5,21.5
367.0,20.48980011909917,20.79574788711888,5.629641732664292,21.0,0,0.20425211288112166,20.765999780445945,20.5,21.5
368.0,20.48682808742188,20.792774002968653,5.631298073894205,21.0,0,0.20722599703134748,20.763035161466394,20.5,21.5
369.0,20.483856981419176,20.789801045054798,5.632953934363172,21.0,0,0.21019895494520213,20.76007146591625,20.5,21.5
370.0,20.480886800809767,20.786829013096423,5.634609312810184,21.0,0,0.2131709869035774,20.75710869351267,20.5,21.5
371.0,20.477917545312167,20.78385790681243,5.636264207974598,21.0,0,0.21614209318757105,20.754146843972492,20.5,21.5
372.0,20.4749492146447,20.780887725921538,5.63791861859614,21.0,0,0.21911227407846212,20.751185917012627,20.5,21.5
373.0,20.471981808525488,20.777918470142257,5.6395725434149035,21.0,0,0.22208152985774277,20.74822591234945,20.5,21.5
374.0,20.469015326672466,20.774950139192914,5.6412259811713525,21.0,0,0.22504986080708633,20.745266829699478,20.5,21.5
375.0,20.466049768803366,20.771982732791635,5.642878930606323,21.0,0,0.22801726720836513,20.742308668778847,20.5,21.5
376.0,20.463085134635726,20.769016250656346,5.644531390461022,21.0,0,0.23098374934365395,20.739351429303458,20.5,21.5
377.0,20.460121423886893,20.766050692504784,5.646183359477029,21.0,0,0.23394930749521592,20.736395110989164,20.5,21.5
378.0,20.45715863627401,20.76308605805449,5.6478348363962985,21.0,0,0.23691394194550952,20.733439713551554,20.5,21.5
379.0,20.454196771514034,20.760122347022804,5.649485819961159,21.0,0,0.23987765297719577,20.730485236705942,20.5,21.5
380.0,20.451235829323725,20.757159559126872,5.651136308914314,21.0,0,0.2428404408731275,20.727531680167555,20.5,21.5
381.0,20.44827580941964,20.754197694083654,5.652786301998844,21.0,0,0.2458023059163459,20.72457904365147,20.5,21.5
382.0,20.445316711518156,20.751236751609905,5.654435797958207,21.0,0,0.24876324839009456,20.72162732687242,20.5,21.5
383.0,20.442358535335444,20.74827673142219,5.656084795536243,21.0,0,0.251723268577809,20.718676529545046,20.5,21.5
384.0,20.439401280587486,20.745317633236883,5.6577332934771665,21.0,0,0.2546823667631166,20.715726651383807,20.5,21.5
385.0,20.436444946990065,20.742359456770153,5.659381290525575,21.0,0,0.2576405432298472,20.712777692102847,20.5,21.5
386.0,20.433489534258772,20.73940220173798,5.661028785426446,21.0,0,0.2605977982620189,20.709829651416264,20.5,21.5
387.0,20.430535042109007,20.73644586785615,5.662675776925142,21.0,0,0.2635541321438488,20.706882529037852,20.5,21.5
388.0,20.42758147025597,20.733490454840258,5.664322263767406,21.0,0,0.26650954515974234,20.703936324681322,20.5,21.5
389.0,20.42462881841467,20.730535962405693,5.665968244699369,21.0,0,0.26946403759430737,20.700991038060042,20.5,21.5
390.0,20.42167708629993,20.727582390267667,5.667613718467542,21.0,0,0.272417609732333,20.69804666888741,20.5,21.5
391.0,20.418726273626362,20.724629738141186,5.669258683818827,21.0,0,0.2753702618588143,20.695103216876372,20.5,21.5
392.0,20.4157763801084,20.72167800574106,5.67090313950051,21.0,0,0.27832199425893833,20.69216068173982,20.5,21.5
393.0,20.41282740546028,20.718727192781923,5.672547084260268,21.0,0,0.2812728072180768,20.68921906319054,20.5,21.5
394.0,20.40987934939604,20.7157772989782,5.674190516846164,21.0,0,0.28422270102180036,20.686278360940964,20.5,21.5
395.0,20.40693221162953,20.712828324044118,5.675833436006654,21.0,0,0.2871716759558822,20.6833385747033,20.5,21.5
396.0,20.403985991874407,20.709880267693727,5.677475840490583,21.0,0,0.2901197323062732,20.680399704189817,20.5,21.5
397.0,20.40104068984413,20.706933129640873,5.679117729047188,21.0,0,0.2930668703591266,20.67746174911234,20.5,21.5
398.0,20.398096305251972,20.703986909599212,5.6807591004261,21.0,0,0.2960130904007876,20.674524709182602,20.5,21.5
399.0,20.395152837811008,20.701041607282207,5.6823999533773435,21.0,0,0.29895839271779323,20.67158858411215,20.5,21.5
400.0,20.39221028723412,20.698097222403124,5.684040286651338,21.0,0,0.3019027775968759,20.668653373612297,20.5,21.5
401.0,20.389268653234005,20.695153754675044,5.685680098998897,21.0,0,0.3048462453249563,20.66571907739424,20.5,21.5
402.0,20.38632793552316,20.69221120381085,5.687319389171233,21.0,0,0.30778879618915056,20.662785695168907,20.5,21.5
403.0,20.383388133813888,20.689269569523237,5.688958155919954,21.0,0,0.3107304304767631,20.65985322664711,20.5,21.5
404.0,20.38044924781831,20.686328851524696,5.690596397997069,21.0,0,0.3136711484753043,20.656921671539283,20.5,21.5
405.0,20.377511277248345,20.68338904952754,5.692234114154986,21.0,0,0.3166109504724588,20.653991029555996,20.5,21.5
406.0,20.374574221815728,20.680450163243883,5.693871303146512,21.0,0,0.31954983675611714,20.6510613004073,20.5,21.5
407.0,20.371638081231993,20.67751219238565,5.695507963724856,21.0,0,0.32248780761435114,20.64813248380331,20.5,21.5
408.0,20.36870285520849,20.67457513666457,5.6971440946436305,21.0,0,0.3254248633354315,20.645204579453765,20.5,21.5
409.0,20.365768543456376,20.671638995792183,5.69877969465685,21.0,0,0.32836100420781733,20.642277587068325,20.5,21.5
410.0,20.362835145686617,20.668703769479837,5.7004147625189345,21.0,0,0.331296230520163,20.63935150635638,20.5,21.5
411.0,20.359902661609983,20.66576945743869,5.702049296984709,21.0,0,0.33423054256131124,20.636426337027206,20.5,21.5
412.0,20.35697109093706,20.662836059379703,5.703683296809404,21.0,0,0.33716394062029664,20.63350207878985,20.5,21.5
413.0,20.354040433378234,20.65990357501365,5.705316760748657,21.0,0,0.3400964249863492,20.630578731353125,20.5,21.5
414.0,20.351110688643708,20.65697200405112,5.706949687558514,21.0,0,0.34302799594888,20.62765629442581,20.5,21.5
415.0,20.34818185644349,20.654041346202494,5.708582075995432,21.0,0,0.34595865379750634,20.62473476771623,20.5,21.5
416.0,20.3452539364874,20.65111160117798,5.710213924816274,21.0,0,0.3488883988220195,20.62181415093285,20.5,21.5
417.0,20.342326928485065,20.64818276868758,5.711845232778318,21.0,0,0.3518172313124204,20.61889444378357,20.5,21.5
418.0,20.339400832145923,20.64525484844112,5.71347599863925,21.0,0,0.3547451515588804,20.61597564597652,20.5,21.5
419.0,20.33647564717922,20.64232784014822,5.715106221157173,21.0,0,0.3576721598517807,20.613057757219217,20.5,21.5
420.0,20.333551373294018,20.639401743518327,5.716735899090601,21.0,0,0.36059825648167276,20.610140777219407,20.5,21.5
421.0,20.330628010199177,20.636476558260682,5.718365031198462,21.0,0,0.36352344173931783,20.60722470568423,20.5,21.5
422.0,20.327705557603377,20.633552284084345,5.719993616240102,21.0,0,0.3664477159156547,20.604309542320976,20.5,21.5
423.0,20.324784015215105,20.630628920698182,5.7216216529752835,21.0,0,0.3693710793018177,20.601395286836553,20.5,21.5
424.0,20.321863382742656,20.62770646781087,5.723249140164184,21.0,0,0.3722935321891292,20.598481938937756,20.5,21.5
425.0,20.31894365989414,20.624784925130893,5.724876076567403,21.0,0,0.3752150748691072,20.595569498331113,20.5,21.5
426.0,20.316024846377474,20.621864292366553,5.726502460945957,21.0,0,0.3781357076334473,20.592657964723152,20.5,21.5
427.0,20.313106941900386,20.618944569225953,5.728128292061283,21.0,0,0.38105543077404747,20.58974733781995,20.5,21.5
428.0,20.310189946170418,20.61602575541702,5.729753568675239,21.0,0,0.3839742445829799,20.586837617327696,20.5,21.5
429.0,20.30727385889492,20.613107850647474,5.731378289550109,21.0,0,0.38689214935252636,20.58392880295201,20.5,21.5
430.0,20.30435867978105,20.610190854624854,5.733002453448594,21.0,0,0.3898091453751462,20.581020894398655,20.5,21.5
431.0,20.301444408535783,20.607274767056516,5.734626059133825,21.0,0,0.3927252329434836,20.578113891373143,20.5,21.5
432.0,20.298531044865904,20.60435958764962,5.736249105369356,21.0,0,0.3956404123503816,20.57520779358064,20.5,21.5
433.0,20.295618588478003,20.601445316111135,5.737871590919164,21.0,0,0.3985546838888645,20.572302600726307,20.5,21.5
434.0,20.292707039078493,20.59853195214785,5.739493514547658,21.0,0,0.4014680478521484,20.569398312515013,20.5,21.5
435.0,20.289796396373585,20.59561949546636,5.741114875019672,21.0,0,0.40438050453364127,20.56649492865143,20.5,21.5
436.0,20.286886660069314,20.592707945773064,5.742735671100469,21.0,0,0.4072920542269358,20.56359244884012,20.5,21.5
437.0,20.28397782987152,20.589797302774187,5.7443559015557435,21.0,0,0.41020269722581304,20.560690872785415,20.5,21.5
438.0,20.281069905485857,20.586887566175758,5.745975565151618,21.0,0,0.41311243382424223,20.557790200191466,20.5,21.5
439.0,20.27816288661779,20.58397873568362,5.747594660654649,21.0,0,0.416021264316381,20.55489043076223,20.5,21.5
440.0,20.275256772972597,20.58107081100342,5.749213186831824,21.0,0,0.4189291889965787,20.551991564201444,20.5,21.5
441.0,20.27235156425537,20.57816379184063,5.750831142450566,21.0,0,0.4218362081593696,20.54909360021272,20.5,21.5
442.0,20.26944726017101,20.57525767790053,5.752448526278731,21.0,0,0.42474232209946905,20.546196538499537,20.5,21.5
443.0,20.266543860424232,20.572352468888205,5.7540653370846115,21.0,0,0.4276475311117949,20.543300378764947,20.5,21.5
444.0,20.263641364719565,20.569448164508565,5.7556815736369344,21.0,0,0.4305518354914355,20.54040512071216,20.5,21.5
445.0,20.260739772761347,20.566544764466315,5.757297234704866,21.0,0,0.43345523553368537,20.537510764043816,20.5,21.5
446.0,20.257839084253735,20.563642268465987,5.75891231905801,21.0,0,0.436357731534013,20.53461730846271,20.5,21.5
447.0,20.254939298900695,20.560740676211925,5.7605268254664095,21.0,0,0.4392593237880753,20.531724753671302,20.5,21.5
448.0,20.252040416406007,20.55783998740828,5.762140752700548,21.0,0,0.4421600125917209,20.528833099371823,20.5,21.5
449.0,20.249142436473267,20.554940201759024,5.763754099531349,21.0,0,0.4450597982409761,20.525942345266472,20.5,21.5
450.0,20.24624535880588,20.55204131896793,5.765366864730179,21.0,0,0.4479586810320697,20.523052491056994,20.5,21.5
451.0,20.243349183107064,20.549143338738595,5.766979047068848,21.0,0,0.45085666126140467,20.520163536445246,20.5,21.5
452.0,20.240453909079857,20.546246260774428,5.768590645319607,21.0,0,0.45375373922557216,20.517275481132753,20.5,21.5
453.0,20.237559536427106,20.54335008477865,5.770201658255156,21.0,0,0.4566499152213517,20.514388324820853,20.5,21.5
454.0,20.23466606485147,20.540454810454293,5.771812084648637,21.0,0,0.45954518954570744,20.511502067210735,20.5,21.5
455.0,20.23177349405543,20.537560437504204,5.7734219232736415,21.0,0,0.46243956249579554,20.508616708003323,20.5,21.5
456.0,20.228881823741276,20.534666965631043,5.775031172904206,21.0,0,0.4653330343689568,20.50573224689943,20.5,21.5
457.0,20.225991053611107,20.531774394537294,5.776639832314817,21.0,0,0.4682256054627061,20.5028486835998,20.5,21.5
458.0,20.223101183366847,20.528882723925243,5.778247900280412,21.0,1,0.4711172760747573,20.49996601780473,20.5,21.5
459.0,20.24021221271023,20.529991953496996,5.779855375576377,21.0,1,0.4700080465030041,20.541084249214528,20.5,21.5
460.0,20.257320141342802,20.535101282954468,5.781462256978547,21.0,1,0.4648987170455321,20.586194577529188,20.5,21.5
461.0,20.274424969765928,20.5442099121594,5.783068543263215,21.0,1,0.45579008784060093,20.63529620420871,20.5,21.5
462.0,20.291526698480627,20.557317041133302,5.784674233207123,21.0,1,0.4426829588666976,20.688388330872336,20.5,21.5
463.0,20.308625327987574,20.574421870057446,5.786279325587468,21.0,1,0.4255781299425543,20.74547015929888,20.5,21.5
464.0,20.325720858787093,20.59152359927282,5.787883819181902,21.0,1,0.4084764007271815,20.762540891426546,20.5,21.5
465.0,20.342813291379173,20.608622229280094,5.789487712768534,21.0,1,0.391377770719906,20.77960852935285,20.5,21.5
466.0,20.35990262626345,20.625717760579597,5.79109100512593,21.0,1,0.3742822394204026,20.79667307357463,20.5,21.5
467.0,20.376988863939225,20.642810193671316,5.792693695033112,21.0,1,0.3571898063286838,20.813734524588504,20.5,21.5
468.0,20.394072004905443,20.659899529054893,5.794295781269561,21.0,1,0.34010047094510654,20.830792882890666,20.5,21.5
469.0,20.411152049660714,20.676985767229617,5.79589726261522,21.0,1,0.3230142327703831,20.84784814897685,20.5,21.5
470.0,20.428228998703304,20.694068908694444,5.797498137850493,21.0,1,0.3059310913055562,20.864900323342713,20.5,21.5
471.0,20.445302852531132,20.71114895394798,5.79909840575624,21.0,1,0.28885104605202017,20.88194940648334,20.5,21.5
472.0,20.462373611641777,20.72822590348849,5.80069806511379,21.0,1,0.2717740965115105,20.898995398893586,20.5,21.5
473.0,20.47944127653247,20.745299757813893,5.802297114704932,21.0,1,0.2547002421861073,20.916038301067925,20.5,21.5
474.0,20.496505847700103,20.762370517421772,5.8038955533119205,21.0,1,0.23762948257822814,20.933078113500564,20.5,21.5
475.0,20.513567325641226,20.779438182809358,5.805493379717475,21.0,1,0.22056181719064227,20.950114836685216,20.5,21.5
476.0,20.530625710852043,20.79650275447354,5.80709059270478,21.0,1,0.2034972455264601,20.96714847111536,20.5,21.5
477.0,20.547681003828412,20.813564232910867,5.80868719105749,21.0,1,0.186435767089133,20.984179017284138,20.5,21.5
478.0,20.564733205065856,20.830622618617546,5.810283173559725,21.0,1,0.1693773813824535,21.00120647568434,20.5,21.5
479.0,20.581782315059556,20.847677912089434,5.811878538996075,21.0,1,0.15232208791056578,21.01823084680831,20.5,21.5
480.0,20.598828334304343,20.864730113822056,5.8134732861516,21.0,1,0.13526988617794444,21.03525213114827,20.5,21.5
481.0,20.615871263294714,20.88177922431059,5.815067413811831,21.0,1,0.1182207756894087,21.05227032919595,20.5,21.5
482.0,20.63291110252482,20.89882524404987,5.81666092076277,21.0,1,0.10117475595012948,21.069285441442663,20.5,21.5
483.0,20.649947852488467,20.915868173534392,5.818253805790892,21.0,1,0.08413182646560813,21.086297468379605,20.5,21.5
484.0,20.666981513679126,20.932908013258306,5.819846067683145,21.0,1,0.06709198674169414,21.103306410497446,20.5,21.5
485.0,20.684012086589927,20.949944763715425,5.821437705226955,21.0,1,0.050055236284574534,21.12031226828662,20.5,21.5
486.0,20.701039571713654,20.966978425399212,5.823028717210217,21.0,1,0.03302157460078803,21.137315042237077,20.5,21.5
487.0,20.718063969542754,20.9840089988028,5.82461910242131,21.0,1,0.015991001197200205,21.154314732838678,20.5,21.5
488.0,20.73508528056933,21.001036484418975,5.826208859649084,21.0,1,-0.001036484418975192,21.17131134058073,20.5,21.5
489.0,20.752103505285145,21.01806088274018,5.827797987682869,21.0,1,-0.018060882740179807,21.188304865952226,20.5,21.5
490.0,20.769118644181624,21.035082194258518,5.829386485312478,21.0,1,-0.035082194258517774,21.205295309441897,20.5,21.5
491.0,20.78613069774985,21.052100419465756,5.830974351328199,21.0,1,-0.05210041946575572,21.222282671538135,20.5,21.5
492.0,20.803139666480565,21.06911555885332,5.8325615845208025,21.0,1,-0.06911555885331921,21.239266952728954,20.5,21.5
493.0,20.820145550864172,21.086127612912286,5.834148183681542,21.0,1,-0.08612761291228566,21.25624815350195,20.5,21.5
494.0,20.837148351390734,21.103136582133402,5.835734147602153,21.0,1,-0.10313658213340204,21.273226274344566,20.5,21.5
495.0,20.854148068549975,21.12014246700707,5.837319475074856,21.0,1,-0.12014246700707076,21.290201315743758,20.5,21.5
496.0,20.87114470283128,21.137145268023357,5.838904164892354,21.0,1,-0.1371452680233567,21.307173278186216,20.5,21.5
497.0,20.888138254723692,21.154144985671984,5.840488215847837,21.0,1,-0.15414498567198365,21.324142162158253,20.5,21.5
498.0,20.90512872471592,21.171141620442334,5.842071626734982,21.0,1,-0.17114162044233439,21.34110796814584,20.5,21.5
499.0,20.922116113296322,21.188135172823454,5.843654396347952,21.0,1,-0.18813517282345416,21.358070696634652,20.5,21.5
500.0,20.939100420952933,21.205125643304047,5.8452365234813985,21.0,1,-0.20512564330404714,21.375030348109977,20.5,21.5
501.0,20.956081648173438,21.222113032372476,5.846818006930464,21.0,1,-0.22211303237247648,21.39198692305677,20.5,21.5
502.0,20.973059795445188,21.239097340516775,5.84839884549078,21.0,1,-0.2390973405167749,21.40894042195976,20.5,21.5
503.0,20.990034863255197,21.25607856822463,5.8499790379584695,21.0,1,-0.2560785682246305,21.425890845303186,20.5,21.5
504.0,21.007006852090136,21.273056715983394,5.851558583130146,21.0,1,-0.27305671598339387,21.442838193571028,20.5,21.5
505.0,21.023975762436343,21.290031784280078,5.853137479802917,21.0,1,-0.29003178428007814,21.45978246724692,20.5,21.5
506.0,21.040941594779817,21.307003773601355,5.854715726774385,21.0,1,-0.30700377360135533,21.476723666814127,20.5,21.5
507.0,21.057904349606215,21.32397268443356,5.856293322842646,21.0,1,-0.32397268443356,21.493661792755606,20.5,21.5
508.0,21.074864027400864,21.340938517262693,5.857870266806292,21.0,0,-0.34093851726269264,21.51059684555402,20.5,21.5
509.0,21.071820628648744,21.35390127257441,5.859446557464411,21.0,0,-0.3539012725744115,21.4835288256916,20.5,21.5
510.0,21.068778153834508,21.362861750854044,5.8610221936165905,21.0,0,-0.3628617508540444,21.452466533650373,20.5,21.5
511.0,21.065736602642463,21.36782075242657,5.8625971740629135,21.0,0,-0.36782075242657086,21.417410768151836,20.5,21.5
512.0,21.062695974756746,21.368779077456676,5.864171497603965,21.0,0,-0.3687790774566757,21.378362327757724,20.5,21.5
513.0,21.059656269861314,21.365737525948767,5.8657451630408275,21.0,0,-0.3657375259487665,21.335322010869675,20.5,21.5
514.0,21.05661748763995,21.362696897747007,5.867318169175088,21.0,0,-0.3626968977470071,21.332290615729413,20.5,21.5
515.0,21.05357962777626,21.35965719253536,5.868890514808834,21.0,0,-0.35965719253535866,21.329260140418874,20.5,21.5
516.0,21.050542689953666,21.3566184099976,5.870462198744655,21.0,0,-0.3566184099976013,21.326230584620028,20.5,21.5
517.0,21.047506673855423,21.353580549817337,5.872033219785646,21.0,0,-0.35358054981733744,21.3232019480147,20.5,21.5
518.0,21.04447157916461,21.350543611677995,5.8736035767354045,21.0,0,-0.3505436116779954,21.320174230284575,20.5,21.5
519.0,21.041437405564125,21.347507595262833,5.875173268398037,21.0,0,-0.34750759526283304,21.31714743111121,20.5,21.5
520.0,21.038404152736693,21.344472500254916,5.876742293578155,21.0,0,-0.34447250025491627,21.31412155017575,20.5,21.5
521.0,21.035371820364862,21.34143832633716,5.878310651080877,21.0,0,-0.3414383263371583,21.31109658715958,20.5,21.5
522.0,21.032340408131006,21.338405073192277,5.87987833971183,21.0,0,-0.338405073192277,21.308072541743464,20.5,21.5
523.0,21.029309915717324,21.335372740502823,5.881445358277152,21.0,0,-0.33537274050282306,21.305049413608284,20.5,21.5
524.0,21.026280342805837,21.332341327951163,5.88301170558349,21.0,0,-0.33234132795116267,21.30202720243456,20.5,21.5
525.0,21.023251689078393,21.329310835219502,5.884577380438002,21.0,0,-0.329310835219502,21.299005907902895,20.5,21.5
526.0,21.020223954216664,21.326281261989863,5.88614238164836,21.0,0,-0.3262812619898625,21.295985529693468,20.5,21.5
527.0,21.01719713790215,21.32325260794409,5.887706708022744,21.0,0,-0.3232526079440916,21.292966067486383,20.5,21.5
528.0,21.014171239816175,21.320224872763863,5.889270358369855,21.0,0,-0.3202248727638626,21.289947520961572,20.5,21.5
529.0,21.011146259639887,21.31719805613067,5.890833331498904,21.0,0,-0.3171980561306711,21.286929889798756,20.5,21.5
530.0,21.00812219705426,21.314172157725846,5.892395626219617,21.0,0,-0.31417215772584584,21.283913173677593,20.5,21.5
531.0,21.005099051740093,21.31114717723053,5.8939572413422425,21.0,0,-0.31114717723053076,21.28089737227738,20.5,21.5
532.0,21.00207682337801,21.308123114325703,5.895518175677539,21.0,0,-0.30812311432570283,21.277882485277424,20.5,21.5
533.0,20.99905551164847,21.305099968692165,5.89707842803679,21.0,0,-0.30509996869216494,21.274868512356786,20.5,21.5
534.0,20.99603511623175,21.30207774001054,5.898637997231793,21.0,0,-0.3020777400105388,21.271855453194277,20.5,21.5
535.0,20.99301563680795,21.299056427961276,5.90019688207487,21.0,0,-0.2990564279612755,21.268843307468643,20.5,21.5
536.0,20.989997073057005,21.296036032224656,5.9017550813788615,21.0,0,-0.2960360322246558,21.26583207485846,20.5,21.5
537.0,20.98697942465867,21.293016552480786,5.903312593957131,21.0,0,-0.2930165524807862,21.26282175504209,20.5,21.5
538.0,20.98396269129253,21.2899979884096,5.904869418623566,21.0,0,-0.2899979884095991,21.25981234769773,20.5,21.5
539.0,20.980946872637997,21.28698033969085,5.906425554192575,21.0,0,-0.28698033969084946,21.256803852503353,20.5,21.5
540.0,20.977931968374307,21.283963606004118,5.9079809994790935,21.0,0,-0.28396360600411796,21.253796269136803,20.5,21.5
541.0,20.974917978180528,21.280947787028822,5.9095357532985835,21.0,0,-0.28094778702882195,21.250789597275862,20.5,21.5
542.0,20.971904901735552,21.277932882444198,5.911089814467031,21.0,0,-0.27793288244419756,21.247783836597954,20.5,21.5
543.0,20.9688927387181,21.27491889192931,5.912643181800952,21.0,0,-0.2749188919293104,21.24477898678044,20.5,21.5
544.0,20.965881488806716,21.271905815163056,5.914195854117389,21.0,0,-0.27190581516305556,21.241775047500507,20.5,21.5
545.0,20.962871151679778,21.26889365182415,5.915747830233913,21.0,0,-0.2688936518241505,21.2387720184351,20.5,21.5
546.0,20.95986172701549,21.265882401591142,5.9172991089686295,21.0,0,-0.26588240159114207,21.235769899261058,20.5,21.5
547.0,20.95685321449188,21.262872064142407,5.918849689140171,21.0,0,-0.2628720641424067,21.232768689655053,20.5,21.5
548.0,20.953845613786807,21.259862639156147,5.920399569567703,21.0,0,-0.2598626391561467,21.229768389293547,20.5,21.5
549.0,20.950838924577965,21.256854126310397,5.921948749070925,21.0,0,-0.2568541263103974,21.226768997852904,20.5,21.5
550.0,20.947833146542862,21.253846525283016,5.923497226470068,21.0,0,-0.25384652528301643,21.223770515009207,20.5,21.5
551.0,20.94482827935885,21.250839835751687,5.9250450005859,21.0,0,-0.25083983575168745,21.220772940438398,20.5,21.5
552.0,20.941824322703095,21.24783405739393,5.926592070239724,21.0,0,-0.2478340573939306,21.217776273816362,20.5,21.5
553.0,20.938821276252604,21.244829189887092,5.928138434253378,21.0,0,-0.244829189887092,21.214780514818706,20.5,21.5
554.0,20.935819139684202,21.24182523290834,5.929684091449239,21.0,0,-0.24182523290834013,21.21178566312082,20.5,21.5
555.0,20.932817912674555,21.238822186134676,5.931229040650223,21.0,0,-0.23882218613467643,21.20879171839804,20.5,21.5
556.0,20.92981759490015,21.23582004924294,5.932773280679783,21.0,0,-0.23582004924293898,21.205798680325564,20.5,21.5
557.0,20.926818186037305,21.23281882190978,5.934316810361912,21.0,0,-0.2328188219097811,21.202806548578202,20.5,21.5
558.0,20.92381968576217,21.229818503811693,5.935859628521147,21.0,0,-0.22981850381169266,21.19981532283081,20.5,21.5
559.0,20.920822093750722,21.226819094624993,5.937401733982563,21.0,0,-0.22681909462499306,21.196825002757997,20.5,21.5
560.0,20.91782540967877,21.223820594025835,5.9389431255717815,21.0,0,-0.22382059402583465,21.19383558803425,20.5,21.5
561.0,20.91482963322195,21.220823001690196,5.940483802114964,21.0,0,-0.22082300169019575,21.190847078333807,20.5,21.5
562.0,20.911834764055726,21.217826317293877,5.94202376243882,21.0,0,-0.21782631729387703,21.18785947333069,20.5,21.5
563.0,20.9088408018554,21.214830540512526,5.943563005370601,21.0,0,-0.21483054051252637,21.18487277269902,20.5,21.5
564.0,20.905847746296104,21.2118356710216,5.945101529738108,21.0,0,-0.21183567102159984,21.181886976112335,20.5,21.5
565.0,20.902855597052792,21.208841708496404,5.946639334369687,21.0,0,-0.20884170849640427,21.17890208324445,20.5,21.5
566.0,20.899864353800254,21.205848652612065,5.948176418094232,21.0,0,-0.2058486526120653,21.175918093768676,20.5,21.5
567.0,20.89687401621311,21.20285650304354,5.949712779741189,21.0,0,-0.20285650304354164,21.172935007358305,20.5,21.5
568.0,20.893884583965818,21.199865259465625,5.95124841814055,21.0,0,-0.19986525946562494,21.169952823686458,20.5,21.5
569.0,20.890896056732654,21.196874921552936,5.952783332122861,21.0,0,-0.1968749215529364,21.16697154242605,20.5,21.5
570.0,20.887908434187732,21.193885488979923,5.954317520519217,21.0,0,-0.19388548897992308,21.16399116324979,20.5,21.5
571.0,20.884921716005,21.190896961420872,5.955850982161267,21.0,0,-0.1908969614208722,21.161011685830363,20.5,21.5
572.0,20.88193590185823,21.187909338549893,5.957383715881214,21.0,0,-0.18790933854989333,21.158033109840105,20.5,21.5
573.0,20.878950991421036,21.184922620040936,5.958915720511813,21.0,0,-0.18492262004093618,21.155055434951365,20.5,21.5
574.0,20.875966984366855,21.181936805567776,5.960446994886378,21.0,0,-0.18193680556777636,21.152078660836178,20.5,21.5
575.0,20.87298388036896,21.178951894804023,5.961977537838775,21.0,0,-0.17895189480402252,21.149102787166484,20.5,21.5
576.0,20.870001679100454,21.17596788742311,5.96350734820343,21.0,0,-0.1759678874231092,21.146127813613976,20.5,21.5
577.0,20.867020380234276,21.17298478309832,5.9650364248153265,21.0,0,-0.17298478309832177,21.143153739850447,20.5,21.5
578.0,20.86403998344319,21.17000258150275,5.966564766510005,21.0,0,-0.17000258150275016,21.140180565547034,20.5,21.5
579.0,20.861060488399804,21.167021282309342,5.968092372123566,21.0,0,-0.1670212823093422,21.137208290375263,20.5,21.5
580.0,20.85808189477655,21.164040885190865,5.969619240492674,21.0,0,-0.16404088519086457,21.134236914006088,20.5,21.5
581.0,20.855104202245695,21.161061389819913,5.9711453704545505,21.0,0,-0.16106138981991336,21.1312664361104,20.5,21.5
582.0,20.852127410479337,21.158082795868925,5.972670760846981,21.0,0,-0.15808279586892482,21.12829685635904,20.5,21.5
583.0,20.849151519149412,21.155105103010168,5.974195410508315,21.0,0,-0.15510510301016822,21.125328174422602,20.5,21.5
584.0,20.846176527927685,21.152128310915742,5.9757193182774655,21.0,0,-0.1521283109157423,21.122360389971483,20.5,21.5
585.0,20.843202436485754,21.149152419257582,5.97724248299391,21.0,0,-0.14915241925758238,21.119393502675983,20.5,21.5
586.0,20.840229244495056,21.146177427707453,5.978764903497693,21.0,0,-0.14617742770745323,21.11642751220616,20.5,21.5
587.0,20.837256951626856,21.143203335936956,5.980286578629424,21.0,0,-0.14320333593695622,21.113462418231986,20.5,21.5
588.0,20.834285557552256,21.140230143617526,5.981807507230282,21.0,0,-0.14023014361752573,21.11049822042322,20.5,21.5
589.0,20.831315061942192,21.13725785042043,5.983327688142013,21.0,0,-0.13725785042042915,21.107534918449463,20.5,21.5
590.0,20.828345464467432,21.134286456016763,5.984847120206934,21.0,0,-0.13428645601676337,21.104572511980106,20.5,21.5
591.0,20.82537676479858,21.131315960077465,5.986365802267931,21.0,0,-0.13131596007746538,21.101611000684485,20.5,21.5
592.0,20.822408962606076,21.128346362273312,5.987883733168462,21.0,0,-0.1283463622733123,21.09865038423178,20.5,21.5
593.0,20.819442057560188,21.125377662274897,5.989400911752556,21.0,0,-0.12537766227489655,21.09569066229074,20.5,21.5
594.0,20.816476049331026,21.122409859752665,5.990917336864815,21.0,0,-0.12240985975266483,21.092731834530348,20.5,21.5
595.0,20.813510937588532,21.119442954376886,5.992433007350416,21.0,0,-0.11944295437688623,21.0897739006191,20.5,21.5
596.0,20.810546722002485,21.116476945817663,5.993947922055111,21.0,0,-0.11647694581766288,21.08681686022543,20.5,21.5
597.0,20.807583402242496,21.113511833744948,5.9954620798252245,21.0,0,-0.11351183374494767,21.083860713017796,20.5,21.5
598.0,20.80462097797801,21.110547617828512,5.99697547950766,21.0,0,-0.1105476178285123,21.08090545866416,20.5,21.5
599.0,20.80165944887832,21.107584297737972,5.9984881199499,21.0,0,-0.10758429773797218,21.07795109683257,20.5,21.5
600.0,20.798698814612532,21.104621873142772,6.0,21.0,0,-0.10462187314277216,21.074997627190772,20.5,21.5
601.0,20.79573907484961,21.1016603437122,6.001511118506599,21.0,0,-0.10166034371220078,21.072045049406487,20.5,21.5
602.0,20.79278022925834,21.09869970911537,6.003021474318915,21.0,0,-0.09869970911536896,21.06909336314705,20.5,21.5
603.0,20.78982227750735,21.095739969021235,6.004531066286745,21.0,0,-0.09573996902123483,21.066142568079893,20.5,21.5
604.0,20.786865219265106,21.092781123098593,6.0060398932604695,21.0,0,-0.0927811230985931,21.063192663872176,20.5,21.5
605.0,20.783909054199906,21.089823171016068,6.007547954091052,21.0,0,-0.08982317101606796,21.060243650190817,20.5,21.5
606.0,20.780953781979886,21.086866112442124,6.009055247630038,21.0,0,-0.08686611244212372,21.05729552670268,20.5,21.5
607.0,20.777999402273014,21.083909947045058,6.010561772729559,21.0,0,-0.08390994704505772,21.054348293074398,20.5,21.5
608.0,20.775045914747107,21.080954674493007,6.012067528242327,21.0,0,-0.08095467449300742,21.051401948972504,20.5,21.5
609.0,20.772093319069807,21.07800029445395,6.013572513021648,21.0,0,-0.0780002944539504,21.04845649406338,20.5,21.5
610.0,20.769141614908598,21.075046806595687,6.015076725921408,21.0,0,-0.07504680659568663,21.04551192801305,20.5,21.5
611.0,20.7661908019308,21.07209421058587,6.016580165796085,21.0,0,-0.0720942105858704,21.042568250487708,20.5,21.5
612.0,20.763240879803575,21.069142506091982,6.018082831500743,21.0,0,-0.06914250609198191,21.039625461153097,20.5,21.5
613.0,20.760291848193916,21.06619169278134,6.019584721891037,21.0,0,-0.06619169278134152,21.036683559674938,20.5,21.5
614.0,20.757343706768655,21.06324177032111,6.021085835823211,21.0,0,-0.06324177032110967,21.03374254571879,20.5,21.5
615.0,20.754396455194467,21.060292738378283,6.022586172154104,21.0,0,-0.06029273837828342,21.03080241895002,20.5,21.5
616.0,20.75145009313786,21.057344596619693,6.024085729741143,21.0,0,-0.05734459661969282,21.027863179033787,20.5,21.5
617.0,20.74850462026518,21.054397344712015,6.02558450744235,21.0,0,-0.05439734471201518,21.02492482563524,20.5,21.5
618.0,20.745560036242615,21.051450982321757,6.02708250411634,21.0,0,-0.051450982321757266,21.021987358419178,20.5,21.5
619.0,20.74261634073619,21.048505509115262,6.028579718622325,21.0,0,-0.04850550911526241,21.019050777050314,20.5,21.5
620.0,20.739673533411768,21.045560924758725,6.0300761498201085,21.0,0,-0.04556092475872475,21.016115081193348,20.5,21.5
621.0,20.73673161393505,21.04261722891816,6.031571796570095,21.0,0,-0.04261722891816078,21.01318027051252,20.5,21.5
622.0,20.733790581971576,21.03967442125944,6.033066657733284,21.0,0,-0.03967442125944132,21.010246344672247,20.5,21.5
623.0,20.730850437186728,21.036732501448263,6.034560732171273,21.0,0,-0.03673250144826312,21.00731330333648,20.5,21.5
624.0,20.727911179245726,21.03379146915017,6.036054018746261,21.0,0,-0.03379146915017017,21.00438114616924,20.5,21.5
625.0,20.724972807813625,21.030851324030543,6.037546516321043,21.0,0,-0.030851324030543026,21.00144987283427,20.5,21.5
626.0,20.722035322555328,21.0279120657546,6.039038223759019,21.0,0,-0.027912065754598814,20.998519482995157,20.5,21.5
627.0,20.71909872313557,21.0249736939874,6.040529139924188,21.0,0,-0.02497369398739835,20.995589976315394,20.5,21.5
628.0,20.716163009218928,21.022036208393835,6.042019263681153,21.0,0,-0.022036208393835466,20.992661352458207,20.5,21.5
629.0,20.71322818046982,21.01909960863866,6.043508593895119,21.0,0,-0.01909960863865834,20.989733611086887,20.5,21.5
630.0,20.710294236552503,21.016163894386434,6.044997129431898,21.0,0,-0.016163894386433952,20.98680675186419,20.5,21.5
631.0,20.70736117713108,21.013229065301584,6.046484869157903,21.0,0,-0.013229065301583631,20.98388077445308,20.5,21.5
632.0,20.704429001869485,21.010295121048365,6.047971811940158,21.0,0,-0.010295121048365274,20.98095567851618,20.5,21.5
633.0,20.7014977104315,21.007362061290884,6.04945795664629,21.0,0,-0.007362061290884014,20.97803146371607,20.5,21.5
634.0,20.698567302480743,21.004429885693067,6.050943302144535,21.0,0,-0.004429885693067348,20.9751081297149,20.5,21.5
635.0,20.695637777680677,21.0014985939187,6.052427847303739,21.0,0,-0.0014985939187006636,20.972185676175034,20.5,21.5
636.0,20.692709135694603,20.998568185631406,6.053911590993355,21.0,0,0.0014318143685940754,20.96926410275846,20.5,21.5
637.0,20.689781376185664,20.99563866049464,6.055394532083448,21.0,0,0.00436133950535833,20.966343409127,20.5,21.5
638.0,20.686854498816842,20.99271001817171,6.056876669444694,21.0,0,0.007289981828289882,20.963423594942395,20.5,21.5
639.0,20.683928503250968,20.989782258325754,6.058358001948381,21.0,0,0.010217741674246383,20.96050465986619,20.5,21.5
640.0,20.681003389150707,20.98685538061976,6.059838528466409,21.0,0,0.013144619380238254,20.957586603559843,20.5,21.5
641.0,20.67807915617857,20.983929384716554,6.061318247871295,21.0,0,0.016070615283446443,20.95466942568447,20.5,21.5
642.0,20.67515580399691,20.981004270278806,6.062797159036165,21.0,0,0.01899572972119401,20.95175312590133,20.5,21.5
643.0,20.672233332267915,20.978080036969022,6.064275260834767,21.0,0,0.021919963030978096,20.94883770387118,20.5,21.5
644.0,20.66931174065363,20.975156684449555,6.0657525521414595,21.0,0,0.024843315550445055,20.945923159254885,20.5,21.5
645.0,20.666391028815926,20.972234212382595,6.067229031831223,21.0,0,0.02776578761740467,20.943009491713,20.5,21.5
646.0,20.66347119641653,20.96931262043019,6.068704698779653,21.0,0,0.030687379569808826,20.94009670090615,20.5,21.5
647.0,20.660552243117003,20.96639190825421,6.070179551862964,21.0,0,0.0336080917457906,20.93718478649439,20.5,21.5
648.0,20.657634168578753,20.963472075516375,6.071653589957993,21.0,0,0.036527924483625185,20.93427374813803,20.5,21.5
649.0,20.654716972463028,20.960553121878256,6.0731268119421955,21.0,0,0.03944687812174408,20.931363585497067,20.5,21.5
650.0,20.651800654430925,20.957635047001258,6.074599216693648,21.0,0,0.04236495299874221,20.928454298231276,20.5,21.5
651.0,20.648885214143377,20.954717850546626,6.07607080309105,21.0,0,0.04528214945337439,20.925545886000304,20.5,21.5
652.0,20.645970651261166,20.95180153217546,6.077541570013726,21.0,0,0.04819846782454107,20.922638348463792,20.5,21.5
653.0,20.643056965444917,20.94888609154869,6.079011516341622,21.0,0,0.0511139084513097,20.919731685281004,20.5,21.5
654.0,20.640144156355095,20.945971528327103,6.08048064095531,21.0,0,0.05402847167289693,20.91682589611123,20.5,21.5
655.0,20.637232223652017,20.94305784217132,6.081948942735988,21.0,0,0.056942157828679285,20.913920980613497,20.5,21.5
656.0,20.634321166995832,20.940145032741814,6.083416420565479,21.0,0,0.059854967258186065,20.911016938446746,20.5,21.5
657.0,20.631410986046546,20.93723309969889,6.084883073326237,21.0,0,0.06276690030110998,20.90811376926965,20.5,21.5
658.0,20.628501680464,20.934322042702707,6.086348899901341,21.0,0,0.06567795729729298,20.905211472740877,20.5,21.5
659.0,20.62559324990789,20.931411861413267,6.087813899174501,21.0,0,0.0685881385867333,20.902310048518864,20.5,21.5
660.0,20.622685694037745,20.92850255549041,6.089278070030054,21.0,0,0.07149744450958906,20.899409496261853,20.5,21.5
661.0,20.619779012512943,20.925594124593836,6.0907414113529725,21.0,0,0.07440587540616406,20.896509815628086,20.5,21.5
662.0,20.61687320499271,20.922686568383067,6.092203922028858,21.0,0,0.0773134316169326,20.893611006275382,20.5,21.5
663.0,20.61396827113612,20.919779886517496,6.093665600943945,21.0,0,0.08022011348250402,20.890713067861782,20.5,21.5
664.0,20.61106421060208,20.91687407865633,6.0951264469851,21.0,0,0.08312592134366881,20.887816000044683,20.5,21.5
665.0,20.60816102304936,20.913969144458655,6.096586459039828,21.0,0,0.08603085554134537,20.88491980248189,20.5,21.5
666.0,20.605258708136557,20.911065083583377,6.098045635996264,21.0,0,0.08893491641662266,20.882024474830605,20.5,21.5
667.0,20.60235726552213,20.90816189568926,6.099503976743181,21.0,0,0.0918381043107388,20.8791300167481,20.5,21.5
668.0,20.599456694864376,20.905259580434908,6.100961480169991,21.0,0,0.09474041956509183,20.876236427891378,20.5,21.5
669.0,20.596556995821437,20.90235813747878,6.102418145166741,21.0,0,0.09764186252121831,20.873343707917517,20.5,21.5
670.0,20.593658168051306,20.89945756647917,6.103873970624116,21.0,0,0.10054243352082892,20.870451856483065,20.5,21.5
671.0,20.59076021121182,20.896557867094224,6.105328955433444,21.0,0,0.10344213290577642,20.86756087324475,20.5,21.5
672.0,20.587863124960663,20.89365903898193,6.106783098486688,21.0,0,0.10634096101806989,20.864670757858995,20.5,21.5
673.0,20.58496690895537,20.890761081800132,6.108236398676457,21.0,0,0.10923891819986764,20.861781509982155,20.5,21.5
674.0,20.582071562853315,20.88786399520651,6.109688854895999,21.0,0,0.1121360047934914,20.85889312927027,20.5,21.5
675.0,20.579177086311724,20.88496777885859,6.111140466039204,21.0,0,0.11503222114140854,20.85600561537942,20.5,21.5
676.0,20.57628347898767,20.882072432413764,6.11259123100061,21.0,0,0.11792756758623568,20.853118967965493,20.5,21.5
677.0,20.573390740538073,20.879177955529247,6.114041148675393,21.0,0,0.12082204447075284,20.850233186684076,20.5,21.5
678.0,20.5704988706197,20.87628434786211,6.11549021795938,21.0,0,0.12371565213788926,20.847348271190747,20.5,21.5
679.0,20.56760786888917,20.87339160906928,6.116938437749042,21.0,0,0.12660839093071985,20.844464221140974,20.5,21.5
680.0,20.56471773500294,20.870499738807524,6.118385806941494,21.0,0,0.12950026119247582,20.841581036189964,20.5,21.5
681.0,20.56182846861733,20.867608736733455,6.119832324434503,21.0,0,0.1323912632665447,20.838698715992766,20.5,21.5
682.0,20.55894006938849,20.86471860250354,6.121277989126483,21.0,0,0.13528139749645973,20.83581726020439,20.5,21.5
683.0,20.556052536972437,20.86182933577409,6.122722799916498,21.0,0,0.1381706642259104,20.832936668479583,20.5,21.5
684.0,20.553165871025026,20.85894093620126,6.124166755704261,21.0,0,0.141059063798739,20.830056940472975,20.5,21.5
685.0,20.55028007120196,20.856053403441067,6.125609855390137,21.0,0,0.1439465965589335,20.82717807583912,20.5,21.5
686.0,20.547395137158798,20.85316673714936,6.1270520978751435,21.0,0,0.1468332628506417,20.824300074232276,20.5,21.5
687.0,20.544511068550943,20.85028093698185,6.128493482060948,21.0,0,0.14971906301814997,20.821422935306767,20.5,21.5
688.0,20.541627865033643,20.84739600259409,6.129934006849876,21.0,0,0.15260399740591168,20.81854665871647,20.5,21.5
689.0,20.538745526262005,20.844511933641485,6.131373671144904,21.0,0,0.1554880663585152,20.81567124411545,20.5,21.5
690.0,20.535864051890982,20.841628729779288,6.132812473849666,21.0,0,0.1583712702207123,20.812796691157317,20.5,21.5
691.0,20.532983441575375,20.838746390662603,6.1342504138684495,21.0,0,0.16125360933739685,20.809922999495758,20.5,21.5
692.0,20.530103694969835,20.83586491594638,6.135687490106203,21.0,0,0.1641350840536191,20.80705016878416,20.5,21.5
693.0,20.527224811728864,20.83298430528543,6.137123701468528,21.0,0,0.16701569471457134,20.804178198675906,20.5,21.5
694.0,20.52434679150681,20.83010455833439,6.138559046861689,21.0,0,0.16989544166560933,20.80130708882401,20.5,21.5
695.0,20.52146963395788,20.82722567474777,6.139993525192606,21.0,0,0.1727743252522309,20.798436838881553,20.5,21.5
696.0,20.518593338736128,20.824347654179917,6.141427135368863,21.0,0,0.17565234582008316,20.795567448501394,20.5,21.5
697.0,20.515717905495453,20.82147049628504,6.1428598762987034,21.0,0,0.1785295037149588,20.792698917336285,20.5,21.5
698.0,20.512843333889613,20.818594200717193,6.1442917468910325,21.0,0,0.18140579928280687,20.789831245038712,20.5,21.5
699.0,20.509969623572214,20.81571876713027,6.145722746055418,21.0,0,0.1842812328697292,20.786964431261048,20.5,21.5
700.0,20.50709677419671,20.812844195178037,6.147152872702092,21.0,0,0.1871558048219626,20.784098475655703,20.5,21.5
701.0,20.50422478541641,20.809970484514093,6.148582125741951,21.0,0,0.1900295154859073,20.781233377874646,20.5,21.5
702.0,20.501353656884476,20.807097634791898,6.150010504086557,21.0,0,0.1929023652081021,20.77836913756995,20.5,21.5
703.0,20.498483388253916,20.804225645664758,6.151438006648137,21.0,0,0.19577435433524215,20.775505754393357,20.5,21.5
704.0,20.495613979177595,20.801354516785835,6.152864632339586,21.0,0,0.19864548321416464,20.77264322799661,20.5,21.5
705.0,20.492745429308226,20.79848424780814,6.1542903800744675,21.0,0,0.20151575219185958,20.76978155803119,20.5,21.5
706.0,20.48987773829838,20.795614838384534,6.15571524876701,21.0,0,0.20438516161546616,20.766920744148468,20.5,21.5
707.0,20.48701090580047,20.792746288167734,6.157139237332117,21.0,0,0.2072537118322657,20.76406078599974,20.5,21.5
708.0,20.484144931466776,20.789878596810308,6.1585623446853575,21.0,0,0.2101214031896923,20.76120168323604,20.5,21.5
709.0,20.48127981494942,20.78701176396467,6.159984569742974,21.0,0,0.21298823603532924,20.7583434355083,20.5,21.5
710.0,20.47841555590038,20.7841457892831,6.1614059114218795,21.0,0,0.21585421071689836,20.75548604246741,20.5,21.5
711.0,20.475552153971485,20.781280672417722,6.162826368639661,21.0,0,0.21871932758227786,20.752629503763927,20.5,21.5
712.0,20.47268960881442,20.778416413020512,6.164245940314579,21.0,0,0.221583586979488,20.74977381904841,20.5,21.5
713.0,20.46982792008072,20.7755530107433,6.165664625365567,21.0,0,0.22444698925669826,20.7469189879712,20.5,21.5
714.0,20.46696708742178,20.77269046523777,6.167082422712235,21.0,0,0.22730953476223092,20.744065010182442,20.5,21.5
715.0,20.464107110488836,20.76982877615546,6.168499331274869,21.0,0,0.2301712238445397,20.741211885332373,20.5,21.5
716.0,20.461247988932993,20.766967943147762,6.169915349974431,21.0,0,0.23303205685223816,20.738359613070777,20.5,21.5
717.0,20.4583897224052,20.764107965865918,6.171330477732561,21.0,0,0.235892034134082,20.73550819304748,20.5,21.5
718.0,20.455532310556265,20.761248843961027,6.1727447134715785,21.0,0,0.23875115603897257,20.73265762491212,20.5,21.5
719.0,20.452675753036846,20.75839057708404,6.17415805611448,21.0,0,0.24160942291596044,20.72980790831416,20.5,21.5
720.0,20.44982004949746,20.755533164885765,6.175570504584947,21.0,0,0.24446683511423473,20.726959042903022,20.5,21.5
721.0,20.44696519958848,20.752676607016863,6.176982057807334,21.0,0,0.24732339298313732,20.724111028327837,20.5,21.5
722.0,20.444111202960123,20.749820903127848,6.178392714706684,21.0,0,0.25017909687215223,20.7212638642377,20.5,21.5
723.0,20.441258059262474,20.74696605286909,6.179802474208721,21.0,0,0.2530339471309091,20.718417550281522,20.5,21.5
724.0,20.43840576814546,20.744112055890817,6.181211335239851,21.0,0,0.25588794410918325,20.715572086108075,20.5,21.5
725.0,20.43555432925888,20.7412589118431,6.1826192967271645,21.0,0,0.2587410881568992,20.71272747136594,20.5,21.5
726.0,20.432703742252375,20.738406620375876,6.184026357598439,21.0,0,0.26159337962412366,20.709883705703632,20.5,21.5
727.0,20.429854006775443,20.735555181138942,6.185432516782136,21.0,0,0.2644448188610582,20.707040788769596,20.5,21.5
728.0,20.427005122477443,20.732704593781936,6.186837773207403,21.0,0,0.26729540621806436,20.704198720211874,20.5,21.5
729.0,20.42415708900759,20.729854857954358,6.188242125804077,21.0,0,0.2701451420456422,20.70135749967858,20.5,21.5
730.0,20.421309906014947,20.727005973305573,6.189645573502682,21.0,0,0.27299402669442685,20.698517126817727,20.5,21.5
731.0,20.418463573148443,20.724157939484787,6.191048115234433,21.0,0,0.2758420605152132,20.695677601276923,20.5,21.5
732.0,20.41561809005686,20.721310756141072,6.192449749931232,21.0,0,0.2786892438589277,20.692838922703928,20.5,21.5
733.0,20.412773456388834,20.718464422923347,6.1938504765256726,21.0,0,0.281535577076653,20.690001090746094,20.5,21.5
734.0,20.40992967179286,20.7156189394804,6.195250293951043,21.0,0,0.28438106051959977,20.687164105050933,20.5,21.5
735.0,20.407086735917293,20.712774305460872,6.196649201141318,21.0,0,0.28722569453912783,20.68432796526559,20.5,21.5
736.0,20.404244648410337,20.70993052051325,6.198047197031172,21.0,0,0.29006947948674977,20.68149267103703,20.5,21.5
737.0,20.40140340892006,20.70708758428589,6.199444280555968,21.0,0,0.29291241571410964,20.67865822201229,20.5,21.5
738.0,20.39856301709439,20.704245496427,6.200840450651768,21.0,0,0.2957545035730007,20.67582461783809,20.5,21.5
739.0,20.3957234725811,20.70140425658465,6.202235706255326,21.0,0,0.2985957434153512,20.672991858161144,20.5,21.5
740.0,20.392884775027834,20.698563864406758,6.203630046304096,21.0,0,0.3014361355932422,20.670159942627848,20.5,21.5
741.0,20.39004692408209,20.695724319541107,6.205023469736227,21.0,0,0.3042756804588933,20.667328870884596,20.5,21.5
742.0,20.38720991939122,20.69288562163534,6.206415975490565,21.0,0,0.30711437836465905,20.664498642577684,20.5,21.5
743.0,20.38437376060244,20.690047770336953,6.207807562506657,21.0,0,0.3099522296630468,20.661669257353076,20.5,21.5
744.0,20.38153844736282,20.687210765293297,6.20919822972475,21.0,0,0.3127892347067025,20.65884071485674,20.5,21.5
745.0,20.378703979319294,20.68437460615159,6.2105879760857885,21.0,0,0.3156253938484106,20.65601301473451,20.5,21.5
746.0,20.375870356118646,20.681539292558902,6.211976800531422,21.0,0,0.31846070744109767,20.65318615663203,20.5,21.5
747.0,20.37303757740753,20.678704824162164,6.213364702003999,21.0,0,0.32129517583783596,20.65036014019478,20.5,21.5
748.0,20.37020564283245,20.675871200608164,6.214751679446573,21.0,0,0.32412879939183625,20.64753496506816,20.5,21.5
749.0,20.36737455203977,20.673038421543556,6.216137731802901,21.0,0,0.32696157845644436,20.644710630897475,20.5,21.5
750.0,20.36454430467572,20.67020648661484,6.217522858017441,21.0,0,0.32979351338515883,20.641887137327696,20.5,21.5
751.0,20.36171490038639,20.66737539546839,6.218907057035362,21.0,0,0.3326246045316097,20.63906448400388,20.5,21.5
752.0,20.35888633881772,20.664545147750427,6.220290327802536,21.0,0,0.3354548522495726,20.636242670570798,20.5,21.5
753.0,20.356058619615517,20.661715743107045,6.22167266926554,21.0,0,0.3382842568929547,20.633421696673224,20.5,21.5
754.0,20.353231742425447,20.658887181184177,6.2230540803716625,21.0,0,0.341112818815823,20.630601561955494,20.5,21.5
755.0,20.350405706893035,20.656059461627642,6.224434560068898,21.0,0,0.34394053837235816,20.62778226606229,20.5,21.5
756.0,20.34758051266367,20.6532325840831,6.225814107305953,21.0,0,0.34676741591690075,20.624963808637673,20.5,21.5
757.0,20.344756159382598,20.650406548196074,6.227192721032241,21.0,0,0.3495934518039263,20.622146189325818,20.5,21.5
758.0,20.34193264669493,20.647581353611955,6.228570400197887,21.0,0,0.35241864638804543,20.619329407770763,20.5,21.5
759.0,20.33910997424563,20.64475699997599,6.229947143753728,21.0,0,0.35524300002401077,20.616513463616336,20.5,21.5
760.0,20.336288141679532,20.64193348693329,6.231322950651316,21.0,0,0.35806651306671,20.613698356506298,20.5,21.5
761.0,20.333467148641326,20.63911081412882,6.2326978198429135,21.0,0,0.36088918587118,20.61088408608412,20.5,21.5
762.0,20.330646994775567,20.636288981207414,6.2340717502814975,21.0,0,0.3637110187925856,20.60807065199336,20.5,21.5
763.0,20.327827679726667,20.633467987813763,6.23544474092076,21.0,0,0.3665320121862372,20.605258053877247,20.5,21.5
764.0,20.325009203138904,20.630647833592416,6.236816790715109,21.0,0,0.36935216640758384,20.60244629137895,20.5,21.5
765.0,20.32219156465642,20.627828518187794,6.2381878986196675,21.0,0,0.37217148181220594,20.599635364141573,20.5,21.5
766.0,20.319374763923214,20.625010041244174,6.23955806359028,21.0,0,0.3749899587558261,20.596825271807973,20.5,21.5
767.0,20.31655880058315,20.622192402405688,6.240927284583504,21.0,0,0.3778075975943125,20.594016014020823,20.5,21.5
768.0,20.313743674279948,20.619375601316342,6.24229556055662,21.0,0,0.3806243986836577,20.59120759042289,20.5,21.5
769.0,20.310929384657204,20.616559637620007,6.2436628904676255,21.0,0,0.3834403623799929,20.588400000656655,20.5,21.5
770.0,20.308115931358365,20.613744510960395,6.2450292732752395,21.0,0,0.3862554890396055,20.58559324436427,20.5,21.5
771.0,20.305303314026748,20.6109302209811,6.246394707938901,21.0,0,0.38906977901890016,20.582787321188153,20.5,21.5
772.0,20.30249153230553,20.608116767325576,6.247759193418772,21.0,0,0.3918832326744237,20.57998223077034,20.5,21.5
773.0,20.299680585837752,20.60530414963714,6.249122728675739,21.0,0,0.3946958503628615,20.57717797275276,20.5,21.5
774.0,20.29687047426632,20.60249236755896,6.25048531267141,21.0,0,0.3975076324410409,20.574374546777165,20.5,21.5
775.0,20.294061197234,20.599681420734086,6.251846944368118,21.0,0,0.40031857926591385,20.571571952485357,20.5,21.5
776.0,20.29125275438343,20.596871308805426,6.253207622728921,21.0,0,0.4031286911945742,20.568770189518823,20.5,21.5
777.0,20.288445145357098,20.59406203141574,6.254567346717603,21.0,0,0.40593796858426145,20.565969257518866,20.5,21.5
778.0,20.285638369797372,20.59125358820766,6.255926115298676,21.0,0,0.4087464117923396,20.56316915612688,20.5,21.5
779.0,20.282832427346474,20.588445978823692,6.257283927437378,21.0,0,0.41155402117630757,20.560369884984013,20.5,21.5
780.0,20.280027317646493,20.58563920290619,6.258640782099675,21.0,0,0.4143607970938099,20.557571443731167,20.5,21.5
781.0,20.277223040339383,20.58283326009738,6.259996678252264,21.0,0,0.4171667399026191,20.55477383200929,20.5,21.5
782.0,20.274419595066966,20.580028150039357,6.261351614862573,21.0,0,0.41997184996064263,20.551977049459122,20.5,21.5
783.0,20.271616981470924,20.577223872374066,6.262705590898755,21.0,0,0.42277612762593364,20.549181095721156,20.5,21.5
784.0,20.268815199192808,20.574420426743334,6.264058605329701,21.0,0,0.42557957325666607,20.54638597043601,20.5,21.5
785.0,20.266014247874036,20.57161781278884,6.265410657125032,21.0,0,0.4283821872111595,20.543591673243906,20.5,21.5
786.0,20.263214127155887,20.568816030152142,6.2667617452551,21.0,0,0.4311839698478579,20.540798203785158,20.5,21.5
787.0,20.26041483667951,20.56601507847465,6.268111868690994,21.0,0,0.43398492152535084,20.53800556169972,20.5,21.5
788.0,20.25761637608591,20.563214957397644,6.269461026404535,21.0,0,0.43678504260235584,20.535213746627594,20.5,21.5
789.0,20.254818745015974,20.560415666562278,6.2708092173682815,21.0,0,0.43958433343772185,20.532422758208618,20.5,21.5
790.0,20.252021943110446,20.55761720560956,6.272156440555528,21.0,0,0.4423827943904399,20.52963259608238,20.5,21.5
791.0,20.249225970009935,20.55481957418037,6.273502694940304,21.0,0,0.445180425819629,20.52684325988848,20.5,21.5
792.0,20.24643082535492,20.552022771915453,6.2748479794973795,21.0,0,0.44797722808454665,20.524054749266277,20.5,21.5
793.0,20.243636508785748,20.549226798455418,6.276192293202261,21.0,0,0.4507732015445818,20.521267063855067,20.5,21.5
794.0,20.24084301994263,20.54643165344075,6.277535635031195,21.0,0,0.45356834655925127,20.518480203294054,20.5,21.5
795.0,20.23805035846565,20.54363733651179,6.27887800396117,21.0,0,0.45636266348821053,20.515694167222197,20.5,21.5
796.0,20.235258523994748,20.540843847308754,6.280219398969911,21.0,0,0.45915615269124643,20.512908955278395,20.5,21.5
797.0,20.23246751616974,20.53805118547172,6.2815598190358894,21.0,0,0.46194881452828085,20.510124567101375,20.5,21.5
798.0,20.229677334630313,20.53525935064063,6.282899263138315,21.0,0,0.46474064935937065,20.50734100232973,20.5,21.5
799.0,20.226887979016016,20.53246834245531,6.2842377302571455,21.0,0,0.46753165754468995,20.504558260602117,20.5,21.5
800.0,20.224099448966264,20.52967816055543,6.2855752193730785,21.0,0,0.4703218394445692,20.50177634155664,20.5,21.5
801.0,20.221311744120346,20.52688880458055,6.286911729467558,21.0,1,0.4731111954194489,20.498995244831754,20.5,21.5
802.0,20.238524864117416,20.528100274170086,6.288247259522773,21.0,1,0.471899725829914,20.540214970065435,20.5,21.5
803.0,20.255734808596497,20.533311768963323,6.28958180852166,21.0,1,0.46668823103667734,20.58542671689569,20.5,21.5
804.0,20.27294157799648,20.54252248875942,6.290915375447901,21.0,1,0.45747751124057956,20.634629686720398,20.5,21.5
805.0,20.29014517275597,20.55573163351736,6.292247959285928,21.0,1,0.444268366482639,20.687823081096766,20.5,21.5
806.0,20.307345593313276,20.57293840335595,6.29357955902092,21.0,1,0.42706159664405163,20.745006101741822,20.5,21.5
807.0,20.324542840106417,20.590141998553747,6.2949101736388045,21.0,1,0.40985800144625273,20.762177950531736,20.5,21.5
808.0,20.341736913573126,20.607342419549074,6.296239802126262,21.0,1,0.39265758045092625,20.77934662950234,20.5,21.5
809.0,20.358927814150835,20.624539666779942,6.297568443470722,21.0,1,0.3754603332200581,20.796512139088623,20.5,21.5
810.0,20.3761155422767,20.64173374068409,6.298896096660367,21.0,1,0.3582662593159114,20.813674479725556,20.5,21.5
811.0,20.393300098387577,20.658924641698952,6.3002227606841315,21.0,1,0.3410753583010475,20.83083365184759,20.5,21.5
812.0,20.410481482920037,20.676112370261677,6.301548434531702,21.0,1,0.32388762973832286,20.847989655888924,20.5,21.5
813.0,20.42765969631036,20.693296926809122,6.302873117193521,21.0,1,0.306703073190878,20.86514249228357,20.5,21.5
814.0,20.444834738994537,20.710478311777866,6.304196807660785,21.0,1,0.2895216882221341,20.882292161465305,20.5,21.5
815.0,20.46200661140827,20.72765652560418,6.305519504925445,21.0,1,0.2723434743958215,20.899438663867304,20.5,21.5
816.0,20.479175313986975,20.74483156872406,6.306841207980211,21.0,1,0.2551684312759406,20.91658199992287,20.5,21.5
817.0,20.496340847165772,20.762003441573206,6.308161915818548,21.0,1,0.23799655842679357,20.933722170064677,20.5,21.5
818.0,20.513503211379504,20.779172144587033,6.309481627434679,21.0,1,0.220827855412967,20.9508591747253,20.5,21.5
819.0,20.530662407062714,20.79633767820067,6.310800341823588,21.0,1,0.20366232179933164,20.967993014337022,20.5,21.5
820.0,20.547818434649667,20.81350004284895,6.3121180579810146,21.0,1,0.1864999571510495,20.985123689331772,20.5,21.5
821.0,20.564971294574335,20.830659238966422,6.313434774903461,21.0,1,0.16934076103357754,21.002251200141142,20.5,21.5
822.0,20.5821209872704,20.847815266987347,6.314750491588192,21.0,1,0.15218473301265334,21.01937554719659,20.5,21.5
823.0,20.599267513171263,20.864968127345698,6.316065207033229,21.0,1,0.13503187265430228,21.03649673092921,20.5,21.5
824.0,20.616410872710034,20.88211782047516,6.317378920237361,21.0,1,0.11788217952484104,21.05361475176977,20.5,21.5
825.0,20.63355106631954,20.899264346809133,6.318691630200138,21.0,1,0.10073565319086697,21.070729610148874,20.5,21.5
826.0,20.65068809443232,20.91640770678073,6.320003335921873,21.0,1,0.08359229321926875,21.087841306496713,20.5,21.5
827.0,20.667821957480616,20.933547900822774,6.321314036403647,21.0,1,0.06645209917722639,21.104949841243197,20.5,21.5
828.0,20.6849526558964,20.950684929367803,6.322623730647304,21.0,1,0.04931507063219698,21.122055214818097,20.5,21.5
829.0,20.70208019011135,20.967818792848067,6.323932417655453,21.0,1,0.03218120715193251,21.139157427650712,20.5,21.5
830.0,20.719204560556857,20.98494949169553,6.325240096431475,21.0,1,0.01505050830446919,21.156256480170164,20.5,21.5
831.0,20.73632576766403,21.002077026341873,6.326546765979513,21.0,1,-0.0020770263418725676,21.17335237280529,20.5,21.5
832.0,20.753443811863693,21.019201397218485,6.327852425304483,21.0,1,-0.019201397218484573,21.190445105984605,20.5,21.5
833.0,20.77055869358638,21.03632260475648,6.329157073412068,21.0,1,-0.036322604756481525,21.20753468013645,20.5,21.5
834.0,20.787670413262347,21.05344064938668,6.3304607093087215,21.0,1,-0.053440649386679695,21.22462109568866,20.5,21.5
835.0,20.804778971321557,21.070555531539622,6.331763332001668,21.0,1,-0.0705555315396218,21.241704353069043,20.5,21.5
836.0,20.821884368193693,21.087667251645552,6.333064940498905,21.0,1,-0.08766725164555211,21.258784452704855,20.5,21.5
837.0,20.838986604308154,21.10477581013445,6.3343655338091995,21.0,1,-0.10477581013444848,21.275861395023412,20.5,21.5
838.0,20.856085680094054,21.121881207435983,6.335665110942093,21.0,1,-0.12188120743598319,21.29293518045133,20.5,21.5
839.0,20.873181595980224,21.13898344397956,6.3369636709079025,21.0,1,-0.13898344397955853,21.310005809415312,20.5,21.5
840.0,20.89027435239521,21.156082520194285,6.3382612127177165,21.0,1,-0.15608252019428548,21.327073282341555,20.5,21.5
841.0,20.907363949767273,21.173178436509,6.339557735383401,21.0,1,-0.17317843650900144,21.34413759965616,20.5,21.5
842.0,20.924450388524395,21.190271193352253,6.340853237917598,21.0,1,-0.1902711933522525,21.361198761784763,20.5,21.5
843.0,20.941533669094273,21.207360791152293,6.342147719333726,21.0,1,-0.20736079115229344,21.378256769152703,20.5,21.5
844.0,20.95861379190432,21.224447230337113,6.34344117864598,21.0,1,-0.22444723033711256,21.395311622185304,20.5,21.5
845.0,20.975690757381667,21.241530511334407,6.344733614869336,21.0,1,-0.24153051133440684,21.41236332130735,20.5,21.5
846.0,20.992764565953163,21.258610634571586,6.346025027019547,21.0,1,-0.2586106345715855,21.429411866943372,20.5,21.5
847.0,21.009835218045374,21.275687600475784,6.347315414113146,21.0,1,-0.2756876004757842,21.44645725951777,20.5,21.5
848.0,21.02690271408459,21.292761409473844,6.348604775167447,21.0,1,-0.29276140947384377,21.46349949945444,20.5,21.5
849.0,21.043967054496804,21.30983206199234,6.349893109200546,21.0,1,-0.3098320619923385,21.480538587177286,20.5,21.5
850.0,21.061028239707746,21.326899558457555,6.351180415231321,21.0,1,-0.3268995584575549,21.49757452310972,20.5,21.5
851.0,21.07808627014285,21.343963899295492,6.352466692279431,21.0,0,-0.34396389929549187,21.51460730767486,20.5,21.5
852.0,21.075141146227278,21.35702508493187,6.3537519393653215,21.0,0,-0.3570250849318697,21.487636941295648,20.5,21.5
853.0,21.072196868385905,21.36608391579214,6.35503615551022,21.0,0,-0.3660839157921387,21.45667222439483,20.5,21.5
854.0,21.06925343624333,21.371141192141444,6.3563193397361415,21.0,0,-0.3711411921414438,21.421713955634495,20.5,21.5
855.0,21.066310849424028,21.3721977140847,6.357601491065884,21.0,0,-0.3721977140846988,21.38276293351725,20.5,21.5
856.0,21.063369107552354,21.369254281566594,6.358882608523033,21.0,0,-0.3692542815665938,21.339819956385544,20.5,21.5
857.0,21.06042821025255,21.366311694371646,6.360162691131963,21.0,0,-0.366311694371646,21.33688582242217,20.5,21.5
858.0,21.057488157148725,21.36336995212421,6.361441737917835,21.0,0,-0.3633699521242093,21.333952529649842,20.5,21.5
859.0,21.05454894786488,21.36042905444852,6.3627197479066,21.0,0,-0.36042905444852025,21.33102007769163,20.5,21.5
860.0,21.05161058202489,21.357489000968695,6.363996720124997,21.0,0,-0.3574890009686946,21.32808846617044,20.5,21.5
861.0,21.048673059252508,21.354549791308727,6.365272653600556,21.0,0,-0.35454979130872744,21.325157694709056,20.5,21.5
862.0,21.045736379171377,21.351611425092493,6.3665475473615984,21.0,0,-0.3516114250924929,21.322227762930147,20.5,21.5
863.0,21.042800541405015,21.34867390194375,6.367821400437236,21.0,0,-0.3486739019437515,21.319298670456337,20.5,21.5
864.0,21.03986554557682,21.34573722148614,6.3690942118573775,21.0,0,-0.3457372214861394,21.31637041691002,20.5,21.5
865.0,21.036931391310077,21.34280138334318,6.370365980652718,21.0,0,-0.3428013833431791,21.313443001913576,20.5,21.5
866.0,21.033998078227945,21.339866387138265,6.371636705854753,21.0,0,-0.3398663871382652,21.310516425089126,20.5,21.5
867.0,21.031065605953472,21.336932232494682,6.372906386495767,21.0,0,-0.3369322324946822,21.30759068605885,20.5,21.5
868.0,21.02813397410958,21.3339989190356,6.3741750216088455,21.0,0,-0.33399891903560075,21.304665784444786,20.5,21.5
869.0,21.02520318231908,21.33106644638405,6.375442610227868,21.0,0,-0.3310664463840496,21.301741719868538,20.5,21.5
870.0,21.02227323020466,21.32813481416297,6.376709151387508,21.0,0,-0.3281348141629685,21.298818491952158,20.5,21.5
871.0,21.019344117388897,21.325204021995155,6.377974644123241,21.0,0,-0.3252040219951553,21.295896100317023,20.5,21.5
872.0,21.016415843494244,21.32227406950331,6.37923908747134,21.0,0,-0.3222740695033117,21.292974544584876,20.5,21.5
873.0,21.01348840814304,21.319344956310005,6.380502480468874,21.0,0,-0.3193449563100046,21.290053824376933,20.5,21.5
874.0,21.010561810957505,21.31641668203769,6.381764822153716,21.0,0,-0.3164166820376906,21.28713393931455,20.5,21.5
875.0,21.007636051559743,21.31348924630871,6.383026111564538,21.0,0,-0.3134892463087091,21.284214889018894,20.5,21.5
876.0,21.004711129571742,21.31056264874528,6.384286347740813,21.0,0,-0.31056264874527884,21.281296673110976,20.5,21.5
877.0,21.001787044615376,21.307636888969505,6.385545529722816,21.0,0,-0.3076368889695047,21.278379291211763,20.5,21.5
878.0,20.9988637963124,21.304711966603378,6.386803656551626,21.0,0,-0.30471196660337796,21.27546274294211,20.5,21.5
879.0,20.995941384284446,21.301787881268766,6.388060727269123,21.0,0,-0.30178788126876555,21.27254702792264,20.5,21.5
880.0,20.993019808153043,21.298864632587428,6.3893167409179945,21.0,0,-0.2988646325874278,21.26963214577405,20.5,21.5
881.0,20.990099067539596,21.295942220180997,6.3905716965417305,21.0,0,-0.29594222018099714,21.26671809611669,20.5,21.5
882.0,20.987179162065395,21.293020643671003,6.391825593184628,21.0,0,-0.293020643671003,21.26380487857106,20.5,21.5
883.0,20.98426009135162,21.290099902678847,6.393078429891791,21.0,0,-0.2900999026788469,21.260892492757286,20.5,21.5
884.0,20.981341855019327,21.287179996825824,6.394330205709129,21.0,0,-0.28717999682582374,21.257980938295592,20.5,21.5
885.0,20.978424452689463,21.284260925733108,6.39558091968336,21.0,0,-0.2842609257331077,21.255070214805947,20.5,21.5
886.0,20.97550788398286,21.28134268902176,6.3968305708620115,21.0,0,-0.2813426890217592,21.252160321908274,20.5,21.5
887.0,20.972592148520235,21.278425286312725,6.39807915829342,21.0,0,-0.278425286312725,21.249251259222383,20.5,21.5
888.0,20.96967724592219,21.275508717226835,6.39932668102673,21.0,0,-0.2755087172268347,21.24634302636793,20.5,21.5
889.0,20.96676317580921,21.272592981384815,6.400573138111902,21.0,0,-0.2725929813848147,21.243435622964615,20.5,21.5
890.0,20.96384993780167,21.269678078407257,6.401818528599701,21.0,0,-0.26967807840725655,21.240529048631675,20.5,21.5
891.0,20.96093753151983,21.266764007914652,6.403062851541711,21.0,0,-0.26676400791465227,21.23762330298861,20.5,21.5
892.0,20.958025956583832,21.263850769527373,6.404306105990325,21.0,0,-0.2638507695273731,21.23471838565458,20.5,21.5
893.0,20.955115212613713,21.260938362865677,6.40554829099875,21.0,0,-0.2609383628656765,21.23181429624871,20.5,21.5
894.0,20.95220529922939,21.25802678754971,6.406789405621008,21.0,0,-0.25802678754971,21.228911034390045,20.5,21.5
895.0,20.94929621605067,21.25511604319951,6.408029448911937,21.0,0,-0.25511604319951076,21.22600859969752,20.5,21.5
896.0,20.94638796269724,21.25220612943499,6.409268419927189,21.0,0,-0.25220612943499177,21.223106991789802,20.5,21.5
897.0,20.943480538788688,21.249297045875963,6.410506317723235,21.0,0,-0.2492970458759629,21.220206210285674,20.5,21.5
898.0,20.940573943944475,21.246388792142117,6.411743141357362,21.0,0,-0.24638879214211684,21.217306254803656,20.5,21.5
899.0,20.93766817778396,21.24348136785303,6.412978889887674,21.0,0,-0.24348136785302898,21.21440712496215,20.5,21.5
900.0,20.93476323992638,21.24057477262817,6.414213562373095,21.0,0,-0.24057477262817173,21.2115088203796,20.5,21.5
901.0,20.93185912999087,21.237669006086897,6.415447157873368,21.0,0,-0.23766900608689667,21.208611340674146,20.5,21.5
902.0,20.928955847596445,21.234764067848452,6.416679675449058,21.0,0,-0.23476406784845238,21.20571468546401,20.5,21.5
903.0,20.926053392362014,21.23185995753196,6.417911114161547,21.0,0,-0.23185995753195954,21.20281885436703,20.5,21.5
904.0,20.923151763906375,21.22895667475644,6.419141473073042,21.0,0,-0.22895667475643933,21.199923847001237,20.5,21.5
905.0,20.920250961848208,21.226054219140806,6.420370751246571,21.0,0,-0.22605421914080637,21.197029662984477,20.5,21.5
906.0,20.917350985806088,21.22315259030385,6.421598947745985,21.0,0,-0.22315259030385093,21.194136301934297,20.5,21.5
907.0,20.914451835398477,21.22025178786426,6.422826061635959,21.0,0,-0.22025178786426025,21.191243763468353,20.5,21.5
908.0,20.911553510243724,21.2173518114406,6.424052091981993,21.0,0,-0.21735181144060078,21.188352047204006,20.5,21.5
909.0,20.908656009960072,21.21445266065134,6.425277037850411,21.0,0,-0.2144526606513395,21.185461152758727,20.5,21.5
910.0,20.90575933416565,21.21155433511483,6.426500898308364,21.0,0,-0.21155433511482968,21.18257107974973,20.5,21.5
911.0,20.90286348247848,21.208656834449307,6.427723672423827,21.0,0,-0.20865683444930738,21.179681827794084,20.5,21.5
912.0,20.89996845451647,21.205760158272902,6.428945359265606,21.0,0,-0.20576015827290206,21.17679339650885,20.5,21.5
913.0,20.89707424989742,21.20286430620364,6.430165957903335,21.0,0,-0.20286430620364015,21.17390578551102,20.5,21.5
914.0,20.89418086823902,21.19996927785943,6.4313854674074715,21.0,0,-0.19996927785943086,21.171018994417338,20.5,21.5
915.0,20.891288309158853,21.19707507285807,6.432603886849308,21.0,0,-0.1970750728580697,21.168133022844458,20.5,21.5
916.0,20.88839657227439,21.194181690817253,6.4338212153009655,21.0,0,-0.19418169081725267,21.165247870409083,20.5,21.5
917.0,20.885505657202998,21.19128913135456,6.435037451835394,21.0,0,-0.1912891313545586,21.162363536727618,20.5,21.5
918.0,20.882615563561924,21.188397394087463,6.436252595526378,21.0,0,-0.18839739408746325,21.15948002141651,20.5,21.5
919.0,20.879726290968318,21.18550647863332,6.437466645448531,21.0,0,-0.1855064786333216,21.156597324091905,20.5,21.5
920.0,20.876837839039215,21.182616384609396,6.438679600677302,21.0,0,-0.18261638460939622,21.153715444370143,20.5,21.5
921.0,20.87395020739154,21.179727111632825,6.439891460288973,21.0,0,-0.1797271116328254,21.150834381867117,20.5,21.5
922.0,20.87106339564212,21.17683865932065,6.4411022233606605,21.0,0,-0.17683865932065146,21.147954136198912,20.5,21.5
923.0,20.868177403407664,21.1739510272898,6.442311888970315,21.0,0,-0.1739510272897995,21.14507470698128,20.5,21.5
924.0,20.865292230304778,21.171064215157095,6.443520456196724,21.0,0,-0.17106421515709513,21.14219609383005,20.5,21.5
925.0,20.862407875949955,21.16817822253924,6.444727924119511,21.0,0,-0.16817822253923964,21.139318296360685,20.5,21.5
926.0,20.859524339959588,21.16529304905285,6.445934291819136,21.0,0,-0.16529304905284903,21.136441314188943,20.5,21.5
927.0,20.85664162194996,21.162408694314415,6.4471395583768984,21.0,0,-0.16240869431441496,21.133565146930074,20.5,21.5
928.0,20.853759721537248,21.159525157940333,6.4483437228749345,21.0,0,-0.15952515794033317,21.130689794199515,20.5,21.5
929.0,20.850878638337516,21.15664243954688,6.4495467843962215,21.0,0,-0.15664243954687862,21.127815255612333,20.5,21.5
930.0,20.847998371966728,21.153760538750237,6.450748742024575,21.0,0,-0.15376053875023743,21.124941530783826,20.5,21.5
931.0,20.84511892204074,21.150879455166468,6.451949594844653,21.0,0,-0.15087945516646784,21.122068619328772,20.5,21.5
932.0,20.8422402881753,21.147999188411536,6.453149341941952,21.0,0,-0.1479991884115357,21.119196520862214,20.5,21.5
933.0,20.839362469986053,21.145119738101293,6.454347982402814,21.0,0,-0.1451197381012932,21.116325234998868,20.5,21.5
934.0,20.836485467088536,21.142241103851497,6.455545515314421,21.0,0,-0.14224110385149658,21.11345476135353,20.5,21.5
935.0,20.83360927909818,21.13936328527779,6.4567419397648,21.0,0,-0.1393632852777884,21.110585099540707,20.5,21.5
936.0,20.830733905630314,21.136486281995705,6.4579372548428235,21.0,0,-0.13648628199570467,21.107716249174867,20.5,21.5
937.0,20.82785934630016,21.133610093620675,6.459131459638204,21.0,0,-0.13361009362067477,21.104848209870376,20.5,21.5
938.0,20.824985600722826,21.13073471976803,6.460324553241504,21.0,0,-0.13073471976802864,21.101980981241567,20.5,21.5
939.0,20.82211266851333,21.12786016005299,6.461516534744132,21.0,0,-0.1278601600529896,21.0991145629026,20.5,21.5
940.0,20.819240549286576,21.124986414090667,6.4627074032383405,21.0,0,-0.12498641409066735,21.096248954467445,20.5,21.5
941.0,20.816369242657366,21.12211348149608,6.463897157817232,21.0,0,-0.12211348149607915,21.093384155550197,20.5,21.5
942.0,20.8134987482404,21.11924136188413,6.4650857975747575,21.0,0,-0.1192413618841286,21.090520165764623,20.5,21.5
943.0,20.810629065650264,21.116370054869616,6.466273321605715,21.0,0,-0.11637005486961627,21.087656984724493,20.5,21.5
944.0,20.807760194501455,21.113499560067243,6.4674597290057525,21.0,0,-0.11349956006724327,21.084794612043513,20.5,21.5
945.0,20.804892134408355,21.1106298770916,6.468645018871371,21.0,0,-0.11062987709160055,21.081933047335173,20.5,21.5
946.0,20.802024884985247,21.107761005557172,6.46982919029992,21.0,0,-0.1077610055571725,21.079072290212892,20.5,21.5
947.0,20.79915844584631,21.104892945078355,6.471012242389601,21.0,0,-0.10489294507835467,21.076212340290176,20.5,21.5
948.0,20.796292816605618,21.102025695269425,6.472194174239468,21.0,0,-0.1020256952694254,21.073353197180133,20.5,21.5
949.0,20.793427996877146,21.099159255744564,6.47337498494943,21.0,0,-0.09915925574456352,21.070494860495945,20.5,21.5
950.0,20.79056398627476,21.096293626117845,6.474554673620248,21.0,0,-0.09629362611784487,21.06763732985066,20.5,21.5
951.0,20.787700784412227,21.093428806003242,6.475733239353537,21.0,0,-0.09342880600324222,21.064780604857216,20.5,21.5
952.0,20.784838390903214,21.090564795014622,6.476910681251768,21.0,0,-0.09056479501462178,21.061924685128417,20.5,21.5
953.0,20.781976805361285,21.087701592765757,6.478086998418267,21.0,0,-0.0877015927657574,21.059069570277114,20.5,21.5
954.0,20.779116027399898,21.084839198870306,6.47926218995722,21.0,0,-0.08483919887030567,21.05621525991579,20.5,21.5
955.0,20.77625605663241,21.081977612941834,6.4804362549736645,21.0,0,-0.08197761294183437,21.05336175365712,20.5,21.5
956.0,20.77339689267208,21.079116834593805,6.4816091925735,21.0,0,-0.0791168345938047,21.050509051113508,20.5,21.5
957.0,20.770538535132058,21.076256863439575,6.482781001863485,21.0,0,-0.07625686343957483,21.047657151897276,20.5,21.5
958.0,20.767680983625404,21.073397699092396,6.483951681951233,21.0,0,-0.07339769909239635,21.04480605562061,20.5,21.5
959.0,20.76482423776507,21.070539341165432,6.485121231945222,21.0,0,-0.07053934116543203,21.04195576189579,20.5,21.5
960.0,20.761968297163904,21.067681789271727,6.486289650954788,21.0,0,-0.06768178927172741,21.03910627033468,20.5,21.5
961.0,20.759113161434662,21.064825043024246,6.487456938090131,21.0,0,-0.0648250430242463,21.036257580549435,20.5,21.5
962.0,20.756258830189992,21.06196910203583,6.4886230924623085,21.0,0,-0.061969102035831725,21.033409692151686,20.5,21.5
963.0,20.753405303042445,21.05911396591924,6.489788113183244,21.0,0,-0.05911396591924145,21.03056260475334,20.5,21.5
964.0,20.750552579604474,21.056259634287123,6.490951999365724,21.0,0,-0.056259634287123106,21.02771631796594,20.5,21.5
965.0,20.747700659488427,21.05340610675203,6.492114750123399,21.0,0,-0.05340610675202839,21.02487083140108,20.5,21.5
966.0,20.744849542306554,21.050553382926402,6.493276364570782,21.0,0,-0.050553382926402435,21.022026144670143,20.5,21.5
967.0,20.741999227671005,21.047701462422605,6.494436841823255,21.0,0,-0.04770146242260509,21.01918225738463,20.5,21.5
968.0,20.739149715193836,21.044850344852886,6.4955961809970635,21.0,0,-0.04485034485288608,21.016339169155696,20.5,21.5
969.0,20.736301004486997,21.042000029829392,6.49675438120932,21.0,0,-0.042000029829392105,21.013496879594452,20.5,21.5
970.0,20.733453095162343,21.039150516964177,6.497911441578005,21.0,0,-0.039150516964177484,21.01065538831203,20.5,21.5
971.0,20.730605986831627,21.036301805869194,6.4990673612219645,21.0,0,-0.036301805869193515,21.007814694919354,20.5,21.5
972.0,20.727759679106505,21.033453896156296,6.500222139260919,21.0,0,-0.03345389615629557,21.004974799027316,20.5,21.5
973.0,20.724914171598535,21.030606787437232,6.501375774815453,21.0,0,-0.03060678743723244,21.0021357002466,20.5,21.5
974.0,20.722069463919176,21.027760479323668,6.502528267007023,21.0,0,-0.027760479323667653,20.99929739818802,20.5,21.5
975.0,20.719225555679795,21.024914971427158,6.503679614957955,21.0,0,-0.02491497142715815,20.996459892462063,20.5,21.5
976.0,20.71638244649165,21.02207026335916,6.504829817791449,21.0,0,-0.0220702633591614,20.993623182679194,20.5,21.5
977.0,20.71354013596591,21.019226354731043,6.505978874631575,21.0,0,-0.019226354731042505,20.990787268449854,20.5,21.5
978.0,20.710698623713643,21.016383245154067,6.507126784603276,21.0,0,-0.016383245154067083,20.987952149384313,20.5,21.5
979.0,20.707857909345822,21.013540934239394,6.508273546832369,21.0,0,-0.013540934239394176,20.985117825092665,20.5,21.5
980.0,20.70501799247332,21.0106994215981,6.509419160445544,21.0,0,-0.010699421598101111,20.98228429518517,20.5,21.5
981.0,20.702178872706913,21.007858706841155,6.510563624570367,21.0,0,-0.007858706841155083,20.979451559271695,20.5,21.5
982.0,20.699340549657286,21.00501878957943,6.511706938335279,21.0,0,-0.005018789579430916,20.97661961696219,20.5,21.5
983.0,20.696503022935023,21.002179669423708,6.512849100869596,21.0,0,-0.0021796694237075087,20.973788467866473,20.5,21.5
984.0,20.69366629215061,20.999341345984664,6.513990111303513,21.0,0,0.0006586540153357134,20.970958111594232,20.5,21.5
985.0,20.69083035691444,20.99650381887289,6.515129968768099,21.0,0,0.003496181127111697,20.96812854775513,20.5,21.5
986.0,20.68799521683681,20.993667087698867,6.516268672395304,21.0,0,0.006332912301132865,20.965299775958655,20.5,21.5
987.0,20.685160871527923,20.990831152072992,6.517406221317956,21.0,0,0.009168847927007562,20.962471795814245,20.5,21.5
988.0,20.68232732059788,20.987996011605567,6.518542614669761,21.0,0,0.012003988394432952,20.959644606931313,20.5,21.5
989.0,20.679494563656696,20.985161665906784,6.519677851585308,21.0,0,0.014838334093216332,20.95681820891895,20.5,21.5
990.0,20.676662600314284,20.982328114586753,6.520811931200062,21.0,0,0.017671885413246713,20.95399260138645,20.5,21.5
991.0,20.67383143018046,20.97949535725548,6.521944852650374,21.0,0,0.020504642744519685,20.95116778394275,20.5,21.5
992.0,20.671001052864955,20.97666339352289,6.523076615073474,21.0,0,0.023336606477109,20.948343756196998,20.5,21.5
993.0,20.6681714679774,20.973832222998794,6.524207217607476,21.0,0,0.02616777700120565,20.945520517757828,20.5,21.5
994.0,20.665342675127324,20.971001845292918,6.525336659391376,21.0,0,0.028998154707082335,20.94269806823415,20.5,21.5
995.0,20.662514673924175,20.968172260014896,6.526464939565058,21.0,0,0.03182773998510413,20.939876407234678,20.5,21.5
996.0,20.659687463977303,20.965343466774264,6.527592057269285,21.0,0,0.034656533225735586,20.93705553436795,20.5,21.5
997.0,20.65686104489596,20.962515465180466,6.528718011645708,21.0,0,0.03748453481953362,20.934235449242486,20.5,21.5
998.0,20.65403541628931,20.959688254842852,6.529842801836864,21.0,0,0.04031174515714753,20.931416151466713,20.5,21.5
999.0,20.65121057776642,20.95686183537067,6.5309664269861765,21.0,0,0.04313816462932962,20.92859764064885,20.5,21.5
1000.0,20.648386528936264,20.95403620637309,6.532088886237956,21.0,0,0.04596379362691039,20.925779916397282,20.5,21.5
1001.0,20.645563269407724,20.951211367459173,6.533210178737401,21.0,0,0.04878863254082688,20.922962978320008,20.5,21.5
1002.0,20.64274079878959,20.9483873182379,6.534330303630599,21.0,0,0.05161268176210143,20.920146826025153,20.5,21.5
1003.0,20.639919116690557,20.945564058318148,6.535449260064525,21.0,0,0.054435941681852285,20.91733145912064,20.5,21.5
1004.0,20.63709822271923,20.94274158730871,6.536567047187047,21.0,0,0.05725841269129006,20.914516877214332,20.5,21.5
1005.0,20.634278116484126,20.939919904818282,6.537683664146919,21.0,0,0.06008009518171775,20.911703079914005,20.5,21.5
1006.0,20.63145879759366,20.93709901045547,6.53879911009379,21.0,0,0.06290098954453072,20.90889006682734,20.5,21.5
1007.0,20.62864026565616,20.934278903828783,6.539913384178199,21.0,0,0.06572109617121669,20.906077837561924,20.5,21.5
1008.0,20.625822520279865,20.931459584546644,6.541026485551578,21.0,0,0.06854041545335576,20.903266391725253,20.5,21.5
1009.0,20.62300556107292,20.928641052217383,6.542138413366253,21.0,0,0.07135894778261687,20.900455728924772,20.5,21.5
1010.0,20.62018938764338,20.925823306449235,6.54324916677544,21.0,0,0.07417669355076484,20.897645848767755,20.5,21.5
1011.0,20.617373999599206,20.923006346850343,6.544358744933254,21.0,0,0.0769936531496569,20.894836750861423,20.5,21.5
1012.0,20.614559396548273,20.920190173028764,6.545467146994702,21.0,0,0.07980982697123551,20.89202843481298,20.5,21.5
1013.0,20.61174557809836,20.917374784592464,6.546574372115688,21.0,0,0.08262521540753553,20.889220900229464,20.5,21.5
1014.0,20.608932543857165,20.914560181149312,6.5476804194530125,21.0,0,0.08543981885068774,20.88641414671779,20.5,21.5
1015.0,20.606120293432284,20.911746362307092,6.548785288164371,21.0,0,0.08825363769290817,20.883608173884888,20.5,21.5
1016.0,20.60330882643123,20.9089333276735,6.549888977408359,21.0,0,0.09106667232650167,20.880802981337563,20.5,21.5
1017.0,20.600498142461426,20.90612107685613,6.5509914863444685,21.0,0,0.09387892314386903,20.877998568682457,20.5,21.5
1018.0,20.597688241130204,20.903309609462497,6.552092814133092,21.0,0,0.09669039053750339,20.875194935526153,20.5,21.5
1019.0,20.594879122044805,20.900498925100027,6.553192959935519,21.0,0,0.09950107489997251,20.872392081475336,20.5,21.5
1020.0,20.592070784812382,20.897689023376046,6.554291922913942,21.0,0,0.10231097662395428,20.869590006136228,20.5,21.5
1021.0,20.589263229040004,20.894879903897802,6.555389702231452,21.0,0,0.10512009610219764,20.86678870911537,20.5,21.5
1022.0,20.58645645433464,20.892071566272442,6.556486297052041,21.0,0,0.10792843372755812,20.863988190018837,20.5,21.5
1023.0,20.583650460303186,20.88926401010704,6.557581706540608,21.0,0,0.11073598989295874,20.861188448453035,20.5,21.5
1024.0,20.580845246552435,20.886457235008567,6.5586759298629485,21.0,0,0.11354276499143268,20.858389484023828,20.5,21.5
1025.0,20.578040812689096,20.88365124058391,6.559768966185763,21.0,0,0.11634875941609124,20.855591296337323,20.5,21.5
1026.0,20.575237158319794,20.880846026439865,6.560860814676659,21.0,0,0.11915397356013457,20.852793884999432,20.5,21.5
1027.0,20.572434283051066,20.87804159218315,6.561951474504146,21.0,0,0.12195840781685163,20.849997249615978,20.5,21.5
1028.0,20.569632186489358,20.875237937420383,6.5630409448376374,21.0,0,0.12476206257961664,20.847201389792733,20.5,21.5
1029.0,20.566830868241027,20.8724350617581,6.564129224847456,21.0,0,0.12756493824189974,20.84440630513527,20.5,21.5
1030.0,20.56403032791235,20.86963296480275,6.565216313704828,21.0,0,0.13036703519724924,20.841611995249256,20.5,21.5
1031.0,20.561230565109508,20.866831646160694,6.566302210581888,21.0,0,0.1331683538393058,20.83881845974013,20.5,21.5
1032.0,20.5584315794386,20.8640311054382,6.56738691465168,21.0,0,0.13596889456179895,20.83602569821327,20.5,21.5
1033.0,20.555633370505642,20.86123134224146,6.568470425088152,21.0,0,0.13876865775853986,20.83323371027405,20.5,21.5
1034.0,20.55283593791656,20.858432356176568,6.569552741066166,21.0,0,0.14156764382343212,20.830442495527645,20.5,21.5
1035.0,20.55003928127719,20.855634146849535,6.57063386176149,21.0,0,0.14436585315046457,20.82765205357921,20.5,21.5
1036.0,20.547243400193288,20.852836713866292,6.571713786350804,21.0,0,0.14716328613370777,20.82486238403386,20.5,21.5
1037.0,20.54444829427052,20.850040056832675,6.572792514011698,21.0,0,0.14995994316732464,20.822073486496507,20.5,21.5
1038.0,20.541653963114467,20.84724417535444,6.573870043922675,21.0,0,0.1527558246455598,20.81928536057209,20.5,21.5
1039.0,20.538860406330627,20.844449069037257,6.574946375263147,21.0,0,0.1555509309627432,20.816498005865423,20.5,21.5
1040.0,20.536067623524414,20.8416547374867,6.576021507213444,21.0,0,0.1583452625133006,20.813711421981125,20.5,21.5
1041.0,20.53327561430115,20.83886118030827,6.577095438954804,21.0,0,0.16113881969172894,20.810925608523988,20.5,21.5
1042.0,20.53048437826608,20.836068397107383,6.5781681696693814,21.0,0,0.16393160289261743,20.808140565098498,20.5,21.5
1043.0,20.52769391502436,20.833276387489363,6.5792396985402455,21.0,0,0.16672361251063705,20.805356291309167,20.5,21.5
1044.0,20.524904224181064,20.830485151059452,6.58031002475138,21.0,0,0.16951484894054758,20.802572786760347,20.5,21.5
1045.0,20.522115305341178,20.827694687422806,6.581379147487686,21.0,0,0.17230531257719406,20.79979005105634,20.5,21.5
1046.0,20.519327158109608,20.824904996184493,6.58244706593498,21.0,0,0.1750950038155068,20.797008083801366,20.5,21.5
1047.0,20.516539782091172,20.822116076949513,6.583513779279994,21.0,0,0.17788392305048717,20.79422688459971,20.5,21.5
1048.0,20.51375317689061,20.819327929322764,6.584579286710381,21.0,0,0.180672070677236,20.791446453055276,20.5,21.5
1049.0,20.510967342112576,20.816540552909068,6.58564358741471,21.0,0,0.18345944709093231,20.788666788772105,20.5,21.5
1050.0,20.508182277361637,20.81375394731316,6.58670668058247,21.0,0,0.18624605268684036,20.78588789135408,20.5,21.5
1051.0,20.505397982242282,20.810968112139694,6.587768565404069,21.0,0,0.1890318878603061,20.783109760405036,20.5,21.5
1052.0,20.502614456358916,20.808183046993243,6.588829241070837,21.0,0,0.19181695300675727,20.78033239552873,20.5,21.5
1053.0,20.49983169931586,20.805398751478293,6.58988870677502,21.0,0,0.1946012485217068,20.777555796328798,20.5,21.5
1054.0,20.497049710717352,20.802615225199247,6.5909469617097916,21.0,0,0.1973847748007529,20.774779962408786,20.5,21.5
1055.0,20.49426849016755,20.79983246776043,6.592004005069244,21.0,0,0.2001675322395684,20.772004893372277,20.5,21.5
1056.0,20.49148803727053,20.797050478766078,6.5930598360483925,21.0,0,0.20294952123392207,20.76923058882254,20.5,21.5
1057.0,20.488708351630283,20.79426925782035,6.594114453843176,21.0,0,0.20573074217965015,20.76645704836307,20.5,21.5
1058.0,20.485929432850725,20.791488804527322,6.595167857650457,21.0,0,0.2085111954726777,20.763684271597047,20.5,21.5
1059.0,20.483151280535683,20.78870911849099,6.596220046668023,21.0,0,0.21129088150901154,20.76091225812765,20.5,21.5
1060.0,20.48037389428891,20.78593019931526,6.597271020094586,21.0,0,0.21406980068474013,20.758141007557974,20.5,21.5
1061.0,20.47759727371407,20.783152046603966,6.598320777129784,21.0,0,0.2168479533960337,20.75537051949103,20.5,21.5
1062.0,20.474821418414756,20.780374659960863,6.599369316974181,21.0,0,0.21962534003913703,20.75260079352983,20.5,21.5
1063.0,20.472046327994466,20.777598038989616,6.6004166388292695,21.0,0,0.2224019610103838,20.74983182927715,20.5,21.5
1064.0,20.469272002056634,20.774822183293804,6.601462741897467,21.0,0,0.2251778167061964,20.747063626335677,20.5,21.5
1065.0,20.466498440204603,20.772047092476942,6.602507625382121,21.0,0,0.22795290752305775,20.74429618430833,20.5,21.5
1066.0,20.463725642041638,20.769272766142457,6.603551288487508,21.0,0,0.230727233857543,20.741529502797604,20.5,21.5
1067.0,20.46095360717093,20.76649920389369,6.6045937304188325,21.0,0,0.23350079610630914,20.73876358140603,20.5,21.5
1068.0,20.458182335195577,20.76372640533391,6.605634950382229,21.0,0,0.2362735946660912,20.735998419736088,20.5,21.5
1069.0,20.455411825718613,20.760954370066305,6.606674947584764,21.0,0,0.23904562993369538,20.733234017390263,20.5,21.5
1070.0,20.452642078342986,20.75818309769398,6.607713721234434,21.0,0,0.24181690230602015,20.730470373970732,20.5,21.5
1071.0,20.449873092671563,20.75541258781997,6.608751270540169,21.0,0,0.24458741218003155,20.727707489079854,20.5,21.5
1072.0,20.447104868307136,20.75264284004721,6.609787594711828,21.0,0,0.2473571599527915,20.72494536231961,20.5,21.5
1073.0,20.444337404852416,20.749873853978574,6.610822692960206,21.0,0,0.2501261460214259,20.72218399329223,20.5,21.5
1074.0,20.441570701910038,20.747105629216858,6.611856564497032,21.0,0,0.25289437078314236,20.719423381599693,20.5,21.5
1075.0,20.438804759082554,20.744338165364773,6.612889208534965,21.0,0,0.2556618346352266,20.71666352684393,20.5,21.5
1076.0,20.436039575972444,20.741571462024947,6.613920624287604,21.0,0,0.2584285379750533,20.71390442862668,20.5,21.5
1077.0,20.43327515218211,20.738805518799943,6.6149508109694795,21.0,0,0.2611944812000573,20.711146086549903,20.5,21.5
1078.0,20.430511487313865,20.736040335292234,6.615979767796061,21.0,0,0.263959664707766,20.708388500215147,20.5,21.5
1079.0,20.42774858096996,20.73327591110422,6.617007493983752,21.0,0,0.26672408889578136,20.705631669224065,20.5,21.5
1080.0,20.424986432752565,20.73051224583822,6.618033988749895,21.0,0,0.26948775416177995,20.702875593178234,20.5,21.5
1081.0,20.422225042263765,20.727749339096484,6.619059251312769,21.0,0,0.27225066090351646,20.70012027167912,20.5,21.5
1082.0,20.419464409105576,20.72498719048118,6.620083280891592,21.0,0,0.27501280951882023,20.697365704328142,20.5,21.5
1083.0,20.416704532879933,20.722225799594394,6.621106076706521,21.0,0,0.27777420040560585,20.694611890726538,20.5,21.5
1084.0,20.4139454131887,20.71946516603814,6.622127637978653,21.0,0,0.28053483396185896,20.69185883047561,20.5,21.5
1085.0,20.411187049633657,20.716705289414364,6.623147963930025,21.0,0,0.28329471058563627,20.68910652317659,20.5,21.5
1086.0,20.408429441816516,20.713946169324913,6.624167053783612,21.0,0,0.28605383067508683,20.686354968430408,20.5,21.5
1087.0,20.40567258933891,20.711187805371583,6.6251849067633355,21.0,0,0.28881219462841656,20.683604165838286,20.5,21.5
1088.0,20.402916491802394,20.708430197156076,6.626201522094055,21.0,0,0.29156980284392375,20.680854115001004,20.5,21.5
1089.0,20.40016114880845,20.705673344280026,6.627216899001574,21.0,0,0.2943266557199742,20.67810481551952,20.5,21.5
1090.0,20.39740655995849,20.70291724634499,6.628231036712639,21.0,0,0.29708275365500825,20.67535626699465,20.5,21.5
1091.0,20.39465272485384,20.700161902952456,6.629243934454938,21.0,0,0.2998380970475445,20.672608469027093,20.5,21.5
1092.0,20.391899643095762,20.697407313703827,6.630255591457108,21.0,0,0.30259268629617253,20.669861421217547,20.5,21.5
1093.0,20.389147314285434,20.694653478200433,6.631266006948728,21.0,0,0.3053465217995672,20.667115123166486,20.5,21.5
1094.0,20.386395738023968,20.69190039604354,6.63227518016032,21.0,0,0.3080996039564603,20.66436957447461,20.5,21.5
1095.0,20.383644913912395,20.68914806683432,6.633283110323358,21.0,0,0.3108519331656794,20.66162477474213,20.5,21.5
1096.0,20.380894841551676,20.686396490173887,6.634289796670257,21.0,0,0.3136035098261125,20.658880723569556,20.5,21.5
1097.0,20.3781455205427,20.683645665663274,6.635295238434383,21.0,0,0.3163543343367259,20.65613742055714,20.5,21.5
1098.0,20.375396950486277,20.680895592903443,6.636299434850047,21.0,0,0.31910440709655674,20.653394865305135,20.5,21.5
1099.0,20.37264913098315,20.67814627149528,6.637302385152511,21.0,0,0.3218537285047205,20.650653057413642,20.5,21.5
1100.0,20.369902061633983,20.6753977010396,6.638304088577984,21.0,0,0.32460229896040005,20.647911996482804,20.5,21.5
1101.0,20.367155742039373,20.67264988113714,6.639304544363625,21.0,0,0.32735011886286003,20.64517168211254,20.5,21.5
1102.0,20.364410171799836,20.669902811388567,6.640303751747544,21.0,0,0.33009718861143256,20.642432113902842,20.5,21.5
1103.0,20.361665350515825,20.667156491394476,6.641301709968801,21.0,0,0.33284350860552436,20.639693291453558,20.5,21.5
1104.0,20.358921277787715,20.66441092075539,6.6422984182674085,21.0,0,0.3355890792446097,20.636955214364537,20.5,21.5
1105.0,20.356177953215813,20.661666099071756,6.643293875884327,21.0,0,0.33833390092824445,20.634217882235408,20.5,21.5
1106.0,20.353435376400345,20.65892202594395,6.6442880820614745,21.0,0,0.34107797405604856,20.63148129466591,20.5,21.5
1107.0,20.35069354694148,20.656178700972283,6.64528103604172,21.0,0,0.3438212990277165,20.628745451255604,20.5,21.5
1108.0,20.3479524644393,20.65343612375698,6.646272737068884,21.0,0,0.346563876243021,20.626010351603934,20.5,21.5
1109.0,20.345212128493824,20.6506942938982,6.647263184387744,21.0,0,0.34930570610179856,20.623275995310426,20.5,21.5
1110.0,20.342472538705003,20.64795321099604,6.648252377244031,21.0,0,0.35204678900396047,20.62054238197442,20.5,21.5
1111.0,20.33973369467271,20.645212874650515,6.649240314884432,21.0,0,0.3547871253494854,20.617809511195265,20.5,21.5
1112.0,20.33699559599675,20.642473284461566,6.65022699655659,21.0,0,0.35752671553843385,20.615077382572082,20.5,21.5
1113.0,20.334258242276864,20.63973444002908,6.651212421509103,21.0,0,0.36026555997091947,20.612345995704224,20.5,21.5
1114.0,20.33152163311271,20.63699634095286,6.6521965889915275,21.0,0,0.36300365904714127,20.60961535019064,20.5,21.5
1115.0,20.328785768103888,20.634258986832638,6.653179498254377,21.0,0,0.3657410131673622,20.60688544563043,20.5,21.5
1116.0,20.326050646849918,20.631522377268077,6.654161148549123,21.0,0,0.3684776227319233,20.604156281622465,20.5,21.5
1117.0,20.323316268950258,20.62878651185878,6.655141539128198,21.0,0,0.371213488141219,20.601427857765824,20.5,21.5
1118.0,20.320582634004293,20.626051390204264,6.656120669244989,21.0,0,0.3739486097957361,20.598700173659093,20.5,21.5
1119.0,20.31784974161134,20.62331701190399,6.657098538153847,21.0,0,0.376682988096011,20.59597322890124,20.5,21.5
1120.0,20.315117591370647,20.62058337655734,6.658075145110083,21.0,0,0.37941662344265836,20.593247023090868,20.5,21.5
1121.0,20.312386182881394,20.617850483763636,6.659050489369968,21.0,0,0.38214951623636395,20.59052155582658,20.5,21.5
1122.0,20.30965551574269,20.61511833312212,6.6600245701907355,21.0,0,0.38488166687788095,20.58779682670695,20.5,21.5
1123.0,20.30692558955358,20.612386924231977,6.660997386830578,21.0,0,0.38761307576802295,20.585072835330557,20.5,21.5
1124.0,20.304196403913036,20.60965625669232,6.6619689385486565,21.0,0,0.39034374330768173,20.58234958129573,20.5,21.5
1125.0,20.301467958419963,20.60692633010218,6.662939224605091,21.0,0,0.3930736698978201,20.579627064200796,20.5,21.5
1126.0,20.2987402526732,20.604197144060542,6.663908244260965,21.0,0,0.39580285593945774,20.576905283644166,20.5,21.5
1127.0,20.296013286271517,20.601468698166308,6.6648759967783295,21.0,0,0.39853130183369245,20.57418423922396,20.5,21.5
1128.0,20.29328705881362,20.598740992018314,6.665842481420199,21.0,0,0.401259007981686,20.57146393053838,20.5,21.5
1129.0,20.290561569898138,20.596014025215332,6.666807697450553,21.0,0,0.4039859747846677,20.568744357185516,20.5,21.5
1130.0,20.287836819123648,20.593287797356073,6.667771644134336,21.0,0,0.40671220264392716,20.566025518763478,20.5,21.5
1131.0,20.285112806088648,20.59056230803916,6.668734320737463,21.0,0,0.40943769196083935,20.56330741487004,20.5,21.5
1132.0,20.282389530391576,20.587837556863175,6.669695726526813,21.0,0,0.4121624431368254,20.560590045103314,20.5,21.5
1133.0,20.279666991630805,20.585113543426612,6.670655860770234,21.0,0,0.4148864565733881,20.557873409060985,20.5,21.5
1134.0,20.276945189404632,20.582390267327913,6.671614722736541,21.0,0,0.4176097326720871,20.555157506340922,20.5,21.5
1135.0,20.2742241233113,20.57966772816544,6.672572311695519,21.0,0,0.42033227183456034,20.552442336540707,20.5,21.5
1136.0,20.271503792948977,20.57694592553751,6.673528626917923,21.0,0,0.42305407446249177,20.549727899258194,20.5,21.5
1137.0,20.26878419791577,20.574224859042346,6.674483667675478,21.0,0,0.42577514095765423,20.54701419409072,20.5,21.5
1138.0,20.266065337809724,20.571504528278133,6.6754374332408775,21.0,0,0.42849547172186675,20.544301220636008,20.5,21.5
1139.0,20.263347212228812,20.56878493284297,6.676389922887788,21.0,0,0.43121506715703006,20.541588978491337,20.5,21.5
1140.0,20.260629820770944,20.5660660723349,6.677341135890848,21.0,0,0.43393392766510175,20.53887746725418,20.5,21.5
1141.0,20.25791316303397,20.5633479463519,6.678291071525667,21.0,0,0.4366520536480998,20.53616668652192,20.5,21.5
1142.0,20.25519723861567,20.56063055449188,6.679239729068827,21.0,0,0.4393694455081203,20.533456635891675,20.5,21.5
1143.0,20.25248204711376,20.557913896352687,6.680187107797884,21.0,0,0.4420861036473127,20.530747314960763,20.5,21.5
1144.0,20.249767588125895,20.555197971532102,6.681133206991369,21.0,0,0.4448020284678975,20.528038723326254,20.5,21.5
1145.0,20.247053861249668,20.552482779627844,6.682078025928785,21.0,0,0.4475172203721556,20.525330860585264,20.5,21.5
1146.0,20.244340866082602,20.549768320237572,6.6830215638906125,21.0,0,0.45023167976242817,20.522623726334846,20.5,21.5
1147.0,20.241628602222164,20.54705459295887,6.683963820158306,21.0,0,0.4529454070411312,20.51991732017184,20.5,21.5
1148.0,20.238917069265753,20.54434159738927,6.684904794014296,21.0,0,0.4556584026107302,20.51721164169328,20.5,21.5
1149.0,20.236206266810704,20.54162933312623,6.685844484741989,21.0,0,0.45837066687376904,20.514506690495843,20.5,21.5
1150.0,20.23349619445429,20.538917799767155,6.686782891625771,21.0,0,0.46108220023284474,20.5118024661764,20.5,21.5
1151.0,20.230786851793724,20.536206996909378,6.687720013951005,21.0,0,0.4637930030906219,20.509098968331607,20.5,21.5
1152.0,20.228078238426153,20.533496924150175,6.688655851004031,21.0,0,0.4665030758498254,20.50639619655814,20.5,21.5
1153.0,20.22537035394867,20.53078758108676,6.689590402072167,21.0,0,0.4692124189132407,20.503694150452606,20.5,21.5
1154.0,20.222663197958294,20.528078967316276,6.690523666443712,21.0,0,0.4719210326837242,20.50099282961144,20.5,21.5
1155.0,20.21995677005199,20.525371082435818,6.691455643407947,21.0,1,0.474628917564182,20.49829223363124,20.5,21.5
1156.0,20.237251069826662,20.526663926042406,6.692386332255128,21.0,1,0.4733360739575936,20.53959236210829,20.5,21.5
1157.0,20.25454209687915,20.531956697733005,6.693315732276497,21.0,1,0.4680433022669952,20.58488441463899,20.5,21.5
1158.0,20.271829851606228,20.541248597264516,6.6942438427642745,21.0,1,0.45875140273548354,20.634167592579633,20.5,21.5
1159.0,20.28911433440446,20.55453882455375,6.695170663011664,21.0,1,0.4454611754462512,20.687441097446072,20.5,21.5
1160.0,20.30639554567018,20.571826579677385,6.696096192312852,21.0,1,0.4281734203226151,20.744704130913746,20.5,21.5
1161.0,20.32367348579951,20.589111062871957,6.697020429963008,21.0,1,0.41088893712804264,20.76195589481768,20.5,21.5
1162.0,20.340948155188343,20.606392274533796,6.697943375258283,21.0,1,0.3936077254662038,20.779204391152184,20.5,21.5
1163.0,20.358219554232356,20.623670215059022,6.698865027495816,21.0,1,0.37632978494097813,20.79644962031128,20.5,21.5
1164.0,20.37548768332701,20.64094488484353,6.699785385973728,21.0,1,0.35905511515646893,20.813691582688623,20.5,21.5
1165.0,20.392752542867537,20.658216284283004,6.700704449991125,21.0,1,0.3417837157169963,20.83093027867773,20.5,21.5
1166.0,20.41001413324896,20.675484413772892,6.701622218848103,21.0,1,0.32451558622710763,20.84816570867178,20.5,21.5
1167.0,20.42727245486608,20.69274927370844,6.702538691845737,21.0,1,0.30725072629156003,20.865397873063916,20.5,21.5
1168.0,20.444527508113477,20.710010864484666,6.703453868286095,21.0,1,0.28998913551533434,20.882626772246923,20.5,21.5
1169.0,20.46177929338551,20.727269186496365,6.704367747472231,21.0,1,0.27273081350363526,20.899852406613356,20.5,21.5
1170.0,20.479027811076328,20.744524240138126,6.705280328708184,21.0,1,0.25547575986187354,20.917074776555744,20.5,21.5
1171.0,20.496273061579856,20.761776025804302,6.706191611298986,21.0,1,0.23822397419569796,20.934293882466058,20.5,21.5
1172.0,20.5135150452898,20.779024543889047,6.707101594550655,21.0,1,0.2209754561109527,20.9515097247365,20.5,21.5
1173.0,20.53075376259965,20.796269794786284,6.708010277770198,21.0,1,0.20373020521371643,20.968722303758646,20.5,21.5
1174.0,20.547989213902685,20.81351177888972,6.708917660265615,21.0,1,0.18648822111028096,20.985931619924074,20.5,21.5
1175.0,20.56522139959196,20.830750496592845,6.709823741345893,21.0,1,0.16924950340715483,21.003137673624106,20.5,21.5
1176.0,20.58245032006031,20.847985948288937,6.710728520321013,21.0,1,0.1520140517110633,21.020340465249852,20.5,21.5
1177.0,20.59967597570036,20.865218134371048,6.711631996501946,21.0,1,0.1347818656289519,21.037539995192162,20.5,21.5
1178.0,20.616898366904522,20.88244705523202,6.712534169200657,21.0,1,0.11755294476797928,21.054736263841747,20.5,21.5
1179.0,20.63411749406498,20.89967271126448,6.713435037730099,21.0,1,0.10032728873552088,21.071929271589063,20.5,21.5
1180.0,20.651333357573712,20.91689510286083,6.714334601404225,21.0,1,0.0831048971391688,21.089119018824352,20.5,21.5
1181.0,20.668545957822477,20.934114230413265,6.715232859537975,21.0,1,0.06588576958673542,21.1063055059376,20.5,21.5
1182.0,20.68575529520282,20.951330094313754,6.716129811447289,21.0,1,0.048669905686246295,21.123488733318645,20.5,21.5
1183.0,20.70296137010607,20.968542694954067,6.717025456449098,21.0,1,0.031457305045933026,21.1406687013572,20.5,21.5
1184.0,20.720164182923337,20.98575203272574,6.717919793861329,21.0,1,0.014247967274261697,21.15784541044245,20.5,21.5
1185.0,20.737363734045523,21.002958108020103,6.718812823002906,21.0,1,-0.0029581080201026566,21.175018860963746,20.5,21.5
1186.0,20.754560023863316,21.020160921228268,6.719704543193747,21.0,1,-0.020160921228267625,21.192189053309917,20.5,21.5
1187.0,20.77175305276718,21.03736047274114,6.72059495375477,21.0,1,-0.037360472741138295,21.209355987869845,20.5,21.5
1188.0,20.78894282114738,21.054556762949403,6.721484054007887,21.0,1,-0.05455676294940304,21.22651966503205,20.5,21.5
1189.0,20.80612932939395,21.071749792243526,6.722371843276012,21.0,1,-0.0717497922435264,21.24368008518476,20.5,21.5
1190.0,20.823312577896726,21.088939561013767,6.723258320883051,21.0,1,-0.08893956101376688,21.26083724871617,20.5,21.5
1191.0,20.840492567045324,21.106126069650166,6.724143486153917,21.0,1,-0.10612606965016624,21.27799115601416,20.5,21.5
1192.0,20.857669297229144,21.12330931854256,6.725027338414515,21.0,1,-0.12330931854256022,21.2951418074665,20.5,21.5
1193.0,20.874842768837382,21.14048930808056,6.7259098769917545,21.0,1,-0.1404893080805607,21.312289203460566,20.5,21.5
1194.0,20.892012982259015,21.157666038653574,6.726791101213543,21.0,1,-0.15766603865357354,21.329433344383702,20.5,21.5
1195.0,20.909179937882804,21.17483951065079,6.727671010408791,21.0,1,-0.1748395106507914,21.34657423062297,20.5,21.5
1196.0,20.92634363609731,21.192009724461187,6.7285496039074095,21.0,1,-0.1920097244611867,21.36371186256514,20.5,21.5
1197.0,20.94350407729087,21.20917668047353,6.72942688104031,21.0,1,-0.20917668047352933,21.380846240596956,20.5,21.5
1198.0,20.960661261851623,21.22634037907638,6.730302841139409,21.0,1,-0.2263403790763796,21.397977365104882,20.5,21.5
1199.0,20.97781519016748,21.24350082065807,6.731177483537624,21.0,1,-0.24350082065807044,21.41510523647498,20.5,21.5
1200.0,20.994965862626152,21.26065800560674,-3.2679491924311233,21.0,1,-0.26065800560673935,21.43222985509343,20.5,21.5
1201.0,21.01011327961514,21.277411934310305,-3.267077187431906,21.0,1,-0.27741193431030453,21.444951221345956,20.5,21.5
1202.0,21.025257841521732,21.293762687156477,-3.266206502128794,21.0,1,-0.2937626871564767,21.4572702156182,20.5,21.5
1203.0,21.040399548653003,21.309710344516752,-3.2653371371848543,21.0,1,-0.30971034451675195,21.469186918119505,20.5,21.5
1204.0,21.055538401315836,21.325254986746426,-3.264469093262143,21.0,1,-0.32525498674642606,21.480701409043167,20.5,21.5
1205.0,21.07067439981692,21.34039669418458,-3.2636023710217152,21.0,1,-0.3403966941845802,21.49181376856612,20.5,21.5
1206.0,21.085807544462753,21.3555355471541,-3.2627369711236174,21.0,0,-0.3555355471541013,21.506924076849312,20.5,21.5
1207.0,21.080937835559634,21.36667154596168,-3.2618728942268893,21.0,0,-0.3666715459616796,21.478031534037463,20.5,21.5
1208.0,21.076069273413676,21.37380549091381,-3.261010140989562,21.0,0,-0.37380549091381,21.445144940435114,20.5,21.5
1209.0,21.071201857530795,21.3769381821568,-3.260148712068661,21.0,0,-0.376938182156799,21.40826509458669,20.5,21.5
1210.0,21.066335587416877,21.37607041967679,-3.259288608120201,21.0,0,-0.37607041967678967,21.367392794876697,20.5,21.5
1211.0,21.06147046257777,21.371203003299797,-3.258429829799189,21.0,0,-0.3712030032997973,21.322528839529873,20.5,21.5
1212.0,21.056606482519296,21.366336732691728,-3.2575723777596215,21.0,0,-0.3663367326917282,21.317674026611037,20.5,21.5
1213.0,21.05174364674724,21.36147160735844,-3.2567162526544857,21.0,0,-0.361471607358439,21.312820354025547,20.5,21.5
1214.0,21.04688195476736,21.356607626805754,-3.2558614551357588,21.0,0,-0.3566076268057543,21.307967821278908,20.5,21.5
1215.0,21.04202140608538,21.351744790539453,-3.255007985854406,21.0,0,-0.3517447905394526,21.303116427876436,20.5,21.5
1216.0,21.03716200020699,21.346883098065298,-3.2541558454603807,21.0,0,-0.34688309806529816,21.298266173323753,20.5,21.5
1217.0,21.032303736637857,21.342022548889013,-3.2533050346026258,21.0,0,-0.3420225488890125,21.293417057126156,20.5,21.5
1218.0,21.02744661488361,21.337163142516285,-3.252455553929069,21.0,0,-0.3371631425162853,21.288569078789013,20.5,21.5
1219.0,21.022590634449845,21.33230487845278,-3.25160740408663,21.0,0,-0.33230487845278134,21.28372223781774,20.5,21.5
1220.0,21.01773579484214,21.327447756204133,-3.250760585721208,21.0,0,-0.32744775620413336,21.278876533717654,20.5,21.5
1221.0,21.012882095566027,21.322591775275942,-3.249915099477695,21.0,0,-0.3225917752759422,21.27403196599403,20.5,21.5
1222.0,21.00802953612702,21.317736935173777,-3.2490709459999643,21.0,0,-0.31773693517377666,21.26918853415212,20.5,21.5
1223.0,21.003178116030593,21.31288323540317,-3.2482281259308756,21.0,0,-0.3128832354031701,21.264346237697104,20.5,21.5
1224.0,20.998327834782202,21.308030675469645,-3.247386639912273,21.0,0,-0.30803067546964513,21.259505076134396,20.5,21.5
1225.0,20.993478691887262,21.303179254878668,-3.2465464885849844,21.0,0,-0.3031792548786676,21.254665048968892,20.5,21.5
1226.0,20.988630686851167,21.298328973135696,-3.2457076725888223,21.0,0,-0.2983289731356962,21.249826155705982,20.5,21.5
1227.0,20.98378381917928,21.293479829746147,-3.2448701925625816,21.0,0,-0.29347982974614695,21.244988395850655,20.5,21.5
1228.0,20.978938088376932,21.288631824215415,-3.244034049144039,21.0,0,-0.28863182421541467,21.240151768908092,20.5,21.5
1229.0,20.97409349394943,21.28378495604886,-3.243199242969954,21.0,0,-0.28378495604885856,21.235316274383297,20.5,21.5
1230.0,20.969250035402045,21.278939224751817,-3.2423657746760695,21.0,0,-0.27893922475181654,21.230481911781396,20.5,21.5
1231.0,20.96440771224003,21.274094629829587,-3.241533644897106,21.0,0,-0.27409462982958743,21.225648680607296,20.5,21.5
1232.0,20.9595665239686,21.269251170787452,-3.2407028542667673,21.0,0,-0.2692511707874523,21.2208165803661,20.5,21.5
1233.0,20.954726470092954,21.264408847130657,-3.239873403417736,21.0,0,-0.2644088471306567,21.2159856105627,20.5,21.5
1234.0,20.94988755011825,21.25956765836442,-3.239045292981676,21.0,0,-0.2595676583644213,21.211155770702067,20.5,21.5
1235.0,20.945049763549633,21.25472760399394,-3.2382185235892287,21.0,0,-0.25472760399393835,21.20632706028911,20.5,21.5
1236.0,20.940213109892206,21.249888683524375,-3.237393095870016,21.0,0,-0.2498886835243752,21.201499478828744,20.5,21.5
1237.0,20.935377588651054,21.245050896460867,-3.2365690104526355,21.0,0,-0.2450508964608673,21.19667302582579,20.5,21.5
1238.0,20.930543199331233,21.240214242308525,-3.2357462679646645,21.0,0,-0.24021424230852517,21.191847700785104,20.5,21.5
1239.0,20.925709941437773,21.23537872057243,-3.2349248690326577,21.0,0,-0.23537872057243092,21.18702350321149,20.5,21.5
1240.0,20.92087781447568,21.230544330757642,-3.234104814282146,21.0,0,-0.2305443307576418,21.18220043260975,20.5,21.5
1241.0,20.91604681794993,21.225711072369187,-3.233286104337637,21.0,0,-0.22571107236918664,21.177378488484635,20.5,21.5
1242.0,20.91121695136547,21.220878944912066,-3.232468739822613,21.0,0,-0.22087894491206583,21.172557670340858,20.5,21.5
1243.0,20.906388214227235,21.216047947891266,-3.2316527213595334,21.0,0,-0.21604794789126558,21.167737977683263,20.5,21.5
1244.0,20.901560606040118,21.211218080811737,-3.230838049569832,21.0,0,-0.21121808081173654,21.162919410016446,20.5,21.5
1245.0,20.896734126308996,21.206389343178397,-3.2300247250739167,21.0,0,-0.2063893431783974,21.158101966845006,20.5,21.5
1246.0,20.89190877453872,21.201561734496156,-3.229212748491168,21.0,0,-0.20156173449615622,21.153285647673744,20.5,21.5
1247.0,20.887084550234114,21.196735254269885,-3.2284021204399433,21.0,0,-0.19673525426988547,21.148470452007178,20.5,21.5
1248.0,20.88226145289998,21.191909902004433,-3.2275928415375708,21.0,0,-0.1919099020044328,21.143656379349906,20.5,21.5
1249.0,20.87743948204109,21.187085677204628,-3.2267849124003503,21.0,0,-0.1870856772046281,21.13884342920658,20.5,21.5
1250.0,20.8726186371622,21.18226257937527,-3.225978333643557,21.0,0,-0.18226257937526924,21.13403160108168,20.5,21.5
1251.0,20.86779891776804,21.177440608021136,-3.2251731058814332,21.0,0,-0.17744060802113637,21.129220894479808,20.5,21.5
1252.0,20.862980323363313,21.172619762646974,-3.2243692297271975,21.0,0,-0.1726197626469741,21.12441130890535,20.5,21.5
1253.0,20.858162853452693,21.167800042757516,-3.2235667057930346,21.0,0,-0.16780004275751637,21.11960284386294,20.5,21.5
1254.0,20.853346507540845,21.16298144785747,-3.2227655346901027,21.0,0,-0.1629814478574687,21.114795498856992,20.5,21.5
1255.0,20.8485312851324,21.158163977451505,-3.221965717028527,21.0,0,-0.15816397745150468,21.109989273391864,20.5,21.5
1256.0,20.84371718573197,21.15334763104429,-3.2211672534174047,21.0,0,-0.15334763104429072,21.10518416697215,20.5,21.5
1257.0,20.838904208844138,21.148532408140458,-3.2203701444648,21.0,0,-0.14853240814045776,21.100380179102128,20.5,21.5
1258.0,20.834092353973475,21.143718308244612,-3.2195743907777468,21.0,0,-0.14371830824461185,21.095577309286153,20.5,21.5
1259.0,20.829281620624524,21.13890533086135,-3.2187799929622454,21.0,0,-0.13890533086134838,21.090775557028714,20.5,21.5
1260.0,20.824472008301807,21.134093475495227,-3.2179869516232644,21.0,0,-0.1340934754952272,21.085974921834016,20.5,21.5
1261.0,20.819663516509824,21.1292827416508,-3.2171952673647395,21.0,0,-0.12928274165080111,21.08117540320654,20.5,21.5
1262.0,20.814856144753048,21.124473128832584,-3.2164049407895723,21.0,0,-0.12447312883258377,21.07637700065041,20.5,21.5
1263.0,20.81004989253594,21.119664636545075,-3.2156159724996307,21.0,0,-0.11966463654507464,21.071579713669983,20.5,21.5
1264.0,20.80524475936293,21.11485726429276,-3.214828363095749,21.0,0,-0.114857264292759,21.066783541769603,20.5,21.5
1265.0,20.80044074473844,21.110051011580083,-3.214042113177726,21.0,0,-0.11005101158008301,21.061988484453323,20.5,21.5
1266.0,20.79563784816686,21.10524587791149,-3.213257223344325,21.0,0,-0.10524587791148932,21.057194541225552,20.5,21.5
1267.0,20.790836069152558,21.100441862791392,-3.2124736941932737,21.0,0,-0.10044186279139211,21.05240171159042,20.5,21.5
1268.0,20.78603540719989,21.09563896572418,-3.211691526321264,21.0,0,-0.09563896572418074,21.047609995052067,20.5,21.5
1269.0,20.781235861813187,21.09083718621423,-3.21091072032395,21.0,0,-0.09083718621423031,21.042819391114726,20.5,21.5
1270.0,20.77643743249676,21.08603652376589,-3.2101312767959502,21.0,0,-0.0860365237658911,21.0380298992825,20.5,21.5
1271.0,20.771640118754902,21.0812369778835,-3.209353196330844,21.0,0,-0.08123697788349915,21.03324151905958,20.5,21.5
1272.0,20.766843920091887,21.076438548071366,-3.2085764795211746,21.0,0,-0.07643854807136563,21.02845424995003,20.5,21.5
1273.0,20.762048836011964,21.07164123383378,-3.2078011269584445,21.0,0,-0.0716412338337804,21.023668091457928,20.5,21.5
1274.0,20.75725486601937,21.06684503467502,-3.2070271392331193,21.0,0,-0.06684503467501912,21.018883043087406,20.5,21.5
1275.0,20.75246200961832,21.062049950099333,-3.2062545169346235,21.0,0,-0.06204995009933256,21.014099104342467,20.5,21.5
1276.0,20.74767026631301,21.057255979610954,-3.2054832606513433,21.0,0,-0.057255979610953744,21.009316274727166,20.5,21.5
1277.0,20.742879635607615,21.0524631227141,-3.204713370970623,21.0,0,-0.05246312271410147,21.00453455374558,20.5,21.5
1278.0,20.738090117006298,21.04767137891297,-3.203944848478769,21.0,0,-0.047671378912969686,20.999753940901652,20.5,21.5
1279.0,20.7333017100132,21.042880747711735,-3.2031776937610426,21.0,0,-0.04288074771173456,20.994974435699383,20.5,21.5
1280.0,20.728514414132448,21.038091228614558,-3.2024119074016664,21.0,0,-0.03809122861455805,20.990196037642793,20.5,21.5
1281.0,20.72372822886814,21.033302821125584,-3.201647489983819,21.0,0,-0.03330282112558436,20.985418746235847,20.5,21.5
1282.0,20.718943153724368,21.028515524748933,-3.200884442089639,21.0,0,-0.02851552474893282,20.980642560982417,20.5,21.5
1283.0,20.714159188205205,21.023729338988716,-3.20012276430022,21.0,0,-0.023729338988715654,20.975867481386544,20.5,21.5
1284.0,20.709376331814703,21.018944263349017,-3.1993624571956127,21.0,0,-0.018944263349016666,20.971093506952027,20.5,21.5
1285.0,20.7045945840569,21.01416029733391,-3.1986035213548245,21.0,0,-0.014160297333909,20.966320637182832,20.5,21.5
1286.0,20.699813944435817,21.009377440447444,-3.197845957355817,21.0,0,-0.009377440447444485,20.9615488715828,20.5,21.5
1287.0,20.69503441245546,21.004595692193664,-3.197089765775509,21.0,0,-0.004595692193664291,20.956778209655862,20.5,21.5
1288.0,20.690255987619814,20.99981505207659,-3.196334947189772,21.0,0,0.00018494792341172683,20.952008650905828,20.5,21.5
1289.0,20.685478669432854,20.995035519600215,-3.195581502173436,21.0,0,0.004964480399785032,20.947240194836482,20.5,21.5
1290.0,20.68070245739853,20.990257094268543,-3.1948294313002794,21.0,0,0.009742905731457085,20.942472840951822,20.5,21.5
1291.0,20.675927351020793,20.98547977558554,-3.1940787351430373,21.0,0,0.014520224414461325,20.937706588755496,20.5,21.5
1292.0,20.67115334980356,20.980703563055158,-3.193329414273398,21.0,0,0.019296436944841844,20.932941437751353,20.5,21.5
1293.0,20.666380453250746,20.975928456181343,-3.192581469262003,21.0,0,0.02407154381865695,20.928177387443192,20.5,21.5
1294.0,20.661608660866243,20.971154454468024,-3.191834900678444,21.0,0,0.028845545531975603,20.923414437334838,20.5,21.5
1295.0,20.656837972153934,20.966381557419105,-3.1910897090912638,21.0,0,0.03361844258089519,20.91865258692991,20.5,21.5
1296.0,20.652068386617685,20.96160976453848,-3.190345895067961,21.0,0,0.038390235461520206,20.91389183573223,20.5,21.5
1297.0,20.647299903761347,20.956839075330038,-3.1896034591749807,21.0,0,0.04316092466996224,20.909132183245617,20.5,21.5
1298.0,20.64253252308876,20.95206948929764,-3.1888624019777208,21.0,0,0.04793051070236132,20.904373628973648,20.5,21.5
1299.0,20.637766244103748,20.947301005945143,-3.1881227240405288,21.0,0,0.05269899405485745,20.89961617242018,20.5,21.5
1300.0,20.63300106631012,20.94253362477638,-3.1873844259267,21.0,0,0.05746637522361908,20.894859813088765,20.5,21.5
1301.0,20.628236989211672,20.93776734529518,-3.186647508198482,21.0,0,0.062232654704821755,20.89010455048315,20.5,21.5
1302.0,20.62347401231219,20.933002167005345,-3.1859119714170703,21.0,0,0.06699783299465523,20.88535038410701,20.5,21.5
1303.0,20.618712135115445,20.92823808941068,-3.1851778161426063,21.0,0,0.07176191058931991,20.880597313464033,20.5,21.5
1304.0,20.613951357125192,20.923475112014966,-3.1844450429341826,21.0,0,0.07652488798503398,20.875845338057825,20.5,21.5
1305.0,20.60919167784518,20.918713234321977,-3.1837136523498373,21.0,0,0.08128676567802273,20.87109445739209,20.5,21.5
1306.0,20.60443309677914,20.913952455835474,-3.1829836449465567,21.0,0,0.08604754416452565,20.866344670970445,20.5,21.5
1307.0,20.599675613430794,20.909192776059193,-3.1822550212802723,21.0,0,0.09080722394080709,20.86159597829638,20.5,21.5
1308.0,20.59491922730385,20.90443419449688,-3.1815277819058627,21.0,0,0.09556580550312077,20.856848378873742,20.5,21.5
1309.0,20.59016393790201,20.899676710652237,-3.1808019273771535,21.0,0,0.10032328934776302,20.852101872205814,20.5,21.5
1310.0,20.585409744728953,20.894920324028995,-3.180077458246913,21.0,0,0.10507967597100532,20.84735645779657,20.5,21.5
1311.0,20.580656647288357,20.89016503413084,-3.1793543750668576,21.0,0,0.10983496586916175,20.842612135149274,20.5,21.5
1312.0,20.575904645083888,20.885410840461457,-3.178632678387646,21.0,0,0.11458915953854287,20.837868903767646,20.5,21.5
1313.0,20.571153737619195,20.880657742524527,-3.1779123687588804,21.0,0,0.11934225747547345,20.83312676315522,20.5,21.5
1314.0,20.566403924397918,20.875905739823708,-3.1771934467291096,21.0,0,0.12409426017629244,20.828385712815518,20.5,21.5
1315.0,20.561655204923692,20.871154831862658,-3.176475912845823,21.0,0,0.12884516813734237,20.82364575225216,20.5,21.5
1316.0,20.556907578700137,20.866405018145013,-3.175759767655454,21.0,0,0.13359498185498708,20.818906880968566,20.5,21.5
1317.0,20.552161045230868,20.86165629817441,-3.1750450117033786,21.0,0,0.13834370182559041,20.814169098468376,20.5,21.5
1318.0,20.54741560401948,20.85690867145447,-3.174331645533915,21.0,0,0.14309132854553042,20.80943240425507,20.5,21.5
1319.0,20.54267125456957,20.852162137488797,-3.1736196696903205,21.0,0,0.1478378625112029,20.804696797832072,20.5,21.5
1320.0,20.537927996384717,20.847416695781003,-3.1729090847147985,21.0,0,0.15258330421899657,20.799962278703067,20.5,21.5
1321.0,20.533185828968495,20.84267234583468,-3.1721998911484883,21.0,0,0.15732765416532146,20.79522884637143,20.5,21.5
1322.0,20.528444751824473,20.837929087153398,-3.1714920895314727,21.0,0,0.1620709128466018,20.790496500340595,20.5,21.5
1323.0,20.523704764456202,20.833186919240738,-3.1707856804027728,21.0,0,0.16681308075926182,20.785765240114138,20.5,21.5
1324.0,20.51896586636723,20.82844584160027,-3.1700806643003503,21.0,0,0.17155415839972932,20.781035065195596,20.5,21.5
1325.0,20.514228057061096,20.823705853735547,-3.1693770417611056,21.0,0,0.1762941462644534,20.776305975088306,20.5,21.5
1326.0,20.509491336041332,20.818966955150113,-3.1686748133208784,21.0,0,0.1810330448498867,20.77157796929578,20.5,21.5
1327.0,20.504755702811458,20.81422914534751,-3.1679739795144446,21.0,0,0.185770854652489,20.766851047321488,20.5,21.5
1328.0,20.500021156874993,20.809492423831266,-3.167274540875521,21.0,0,0.19050757616873426,20.762125208668813,20.5,21.5
1329.0,20.495287697735442,20.80475679010491,-3.1665764979367594,21.0,0,0.19524320989508936,20.75740045284136,20.5,21.5
1330.0,20.490555324896306,20.80002224367195,-3.165879851229752,21.0,0,0.1999777563280496,20.752676779342348,20.5,21.5
1331.0,20.485824037861082,20.795288784035897,-3.1651846012850235,21.0,0,0.20471121596410313,20.74795418767536,20.5,21.5
1332.0,20.481093836133255,20.790556410700255,-3.164490748632038,21.0,0,0.20944358929974527,20.743232677343833,20.5,21.5
1333.0,20.476364719216303,20.785825123168518,-3.1637982937991938,21.0,0,0.21417487683148195,20.73851224785115,20.5,21.5
1334.0,20.4716366866137,20.78109492094417,-3.1631072373138256,21.0,0,0.2189050790558298,20.733792898700692,20.5,21.5
1335.0,20.466909737828914,20.77636580353069,-3.162417579702203,21.0,0,0.22363419646930893,20.7290746293959,20.5,21.5
1336.0,20.462183872365408,20.771637770431557,-3.1617293214895312,21.0,0,0.2283622295684431,20.724357439440215,20.5,21.5
1337.0,20.457459089726637,20.766910821150233,-3.161042463199948,21.0,0,0.23308917884976665,20.719641328336998,20.5,21.5
1338.0,20.452735389416052,20.762184955190186,-3.1603570053565253,21.0,0,0.23781504480981397,20.714926295589713,20.5,21.5
1339.0,20.448012770937098,20.757460172054863,-3.159672948481269,21.0,0,0.24253982794513718,20.71021234070163,20.5,21.5
1340.0,20.443291233793214,20.752736471247722,-3.158990293095119,21.0,0,0.24726352875227775,20.705499463176317,20.5,21.5
1341.0,20.438570777487836,20.74801385227221,-3.158309039717947,21.0,0,0.2519861477277914,20.700787662517072,20.5,21.5
1342.0,20.433851401524397,20.74329231463176,-3.157629188868558,21.0,0,0.25670768536824085,20.696076938227264,20.5,21.5
1343.0,20.42913310540632,20.73857185782981,-3.1569507410646853,21.0,0,0.26142814217018895,20.69136728981033,20.5,21.5
1344.0,20.424415888637025,20.733852481369798,-3.156273696822999,21.0,0,0.26614751863020203,20.686658716769667,20.5,21.5
1345.0,20.419699750719932,20.729134184755143,-3.1555980566590964,21.0,0,0.2708658152448571,20.681951218608592,20.5,21.5
1346.0,20.414984691158455,20.724416967489265,-3.1549238210875075,21.0,0,0.2755830325107347,20.67724479483049,20.5,21.5
1347.0,20.410270709456007,20.719700829075588,-3.1542509906216916,21.0,0,0.2802991709244118,20.672539444938817,20.5,21.5
1348.0,20.405557805115993,20.714985769017524,-3.153579565774038,21.0,0,0.28501423098247614,20.66783516843688,20.5,21.5
1349.0,20.400845977641815,20.710271786818485,-3.1529095470558666,21.0,0,0.2897282131815153,20.663131964828093,20.5,21.5
1350.0,20.396135226536874,20.70555888198187,-3.152240934977426,21.0,0,0.2944411180181312,20.65842983361571,20.5,21.5
1351.0,20.39142555130457,20.700847054011092,-3.151573730047893,21.0,0,0.29915294598890796,20.653728774303325,20.5,21.5
1352.0,20.3867169514483,20.69613630240955,-3.1509079327753735,21.0,0,0.30386369759045095,20.64902878639412,20.5,21.5
1353.0,20.382009426471456,20.69142662668064,-3.1502435436669014,21.0,0,0.3085733733193585,20.644329869391566,20.5,21.5
1354.0,20.377302975877427,20.68671802632776,-3.1495805632284357,21.0,0,0.31328197367223964,20.63963202279895,20.5,21.5
1355.0,20.372597599169605,20.682010500854307,-3.1489189919648677,21.0,0,0.31798949914569263,20.634935246119777,20.5,21.5
1356.0,20.367893295851378,20.677304049763666,-3.1482588303800103,21.0,0,0.3226959502363336,20.630239538857257,20.5,21.5
1357.0,20.36319006542613,20.672598672559232,-3.147600078976607,21.0,0,0.3274013274407679,20.62554490051489,20.5,21.5
1358.0,20.35848790739725,20.667894368744392,-3.1469427382563255,21.0,0,0.3321056312556081,20.62085133059599,20.5,21.5
1359.0,20.35378682126812,20.663191137822533,-3.1462868087197586,21.0,0,0.33680886217746675,20.616158828603947,20.5,21.5
1360.0,20.34908680654212,20.658488979297037,-3.145632290866425,21.0,0,0.34151102070296346,20.61146739404207,20.5,21.5
1361.0,20.34438786272264,20.65378789267129,-3.14497918519477,21.0,0,0.34621210732871077,20.606777026413816,20.5,21.5
1362.0,20.339689989313058,20.64908787744867,-3.1443274922021605,21.0,0,0.3509121225513283,20.602087725222496,20.5,21.5
1363.0,20.334993185816757,20.644388933132575,-3.1436772123848886,21.0,0,0.35561106686742505,20.597399489971608,20.5,21.5
1364.0,20.330297451737117,20.639691059226372,-3.1430283462381734,21.0,0,0.36030894077362774,20.592712320164345,20.5,21.5
1365.0,20.325602786577523,20.634994255233455,-3.142380894256151,21.0,0,0.36500574476654535,20.58802621530428,20.5,21.5
1366.0,20.320909189841355,20.6302985206572,-3.1417348569318877,21.0,0,0.36970147934280106,20.58334117489464,20.5,21.5
1367.0,20.316216661032,20.625603855000985,-3.1410902347573675,21.0,0,0.3743961449990145,20.57865719843885,20.5,21.5
1368.0,20.311525199652845,20.620910257768205,-3.1404470282234973,21.0,0,0.3790897422317947,20.573974285440404,20.5,21.5
1369.0,20.30683480520727,20.616217728462235,-3.1398052378201076,21.0,0,0.3837822715377648,20.569292435402534,20.5,21.5
1370.0,20.302145477198664,20.611526266586463,-3.1391648640359513,21.0,0,0.3884737334135373,20.564611647828738,20.5,21.5
1371.0,20.297457215130418,20.606835871644275,-3.138525907358698,21.0,0,0.3931641283557248,20.5599319222224,20.5,21.5
1372.0,20.29277001850592,20.60214654313906,-3.137888368274943,21.0,0,0.39785345686093976,20.55525325808691,20.5,21.5
1373.0,20.288083886828563,20.597458280574205,-3.1372522472702,21.0,0,0.40254171942579475,20.550575654925655,20.5,21.5
1374.0,20.283398819601743,20.592771083453098,-3.136617544828902,21.0,0,0.4072289165469023,20.545899112242022,20.5,21.5
1375.0,20.278714816328858,20.588084951279136,-3.1359842614344036,21.0,0,0.41191504872086426,20.541223629539516,20.5,21.5
1376.0,20.274031876513305,20.583399883555714,-3.135352397568976,21.0,0,0.4166001164442861,20.536549206321496,20.5,21.5
1377.0,20.269349999658488,20.578715879786227,-3.134721953713812,21.0,0,0.42128412021377315,20.531875842091356,20.5,21.5
1378.0,20.264669185267813,20.57403293947408,-3.1340929303490217,21.0,0,0.42596706052592026,20.52720353635261,20.5,21.5
1379.0,20.25998943284469,20.56935106212267,-3.133465327953635,21.0,0,0.4306489378773293,20.52253228860858,20.5,21.5
1380.0,20.255310741892533,20.564670247235405,-3.1328391470055967,21.0,0,0.43532975276459496,20.517862098362748,20.5,21.5
1381.0,20.250633111914752,20.559990494315695,-3.1322143879817714,21.0,0,0.44000950568430497,20.513192965118595,20.5,21.5
1382.0,20.245956542414774,20.555311802866953,-3.1315910513579412,21.0,0,0.44468819713304697,20.508524888379533,20.5,21.5
1383.0,20.24128103289602,20.550634172392595,-3.130969137608803,21.0,0,0.44936582760740507,20.503857867649014,20.5,21.5
1384.0,20.236606582861917,20.54595760239604,-3.1303486472079713,21.0,1,0.4540423976039598,20.499191902430493,20.5,21.5
1385.0,20.251933191815905,20.545282092380717,-3.129729580627977,21.0,1,0.4547179076192833,20.53852699222748,20.5,21.5
1386.0,20.267256859261416,20.548606841850052,-3.129111938340266,21.0,1,0.45139315814994774,20.581854336543408,20.5,21.5
1387.0,20.282577585501894,20.555931050467475,-3.1284957208151987,21.0,1,0.4440689495325252,20.6291731366417,20.5,21.5
1388.0,20.29789537084063,20.567253918056398,-3.1278809285220532,21.0,1,0.432746081943602,20.68048259394563,20.5,21.5
1389.0,20.31321021558076,20.582574644600165,-3.1272675619290204,21.0,1,0.4174253553998355,20.73578191003783,20.5,21.5
1390.0,20.32852212002526,20.597892430242037,-3.126655621503205,21.0,1,0.4021075697579626,20.751070286660767,20.5,21.5
1391.0,20.343831084476953,20.613207275285145,-3.1260451077106257,21.0,1,0.38679272471485504,20.76635572571622,20.5,21.5
1392.0,20.359137109238517,20.62851918003247,-3.125436021016217,21.0,1,0.37148081996753035,20.781638227505717,20.5,21.5
1393.0,20.374440194612465,20.643828144786834,-3.1248283618838233,21.0,1,0.35617185521316586,20.79691779233048,20.5,21.5
1394.0,20.389740340901167,20.659134169850915,-3.1242221307762046,21.0,1,0.34086583014908456,20.81219442049173,20.5,21.5
1395.0,20.40503754840683,20.67443725552723,-3.1236173281550315,21.0,1,0.32556274447276934,20.827468112290383,20.5,21.5
1396.0,20.420331817431517,20.689737402118144,-3.1230139544808884,21.0,1,0.31026259788185584,20.84273886802728,20.5,21.5
1397.0,20.435623148277134,20.705034609925868,-3.122412010213269,21.0,1,0.29496539007413247,20.8580066880031,20.5,21.5
1398.0,20.450911541245436,20.720328879252463,-3.121811495810582,21.0,1,0.27967112074753686,20.87327157251842,20.5,21.5
1399.0,20.466196996638025,20.735620210399837,-3.121212411730143,21.0,1,0.26437978960016295,20.888533521873576,20.5,21.5
1400.0,20.48147951475635,20.75090860366974,-3.120614758428183,21.0,1,0.249091396330261,20.90379253636876,20.5,21.5
1401.0,20.496759095901716,20.76619405936378,-3.12001853635984,21.0,1,0.23380594063621984,20.91904861630419,20.5,21.5
1402.0,20.512035740375264,20.781476577783405,-3.1194237459791623,21.0,1,0.21852342221659526,20.93430176197965,20.5,21.5
1403.0,20.527309448477993,20.796756159229915,-3.1188303877391093,21.0,1,0.20324384077008517,20.949551973695016,20.5,21.5
1404.0,20.54258022051075,20.81203280400446,-3.118238462091549,21.0,1,0.18796719599554024,20.96479925174991,20.5,21.5
1405.0,20.55784805677423,20.827306512408036,-3.1176479694872583,21.0,1,0.1726934875919639,20.9800435964438,20.5,21.5
1406.0,20.573112957568977,20.842577284741488,-3.117058910375924,21.0,1,0.15742271525851237,20.995285008076003,20.5,21.5
1407.0,20.58837492319539,20.85784512130551,-3.1164712852061394,21.0,1,0.14215487869449106,21.010523486945722,20.5,21.5
1408.0,20.603633953953707,20.873110022400652,-3.1158850944254066,21.0,1,0.1268899775993475,21.025759033352088,20.5,21.5
1409.0,20.61889005014403,20.888371988327307,-3.115300338480136,21.0,1,0.11162801167269265,21.040991647593856,20.5,21.5
1410.0,20.634143212066306,20.90363101938572,-3.114717017815643,21.0,1,0.09636898061427956,21.05622132996985,20.5,21.5
1411.0,20.64939344002033,20.918887115875993,-3.1141351328761537,21.0,1,0.08111288412400697,21.07144808077872,20.5,21.5
1412.0,20.66464073430575,20.934140278098063,-3.1135546841047983,21.0,1,0.06585972190193701,21.086671900318763,20.5,21.5
1413.0,20.679885095222065,20.949390506351733,-3.1129756719436124,21.0,1,0.050609493648266834,21.101892788888435,20.5,21.5
1414.0,20.695126523068634,20.964637800936654,-3.112398096833541,21.0,1,0.03536219906334637,21.11711074678586,20.5,21.5
1415.0,20.710365018144653,20.979882162152325,-3.1118219592144314,21.0,1,0.020117837847674735,21.13232577430904,20.5,21.5
1416.0,20.72560058074918,20.995123590298096,-3.1112472595250376,21.0,1,0.004876409701903839,21.147537871755805,20.5,21.5
1417.0,20.740833211181126,21.010362085673172,-3.110673998203019,21.0,1,-0.010362085673172317,21.162747039423934,20.5,21.5
1418.0,20.75606290973925,21.02559764857661,-3.110102175684938,21.0,1,-0.02559764857661051,21.177953277610992,20.5,21.5
1419.0,20.771289676722166,21.040830279307315,-3.1095317924062638,21.0,1,-0.040830279307314754,21.193156586614357,20.5,21.5
1420.0,20.78651351242834,21.05605997816405,-3.108962848801367,21.0,1,-0.056059978164050506,21.208356966731408,20.5,21.5
1421.0,20.801734417156094,21.071286745445434,-3.1083953453035225,21.0,1,-0.07128674544543401,21.22355441825927,20.5,21.5
1422.0,20.816952391203603,21.08651058144993,-3.107829282344909,21.0,1,-0.08651058144992874,21.238748941494876,20.5,21.5
1423.0,20.832167434868893,21.101731486475856,-3.107264660356609,21.0,1,-0.10173148647585606,21.25394053673513,20.5,21.5
1424.0,20.847379548449847,21.116949460821395,-3.106701479768607,21.0,1,-0.11694946082139523,21.269129204276787,20.5,21.5
1425.0,20.862588732244205,21.132164504784566,-3.1061397410097893,21.0,1,-0.13216450478456565,21.28431494441627,20.5,21.5
1426.0,20.877794986549553,21.14737661866326,-3.105579444507942,21.0,1,-0.1473766186632588,21.29949775745019,20.5,21.5
1427.0,20.89299831166334,21.162585802755206,-3.105020590689758,21.0,1,-0.1625858027552063,21.31467764367468,20.5,21.5
1428.0,20.90819870788287,21.177792057358,-3.1044631799808284,21.0,1,-0.1777920573580012,21.32985460338595,20.5,21.5
1429.0,20.9233961755053,21.19299538276909,-3.1039072128056455,21.0,1,-0.1929953827690909,21.345028636879988,20.5,21.5
1430.0,20.938590714827637,21.20819577928578,-3.1033526895876014,21.0,1,-0.2081957792857807,21.36019974445268,20.5,21.5
1431.0,20.953782326146754,21.22339324720522,-3.102799610748991,21.0,1,-0.22339324720521958,21.37536792639961,20.5,21.5
1432.0,20.968971009759375,21.238587786824425,-3.1022479767110074,21.0,1,-0.23858778682442505,21.39053318301648,20.5,21.5
1433.0,20.98415676596208,21.253779398440265,-3.101697787893743,21.0,1,-0.2537793984402654,21.40569551459867,20.5,21.5
1434.0,20.99933959505131,21.268968082349467,-3.101149044716193,21.0,1,-0.2689680823494669,21.42085492144148,20.5,21.5
1435.0,21.014519497323356,21.284153838848614,-3.1006017475962455,21.0,1,-0.28415383884861356,21.43601140384008,20.5,21.5
1436.0,21.02969647307437,21.299336668234133,-3.1000558969506953,21.0,1,-0.2993366682341332,21.45116496208933,20.5,21.5
1437.0,21.044870522600366,21.31451657080233,-3.0995114931952283,21.0,1,-0.3145165708023292,21.46631559648429,20.5,21.5
1438.0,21.060041646197206,21.329693546849352,-3.098968536744433,21.0,1,-0.32969354684935226,21.481463307319583,20.5,21.5
1439.0,21.075209844160618,21.344867596671214,-3.098427028011793,21.0,1,-0.34486759667121447,21.496608094889837,20.5,21.5
1440.0,21.090375116786184,21.360038720563782,-3.0978869674096927,21.0,0,-0.3600387205637823,21.51174995948946,20.5,21.5
1441.0,21.085537464369345,21.371206918822775,-3.0973483553494106,21.0,0,-0.3712069188227751,21.482888901412704,20.5,21.5
1442.0,21.080700887205403,21.37837299174378,-3.0968111922411232,21.0,0,-0.37837299174378103,21.45003372095384,20.5,21.5
1443.0,21.075865384789513,21.381537739462242,-3.0962754784939044,21.0,0,-0.38153773946224234,21.413185216646855,20.5,21.5
1444.0,21.071030956616855,21.38070196195349,-3.095741214515723,21.0,0,-0.38070196195349126,21.37234418686598,20.5,21.5
1445.0,21.06619760218263,21.375866459032782,-3.0952084007134433,21.0,0,-0.3758664590327818,21.327511429825687,20.5,21.5
1446.0,21.061365320982052,21.37103203035532,-3.0946770374928274,21.0,0,-0.3710320303553196,21.322687743580698,20.5,21.5
1447.0,21.056534112510356,21.36619867541631,-3.094147125258531,21.0,0,-0.36619867541631024,21.317865126026216,20.5,21.5
1448.0,21.051703976262804,21.361366393710973,-3.093618664414106,21.0,0,-0.36136639371097345,21.313043576657606,20.5,21.5
1449.0,21.04687491173467,21.356535184734533,-3.093091655361997,21.0,0,-0.3565351847345326,21.308223094970124,20.5,21.5
1450.0,21.04204691842125,21.351705047982257,-3.0925660985035464,21.0,0,-0.3517050479822572,21.303403680459503,20.5,21.5
1451.0,21.037219995817864,21.346875982949417,-3.0920419942389863,21.0,0,-0.3468759829494168,21.298585332621013,20.5,21.5
1452.0,21.032394143419854,21.342047989131316,-3.0915193429674463,21.0,0,-0.3420479891313164,21.293768050950312,20.5,21.5
1453.0,21.027569360722577,21.33722106602327,-3.0909981450869477,21.0,0,-0.33722106602327173,21.288951834942825,20.5,21.5
1454.0,21.022745647221416,21.33239521312062,-3.090478400994405,21.0,0,-0.3323952131206198,21.2841366840941,20.5,21.5
1455.0,21.017923002411774,21.327570429918726,-3.0899601110856274,21.0,0,-0.3275704299187261,21.27932259789979,20.5,21.5
1456.0,21.013101425789074,21.322746715912967,-3.089443275755313,21.0,0,-0.32274671591296666,21.274509575855372,20.5,21.5
1457.0,21.008280916848765,21.317924070598746,-3.088927895397056,21.0,0,-0.31792407059874606,21.26969761745654,20.5,21.5
1458.0,21.003461475086315,21.313102493471497,-3.08841397040334,21.0,0,-0.3131024934714972,21.26488672219901,20.5,21.5
1459.0,20.998643099997217,21.308281984026657,-3.0879015011655415,21.0,0,-0.30828198402665663,21.26007688957825,20.5,21.5
1460.0,20.993825791076986,21.303462541759696,-3.087390488073929,21.0,0,-0.30346254175969634,21.255268119090093,20.5,21.5
1461.0,20.989009547821155,21.298644166166113,-3.08688093151766,21.0,0,-0.2986441661661132,21.250460410230282,20.5,21.5
1462.0,20.984194369725287,21.29382685674142,-3.086372831884785,21.0,0,-0.2938268567414184,21.24565376249447,20.5,21.5
1463.0,20.979380256284966,21.28901061298115,-3.0858661895622435,21.0,0,-0.2890106129811514,21.24084817537848,20.5,21.5
1464.0,20.974567206995797,21.284195434380866,-3.0853610049358657,21.0,0,-0.2841954343808659,21.23604364837801,20.5,21.5
1465.0,20.96975522135341,21.27938132043615,-3.0848572783903716,21.0,0,-0.27938132043615127,21.231240180989005,20.5,21.5
1466.0,20.96494429885346,21.27456827064261,-3.0843550103093698,21.0,0,-0.2745682706426109,21.226437772707207,20.5,21.5
1467.0,20.960134438991627,21.26975628449588,-3.0838542010753613,21.0,0,-0.2697562844958803,21.221636423028574,20.5,21.5
1468.0,20.955325641263613,21.26494536149161,-3.0833548510697337,21.0,0,-0.2649453614916091,21.216836131448897,20.5,21.5
1469.0,20.950517905165146,21.260135501125482,-3.0828569606727623,21.0,0,-0.26013550112548245,21.212036897464216,20.5,21.5
1470.0,20.94571123019198,21.255326702893196,-3.082360530263614,21.0,0,-0.25532670289319626,21.207238720570334,20.5,21.5
1471.0,20.94090561583989,21.250518966290482,-3.081865560220341,21.0,0,-0.25051896629048187,21.202441600263338,20.5,21.5
1472.0,20.936101061604678,21.245712290813096,-3.081372050919885,21.0,0,-0.24571229081309554,21.197645536039232,20.5,21.5
1473.0,20.931297566982174,21.240906675956808,-3.080880002738075,21.0,0,-0.2409066759568077,21.19285052739393,20.5,21.5
1474.0,20.92649513146823,21.236102121217424,-3.080389416049626,21.0,0,-0.23610212121742435,21.18805657382359,20.5,21.5
1475.0,20.921693754558724,21.231298626090773,-3.0799002912281424,21.0,0,-0.23129862609077279,21.183263674824257,20.5,21.5
1476.0,20.916893435749568,21.22649619007271,-3.0794126286461143,21.0,0,-0.22649619007270871,21.178471829892068,20.5,21.5
1477.0,20.912094174536687,21.22169481265911,-3.078926428674916,21.0,0,-0.22169481265910918,21.173681038523114,20.5,21.5
1478.0,20.907295970416044,21.216894493345883,-3.0784416916848123,21.0,0,-0.21689449334588318,21.168891300213623,20.5,21.5
1479.0,20.902498822883622,21.21209523162896,-3.0779584180449486,21.0,0,-0.21209523162896105,21.16410261445974,20.5,21.5
1480.0,20.897702731435437,21.207297027004305,-3.077476608123362,21.0,0,-0.20729702700430508,21.159314980757745,20.5,21.5
1481.0,20.892907695567526,21.202499878967895,-3.07699626228697,21.0,0,-0.20249987896789534,21.154528398603798,20.5,21.5
1482.0,20.888113714775955,21.197703787015747,-3.076517380901578,21.0,0,-0.19770378701574742,21.14974286749427,20.5,21.5
1483.0,20.88332078855682,21.192908750643905,-3.0760399643318728,21.0,0,-0.19290875064390534,21.144958386925484,20.5,21.5
1484.0,20.878528916406243,21.18811476934843,-3.0755640129414292,21.0,0,-0.18811476934843085,21.140174956393686,20.5,21.5
1485.0,20.87373809782037,21.183321842625418,-3.0750895270927057,21.0,0,-0.18332184262541773,21.135392575395286,20.5,21.5
1486.0,20.86894833229539,21.178529969970988,-3.0746165071470424,21.0,0,-0.17852996997098813,21.130611243426692,20.5,21.5
1487.0,20.864159619327502,21.1737391508813,-3.074144953464666,21.0,0,-0.17373915088129976,21.125830959984416,20.5,21.5
1488.0,20.859371958412943,21.168949384852528,-3.0736748664046836,21.0,0,-0.16894938485252808,21.12105172456481,20.5,21.5
1489.0,20.85458534904798,21.164160671380877,-3.073206246325088,21.0,0,-0.16416067138087698,21.116273536664366,20.5,21.5
1490.0,20.849799790728905,21.159373009962582,-3.0727390935827543,21.0,0,-0.1593730099625823,21.111496395779636,20.5,21.5
1491.0,20.845015282952044,21.154586400093912,-3.072273408533438,21.0,0,-0.1545864000939119,21.106720301407208,20.5,21.5
1492.0,20.840231825213746,21.149800841271162,-3.07180919153178,21.0,0,-0.149800841271162,21.101945253043663,20.5,21.5
1493.0,20.835449417010395,21.14501633299065,-3.0713464429313007,21.0,0,-0.1450163329906502,21.097171250185532,20.5,21.5
1494.0,20.830668057838405,21.140232874748737,-3.0708851630844034,21.0,0,-0.1402328747487367,21.0923982923296,20.5,21.5
1495.0,20.82588774719422,21.1354504660418,-3.070425352342374,21.0,0,-0.13545046604179944,21.087626378972427,20.5,21.5
1496.0,20.82110848457431,21.130669106366252,-3.069967011055377,21.0,0,-0.13066910636625195,21.082855509610777,20.5,21.5
1497.0,20.816330269475184,21.12588879521854,-3.0695101395724596,21.0,0,-0.12588879521853968,21.078085683741417,20.5,21.5
1498.0,20.811553101393375,21.121109532095137,-3.06905473824155,21.0,0,-0.12110953209513653,21.073316900861105,20.5,21.5
1499.0,20.806776979825447,21.11633131649254,-3.068600807409455,21.0,0,-0.11633131649254125,21.06854916046659,20.5,21.5
1500.0,20.802001904268,21.1115541479073,6.931851652578136,21.0,0,-0.11155414790729878,21.063782462054874,20.5,21.5
1501.0,20.79922787421766,21.10717802583597,6.932302641376657,21.0,0,-0.10717802583597091,21.063416805122692,20.5,21.5
1502.0,20.796454489171094,21.103202869775153,6.932752158642659,21.0,0,-0.1032028697751528,21.06345130916697,20.5,21.5
1503.0,20.793681748704987,21.099628599237473,6.933200204033815,21.0,0,-0.09962859923747303,21.063885893860675,20.5,21.5
1504.0,20.790909652396053,21.096455133751597,6.933646777208919,21.0,0,-0.09645513375159709,21.064720478892838,20.5,21.5
1505.0,20.788138199821017,21.0936823928622,6.934091877827886,21.0,0,-0.09368239286219904,21.06595498396822,20.5,21.5
1506.0,20.78536739055662,21.090910296129994,6.934535505551754,21.0,0,-0.09091029612999435,21.063189328807947,20.5,21.5
1507.0,20.782597224179618,21.0881388431317,6.934977660042679,21.0,0,-0.08813884313169851,21.06042431314874,20.5,21.5
1508.0,20.77982770026679,21.08536803344406,6.935418340963942,21.0,0,-0.08536803344405897,21.057659936567664,20.5,21.5
1509.0,20.777058818394927,21.082597866643834,6.935857547979946,21.0,0,-0.08259786664383384,21.054896198641583,20.5,21.5
1510.0,20.774290578140842,21.0798283423078,6.936295280756216,21.0,0,-0.079828342307799,21.05213309894745,20.5,21.5
1511.0,20.771522979081364,21.077059460012748,6.936731538959397,21.0,0,-0.0770594600127481,21.04937063706224,20.5,21.5
1512.0,20.76875602079334,21.074291219335493,6.937166322257262,21.0,0,-0.07429121933549254,21.046608812562937,20.5,21.5
1513.0,20.765989702853634,21.07152361985286,6.9375996303187035,21.0,0,-0.07152361985286149,21.04384762502655,20.5,21.5
1514.0,20.763224024839126,21.068756661141702,6.938031462813739,21.0,0,-0.06875666114170187,21.041087074030106,20.5,21.5
1515.0,20.76045898632672,21.06599034277888,6.938461819413509,21.0,0,-0.06599034277887839,21.038327159150644,20.5,21.5
1516.0,20.75769458689334,21.063224664341273,6.938890699790278,21.0,0,-0.0632246643412735,21.035567879965225,20.5,21.5
1517.0,20.75493082611592,21.06045962540579,6.939318103617435,21.0,0,-0.06045962540579097,21.032809236050966,20.5,21.5
1518.0,20.75216770357142,21.057695225549345,6.939744030569494,21.0,0,-0.05769522554934525,21.030051226984888,20.5,21.5
1519.0,20.74940521883682,21.054931464348883,6.940168480322091,21.0,0,-0.05493146434888274,21.027293852344258,20.5,21.5
1520.0,20.746643371489117,21.05216834138136,6.940591452551993,21.0,0,-0.052168341381360506,21.024537111706138,20.5,21.5
1521.0,20.74388216110533,21.049405856223757,6.941012946937085,21.0,0,-0.04940585622375693,21.02178100464772,20.5,21.5
1522.0,20.741121587262494,21.04664400845307,6.941432963156382,21.0,0,-0.046644008453071706,21.01902553074622,20.5,21.5
1523.0,20.738361649537673,21.043882797646326,6.941851500890023,21.0,0,-0.043882797646325855,21.016270689578867,20.5,21.5
1524.0,20.735602347507943,21.041122223380547,6.942268559819272,21.0,0,-0.041122223380547496,21.013516480722764,20.5,21.5
1525.0,20.732843680750406,21.038362285232807,6.942684139626523,21.0,0,-0.03836228523280738,21.010762903755406,20.5,21.5
1526.0,20.73008564884218,21.035602982780176,6.943098239995292,21.0,0,-0.03560298278017626,21.008009958253865,20.5,21.5
1527.0,20.72732825136041,21.03284431559976,6.943510860610225,21.0,0,-0.03284431559976042,21.005257643795602,20.5,21.5
1528.0,20.724571487882262,21.03008628326868,6.943922001157093,21.0,0,-0.030086283268680347,21.00250595995788,20.5,21.5
1529.0,20.721815357984916,21.027328885364074,6.944331661322793,21.0,0,-0.027328885364074296,20.999754906318014,20.5,21.5
1530.0,20.719059861245583,21.02457212146311,6.944739840795354,21.0,0,-0.024572121463108942,20.997004482453455,20.5,21.5
1531.0,20.716304997241494,21.021815991142972,6.945146539263926,21.0,0,-0.02181599114297228,20.994254687941606,20.5,21.5
1532.0,20.713550765549897,21.019060493980867,6.9455517564187925,21.0,0,-0.01906049398086651,20.99150552235981,20.5,21.5
1533.0,20.71079716574807,21.01630562955403,6.945955491951364,21.0,0,-0.016305629554029366,20.988756985285658,20.5,21.5
1534.0,20.708044197413308,21.013551397439706,6.9463577455541765,21.0,0,-0.013551397439705681,20.98600907629647,20.5,21.5
1535.0,20.705291860122937,21.01079779721518,6.946758516920897,21.0,0,-0.010797797215179372,20.983261794969916,20.5,21.5
1536.0,20.702540153454297,21.00804482845774,6.94715780574632,21.0,0,-0.00804482845774146,20.980515140883362,20.5,21.5
1537.0,20.699789076984757,21.005292490744715,6.947555611726371,21.0,0,-0.005292490744714939,20.97776911361445,20.5,21.5
1538.0,20.697038630291704,21.002540783653437,6.947951934558104,21.0,0,-0.0025407836534370176,20.975023712740658,20.5,21.5
1539.0,20.694288812952557,20.999789706761288,6.948346773939699,21.0,0,0.00021029323871246675,20.972278937839793,20.5,21.5
1540.0,20.691539624544756,20.997039259645653,6.948740129570471,21.0,0,0.0029607403543465693,20.969534788489312,20.5,21.5
1541.0,20.688791064645763,20.994289441883943,6.949132001150861,21.0,0,0.0057105581160570296,20.96679126426684,20.5,21.5
1542.0,20.686043132833063,20.991540253053607,6.9495223883824435,21.0,0,0.008459746946392954,20.964048364750248,20.5,21.5
1543.0,20.683295828684173,20.9887916927321,6.94991129096792,21.0,0,0.011208307267899897,20.96130608951703,20.5,21.5
1544.0,20.68054915177663,20.986043760496912,6.950298708611126,21.0,0,0.013956239503087886,20.958564438145032,20.5,21.5
1545.0,20.677803101688,20.98329645592556,6.950684641017025,21.0,0,0.016703544074438526,20.955823410212055,20.5,21.5
1546.0,20.675057677995866,20.98054977859558,6.951069087891713,21.0,0,0.01945022140441921,20.953083005295774,20.5,21.5
1547.0,20.672312880277847,20.977803728084535,6.951452048942417,21.0,0,0.02219627191546536,20.950343222974073,20.5,21.5
1548.0,20.66956870811158,20.975058303970016,6.951833523877495,21.0,0,0.024941696029983973,20.94760406282483,20.5,21.5
1549.0,20.666825161074733,20.97231350582964,6.952213512406438,21.0,0,0.02768649417036073,20.94486552442587,20.5,21.5
1550.0,20.664082238745,20.96956933324104,6.952592014239867,21.0,0,0.03043066675896,20.942127607355047,20.5,21.5
1551.0,20.6613399407001,20.966825785781886,6.952969029089537,21.0,0,0.03317421421811417,20.939390311190344,20.5,21.5
1552.0,20.658598266517778,20.964082863029876,6.953344556668336,21.0,0,0.035917136970123664,20.93665363550978,20.5,21.5
1553.0,20.655857215775807,20.96134056456272,6.9537185966902815,21.0,0,0.03865943543727823,20.933917579891176,20.5,21.5
1554.0,20.65311678805199,20.95859888995817,6.954091148870527,21.0,0,0.04140111004182856,20.931182143912668,20.5,21.5
1555.0,20.650376982924154,20.955857838794003,6.954462212925358,21.0,0,0.0441421612059969,20.92844732715232,20.5,21.5
1556.0,20.647637799970155,20.953117410648012,6.954831788572192,21.0,0,0.04688258935198775,20.925713129188104,20.5,21.5
1557.0,20.644899238767877,20.950377605098033,6.955199875529582,21.0,0,0.049622394901966516,20.922979549598246,20.5,21.5
1558.0,20.64216129889523,20.947638421721916,6.955566473517212,21.0,0,0.05236157827808441,20.920246587960737,20.5,21.5
1559.0,20.639423979930154,20.94489986009755,6.9559315822559045,21.0,0,0.055100139902449996,20.917514243853894,20.5,21.5
1560.0,20.63668728145062,20.942161919802842,6.956295201467611,21.0,0,0.05783808019715764,20.914782516855766,20.5,21.5
1561.0,20.633951203034623,20.939424600415737,6.956657330875421,21.0,0,0.06057539958426261,20.912051406544688,20.5,21.5
1562.0,20.631215744260192,20.936687901514198,6.957017970203557,21.0,0,0.06331209848580244,20.9093209124988,20.5,21.5
1563.0,20.62848090470538,20.933951822676228,6.957377119177376,21.0,0,0.066048177323772,20.906591034296532,20.5,21.5
1564.0,20.625746683948275,20.931216363479855,6.95773477752337,21.0,0,0.06878363652014485,20.903861771516127,20.5,21.5
1565.0,20.62301308156699,20.92848152350313,6.958090944969168,21.0,0,0.07151847649686971,20.90113312373588,20.5,21.5
1566.0,20.620280097139673,20.925747302324137,6.9584456212435315,21.0,0,0.07425269767586329,20.8984050905342,20.5,21.5
1567.0,20.617547730244492,20.923013699521,6.95879880607636,21.0,0,0.07698630047899968,20.895677671489636,20.5,21.5
1568.0,20.61481598045966,20.920280714671854,6.959150499198688,21.0,0,0.07971928532814587,20.892950866180392,20.5,21.5
1569.0,20.61208484736341,20.917548347354884,6.959500700342685,21.0,0,0.08245165264511556,20.890224674185188,20.5,21.5
1570.0,20.609354330534003,20.914816597148285,6.959849409241659,21.0,0,0.08518340285171533,20.887499095082287,20.5,21.5
1571.0,20.606624429549743,20.912085463630298,6.9601966256300525,21.0,0,0.08791453636970203,20.88477412845043,20.5,21.5
1572.0,20.60389514398896,20.90935494637919,6.960542349243443,21.0,0,0.09064505362081121,20.882049773868097,20.5,21.5
1573.0,20.601166473430013,20.90662504497326,6.960886579818551,21.0,0,0.09337495502673931,20.87932603091398,20.5,21.5
1574.0,20.59843841745129,20.903895758990835,6.961229317093226,21.0,0,0.09610424100916504,20.876602899166578,20.5,21.5
1575.0,20.59571097563122,20.90116708801028,6.961570560806461,21.0,0,0.09883291198972088,20.87388037820472,20.5,21.5
1576.0,20.592984147548254,20.898439031609986,6.961910310698383,21.0,0,0.1015609683900145,20.87115846760705,20.5,21.5
1577.0,20.590257932780883,20.895711589368368,6.962248566510258,21.0,0,0.10428841063163219,20.86843716695219,20.5,21.5
1578.0,20.587532330907628,20.892984760863893,6.96258532798449,21.0,0,0.107015239136107,20.865716475819145,20.5,21.5
1579.0,20.584807341507044,20.890258545675046,6.96292059486462,21.0,0,0.10974145432495419,20.862996393786574,20.5,21.5
1580.0,20.582082964157717,20.887532943380343,6.9632543668953275,21.0,0,0.11246705661965706,20.860276920433314,20.5,21.5
1581.0,20.579359198438265,20.884807953558344,6.963586643822431,21.0,0,0.11519204644165626,20.85755805533835,20.5,21.5
1582.0,20.57663604392734,20.882083575787636,6.9639174253928875,21.0,0,0.11791642421236403,20.854839798080558,20.5,21.5
1583.0,20.573913500203634,20.879359809646836,6.964246711354791,21.0,0,0.1206401903531642,20.852122148238834,20.5,21.5
1584.0,20.571191566845865,20.8766366547146,6.964574501457378,21.0,0,0.1233633452854015,20.849405105392226,20.5,21.5
1585.0,20.568470243432788,20.873914110569615,6.964900795451019,21.0,0,0.12608588943038512,20.84668866911978,20.5,21.5
1586.0,20.565749529543194,20.8711921767906,6.96522559308723,21.0,0,0.12880782320939943,20.843972839000457,20.5,21.5
1587.0,20.563029424755904,20.868470852956314,6.965548894118663,21.0,0,0.13152914704368612,20.841257614613447,20.5,21.5
1588.0,20.560309928649776,20.86575013864554,6.965870698299108,21.0,0,0.1342498613544585,20.838542995537818,20.5,21.5
1589.0,20.557591040803707,20.86303003343711,6.9661910053835,21.0,0,0.13696996656289073,20.835828981352787,20.5,21.5
1590.0,20.554872760796624,20.86031053690988,6.966509815127909,21.0,0,0.13968946309012154,20.83311557163757,20.5,21.5
1591.0,20.55215508820749,20.85759164864274,6.966827127289549,21.0,0,0.14240835135726115,20.830402765971343,20.5,21.5
1592.0,20.549438022615305,20.85487336821462,6.967142941626772,21.0,0,0.14512663178538077,20.827690563933423,20.5,21.5
1593.0,20.546721563599107,20.85215569520448,6.967457257899071,21.0,0,0.14784430479551958,20.824978965103092,20.5,21.5
1594.0,20.544005710737967,20.849438629191333,6.967770075867083,21.0,0,0.15056137080866705,20.822267969059858,20.5,21.5
1595.0,20.54129046361099,20.84672216975421,6.9680813952925815,21.0,0,0.15327783024579134,20.819557575382966,20.5,21.5
1596.0,20.538575821797327,20.84400631647217,6.9683912159384835,21.0,0,0.1559936835278286,20.8168477836518,20.5,21.5
1597.0,20.535861784876154,20.841291068924342,6.968699537568848,21.0,0,0.1587089310756582,20.814138593446046,20.5,21.5
1598.0,20.533148352426693,20.838576426689862,6.969006359948873,21.0,0,0.16142357331013812,20.811430004345063,20.5,21.5
1599.0,20.530435524028196,20.835862389347902,6.969311682844902,21.0,0,0.16413761065209798,20.808722015928304,20.5,21.5
1600.0,20.52772329925996,20.833148956477697,6.969615506024416,21.0,0,0.1668510435223034,20.806014627775642,20.5,21.5
1601.0,20.525011677701315,20.830436127658494,6.969917829256042,21.0,0,0.16956387234150583,20.80330783946647,20.5,21.5
1602.0,20.522300658931627,20.827723902469586,6.970218652309548,21.0,0,0.17227609753041406,20.800601650580504,20.5,21.5
1603.0,20.519590242530303,20.825012280490306,6.970517974955843,21.0,0,0.17498771950969427,20.797896060697504,20.5,21.5
1604.0,20.51688042807679,20.822301261300026,6.97081579696698,21.0,0,0.17769873869997355,20.795191069397234,20.5,21.5
1605.0,20.514171215150565,20.81959084447815,6.971112118116156,21.0,0,0.18040915552185055,20.79248667625938,20.5,21.5
1606.0,20.511462603331157,20.81688102960412,6.971406938177707,21.0,0,0.18311897039588132,20.78978288086381,20.5,21.5
1607.0,20.508754592198127,20.81417181625742,6.971700256927117,21.0,0,0.18582818374257926,20.78707968279044,20.5,21.5
1608.0,20.506047181331073,20.811463204017578,6.97199207414101,21.0,0,0.18853679598242223,20.784377081619148,20.5,21.5
1609.0,20.503340370309637,20.808755192464147,6.972282389597154,21.0,0,0.1912448075358526,20.781675076929844,20.5,21.5
1610.0,20.500634158713495,20.806047781176733,6.972571203074462,21.0,0,0.19395221882326652,20.778973668302594,20.5,21.5
1611.0,20.497928546122367,20.803340969734972,6.972858514352991,21.0,0,0.19665903026502818,20.776272855317355,20.5,21.5
1612.0,20.495223532116015,20.800634757718548,6.973144323213939,21.0,0,0.19936524228145203,20.77357263755431,20.5,21.5
1613.0,20.492519116274234,20.797929144707183,6.973428629439651,21.0,0,0.202070855292817,20.770873014593533,20.5,21.5
1614.0,20.489815298176868,20.79522413028063,6.973711432813614,21.0,0,0.20477586971937,20.7681739860151,20.5,21.5
1615.0,20.487112077403797,20.792519714018688,6.973992733120464,21.0,0,0.20748028598131185,20.76547555139927,20.5,21.5
1616.0,20.48440945353494,20.789815895501203,6.974272530145976,21.0,0,0.2101841044987971,20.76277771032635,20.5,21.5
1617.0,20.481707426150262,20.787112674308055,6.974550823677073,21.0,0,0.2128873256919448,20.76008046237658,20.5,21.5
1618.0,20.479005994829766,20.784410050019158,6.974827613501823,21.0,0,0.21558994998084202,20.757383807130186,20.5,21.5
1619.0,20.4763051591535,20.781708022214485,6.975102899409437,21.0,0,0.21829197778551546,20.75468774416775,20.5,21.5
1620.0,20.473604918701554,20.779006590474033,6.9753766811902755,21.0,0,0.2209934095259669,20.75199227306952,20.5,21.5
1621.0,20.47090527305405,20.77630575437786,6.975648958635839,21.0,0,0.22369424562214135,20.749297393416114,20.5,21.5
1622.0,20.468206221791167,20.773605513506038,6.975919731538778,21.0,0,0.22639448649396243,20.746603104787827,20.5,21.5
1623.0,20.46550776449312,20.77090586743871,6.976188999692887,21.0,0,0.22909413256128985,20.743909406765436,20.5,21.5
1624.0,20.462809900740158,20.76820681575604,6.976456762893106,21.0,0,0.23179318424395845,20.741216298929356,20.5,21.5
1625.0,20.46011263011259,20.76550835803825,6.9767230209355215,21.0,0,0.23449164196174976,20.738523780860337,20.5,21.5
1626.0,20.457415952190754,20.76281049386559,6.976987773617367,21.0,0,0.2371895061344098,20.73583185213899,20.5,21.5
1627.0,20.45471986655504,20.760113222818365,6.977251020737022,21.0,0,0.23988677718163487,20.733140512346115,20.5,21.5
1628.0,20.452024372785875,20.757416544476918,6.977512762094012,21.0,0,0.24258345552308214,20.730449761062445,20.5,21.5
1629.0,20.449329470463738,20.754720458421634,6.977772997489009,21.0,0,0.24527954157836618,20.727759597868793,20.5,21.5
1630.0,20.446635159169144,20.752024964232945,6.978031726723834,21.0,0,0.24797503576705537,20.725070022346053,20.5,21.5
1631.0,20.443941438482653,20.749330061491325,6.978288949601452,21.0,0,0.25066993850867547,20.722381034075124,20.5,21.5
1632.0,20.44124830798488,20.74663574977729,6.978544665925977,21.0,0,0.2533642502227096,20.71969263263695,20.5,21.5
1633.0,20.438555767256467,20.74394202867141,6.97879887550267,21.0,0,0.2560579713285911,20.717004817612594,20.5,21.5
1634.0,20.43586381587812,20.741248897754286,6.9790515781379385,21.0,0,0.2587511022457143,20.714317588583054,20.5,21.5
1635.0,20.43317245343057,20.738556356606573,6.979302773639341,21.0,0,0.2614436433934273,20.711630945129443,20.5,21.5
1636.0,20.430481679494612,20.735864404808964,6.979552461815578,21.0,0,0.2641355951910356,20.70894488683288,20.5,21.5
1637.0,20.427791493651075,20.733173041942205,6.979800642476503,21.0,0,0.2668269580577949,20.706259413274612,20.5,21.5
1638.0,20.42510189548084,20.730482267587078,6.980047315433115,21.0,0,0.2695177324129219,20.70357452403581,20.5,21.5
1639.0,20.42241288456483,20.72779208132442,6.980292480497562,21.0,0,0.2722079186755799,20.70089021869784,20.5,21.5
1640.0,20.41972446048402,20.72510248273511,6.98053613748314,21.0,0,0.27489751726488976,20.698206496842012,20.5,21.5
1641.0,20.41703662281942,20.72241347140007,6.980778286204295,21.0,0,0.2775865285999295,20.695523358049673,20.5,21.5
1642.0,20.4143493711521,20.719725046900276,6.981018926476618,21.0,0,0.28027495309972394,20.69284080190233,20.5,21.5
1643.0,20.411662705063165,20.71703720881674,6.981258058116851,21.0,0,0.28296279118325884,20.690158827981392,20.5,21.5
1644.0,20.408976624133775,20.714349956730533,6.981495680942887,21.0,0,0.28565004326946664,20.687477435868455,20.5,21.5
1645.0,20.40629112794514,20.711663290222756,6.981731794773765,21.0,0,0.28833670977724424,20.68479662514498,20.5,21.5
1646.0,20.403606216078504,20.708977208874575,6.981966399429672,21.0,0,0.2910227911254246,20.68211639539277,20.5,21.5
1647.0,20.400921888115175,20.70629171226719,6.982199494731949,21.0,0,0.29370828773280877,20.67943674619335,20.5,21.5
1648.0,20.398238143636497,20.70360679998186,6.982431080503083,21.0,0,0.29639320001814085,20.67675767712854,20.5,21.5
1649.0,20.39555498222387,20.700922471599874,6.982661156566712,21.0,0,0.2990775284001259,20.674079187780023,20.5,21.5
1650.0,20.39287240345874,20.698238726702595,6.982889722747621,21.0,0,0.3017612732974051,20.671401277729803,20.5,21.5
1651.0,20.390190406922596,20.695555564871416,6.983116778871748,21.0,0,0.304444435128584,20.668723946559627,20.5,21.5
1652.0,20.387508992196985,20.692872985687778,6.9833423247661806,21.0,0,0.307127014312222,20.666047193851398,20.5,21.5
1653.0,20.3848281588635,20.690190988733175,6.983566360259156,21.0,0,0.30980901126682525,20.663371019187142,20.5,21.5
1654.0,20.38214790650378,20.687509573589157,6.98378888518006,21.0,0,0.312490426410843,20.66069542214898,20.5,21.5
1655.0,20.379468234699512,20.68482873983731,6.98400989935943,21.0,0,0.31517126016268904,20.65802040231885,20.5,21.5
1656.0,20.376789143032443,20.682148487059283,6.984229402628955,21.0,0,0.3178515129407167,20.655345959279007,20.5,21.5
1657.0,20.374110631084363,20.67946881483676,6.9844473948214745,21.0,0,0.3205311851632402,20.652672092611525,20.5,21.5
1658.0,20.37143269843711,20.676789722751483,6.984663875770977,21.0,0,0.32321027724851703,20.649998801898715,20.5,21.5
1659.0,20.36875534467258,20.67411121038524,6.984878845312603,21.0,0,0.3258887896147584,20.647326086722828,20.5,21.5
1660.0,20.366078569372707,20.671433277319878,6.985092303282644,21.0,0,0.3285667226801223,20.64465394666624,20.5,21.5
1661.0,20.363402372119488,20.668755923137287,6.985304249518542,21.0,0,0.3312440768627134,20.641982381311376,20.5,21.5
1662.0,20.36072675249497,20.666079147419406,6.9855146838588915,21.0,0,0.3339208525805937,20.639311390240604,20.5,21.5
1663.0,20.35805171008124,20.66340294974823,6.985723606143436,21.0,0,0.33659705025176834,20.636640973036485,20.5,21.5
1664.0,20.355377244460453,20.660727329705807,6.985931016213074,21.0,0,0.33927267029419284,20.633971129281562,20.5,21.5
1665.0,20.352703355214803,20.658052286874227,6.986136913909853,21.0,0,0.3419477131257729,20.631301858558427,20.5,21.5
1666.0,20.35003004192654,20.655377820835636,6.986341299076972,21.0,0,0.34462217916436444,20.62863316044972,20.5,21.5
1667.0,20.347357304177972,20.652703931172237,6.986544171558784,21.0,0,0.3472960688277631,20.62596503453825,20.5,21.5
1668.0,20.344685141551448,20.650030617466278,6.986745531200793,21.0,0,0.3499693825337218,20.62329748040669,20.5,21.5
1669.0,20.34201355362938,20.647357879300067,6.986945377849654,21.0,0,0.35264212069993306,20.620630497637954,20.5,21.5
1670.0,20.339342539994224,20.644685716255946,6.987143711353175,21.0,0,0.35531428374405394,20.617964085814737,20.5,21.5
1671.0,20.336672100228494,20.642014127916337,6.987340531560317,21.0,0,0.3579858720836633,20.615298244520243,20.5,21.5
1672.0,20.33400223391476,20.639343113863696,6.987535838321193,21.0,0,0.3606568861363044,20.612632973337284,20.5,21.5
1673.0,20.33133294063564,20.636672673680533,6.987729631487067,21.0,0,0.3633273263194674,20.609968271848903,20.5,21.5
1674.0,20.32866421997381,20.634002806949418,6.98792191091036,21.0,0,0.36599719305058187,20.607304139638273,20.5,21.5
1675.0,20.325996071511998,20.631333513252976,6.988112676444639,21.0,0,0.3686664867470242,20.604640576288553,20.5,21.5
1676.0,20.323328494832985,20.628664792173872,6.988301927944631,21.0,0,0.37133520782612806,20.601977581382833,20.5,21.5
1677.0,20.32066148951961,20.625996643294844,6.9884896652662105,21.0,0,0.37400335670515616,20.599315154504563,20.5,21.5
1678.0,20.317995055154757,20.623329066198664,6.9886758882664095,21.0,0,0.37667093380133565,20.59665329523687,20.5,21.5
1679.0,20.31532919132138,20.620662060468177,6.988860596803409,21.0,0,0.3793379395318226,20.593992003163308,20.5,21.5
1680.0,20.312663897602476,20.617995625686273,6.989043790736547,21.0,0,0.3820043743137269,20.59133127786723,20.5,21.5
1681.0,20.309999173581105,20.615329761435895,6.989225469926312,21.0,0,0.3846702385641052,20.588671118932112,20.5,21.5
1682.0,20.307335018840373,20.61266446730005,6.989405634234348,21.0,0,0.38733553269995014,20.5860115259416,20.5,21.5
1683.0,20.304671432963453,20.60999974286179,6.9895842835234525,21.0,0,0.39000025713821174,20.583352498479172,20.5,21.5
1684.0,20.302008415533564,20.607335587704224,6.989761417657577,21.0,0,0.3926644122957761,20.58069403612858,20.5,21.5
1685.0,20.299345966133988,20.604672001410528,6.989937036501823,21.0,0,0.39532799858947243,20.578036138473564,20.5,21.5
1686.0,20.296684084348062,20.60200898356392,6.990111139922453,21.0,0,0.39799101643608026,20.57537880509784,20.5,21.5
1687.0,20.294022769759177,20.59934653374768,6.990283727786877,21.0,0,0.4006534662523187,20.572722035585297,20.5,21.5
1688.0,20.291362021950782,20.596684651545146,6.990454799963662,21.0,0,0.4033153484548535,20.5700658295198,20.5,21.5
1689.0,20.288701840506384,20.594023336539713,6.990624356322531,21.0,0,0.4059766634602866,20.567410186485382,20.5,21.5
1690.0,20.28604222500955,20.591362588314826,6.990792396734357,21.0,0,0.40863741168517365,20.564755106065956,20.5,21.5
1691.0,20.283383175043895,20.58870240645399,6.990958921071172,21.0,0,0.4112975935460099,20.562100587845627,20.5,21.5
1692.0,20.2807246901931,20.586042790540777,6.99112392920616,21.0,0,0.4139572094592232,20.559446631408644,20.5,21.5
1693.0,20.2780667700409,20.5833837401588,6.991287421013659,21.0,0,0.41661625984119866,20.556793236339047,20.5,21.5
1694.0,20.275409414171097,20.58072525489174,6.991449396369164,21.0,0,0.419274745108261,20.554140402221115,20.5,21.5
1695.0,20.272752622167538,20.57806733432334,6.991609855149323,21.0,0,0.42193266567666043,20.551488128639345,20.5,21.5
1696.0,20.270096393614136,20.57540997803739,6.9917687972319404,21.0,0,0.42459002196261153,20.548836415177878,20.5,21.5
1697.0,20.267440728094858,20.57275318561774,6.991926222495975,21.0,0,0.4272468143822614,20.54618526142124,20.5,21.5
1698.0,20.26478562519374,20.570096956648307,6.992082130821539,21.0,0,0.42990304335169327,20.543534666953988,20.5,21.5
1699.0,20.262131084494865,20.56744129071306,6.992236522089903,21.0,0,0.4325587092869405,20.540884631360587,20.5,21.5
1700.0,20.259477105582384,20.56478618739603,6.992389396183491,21.0,0,0.4352138126039691,20.538235154225745,20.5,21.5
1701.0,20.256823688040505,20.562131646281305,6.9925407529858825,21.0,0,0.43786835371869515,20.535586235134044,20.5,21.5
1702.0,20.254170831453493,20.55947766695303,6.992690592381813,21.0,0,0.44052233304697097,20.53293787367027,20.5,21.5
1703.0,20.25151853540568,20.55682424899542,6.992838914257173,21.0,0,0.4431757510045813,20.530290069419316,20.5,21.5
1704.0,20.24886679948145,20.554171391992735,6.992985718499009,21.0,0,0.44582860800726465,20.5276428219659,20.5,21.5
1705.0,20.246215623265254,20.551519095529308,6.993131004995523,21.0,0,0.4484809044706921,20.524996130895033,20.5,21.5
1706.0,20.2435650063416,20.54886735918953,6.993274773636073,21.0,0,0.4511326408104708,20.522349995791743,20.5,21.5
1707.0,20.24091494829506,20.546216182557846,6.9934170243111735,21.0,0,0.45378381744215446,20.51970441624101,20.5,21.5
1708.0,20.238265448710262,20.543565565218763,6.9935577569124945,21.0,0,0.4564344347812366,20.517059391827942,20.5,21.5
1709.0,20.2356165071719,20.540915506756853,6.993696971332861,21.0,0,0.4590844932431466,20.514414922137753,20.5,21.5
1710.0,20.232968123264733,20.53826600675675,6.993834667466256,21.0,0,0.46173399324325004,20.511771006755716,20.5,21.5
1711.0,20.230320296573574,20.53561706480314,6.9939708452078175,21.0,0,0.46438293519685914,20.50912764526705,20.5,21.5
1712.0,20.227673026683302,20.532968680480792,6.994105504453841,21.0,0,0.46703131951920795,20.506484837257304,20.5,21.5
1713.0,20.225026313178855,20.530320853374512,6.994238645101776,21.0,0,0.46967914662548793,20.503842582311712,20.5,21.5
1714.0,20.22238015564524,20.52767358306918,6.994370267050232,21.0,0,0.47232641693081945,20.501200880015865,20.5,21.5
1715.0,20.21973455366752,20.525026869149734,6.994500370198971,21.0,1,0.47497313085026605,20.498559729955268,20.5,21.5
1716.0,20.237089506830827,20.526380711201185,6.994628954448916,21.0,1,0.4736192887988153,20.539919131715692,20.5,21.5
1717.0,20.25444101472035,20.531734308808595,6.994756019702144,21.0,1,0.46826569119140515,20.585270284882697,20.5,21.5
1718.0,20.271789077721344,20.541086861717094,6.994881565861888,21.0,1,0.4589131382829059,20.634612390802086,20.5,21.5
1719.0,20.289133696218972,20.55443756983184,6.99500559283254,21.0,1,0.44556243016815955,20.687944650979304,20.5,21.5
1720.0,20.306474870598294,20.571785633217992,6.995128100519649,21.0,1,0.42821436678200797,20.745266267079508,20.5,21.5
1721.0,20.323812601244278,20.589130252100684,6.995249088829918,21.0,1,0.41086974789931574,20.762576440927607,20.5,21.5
1722.0,20.341146888541793,20.606471426864974,6.995368557671211,21.0,1,0.39352857313502554,20.779883174507876,20.5,21.5
1723.0,20.35847773287562,20.623809157895828,6.995486506952545,21.0,1,0.3761908421041724,20.79718646820436,20.5,21.5
1724.0,20.375805134630436,20.64114344557812,6.9956029365841,21.0,1,0.35885655442188025,20.81448632240104,20.5,21.5
1725.0,20.393129094190826,20.658474290296628,6.995717846477207,21.0,1,0.34152570970337237,20.831782737481706,20.5,21.5
1726.0,20.41044961194128,20.67580169243603,6.995831236544358,21.0,1,0.3241983075639716,20.849075713830036,20.5,21.5
1727.0,20.427766688266203,20.693125652380907,6.995943106699201,21.0,1,0.30687434761909316,20.86636525182969,20.5,21.5
1728.0,20.445080323549888,20.71044617051576,6.996053456856544,21.0,1,0.289553829484241,20.88365135186428,20.5,21.5
1729.0,20.462390518176548,20.72776324722498,6.996162286932347,21.0,1,0.2722367527750187,20.900934014317205,20.5,21.5
1730.0,20.4796972725303,20.745076882892878,6.996269596843733,21.0,1,0.254923117107122,20.918213239571845,20.5,21.5
1731.0,20.49700058699516,20.762387077903654,6.996375386508983,21.0,1,0.23761292209634632,20.93548902801141,20.5,21.5
1732.0,20.514300461955063,20.779693832641424,6.996479655847531,21.0,1,0.22030616735857578,20.95276138001913,20.5,21.5
1733.0,20.531596897793843,20.796997147490217,6.996582404779971,21.0,1,0.20300285250978334,20.97003029597814,20.5,21.5
1734.0,20.54888989489524,20.814297022833955,6.996683633228057,21.0,1,0.185702977166045,20.98729577627134,20.5,21.5
1735.0,20.566179453642906,20.831593459056474,6.996783341114698,21.0,1,0.16840654094352558,21.00455782128167,20.5,21.5
1736.0,20.5834655744204,20.84888645654152,6.9968815283639625,21.0,1,0.15111354345847872,21.02181643139199,20.5,21.5
1737.0,20.60074825761119,20.866176015672742,6.996978194901076,21.0,1,0.1338239843272575,21.039071606984955,20.5,21.5
1738.0,20.618027503598647,20.883462136833707,6.997073340652424,21.0,1,0.11653786316629322,21.05632334844335,20.5,21.5
1739.0,20.63530331276606,20.900744820407873,6.9971669655455475,21.0,1,0.09925517959212726,21.073571656149532,20.5,21.5
1740.0,20.652575685496615,20.91802406677861,6.9972590695091474,21.0,1,0.08197593322138985,21.090816530485984,20.5,21.5
1741.0,20.669844622173418,20.935299876329214,6.997349652473083,21.0,1,0.06470012367078581,21.108057971835255,20.5,21.5
1742.0,20.68711012317948,20.95257224944287,6.997438714368372,21.0,1,0.04742775055713011,21.125295980579427,20.5,21.5
1743.0,20.704372188897718,20.969841186502684,6.997526255127189,21.0,1,0.03015881349731586,21.142530557100827,20.5,21.5
1744.0,20.721630819710963,20.98710668789166,6.997612274682868,21.0,1,0.012893312108339217,21.159761701781427,20.5,21.5
1745.0,20.738886016001956,21.00436875399273,6.997696772969901,21.0,1,-0.004368753992729069,21.176989415003412,20.5,21.5
1746.0,20.75613777815335,21.02162738518872,6.99777974992394,21.0,1,-0.021627385188718762,21.194213697148616,20.5,21.5
1747.0,20.773386106547704,21.038882581862364,6.997861205481794,21.0,1,-0.03888258186236371,21.211434548598813,20.5,21.5
1748.0,20.79063100156749,21.05613434439632,6.997941139581429,21.0,1,-0.05613434439631959,21.22865196973588,20.5,21.5
1749.0,20.807872463595093,21.073382673173143,6.998019552161975,21.0,1,-0.07338267317314262,21.245865960941373,20.5,21.5
1750.0,20.825110493012804,21.090627568575314,6.998096443163716,21.0,1,-0.0906275685753144,21.263076522597032,20.5,21.5
1751.0,20.842345090202834,21.10786903098521,6.998171812528096,21.0,1,-0.10786903098520995,21.280283655084165,20.5,21.5
1752.0,20.8595762555473,21.125107060785133,6.998245660197717,21.0,1,-0.12510706078513323,21.297487358784366,20.5,21.5
1753.0,20.87680398942823,21.14234165835728,6.9983179861163425,21.0,1,-0.14234165835728163,21.314687634078766,20.5,21.5
1754.0,20.894028292227567,21.159572824083778,6.998388790228892,21.0,1,-0.15957282408377793,21.33188448134874,20.5,21.5
1755.0,20.911249164327167,21.17680055834665,6.998458072481446,21.0,1,-0.17680055834664898,21.34907790097536,20.5,21.5
1756.0,20.9284666061088,21.194024861527843,6.998525832821242,21.0,1,-0.19402486152784348,21.36626789333979,20.5,21.5
1757.0,20.945680617954142,21.211245734009207,6.998592071196679,21.0,1,-0.2112457340092071,21.383454458822843,20.5,21.5
1758.0,20.96289120024479,21.22846317617252,6.998656787557312,21.0,1,-0.22846317617252154,21.400637597805666,20.5,21.5
1759.0,20.98009835336225,21.24567718839946,6.998719981853858,21.0,1,-0.2456771883994584,21.417817310668827,20.5,21.5
1760.0,20.997302077687948,21.26288777107161,6.998781654038192,21.0,1,-0.2628877710716111,21.434993597793138,20.5,21.5
1761.0,21.014502373603218,21.2800949245705,6.998841804063346,21.0,1,-0.28009492457049845,21.452166459559372,20.5,21.5
1762.0,21.03169924148931,21.29729864927753,6.998900431883515,21.0,1,-0.29729864927752914,21.469335896347836,20.5,21.5
1763.0,21.048892681727388,21.31449894557405,6.99895753745405,21.0,1,-0.31449894557405145,21.486501908539275,20.5,21.5
1764.0,21.066082694698533,21.331695813841307,6.999013120731464,21.0,0,-0.3316958138413071,21.503664496513863,20.5,21.5
1765.0,21.06326928078374,21.344889254460465,6.999067181673426,21.0,0,-0.34488925446046537,21.476823660652048,20.5,21.5
1766.0,21.060456440363918,21.354080067812603,6.9991197202387685,21.0,0,-0.35408006781260326,21.445988201333982,20.5,21.5
1767.0,21.05764417301989,21.35926905411872,6.999170736387479,21.0,0,-0.35926905411871957,21.411158917179883,20.5,21.5
1768.0,21.054832478332564,21.360457013439753,6.9992202300807085,21.0,0,-0.36045701343975267,21.372336606650084,20.5,21.5
1769.0,21.052021355882914,21.35764474567663,6.999268201280764,21.0,0,-0.3576447456766303,21.329522068045407,20.5,21.5
1770.0,21.049210805251995,21.35483305057028,6.999314649951114,21.0,0,-0.35483305057028147,21.326716099506793,20.5,21.5
1771.0,21.046400826020935,21.352021927701685,6.999359576056387,21.0,0,-0.35202192770168494,21.32391069901572,20.5,21.5
1772.0,21.043591417770944,21.349211376651894,6.999402979562366,21.0,0,-0.34921137665189406,21.321105866153985,20.5,21.5
1773.0,21.040782580083302,21.346401397002044,6.999444860436001,21.0,0,-0.34640139700204386,21.318301600503542,20.5,21.5
1774.0,21.037974312539372,21.343591988333337,6.999485218645397,21.0,0,-0.34359198833333693,21.315497901646268,20.5,21.5
1775.0,21.035166614720595,21.340783150227054,6.999524054159818,21.0,0,-0.34078315022705397,21.312694769164224,20.5,21.5
1776.0,21.03235948620848,21.33797488226456,6.999561366949691,21.0,0,-0.33797488226456096,21.30989220263963,20.5,21.5
1777.0,21.02955292658463,21.335167184027302,6.999597156986599,21.0,0,-0.33516718402730206,21.307090201654713,20.5,21.5
1778.0,21.026746935430708,21.332360055096785,6.999631424243288,21.0,0,-0.33236005509678535,21.30428876579162,20.5,21.5
1779.0,21.02394151232847,21.329553495054604,6.999664168693662,21.0,0,-0.3295534950546042,21.301487894632793,20.5,21.5
1780.0,21.021136656859742,21.326747503482434,6.999695390312782,21.0,0,-0.32674750348243364,21.29868758776073,20.5,21.5
1781.0,21.018332368606433,21.323942079962023,6.9997250890768745,21.0,0,-0.3239420799620234,21.29588784475792,20.5,21.5
1782.0,21.01552864715053,21.321137224075205,6.999753264963321,21.0,0,-0.32113722407520484,21.29308866520702,20.5,21.5
1783.0,21.01272549207409,21.31833293540388,6.999779917950665,21.0,0,-0.3183329354038804,21.290290048690636,20.5,21.5
1784.0,21.009922902959264,21.315529213530038,6.999805048018608,21.0,0,-0.3155292135300378,21.287491994791612,20.5,21.5
1785.0,21.007120879388275,21.312726058035746,6.999828655148014,21.0,0,-0.3127260580357465,21.284694503092833,20.5,21.5
1786.0,21.00431942094343,21.309923468503147,6.9998507393209035,21.0,0,-0.3099234685031469,21.28189757317715,20.5,21.5
1787.0,21.001518527207104,21.30712144451446,6.99987130052046,21.0,0,-0.3071214445144612,21.279101204627604,20.5,21.5
1788.0,20.998718197761768,21.304319985651997,6.999890338731024,21.0,0,-0.3043199856519969,21.276305397027354,20.5,21.5
1789.0,20.995918432189963,21.301519091498136,6.9999078539380974,21.0,0,-0.30151909149813605,21.273510149959527,20.5,21.5
1790.0,20.993119230074313,21.298718761635342,6.999923846128342,21.0,0,-0.2987187616353424,21.270715463007406,20.5,21.5
1791.0,20.990320590997523,21.29591899564616,6.9999383152895795,21.0,0,-0.2959189956461614,21.26792133575435,20.5,21.5
1792.0,20.98752251454238,21.293119793113217,6.999951261410789,21.0,0,-0.2931197931132168,21.26512776778377,20.5,21.5
1793.0,20.984725000291753,21.290321153619214,6.999962684482114,21.0,0,-0.29032115361921385,21.262334758679184,20.5,21.5
1794.0,20.981928047828593,21.28752307674694,6.999972584494854,21.0,0,-0.28752307674693967,21.259542308024198,20.5,21.5
1795.0,20.979131656735927,21.284725562079263,6.999980961441469,21.0,0,-0.28472556207926303,21.256750415402497,20.5,21.5
1796.0,20.976335826596866,21.28192860919913,6.999987815315581,21.0,0,-0.2819286091991309,21.25395908039781,20.5,21.5
1797.0,20.97354055699461,21.279132217689572,6.9999931461119695,21.0,0,-0.27913221768957186,21.25116830259398,20.5,21.5
1798.0,20.970745847512433,21.276336387133707,6.999996953826575,21.0,0,-0.276336387133707,21.24837808157506,20.5,21.5
1799.0,20.967951697733696,21.27354111711473,6.999999238456499,21.0,0,-0.2735411171147284,21.245588416924942,20.5,21.5
1800.0,20.96515810724184,21.270746407215913,7.0,21.0,0,-0.27074640721591337,21.242799308227763,20.5,21.5
1801.0,20.962365075620394,21.267952257020617,6.999999238456499,21.0,0,-0.2679522570206174,21.240010755067658,20.5,21.5
1802.0,20.959572602452962,21.265158666112292,6.999996953826575,21.0,0,-0.265158666112292,21.237222757029038,20.5,21.5
1803.0,20.956780687323235,21.262365634074452,6.9999931461119695,21.0,0,-0.26236563407445246,21.234435313696057,20.5,21.5
1804.0,20.95398932981499,21.25957316049071,6.999987815315581,21.0,0,-0.2595731604907101,21.231648424653287,20.5,21.5
1805.0,20.95119852951209,21.25678124494476,6.999980961441469,21.0,0,-0.2567812449447615,21.228862089485276,20.5,21.5
1806.0,20.948408285998475,21.253989887020378,6.999972584494854,21.0,0,-0.25398988702037784,21.22607630777654,20.5,21.5
1807.0,20.945618598858175,21.25119908630142,6.999962684482114,21.0,0,-0.25119908630141907,21.22329107911183,20.5,21.5
1808.0,20.9428294676753,21.248408842371834,6.999951261410789,21.0,0,-0.24840884237183403,21.220506403075984,20.5,21.5
1809.0,20.940040892034045,21.245619154815643,6.9999383152895795,21.0,0,-0.24561915481564256,21.217722279253728,20.5,21.5
1810.0,20.937252871518695,21.24283002321696,6.999923846128342,21.0,0,-0.24283002321696046,21.21493870723014,20.5,21.5
1811.0,20.934465405713617,21.24004144715999,6.9999078539380974,21.0,0,-0.24004144715998876,21.212155686590272,20.5,21.5
1812.0,20.93167849420326,21.23725342622901,6.999890338731024,21.0,0,-0.23725342622901024,21.209373216919225,20.5,21.5
1813.0,20.928892136572166,21.234465960008386,6.999871300520461,21.0,0,-0.23446596000838582,21.20659129780214,20.5,21.5
1814.0,20.926106332404956,21.231679048082565,6.9998507393209035,21.0,0,-0.23167904808256523,21.20380992882436,20.5,21.5
1815.0,20.92332108128634,21.228892690036098,6.999828655148014,21.0,0,-0.2288926900360977,21.201029109571422,20.5,21.5
1816.0,20.92053638280111,21.226106885453596,6.999805048018608,21.0,0,-0.22610688545359636,21.198248839628583,20.5,21.5
1817.0,20.917752236534152,21.223321633919774,6.999779917950665,21.0,0,-0.2233216339197739,21.19546911858155,20.5,21.5
1818.0,20.914968642070434,21.220536935019425,6.999753264963321,21.0,0,-0.22053693501942462,21.192689946015932,20.5,21.5
1819.0,20.912185598995013,21.217752788337435,6.9997250890768745,21.0,0,-0.21775278833743528,21.189911321517542,20.5,21.5
1820.0,20.90940310689303,21.214969193458774,6.999695390312782,21.0,0,-0.2149691934587743,21.187133244672165,20.5,21.5
1821.0,20.906621165349716,21.212186149968495,6.999664168693662,21.0,0,-0.21218614996849539,21.184355715065706,20.5,21.5
1822.0,20.903839773950384,21.20940365745174,6.999631424243288,21.0,0,-0.20940365745174105,21.181578732284198,20.5,21.5
1823.0,20.901058932280442,21.206621715493746,6.999597156986599,21.0,0,-0.2066217154937462,21.178802295913798,20.5,21.5
1824.0,20.898278639925383,21.20384032367982,6.999561366949691,21.0,0,-0.2038403236798203,21.17602640554056,20.5,21.5
1825.0,20.895498896470787,21.201059481595372,6.999524054159818,21.0,0,-0.20105948159537235,21.173251060750893,20.5,21.5
1826.0,20.892719701502326,21.198279188825893,6.999485218645397,21.0,0,-0.19827918882589302,21.1704762611311,20.5,21.5
1827.0,20.889941054605753,21.195499444956965,6.999444860436001,21.0,0,-0.19549944495696536,21.16770200626769,20.5,21.5
1828.0,20.887162955366918,21.192720249574258,6.999402979562366,21.0,0,-0.1927202495742577,21.16492829574718,20.5,21.5
1829.0,20.884385403371756,21.189941602263538,6.999359576056387,21.0,0,-0.18994160226353785,21.16215512915634,20.5,21.5
1830.0,20.881608398206293,21.187163502610638,6.999314649951114,21.0,0,-0.18716350261063752,21.159382506081634,20.5,21.5
1831.0,20.878831939456642,21.184385950201502,6.999268201280764,21.0,0,-0.18438595020150217,21.15661042611015,20.5,21.5
1832.0,20.87605602670901,21.181608944622152,6.9992202300807085,21.0,0,-0.18160894462215182,21.15383888882865,20.5,21.5
1833.0,20.873280659549682,21.178832485458706,6.999170736387479,21.0,0,-0.178832485458706,21.151067893824248,20.5,21.5
1834.0,20.870505837565048,21.176056572297362,6.9991197202387685,21.0,0,-0.17605657229736238,21.148297440683926,20.5,21.5
1835.0,20.867731560341582,21.17328120472442,6.999067181673426,21.0,0,-0.17328120472442166,21.145527528995014,20.5,21.5
1836.0,20.864957827465847,21.17050638232626,6.999013120731464,21.0,0,-0.17050638232625914,21.142758158344634,20.5,21.5
1837.0,20.8621846385245,21.16773210468936,6.99895753745405,21.0,0,-0.16773210468936028,21.13998932832037,20.5,21.5
1838.0,20.859411993104285,21.16495837140028,6.998900431883515,21.0,0,-0.16495837140028158,21.137221038509495,20.5,21.5
1839.0,20.856639890792042,21.16218518204568,6.998841804063346,21.0,0,-0.162185182045679,21.134453288499653,20.5,21.5
1840.0,20.853868331174695,21.1594125362123,6.998781654038192,21.0,0,-0.1594125362123009,21.13168607787852,20.5,21.5
1841.0,20.85109731383927,21.156640433486984,6.998719981853858,21.0,0,-0.15664043348698442,21.12891940623382,20.5,21.5
1842.0,20.84832683837287,21.153868873456656,6.998656787557312,21.0,0,-0.15386887345665556,21.126153273153367,20.5,21.5
1843.0,20.845556904362706,21.15109785570834,6.998592071196679,21.0,0,-0.15109785570833978,21.123387678225182,20.5,21.5
1844.0,20.84278751139607,21.148327379829148,6.998525832821242,21.0,0,-0.1483273798291478,21.120622621037228,20.5,21.5
1845.0,20.840018659060355,21.14555744540628,6.998458072481446,21.0,0,-0.14555744540627913,21.117858101177593,20.5,21.5
1846.0,20.83725034694304,21.142788052027033,6.998388790228892,21.0,0,-0.14278805202703282,21.11509411823457,20.5,21.5
1847.0,20.834482574631696,21.1400191992788,6.9983179861163425,21.0,0,-0.14001919927880024,21.112330671796474,20.5,21.5
1848.0,20.831715341713995,21.137250886749058,6.998245660197717,21.0,0,-0.13725088674905805,21.109567761451636,20.5,21.5
1849.0,20.828948647777693,21.13448311402538,6.998171812528096,21.0,0,-0.13448311402537882,21.106805386788587,20.5,21.5
1850.0,20.826182492410645,21.131715880695438,6.998096443163716,21.0,0,-0.13171588069543816,21.10404354739603,20.5,21.5
1851.0,20.823416875200795,21.12894918634699,6.998019552161975,21.0,0,-0.12894918634698982,21.101282242862506,20.5,21.5
1852.0,20.820651795736186,21.126183030567887,6.99794113958143,21.0,0,-0.12618303056788704,21.09852147277686,20.5,21.5
1853.0,20.817887253604955,21.123417412946075,6.997861205481794,21.0,0,-0.12341741294607544,21.09576123672796,20.5,21.5
1854.0,20.81512324839533,21.120652333069607,6.99777974992394,21.0,0,-0.12065233306960721,21.093001534304925,20.5,21.5
1855.0,20.812359779695637,21.117887790526602,6.997696772969901,21.0,0,-0.11788779052660203,21.09024236509655,20.5,21.5
1856.0,20.80959684709429,21.1151237849053,6.997612274682869,21.0,0,-0.1151237849053004,21.087483728692284,20.5,21.5
1857.0,20.80683445017981,21.112360315794025,6.997526255127189,21.0,0,-0.1123603157940245,21.084725624681266,20.5,21.5
1858.0,20.804072588540798,21.109597382781192,6.997438714368372,21.0,0,-0.10959738278119247,21.081968052652872,20.5,21.5
1859.0,20.801311261765964,21.10683498545532,6.997349652473083,21.0,0,-0.10683498545531833,21.079211012196577,20.5,21.5
1860.0,20.798550469444105,21.104073123405012,6.9972590695091474,21.0,0,-0.10407312340501207,21.07645450290195,20.5,21.5
1861.0,20.795790211164118,21.101311796218976,6.9971669655455475,21.0,0,-0.10131179621897601,21.073698524358615,20.5,21.5
1862.0,20.793030486514994,21.098551003486012,6.997073340652424,21.0,0,-0.09855100348601198,21.07094307615637,20.5,21.5
1863.0,20.79027129508582,21.095790744795014,6.996978194901076,21.0,0,-0.09579074479501415,21.068188157885036,20.5,21.5
1864.0,20.78751263646578,21.093031019734973,6.9968815283639625,21.0,0,-0.09303101973497263,21.065433769134557,20.5,21.5
1865.0,20.78475451024416,21.090271827894984,6.996783341114698,21.0,0,-0.09027182789498411,21.0626799094951,20.5,21.5
1866.0,20.781996916010332,21.087513168864227,6.996683633228057,21.0,0,-0.087513168864227,21.059926578556656,20.5,21.5
1867.0,20.779239853353776,21.084755042231986,6.996582404779971,21.0,0,-0.08475504223198627,21.05717377590958,20.5,21.5
1868.0,20.77648332186406,21.081997447587632,6.996479655847531,21.0,0,-0.08199744758763217,21.05442150114409,20.5,21.5
1869.0,20.773727321130856,21.07924038452065,6.9963753865089835,21.0,0,-0.07924038452064863,21.051669753850813,20.5,21.5
1870.0,20.770971850743933,21.0764838526206,6.996269596843734,21.0,0,-0.07648385262060131,21.048918533620128,20.5,21.5
1871.0,20.76821691029315,21.073727851477166,6.996162286932347,21.0,0,-0.07372785147716598,21.046167840042813,20.5,21.5
1872.0,20.76546249936848,21.07097238068011,6.996053456856544,21.0,0,-0.0709723806801108,21.04341767270956,20.5,21.5
1873.0,20.762708617559976,21.068217439819293,6.995943106699201,21.0,0,-0.06821743981929274,21.040668031211112,20.5,21.5
1874.0,20.759955264457805,21.06546302848468,6.995831236544358,21.0,0,-0.06546302848467889,21.03791891513854,20.5,21.5
1875.0,20.75720243965222,21.06270914626634,6.995717846477207,21.0,0,-0.06270914626633939,21.035170324082944,20.5,21.5
1876.0,20.754450142733585,21.059955792754426,6.9956029365841,21.0,0,-0.059955792754426085,21.032422257635293,20.5,21.5
1877.0,20.751698373292356,21.0572029675392,6.995486506952545,21.0,0,-0.057202967539200955,21.02967471538695,20.5,21.5
1878.0,20.74894713091909,21.054450670211022,6.995368557671211,21.0,0,-0.0544506702110219,21.02692769692923,20.5,21.5
1879.0,20.746196415204437,21.05169890036035,6.995249088829918,21.0,0,-0.05169890036034985,21.02418120185363,20.5,21.5
1880.0,20.743446225739163,21.048947657577735,6.995128100519649,21.0,0,-0.04894765757773456,21.02143522975158,20.5,21.5
1881.0,20.74069656211412,21.046196941453843,6.99500559283254,21.0,0,-0.04619694145384301,21.018689780214928,20.5,21.5
1882.0,20.737947423920264,21.043446751579424,6.994881565861888,21.0,0,-0.0434467515794239,21.015944852835233,20.5,21.5
1883.0,20.735198810748653,21.040697087545336,6.994756019702144,21.0,0,-0.040697087545336075,21.013200447204458,20.5,21.5
1884.0,20.732450722190443,21.037947948942538,6.994628954448916,21.0,0,-0.037947948942537835,21.010456562914555,20.5,21.5
1885.0,20.729703157836894,21.035199335362087,6.994500370198971,21.0,0,-0.03519933536208697,21.00771319955758,20.5,21.5
1886.0,20.726956117279368,21.032451246395134,6.994370267050232,21.0,0,-0.03245124639513364,21.0049703567256,20.5,21.5
1887.0,20.724209600109322,21.029703681632945,6.994238645101776,21.0,0,-0.029703681632945234,21.00222803401106,20.5,21.5
1888.0,20.72146360591832,21.026956640666878,6.994105504453841,21.0,0,-0.026956640666877973,20.999486231006205,20.5,21.5
1889.0,20.718718134298026,21.024210123088395,6.9939708452078175,21.0,0,-0.024210123088394653,20.99674494730356,20.5,21.5
1890.0,20.71597318484021,21.021464128489058,6.993834667466256,21.0,0,-0.021464128489057543,20.994004182495686,20.5,21.5
1891.0,20.713228757136733,21.01871865646053,6.993696971332861,21.0,0,-0.018718656460528393,20.991263936175237,20.5,21.5
1892.0,20.710484850779572,21.015973706594583,6.9935577569124945,21.0,0,-0.015973706594582637,20.988524207935125,20.5,21.5
1893.0,20.707741465360797,21.013229278483077,6.9934170243111735,21.0,0,-0.013229278483077422,20.985784997368025,20.5,21.5
1894.0,20.70499860047259,21.01048537171799,6.993274773636073,21.0,0,-0.010485371717990688,20.983046304067123,20.5,21.5
1895.0,20.702256255707223,21.007741985891393,6.993131004995523,21.0,0,-0.007741985891392744,20.980308127625413,20.5,21.5
1896.0,20.69951443065708,21.004999120595464,6.992985718499009,21.0,0,-0.004999120595464035,20.977570467636177,20.5,21.5
1897.0,20.696773124914646,21.002256775422474,6.992838914257173,21.0,0,-0.0022567754224738223,20.97483332369257,20.5,21.5
1898.0,20.694032338072514,20.99951494996482,6.992690592381813,21.0,0,0.0004850500351807341,20.972096695388274,20.5,21.5
1899.0,20.691292069723374,20.996773643814976,6.9925407529858825,21.0,0,0.003226356185024315,20.96936058231654,20.5,21.5
1900.0,20.688552319460026,20.994032856565536,6.992389396183491,21.0,0,0.0059671434344643615,20.966624984071135,20.5,21.5
1901.0,20.68581308687537,20.99129258780919,6.992236522089903,21.0,0,0.008707412190808839,20.963889900245746,20.5,21.5
1902.0,20.683074371562412,20.988552837138748,6.992082130821539,21.0,0,0.011447162861252025,20.961155330434316,20.5,21.5
1903.0,20.680336173114263,20.985813604147097,6.991926222495975,21.0,0,0.014186395852902933,20.958421274230588,20.5,21.5
1904.0,20.67759849112414,20.98307488842725,6.9917687972319404,21.0,0,0.016925111572749785,20.95568773122878,20.5,21.5
1905.0,20.67486132518536,20.98033668957232,6.991609855149323,21.0,0,0.019663310427681324,20.952954701023003,20.5,21.5
1906.0,20.672124674891354,20.977599007175513,6.991449396369164,21.0,0,0.02240099282448682,20.950222183207458,20.5,21.5
1907.0,20.669388539835648,20.97486184083016,6.991287421013659,21.0,0,0.025138159169838303,20.947490177376647,20.5,21.5
1908.0,20.666652919611884,20.972125190129685,6.99112392920616,21.0,0,0.02787480987031543,20.944758683124913,20.5,21.5
1909.0,20.663917813813804,20.96938905466762,6.990958921071172,21.0,0,0.030610945332380624,20.942027700046967,20.5,21.5
1910.0,20.661183222035255,20.9666534340376,6.990792396734358,21.0,0,0.033346565962400376,20.939297227737402,20.5,21.5
1911.0,20.658449143870197,20.96391832783337,6.990624356322531,21.0,0,0.03608167216663105,20.936567265791062,20.5,21.5
1912.0,20.655715578912687,20.961183735648778,6.990454799963662,21.0,0,0.03881626435122243,20.933837813802864,20.5,21.5
1913.0,20.652982526756897,20.95844965707778,6.990283727786877,21.0,0,0.04155034292222126,20.93110887136779,20.5,21.5
1914.0,20.650249986997103,20.95571609171444,6.990111139922453,21.0,0,0.044283908285560614,20.928380438081046,20.5,21.5
1915.0,20.647517959227688,20.952983039152922,6.989937036501823,21.0,0,0.04701696084707763,20.925652513537752,20.5,21.5
1916.0,20.64478644304314,20.95025049898751,6.989761417657577,21.0,0,0.04974950101248865,20.9229250973334,20.5,21.5
1917.0,20.642055438038064,20.94751847081259,6.9895842835234525,21.0,0,0.05248152918741056,20.92019818906337,20.5,21.5
1918.0,20.63932494380716,20.944786954222643,6.989405634234348,21.0,0,0.055213045777357195,20.917471788323176,20.5,21.5
1919.0,20.636594959945246,20.94205594881227,6.989225469926312,21.0,0,0.05794405118772872,20.914745894708556,20.5,21.5
1920.0,20.63386548604724,20.939325454176178,6.989043790736547,21.0,0,0.06067454582382226,20.912020507815242,20.5,21.5
1921.0,20.63113652170818,20.936595469909186,6.988860596803409,21.0,0,0.06340453009081415,20.909295627239267,20.5,21.5
1922.0,20.628408066523196,20.933865995606215,6.9886758882664095,21.0,0,0.0661340043937848,20.90657125257651,20.5,21.5
1923.0,20.625680120087544,20.931137030862292,6.988489665266211,21.0,0,0.06886296913770806,20.90384738342306,20.5,21.5
1924.0,20.62295268199658,20.928408575272556,6.988301927944631,21.0,0,0.07159142472744406,20.901124019375196,20.5,21.5
1925.0,20.62022575184577,20.925680628432264,6.988112676444639,21.0,0,0.07431937156773571,20.898401160029348,20.5,21.5
1926.0,20.61749932923069,20.922953189936766,6.98792191091036,21.0,0,0.07704681006323355,20.895678804981788,20.5,21.5
1927.0,20.614773413747024,20.92022625938153,6.987729631487068,21.0,0,0.07977374061847087,20.892956953829156,20.5,21.5
1928.0,20.612048004990573,20.917499836362133,6.987535838321193,21.0,0,0.08250016363786727,20.89023560616817,20.5,21.5
1929.0,20.60932310255724,20.914773920474268,6.987340531560317,21.0,0,0.08522607952573225,20.887514761595618,20.5,21.5
1930.0,20.60659870604304,20.91204851131372,6.987143711353175,21.0,0,0.08795148868627933,20.88479441970825,20.5,21.5
1931.0,20.603874815044104,20.909323608476402,6.986945377849654,21.0,0,0.09067639152359774,20.882074580103218,20.5,21.5
1932.0,20.601151429156666,20.90659921155833,6.986745531200793,21.0,0,0.0934007884416701,20.879355242377606,20.5,21.5
1933.0,20.598428547977075,20.903875320155628,6.986544171558784,21.0,0,0.09612467984437245,20.876636406128604,20.5,21.5
1934.0,20.595706171101792,20.90115193386454,6.986341299076972,21.0,0,0.09884806613546004,20.873918070953664,20.5,21.5
1935.0,20.592984298127387,20.898429052281408,6.986136913909853,21.0,0,0.10157094771859221,20.871200236450086,20.5,21.5
1936.0,20.590262928650542,20.895706675002696,6.985931016213074,21.0,0,0.10429332499730393,20.86848290221558,20.5,21.5
1937.0,20.587542062268056,20.892984801624973,6.985723606143436,21.0,0,0.10701519837502715,20.86576606784774,20.5,21.5
1938.0,20.58482169857683,20.890263431744923,6.9855146838588915,21.0,0,0.1097365682550766,20.86304973294443,20.5,21.5
1939.0,20.582101837173887,20.887542564959343,6.985304249518542,21.0,0,0.11245743504065686,20.86033389710354,20.5,21.5
1940.0,20.579382477656356,20.884822200865138,6.985092303282644,21.0,0,0.11517779913486237,20.857618559923083,20.5,21.5
1941.0,20.57666361962148,20.882102339059326,6.984878845312603,21.0,0,0.11789766094067389,20.85490372100121,20.5,21.5
1942.0,20.57394526266662,20.87938297913904,6.984663875770977,21.0,0,0.12061702086095849,20.852189379936195,20.5,21.5
1943.0,20.57122740638924,20.876664120701523,6.9844473948214745,21.0,0,0.12333587929847667,20.84947553632634,20.5,21.5
1944.0,20.568510050386926,20.873945763344132,6.984229402628956,21.0,0,0.12605423665586812,20.846762189770217,20.5,21.5
1945.0,20.565793194257374,20.871227906664338,6.98400989935943,21.0,0,0.12877209333566242,20.844049339866395,20.5,21.5
1946.0,20.563076837598395,20.86851055025972,6.98378888518006,21.0,0,0.13148944974027899,20.841336986213555,20.5,21.5
1947.0,20.56036098000791,20.865793693727976,6.983566360259156,21.0,0,0.13420630627202357,20.83862512841053,20.5,21.5
1948.0,20.55764562108396,20.863077336666922,6.9833423247661806,21.0,0,0.13692266333307757,20.835913766056382,20.5,21.5
1949.0,20.554930760424696,20.860361478674474,6.983116778871748,21.0,0,0.13963852132552645,20.833202898749985,20.5,21.5
1950.0,20.552216397628385,20.857646119348676,6.982889722747621,21.0,0,0.14235388065132426,20.830492526090698,20.5,21.5
1951.0,20.54950253229341,20.854931258287678,6.982661156566712,21.0,0,0.14506874171232198,20.8277826476777,20.5,21.5
1952.0,20.546789164018264,20.852216895089747,6.982431080503083,21.0,0,0.14778310491025337,20.825073263110433,20.5,21.5
1953.0,20.544076292401563,20.84950302935327,6.982199494731949,21.0,0,0.1504969706467314,20.82236437198849,20.5,21.5
1954.0,20.54136391704203,20.846789660676738,6.981966399429672,21.0,0,0.15321033932326245,20.819655973911427,20.5,21.5
1955.0,20.538652037538508,20.84407678865876,6.981731794773765,21.0,0,0.1559232113412392,20.816948068478993,20.5,21.5
1956.0,20.535940653489956,20.84136441289807,6.981495680942887,21.0,0,0.15863558710193004,20.81424065529116,20.5,21.5
1957.0,20.533229764495445,20.838652532993507,6.981258058116851,21.0,0,0.16134746700649316,20.811533733947876,20.5,21.5
1958.0,20.53051937015417,20.83594114854403,6.981018926476618,21.0,0,0.16405885145596955,20.808827304049267,20.5,21.5
1959.0,20.527809470065435,20.83323025914871,6.980778286204295,21.0,0,0.16676974085129004,20.806121365195505,20.5,21.5
1960.0,20.525100063828663,20.83051986440674,6.98053613748314,21.0,0,0.16948013559326114,20.803415916987028,20.5,21.5
1961.0,20.522391151043394,20.827809963917424,6.980292480497562,21.0,0,0.17219003608257566,20.80071095902428,20.5,21.5
1962.0,20.519682731309285,20.825100557280194,6.980047315433115,21.0,0,0.17489944271980562,20.798006490907895,20.5,21.5
1963.0,20.51697480422611,20.82239164409458,6.979800642476503,21.0,0,0.17760835590542,20.795302512238436,20.5,21.5
1964.0,20.51426736939376,20.819683223960247,6.979552461815578,21.0,0,0.18031677603975282,20.79259902261692,20.5,21.5
1965.0,20.511560426412245,20.81697529647696,6.979302773639341,21.0,0,0.18302470352303857,20.789896021644104,20.5,21.5
1966.0,20.508853974881692,20.81426786124462,6.979051578137939,21.0,0,0.1857321387553803,20.787193508921202,20.5,21.5
1967.0,20.506148014402342,20.81156091786323,6.97879887550267,21.0,0,0.18843908213677096,20.784491484049322,20.5,21.5
1968.0,20.50344254457456,20.80885446593292,6.978544665925977,21.0,0,0.19114553406707913,20.78178994662984,20.5,21.5
1969.0,20.500737564998833,20.806148505053933,6.978288949601452,21.0,0,0.1938514949460668,20.779088896264057,20.5,21.5
1970.0,20.498033075275753,20.803443034826635,6.978031726723834,21.0,0,0.19655696517336452,20.77638833255366,20.5,21.5
1971.0,20.495329075006044,20.800738054851507,6.9777729974890095,21.0,0,0.19926194514849271,20.773688255100225,20.5,21.5
1972.0,20.49262556379054,20.798033564729145,6.977512762094012,21.0,0,0.20196643527085456,20.770988663505527,20.5,21.5
1973.0,20.4899225412302,20.795329564060275,6.977251020737022,21.0,0,0.20467043593972534,20.768289557371567,20.5,21.5
1974.0,20.4872200069261,20.79262605244573,6.976987773617367,21.0,0,0.2073739475542702,20.76559093630028,20.5,21.5
1975.0,20.48451796047944,20.789923029486467,6.9767230209355215,21.0,0,0.21007697051353347,20.762892799893834,20.5,21.5
1976.0,20.481816401491532,20.787220494783565,6.976456762893106,21.0,0,0.21277950521643518,20.760195147754548,20.5,21.5
1977.0,20.47911532956381,20.78451844793822,6.976188999692887,21.0,0,0.21548155206178166,20.757497979484754,20.5,21.5
1978.0,20.476414744297838,20.78181688855175,6.975919731538778,21.0,0,0.2181831114482513,20.754801294687052,20.5,21.5
1979.0,20.473714645295285,20.779115816225584,6.975648958635839,21.0,0,0.220884183774416,20.752105092963937,20.5,21.5
1980.0,20.471015032157954,20.776415230561287,6.9753766811902755,21.0,0,0.22358476943871253,20.749409373918322,20.5,21.5
1981.0,20.46831590448776,20.773715131160532,6.975102899409437,21.0,0,0.22628486883946763,20.74671413715298,20.5,21.5
1982.0,20.465617261886745,20.77101551762512,6.974827613501823,21.0,0,0.22898448237488012,20.744019382270995,20.5,21.5
1983.0,20.462919103957066,20.768316389556965,6.974550823677073,21.0,0,0.2316836104430351,20.741325108875415,20.5,21.5
1984.0,20.46022143030101,20.765617746558114,6.974272530145976,21.0,0,0.23438225344188623,20.738631316569602,20.5,21.5
1985.0,20.457524240520982,20.762919588230716,6.973992733120464,21.0,0,0.23708041176928418,20.735938004956736,20.5,21.5
1986.0,20.4548275342195,20.760221914177063,6.973711432813614,21.0,0,0.23977808582293747,20.73324517364053,20.5,21.5
1987.0,20.45213131099922,20.75752472399956,6.973428629439651,21.0,0,0.24247527600044094,20.730552822224524,20.5,21.5
1988.0,20.44943557046291,20.754828017300724,6.973144323213939,21.0,0,0.24517198269927576,20.727860950312376,20.5,21.5
1989.0,20.44674031221346,20.752131793683212,6.972858514352991,21.0,0,0.24786820631678808,20.72516955750809,20.5,21.5
1990.0,20.44404553585389,20.749436052749793,6.972571203074462,21.0,0,0.2505639472502068,20.722478643415606,20.5,21.5
1991.0,20.441351240987334,20.74674079410336,6.972282389597154,21.0,0,0.2532592058966401,20.719788207639027,20.5,21.5
1992.0,20.438657427217056,20.74404601734693,6.97199207414101,21.0,0,0.2559539826530717,20.717098249782612,20.5,21.5
1993.0,20.435964094146442,20.741351722083635,6.971700256927117,21.0,0,0.2586482779163646,20.714408769450706,20.5,21.5
1994.0,20.433271241379,20.738657907916743,6.971406938177707,21.0,0,0.2613420920832574,20.711719766247814,20.5,21.5
1995.0,20.43057886851836,20.73596457444964,6.971112118116156,21.0,0,0.26403542555036097,20.709031239778604,20.5,21.5
1996.0,20.42788697516828,20.733271721285824,6.97081579696698,21.0,0,0.2667282787141758,20.706343189647676,20.5,21.5
1997.0,20.42519556093264,20.730579348028943,6.970517974955843,21.0,0,0.2694206519710569,20.703655615460132,20.5,21.5
1998.0,20.422504625415446,20.727887454282744,6.970218652309548,21.0,0,0.2721125457172562,20.70096851682075,20.5,21.5
1999.0,20.419814168220825,20.725196039651106,6.969917829256042,21.0,0,0.2748039603488941,20.698281893334727,20.5,21.5
2000.0,20.417124188953032,20.72250510373804,6.969615506024416,21.0,0,0.27749489626195967,20.695595744607385,20.5,21.5
2001.0,20.414434687216445,20.719814646147675,6.969311682844902,21.0,0,0.2801853538523247,20.692910070244025,20.5,21.5
2002.0,20.411745662615573,20.71712466648426,6.969006359948873,21.0,0,0.2828753335157401,20.690224869850105,20.5,21.5
2003.0,20.40905711475504,20.71443516435218,6.968699537568848,21.0,0,0.2855648356478184,20.6875401430314,20.5,21.5
2004.0,20.406369043239604,20.711746139355938,6.9683912159384835,21.0,0,0.2882538606440619,20.684855889393504,20.5,21.5
2005.0,20.403681447674142,20.70905759110016,6.9680813952925815,21.0,0,0.29094240889984135,20.682172108542364,20.5,21.5
2006.0,20.400994327663664,20.706369519189604,6.967770075867083,21.0,0,0.2936304808103962,20.679488800084055,20.5,21.5
2007.0,20.398307682813304,20.70368192322915,6.967457257899071,21.0,0,0.29631807677084865,20.676805963624627,20.5,21.5
2008.0,20.395621512728322,20.700994802823807,6.967142941626772,21.0,0,0.2990051971761929,20.674123598770365,20.5,21.5
2009.0,20.392935817014102,20.69830815757871,6.966827127289549,21.0,0,0.30169184242129177,20.67144170512772,20.5,21.5
2010.0,20.390250595276157,20.69562198709911,6.9665098151279095,21.0,0,0.30437801290089084,20.66876028230312,20.5,21.5
2011.0,20.38756584712013,20.692936290990403,6.9661910053835,21.0,0,0.3070637090095971,20.66607932990334,20.5,21.5
2012.0,20.38488157215178,20.690251068858096,6.965870698299108,21.0,0,0.30974893114190394,20.663398847535028,20.5,21.5
2013.0,20.382197769977008,20.687566320307834,6.965548894118663,21.0,0,0.31243367969216607,20.660718834805213,20.5,21.5
2014.0,20.379514440201838,20.684882044945383,6.96522559308723,21.0,0,0.3151179550546175,20.65803929132087,20.5,21.5
2015.0,20.376831582432416,20.682198242376636,6.964900795451019,21.0,0,0.31780175762336427,20.655360216689168,20.5,21.5
2016.0,20.37414919627502,20.679514912207615,6.964574501457378,21.0,0,0.3204850877923846,20.652681610517412,20.5,21.5
2017.0,20.371467281336056,20.67683205404447,6.964246711354791,21.0,0,0.3231679459555288,20.65000347241303,20.5,21.5
2018.0,20.36878583722206,20.67414966749348,6.9639174253928875,21.0,0,0.3258503325065192,20.647325801983577,20.5,21.5
2019.0,20.366104863539693,20.67146775216105,6.963586643822431,21.0,0,0.3285322478389503,20.64464859883674,20.5,21.5
2020.0,20.36342435989575,20.668786307653715,6.9632543668953275,21.0,0,0.33121369234628517,20.641971862580366,20.5,21.5
2021.0,20.360744325897148,20.66610533357814,6.96292059486462,21.0,0,0.33389466642185894,20.639295592822403,20.5,21.5
2022.0,20.358064761150942,20.663424829541118,6.96258532798449,21.0,0,0.3365751704588824,20.636619789170883,20.5,21.5
2023.0,20.355385665264308,20.660744795149565,6.962248566510258,21.0,0,0.3392552048504349,20.63394445123404,20.5,21.5
2024.0,20.352707037844556,20.65806523001054,6.961910310698383,21.0,0,0.3419347699894608,20.63126957862028,20.5,21.5
2025.0,20.350028878499128,20.655386133731213,6.961570560806461,21.0,0,0.3446138662687872,20.62859517093795,20.5,21.5
2026.0,20.34735118683559,20.652707505918904,6.961229317093226,21.0,0,0.3472924940810955,20.62592122779582,20.5,21.5
2027.0,20.34467396246164,20.650029346181043,6.960886579818551,21.0,0,0.3499706538189571,20.623247748802427,20.5,21.5
2028.0,20.341997204985113,20.647351654125206,6.960542349243443,21.0,0,0.352648345874794,20.620574733566837,20.5,21.5
2029.0,20.339320914013964,20.64467442935909,6.9601966256300525,21.0,0,0.3553255706409111,20.617902181697918,20.5,21.5
2030.0,20.33664508915629,20.641997671490522,6.959849409241659,21.0,0,0.3580023285094782,20.61523009280485,20.5,21.5
2031.0,20.333969730020307,20.639321380127463,6.959500700342685,21.0,0,0.36067861987253735,20.61255846649687,20.5,21.5
2032.0,20.331294836214372,20.636645554878008,6.959150499198688,21.0,0,0.3633544451219919,20.609887302383463,20.5,21.5
2033.0,20.328620407346968,20.63397019535038,6.95879880607636,21.0,0,0.36602980464962087,20.60721660007409,20.5,21.5
2034.0,20.325946443026712,20.631295301152928,6.9584456212435315,21.0,0,0.3687046988470719,20.604546359178418,20.5,21.5
2035.0,20.323272942862356,20.628620871894142,6.958090944969168,21.0,0,0.3713791281058576,20.601876579306285,20.5,21.5
2036.0,20.32059990646278,20.625946907182634,6.95773477752337,21.0,0,0.3740530928173662,20.599207260067548,20.5,21.5
2037.0,20.31792733343699,20.623273406627156,6.957377119177376,21.0,0,0.37672659337284387,20.59653840107238,20.5,21.5
2038.0,20.31525522339414,20.62060036983659,6.957017970203557,21.0,0,0.37939963016340883,20.59387000193094,20.5,21.5
2039.0,20.312583575943503,20.617927796419952,6.956657330875421,21.0,0,0.3820722035800479,20.59120206225356,20.5,21.5
2040.0,20.30991239069449,20.615255685986376,6.956295201467611,21.0,0,0.3847443140136235,20.58853458165062,20.5,21.5
2041.0,20.307241667256644,20.61258403814515,6.9559315822559045,21.0,0,0.38741596185484894,20.585867559732897,20.5,21.5
2042.0,20.304571405239646,20.60991285250568,6.955566473517212,21.0,0,0.39008714749432016,20.583200996110968,20.5,21.5
2043.0,20.301901604253302,20.607242128677512,6.955199875529582,21.0,0,0.3927578713224875,20.58053489039584,20.5,21.5
2044.0,20.29923226390756,20.604571866270327,6.954831788572192,21.0,0,0.39542813372967345,20.577869242198467,20.5,21.5
2045.0,20.29656338381249,20.601902064893928,6.954462212925358,21.0,0,0.3980979351060725,20.575204051129937,20.5,21.5
2046.0,20.293894963578314,20.599232724158263,6.9540911488705275,21.0,0,0.4007672758417371,20.572539316801617,20.5,21.5
2047.0,20.291227002815372,20.596563843673408,6.9537185966902815,21.0,0,0.4034361563265918,20.56987503882486,20.5,21.5
2048.0,20.28855950113415,20.593895423049577,6.953344556668336,21.0,0,0.40610457695042257,20.56721121681127,20.5,21.5
2049.0,20.285892458145256,20.591227461897113,6.952969029089537,21.0,0,0.4087725381028875,20.564547850372463,20.5,21.5
2050.0,20.283225873459443,20.588559959826505,6.952592014239867,21.0,0,0.41144004017349545,20.561884939120425,20.5,21.5
2051.0,20.2805597466876,20.58589291644836,6.952213512406438,21.0,0,0.4141070835516416,20.559222482666897,20.5,21.5
2052.0,20.277894077440745,20.58322633137343,6.951833523877495,21.0,0,0.4167736686265684,20.556560480624164,20.5,21.5
2053.0,20.275228865330032,20.58056020421261,6.951452048942417,21.0,0,0.4194397957873903,20.55389893260439,20.5,21.5
2054.0,20.272564109966755,20.57789453457691,6.951069087891713,21.0,0,0.42210546542309046,20.551237838219908,20.5,21.5
2055.0,20.26989981096234,20.57522932207749,6.950684641017025,21.0,0,0.4247706779225098,20.548577197083297,20.5,21.5
2056.0,20.26723596792835,20.572564566325642,6.950298708611126,21.0,0,0.42743543367435777,20.545917008807162,20.5,21.5
2057.0,20.264572580476486,20.569900266932788,6.949911290967921,21.0,0,0.4300997330672125,20.54325727300424,20.5,21.5
2058.0,20.261909648218584,20.5672364235105,6.9495223883824435,21.0,0,0.43276357648949926,20.540597989287633,20.5,21.5
2059.0,20.259247170766617,20.564573035670474,6.949132001150861,21.0,0,0.4354269643295261,20.537939157270205,20.5,21.5
2060.0,20.256585147732693,20.561910103024545,6.948740129570471,21.0,0,0.4380898969754554,20.53528077656525,20.5,21.5
2061.0,20.25392357872906,20.559247625184685,6.948346773939699,21.0,0,0.4407523748153146,20.532622846786094,20.5,21.5
2062.0,20.251262463368104,20.55658560176301,6.947951934558104,21.0,0,0.4434143982369889,20.529965367546268,20.5,21.5
2063.0,20.248601801262343,20.55392403237176,6.947555611726371,21.0,0,0.4460759676282393,20.527308338459257,20.5,21.5
2064.0,20.245941592024437,20.551262916623322,6.94715780574632,21.0,0,0.4487370833766775,20.52465175913894,20.5,21.5
2065.0,20.24328183526718,20.548602254130223,6.946758516920897,21.0,0,0.45139774586977666,20.521995629199232,20.5,21.5
2066.0,20.24062253060351,20.545942044505114,6.9463577455541765,21.0,0,0.4540579554948856,20.519339948254025,20.5,21.5
2067.0,20.2379636776465,20.543282287360793,6.945955491951364,21.0,0,0.45671771263920746,20.516684715917574,20.5,21.5
2068.0,20.235305276009363,20.540622982310197,6.945551756418793,21.0,0,0.4593770176898033,20.514029931804238,20.5,21.5
2069.0,20.232647325305447,20.5379641289664,6.945146539263926,21.0,0,0.4620358710335992,20.511375595528442,20.5,21.5
2070.0,20.229989825148238,20.53530572694261,6.944739840795354,21.0,0,0.46469427305738975,20.508721706704705,20.5,21.5
2071.0,20.227332775151368,20.53264777585218,6.944331661322793,21.0,0,0.4673522241478203,20.506068264947874,20.5,21.5
2072.0,20.2246761749286,20.5299902753086,6.943922001157093,21.0,0,0.47000972469140123,20.50341526987279,20.5,21.5
2073.0,20.222020024093847,20.527333224925496,6.943510860610225,21.0,0,0.4726667750745044,20.500762721094464,20.5,21.5
2074.0,20.21936432226115,20.524676624316637,6.943098239995292,21.0,1,0.475323375683363,20.49811061822805,20.5,21.5
2075.0,20.236709069044696,20.526020473095933,6.942684139626523,21.0,1,0.473979526904067,20.539458960888894,20.5,21.5
2076.0,20.25405026405881,20.531363970877422,6.942268559819272,21.0,1,0.4686360291225782,20.58479894869231,20.5,21.5
2077.0,20.271387907717962,20.540706317435294,6.941851500890023,21.0,1,0.4592936825647058,20.634129783014018,20.5,21.5
2078.0,20.288722000436596,20.554046712703844,6.941432963156382,21.0,1,0.445953287296156,20.687450665389342,20.5,21.5
2079.0,20.30605254262914,20.57138435677744,6.941012946937085,21.0,1,0.4286156432225603,20.744760797513397,20.5,21.5
2080.0,20.32337953471,20.5887184499105,6.940591452551993,21.0,1,0.41128155008950174,20.762059381241084,20.5,21.5
2081.0,20.340702977093567,20.60604899251745,6.940168480322092,21.0,1,0.3939510074825492,20.779354418586976,20.5,21.5
2082.0,20.358022870194212,20.6233759850127,6.939744030569494,21.0,1,0.3766240149872999,20.796645909965193,20.5,21.5
2083.0,20.375339214426287,20.640699427810638,6.939318103617435,21.0,1,0.35930057218936184,20.81393385579002,20.5,21.5
2084.0,20.392652010204124,20.658019321325632,6.938890699790278,21.0,1,0.34198067867436777,20.831218256475573,20.5,21.5
2085.0,20.40996125794204,20.675335665972042,6.938461819413509,21.0,1,0.3246643340279576,20.848499112436144,20.5,21.5
2086.0,20.427266958054336,20.692648462164193,6.938031462813739,21.0,1,0.3073515378358067,20.865776424085702,20.5,21.5
2087.0,20.44456911095529,20.70995771031641,6.9375996303187035,21.0,1,0.2900422896835906,20.88305019183857,20.5,21.5
2088.0,20.46186771705916,20.727263410842983,6.937166322257262,21.0,1,0.2727365891570166,20.900320416108723,20.5,21.5
2089.0,20.4791627767802,20.744565564158197,6.936731538959397,21.0,1,0.2554344358418028,20.917587097310335,20.5,21.5
2090.0,20.496454290532636,20.761864170676315,6.936295280756216,21.0,1,0.23813582932368504,20.934850235857493,20.5,21.5
2091.0,20.51374225873068,20.779159230811587,6.935857547979946,21.0,1,0.22084076918841333,20.952109832164304,20.5,21.5
2092.0,20.53102668178853,20.796450744978234,6.935418340963943,21.0,1,0.20354925502176613,20.969365886644706,20.5,21.5
2093.0,20.548307560120364,20.813738713590475,6.934977660042679,21.0,1,0.18626128640952544,20.98661839971288,20.5,21.5
2094.0,20.565584894140347,20.831023137062505,6.934535505551754,21.0,1,0.1689768629374946,21.003867371782814,20.5,21.5
2095.0,20.58285868426263,20.848304015808502,6.934091877827886,21.0,1,0.1516959841914982,21.021112803268466,20.5,21.5
2096.0,20.60012893090134,20.865581350242635,6.933646777208919,21.0,1,0.1344186497573645,21.038354694583973,20.5,21.5
2097.0,20.617395634470604,20.88285514077905,6.933200204033815,21.0,1,0.11714485922095008,21.055593046143194,20.5,21.5
2098.0,20.634658795384517,20.900125387831885,6.932752158642659,21.0,1,0.0998746121681151,21.072827858360235,20.5,21.5
2099.0,20.651918414057167,20.91739209181525,6.932302641376657,21.0,1,0.08260790818475172,21.090059131648882,20.5,21.5
2100.0,20.66917449090263,20.934655253143248,6.931851652578136,21.0,1,0.06534474685675207,21.107286866423244,20.5,21.5
2101.0,20.686427026334965,20.95191487222997,6.931399192590545,21.0,1,0.0480851277700296,21.124511063097195,20.5,21.5
2102.0,20.703676020768217,20.969170949489495,6.93094526175845,21.0,1,0.030829050510504885,21.141731722084742,20.5,21.5
2103.0,20.720921474616414,20.986423485335873,6.9304898604275404,21.0,1,0.013576514664126904,21.158948843799653,20.5,21.5
2104.0,20.738163388293575,21.003672480183155,6.930032988944623,21.0,1,-0.0036724801831553577,21.176162428655978,20.5,21.5
2105.0,20.755401762213705,21.02091793444537,6.929574647657626,21.0,1,-0.0209179344453716,21.193372477067534,20.5,21.5
2106.0,20.772636596790793,21.038159848536534,6.929114836915597,21.0,1,-0.03815984853653376,21.210578989448155,20.5,21.5
2107.0,20.789867892438817,21.055398222870657,6.928653557068699,21.0,1,-0.05539822287065732,21.227781966211893,20.5,21.5
2108.0,20.807095649571743,21.072633057861722,6.92819080846822,21.0,1,-0.07263305786172225,21.24498140777237,20.5,21.5
2109.0,20.82431986860352,21.089864353923712,6.927726591466562,21.0,1,-0.08986435392371206,21.26217731454361,20.5,21.5
2110.0,20.841540549948093,21.10709211147059,6.927260906417246,21.0,1,-0.10709211147058895,21.279369686939358,20.5,21.5
2111.0,20.858757694019385,21.124316330916308,6.926793753674912,21.0,1,-0.124316330916308,21.2965585253735,20.5,21.5
2112.0,20.875971301231317,21.14153701267481,6.926325133595316,21.0,1,-0.14153701267481011,21.31374383025983,20.5,21.5
2113.0,20.89318137199779,21.15875415716002,6.925855046535334,21.0,1,-0.1587541571600184,21.3309256020121,20.5,21.5
2114.0,20.910387906732698,21.175967764785856,6.925383492852958,21.0,1,-0.17596776478585596,21.34810384104423,20.5,21.5
2115.0,20.92759090584992,21.19317783596622,6.924910472907294,21.0,1,-0.19317783596622107,21.365278547769872,20.5,21.5
2116.0,20.944790369763332,21.210384371115012,6.924435987058571,21.0,1,-0.21038437111501196,21.38244972260292,20.5,21.5
2117.0,20.961986298886792,21.22758737064611,6.923960035668127,21.0,1,-0.22758737064610912,21.39961736595708,20.5,21.5
2118.0,20.97917869363415,21.24478683497338,6.923482619098422,21.0,1,-0.24478683497337883,21.416781478246076,20.5,21.5
2119.0,20.996367554419244,21.26198276451069,6.92300373771303,21.0,1,-0.2619827645106909,21.43394205988381,20.5,21.5
2120.0,21.013552881655905,21.279175159671887,6.922523391876638,21.0,1,-0.2791751596718868,21.451099111283845,20.5,21.5
2121.0,21.030734675757948,21.29636402087081,6.922041581955051,21.0,1,-0.2963640208708114,21.468252632860057,20.5,21.5
2122.0,21.047912937139188,21.31354934852129,6.921558308315188,21.0,1,-0.31354934852128835,21.485402625026058,20.5,21.5
2123.0,21.065087666213422,21.330731143037145,6.921073571325084,21.0,0,-0.3307311430371449,21.50254908819571,20.5,21.5
2124.0,21.062258863394444,21.343909404832186,6.920587371353886,21.0,0,-0.3439094048321856,21.475692022782592,20.5,21.5
2125.0,21.059430529096037,21.353084934320215,6.920099708771858,21.0,0,-0.3530849343202149,21.44484022920051,20.5,21.5
2126.0,21.056602662931972,21.35825853175502,6.919610583950374,21.0,0,-0.35825853175501976,21.409994506103068,20.5,21.5
2127.0,21.053775264516176,21.359430997230415,6.919119997261925,21.0,0,-0.3594309972304153,21.37115565198437,20.5,21.5
2128.0,21.050948333462724,21.356603130680273,6.918627949080115,21.0,0,-0.3566031306802735,21.328324465178856,20.5,21.5
2129.0,21.04812186938585,21.353775731878553,6.918134439779659,21.0,0,-0.35377573187855305,21.32550174386135,20.5,21.5
2130.0,21.045295871899928,21.35094880043933,6.917639469736386,21.0,0,-0.35094880043932974,21.322679486047097,20.5,21.5
2131.0,21.042470340619495,21.348122335976832,6.917143039327238,21.0,0,-0.3481223359768322,21.319857691351856,20.5,21.5
2132.0,21.039645275159238,21.34529633810544,6.916645148930266,21.0,0,-0.3452963381054417,21.317036359391537,20.5,21.5
2133.0,21.036820675133992,21.342470806439696,6.916145798924639,21.0,0,-0.34247080643969596,21.31421548978224,20.5,21.5
2134.0,21.03399654015875,21.339645740594275,6.91564498969063,21.0,0,-0.33964574059427477,21.311395082140063,20.5,21.5
2135.0,21.031172869848657,21.33682114018402,6.915142721609629,21.0,0,-0.3368211401840213,21.308575136081487,20.5,21.5
2136.0,21.02834966381901,21.33399700482392,6.914638995064134,21.0,0,-0.3339970048239209,21.305755651222917,20.5,21.5
2137.0,21.02552692168526,21.331173334129126,6.9141338104377565,21.0,0,-0.33117333412912586,21.302936627181175,20.5,21.5
2138.0,21.02270464306301,21.32835012771493,6.913627168115215,21.0,0,-0.32835012771493055,21.300118063572977,20.5,21.5
2139.0,21.01988282756802,21.325527385196786,6.91311906848234,21.0,0,-0.3255273851967857,21.297299960015337,20.5,21.5
2140.0,21.017061474816202,21.32270510619029,6.912609511926071,21.0,0,-0.32270510619029125,21.294482316125347,20.5,21.5
2141.0,21.014240584423625,21.319883290311218,6.9120984988344585,21.0,0,-0.31988329031121765,21.29166513152048,20.5,21.5
2142.0,21.01142015600651,21.317061937175463,6.91158602959666,21.0,0,-0.31706193717546327,21.28884840581792,20.5,21.5
2143.0,21.008600189181227,21.314241046399108,6.911072104602945,21.0,0,-0.31424104639910766,21.28603213863555,20.5,21.5
2144.0,21.00578068356431,21.311420617598365,6.910556724244687,21.0,0,-0.31142061759836537,21.283216329590942,20.5,21.5
2145.0,21.002961638772447,21.308600650389614,6.9100398889143735,21.0,0,-0.3086006503896144,21.280400978302104,20.5,21.5
2146.0,21.000143054422477,21.305781144389382,6.909521599005595,21.0,0,-0.30578114438938186,21.277586084387057,20.5,21.5
2147.0,20.997324930131395,21.302962099214362,6.909001854913052,21.0,0,-0.302962099214362,21.274771647464163,20.5,21.5
2148.0,20.99450726551635,21.300143514481384,6.908480657032554,21.0,0,-0.300143514481384,21.271957667151604,20.5,21.5
2149.0,20.991690060194653,21.297325389807455,6.907958005761014,21.0,0,-0.2973253898074546,21.26914414306816,20.5,21.5
2150.0,20.988873313783767,21.29450772480972,6.907433901496454,21.0,0,-0.2945077248097192,21.266331074832365,20.5,21.5
2151.0,20.98605702590131,21.291690519105487,6.906908344638002,21.0,0,-0.2916905191054866,21.26351846206316,20.5,21.5
2152.0,20.983241196165057,21.28887377231222,6.906381335585894,21.0,0,-0.28887377231221834,21.260706304379536,20.5,21.5
2153.0,20.98042582419294,21.286057484047536,6.905852874741469,21.0,0,-0.28605748404753584,21.25789460140071,20.5,21.5
2154.0,20.97761090960305,21.283241653929217,6.905322962507173,21.0,0,-0.28324165392921685,21.255083352746027,20.5,21.5
2155.0,20.97479645201363,21.28042628157519,6.904791599286557,21.0,0,-0.28042628157518834,21.252272558034903,20.5,21.5
2156.0,20.971982451043086,21.277611366603544,6.904258785484277,21.0,0,-0.27761136660354424,21.249462216887103,20.5,21.5
2157.0,20.969168906309974,21.274796908632528,6.903724521506096,21.0,0,-0.2747969086325277,21.246652328922362,20.5,21.5
2158.0,20.966355817433012,21.271982907280538,6.903188807758877,21.0,0,-0.2719829072805382,21.243842893760643,20.5,21.5
2159.0,20.963543184031078,21.269169362166146,6.9026516446505894,21.0,0,-0.26916936216614573,21.24103391102222,20.5,21.5
2160.0,20.9607310057232,21.26635627290806,6.902113032590307,21.0,0,-0.26635627290805886,21.23822538032719,20.5,21.5
2161.0,20.957919282128575,21.263543639125153,6.901572971988207,21.0,0,-0.2635436391251531,21.235417301296096,20.5,21.5
2162.0,20.955108012866546,21.260731460436467,6.901031463255567,21.0,0,-0.26073146043646744,21.23260967354961,20.5,21.5
2163.0,20.952297197556625,21.257919736461194,6.900488506804772,21.0,0,-0.2579197364611936,21.229802496708455,20.5,21.5
2164.0,20.949486835818476,21.255108466818672,6.899944103049306,21.0,0,-0.2551084668186725,21.22699577039346,20.5,21.5
2165.0,20.946676927271923,21.252297651128416,6.8993982524037545,21.0,0,-0.2522976511284156,21.224189494225847,20.5,21.5
2166.0,20.94386747153695,21.24948728901009,6.898850955283808,21.0,0,-0.24948728901009076,21.221383667826842,20.5,21.5
2167.0,20.9410584682337,21.246677380083522,6.898302212106257,21.0,0,-0.24667738008352202,21.218578290817835,20.5,21.5
2168.0,20.938249916982475,21.24386792396869,6.8977520232889935,21.0,0,-0.24386792396868984,21.215773362820368,20.5,21.5
2169.0,20.935441817403735,21.241058920285745,6.89720038925101,21.0,0,-0.24105892028574516,21.2129688834563,20.5,21.5
2170.0,20.932634169118103,21.23825036865498,6.896647310412399,21.0,0,-0.23825036865498106,21.21016485234734,20.5,21.5
2171.0,20.929826971746362,21.235442268696865,6.896092787194355,21.0,0,-0.2354422686968647,21.2073612691157,20.5,21.5
2172.0,20.92702022490945,21.232634620032012,6.895536820019172,21.0,0,-0.2326346200320124,21.20455813338349,20.5,21.5
2173.0,20.924213928228475,21.229827422281215,6.894979409310242,21.0,0,-0.22982742228121467,21.201755444773237,20.5,21.5
2174.0,20.921408081324692,21.227020675065408,6.894420555492058,21.0,0,-0.22702067506540757,21.198953202907337,20.5,21.5
2175.0,20.918602683819525,21.22421437800569,6.893860258990212,21.0,0,-0.22421437800569066,21.19615140740852,20.5,21.5
2176.0,20.91579773533456,21.22140853072333,6.893298520231393,21.0,0,-0.22140853072333044,21.19335005789973,20.5,21.5
2177.0,20.91299323549154,21.21860313283975,6.892735339643391,21.0,0,-0.21860313283974975,21.190549154003943,20.5,21.5
2178.0,20.910189183912372,21.215798183976528,6.892170717655091,21.0,0,-0.21579818397652772,21.187748695344307,20.5,21.5
2179.0,20.90738558021912,21.212993683755414,6.8916046546964775,21.0,0,-0.21299368375541405,21.184948681544277,20.5,21.5
2180.0,20.904582424034015,21.21018963179831,6.891037151198634,21.0,0,-0.21018963179831118,21.182149112227282,20.5,21.5
2181.0,20.901779714979448,21.20738602772729,6.890468207593736,21.0,0,-0.20738602772728854,21.179349987017062,20.5,21.5
2182.0,20.898977452677972,21.20458287116458,6.889897824315062,21.0,0,-0.20458287116457896,21.176551305537483,20.5,21.5
2183.0,20.8961756367523,21.201780161732565,6.889326001796981,21.0,0,-0.20178016173256452,21.17375306741242,20.5,21.5
2184.0,20.893374266825308,21.1989778990538,6.888752740474962,21.0,0,-0.19897789905380137,21.17095527226617,20.5,21.5
2185.0,20.89057334252004,21.196176082751006,6.888178040785569,21.0,0,-0.1961760827510055,21.168157919723047,20.5,21.5
2186.0,20.88777286345969,21.193374712447056,6.887601903166459,21.0,0,-0.1933747124470564,21.165361009407565,20.5,21.5
2187.0,20.88497282926763,21.190573787764986,6.887024328056388,21.0,0,-0.19057378776498624,21.162564540944285,20.5,21.5
2188.0,20.88217323956739,21.187773308328005,6.886445315895202,21.0,0,-0.18777330832800487,21.15976851395819,20.5,21.5
2189.0,20.879374093982655,21.184973273759475,6.885864867123846,21.0,0,-0.18497327375947492,21.156972928074175,20.5,21.5
2190.0,20.876575392137283,21.182173683682926,6.885282982184357,21.0,0,-0.18217368368292597,21.154177782917436,20.5,21.5
2191.0,20.87377713365529,21.179374537722044,6.884699661519864,21.0,0,-0.17937453772204393,21.151383078113223,20.5,21.5
2192.0,20.870979318160863,21.17657583550069,6.884114905574593,21.0,0,-0.17657583550068878,21.148588813287137,20.5,21.5
2193.0,20.868181945278344,21.17377757664288,6.883528714793861,21.0,0,-0.1737775766428804,21.145794988064797,20.5,21.5
2194.0,20.86538501463225,21.1709797607728,6.882941089624076,21.0,0,-0.17097976077279853,21.14300160207198,20.5,21.5
2195.0,20.862588525847247,21.16818238751479,6.882352030512742,21.0,0,-0.16818238751478987,21.140208654934703,20.5,21.5
2196.0,20.85979247854818,21.165385456493368,6.881761537908451,21.0,0,-0.1653854564933681,21.13741614627915,20.5,21.5
2197.0,20.856996872360053,21.162588967333207,6.881169612260891,21.0,0,-0.16258896733320682,21.134624075731594,20.5,21.5
2198.0,20.854201706908032,21.159792919659147,6.880576254020838,21.0,0,-0.15979291965914655,21.131832442918544,20.5,21.5
2199.0,20.851406981817455,21.156997313096188,6.87998146364016,21.0,0,-0.1569973130961877,21.1290412474666,20.5,21.5
2200.0,20.84861269671382,21.1542021472695,6.879385241571817,21.0,0,-0.1542021472695012,21.126250489002636,20.5,21.5
2201.0,20.84581885122279,21.151407421804425,6.878787588269857,21.0,0,-0.151407421804425,21.123460167153663,20.5,21.5
2202.0,20.843025444970202,21.148613136326453,6.878188504189419,21.0,0,-0.14861313632645334,21.120670281546737,20.5,21.5
2203.0,20.840232477582045,21.145819290461258,6.877587989786731,21.0,0,-0.14581929046125808,21.117880831809305,20.5,21.5
2204.0,20.837439948684487,21.143025883834664,6.8769860455191125,21.0,0,-0.14302588383466386,21.11509181756872,20.5,21.5
2205.0,20.834647857903853,21.14023291607267,6.8763826718449685,21.0,0,-0.1402329160726694,21.112303238452725,20.5,21.5
2206.0,20.831856204866643,21.137440386801437,6.875777869223795,21.0,0,-0.1374403868014369,21.10951509408911,20.5,21.5
2207.0,20.829064989199516,21.134648295647303,6.875171638116177,21.0,0,-0.13464829564730252,21.10672738410596,20.5,21.5
2208.0,20.8262742105293,21.13185664223675,6.874563978983783,21.0,0,-0.13185664223675175,21.103940108131244,20.5,21.5
2209.0,20.823483868482988,21.129065426196455,6.873954892289374,21.0,0,-0.12906542619645478,21.101153265793485,20.5,21.5
2210.0,20.82069396268775,21.12627464715323,6.873344378496795,21.0,0,-0.126274647153231,21.098366856720993,20.5,21.5
2211.0,20.81790449277091,21.123484304734085,6.8727324380709796,21.0,0,-0.12348430473408456,21.09558088054262,20.5,21.5
2212.0,20.81511545835997,21.120694398566176,6.872119071477947,21.0,0,-0.12069439856617592,21.09279533688709,20.5,21.5
2213.0,20.812326859082592,21.117904928276833,6.871504279184801,21.0,0,-0.11790492827683252,21.0900102253834,20.5,21.5
2214.0,20.809538694566612,21.115115893493556,6.870888061659734,21.0,0,-0.11511589349355589,21.08722554566079,20.5,21.5
2215.0,20.80675096444003,21.11232729384401,6.870270419372023,21.0,0,-0.11232729384401097,21.08444129734856,20.5,21.5
2216.0,20.80396366833102,21.109539128956033,6.869651352792029,21.0,0,-0.10953912895603324,21.081657480076256,20.5,21.5
2217.0,20.80117680586791,21.10675139845762,6.869030862391197,21.0,0,-0.1067513984576216,21.078874093473505,20.5,21.5
2218.0,20.798390376679215,21.10396410197695,6.86840894864206,21.0,0,-0.10396410197694905,21.076091137170224,20.5,21.5
2219.0,20.79560438039361,21.10117723914235,6.867785612018229,21.0,0,-0.10117723914234844,21.073308610796342,20.5,21.5
2220.0,20.792818816639933,21.098390809582327,6.867160852994403,21.0,0,-0.09839080958232671,21.07052651398211,20.5,21.5
2221.0,20.790033685047202,21.095604812925565,6.866534672046365,21.0,0,-0.09560481292556489,21.067744846357947,20.5,21.5
2222.0,20.787248985244602,21.0928192488009,6.865907069650978,21.0,0,-0.09281924880090031,21.064963607554255,20.5,21.5
2223.0,20.784464716861482,21.09003411683735,6.865278046286188,21.0,0,-0.09003411683735152,21.062182797201864,20.5,21.5
2224.0,20.781680879527368,21.087249416664104,6.864647602431024,21.0,0,-0.08724941666410402,21.05940241493163,20.5,21.5
2225.0,20.77889747287195,21.084465147910507,6.864015738565597,21.0,0,-0.08446514791050674,21.056622460374534,20.5,21.5
2226.0,20.77611449652509,21.081681310206086,6.863382455171098,21.0,0,-0.08168131020608627,21.05384293316188,20.5,21.5
2227.0,20.77333195011682,21.07889790318053,6.8627477527298,21.0,0,-0.07889790318052903,21.051063832924957,20.5,21.5
2228.0,20.770549833277343,21.076114926463703,6.862111631725057,21.0,0,-0.07611492646370266,21.04828515929544,20.5,21.5
2229.0,20.76776814563703,21.073332379685635,6.861474092641302,21.0,0,-0.07333237968563466,21.045506911904955,20.5,21.5
2230.0,20.76498688682643,21.07055026247653,6.860835135964049,21.0,0,-0.07055026247653018,21.042729090385485,20.5,21.5
2231.0,20.76220605647626,21.06776857446676,6.860194762179892,21.0,0,-0.06776857446676132,21.039951694369073,20.5,21.5
2232.0,20.7594256542174,21.064987315286878,6.859552971776503,21.0,0,-0.06498731528687784,21.037174723488043,20.5,21.5
2233.0,20.75664567968091,21.062206484567593,6.8589097652426325,21.0,0,-0.06220648456759292,21.034398177374744,20.5,21.5
2234.0,20.753866132498025,21.059426081939794,6.858265143068112,21.0,0,-0.05942608193979382,21.031622055661803,20.5,21.5
2235.0,20.75108701230014,21.056646107034535,6.857619105743849,21.0,0,-0.056646107034534765,21.028846357981944,20.5,21.5
2236.0,20.748308318718827,21.053866559483048,6.856971653761827,21.0,0,-0.05386655948304764,21.026071083968176,20.5,21.5
2237.0,20.745530051385835,21.05108743891674,6.856322787615111,21.0,0,-0.05108743891673839,21.023296233253646,20.5,21.5
2238.0,20.74275220993308,21.048308744967173,6.8556725077978395,21.0,0,-0.048308744967172856,21.020521805471517,20.5,21.5
2239.0,20.73997479399265,21.045530477266098,6.85502081480523,21.0,0,-0.045530477266098046,21.01774780025535,20.5,21.5
2240.0,20.737197803196814,21.04275263544543,6.854367709133575,21.0,0,-0.04275263544543151,21.014974217238766,20.5,21.5
2241.0,20.734421237178,21.03997521913727,6.853713191280241,21.0,0,-0.039975219137268425,21.012201056055638,20.5,21.5
2242.0,20.731645095568823,21.037198227973864,6.8530572617436745,21.0,0,-0.03719822797386385,21.009428316339818,20.5,21.5
2243.0,20.728869378002056,21.034421661587658,6.852399921023393,21.0,0,-0.03442166158765758,21.006655997725595,20.5,21.5
2244.0,20.72609408411066,21.03164551961126,6.85174116961999,21.0,0,-0.03164551961125994,21.003884099847284,20.5,21.5
2245.0,20.723319213527763,21.028869801677452,6.851081008035133,21.0,0,-0.02886980167745179,21.00111262233937,20.5,21.5
2246.0,20.720544765886665,21.026094507419185,6.850419436771564,21.0,0,-0.02609450741918451,20.99834156483651,20.5,21.5
2247.0,20.717770740820843,21.02331963646959,6.8497564563330995,21.0,0,-0.023319636469590677,20.995570926973652,20.5,21.5
2248.0,20.714997137963945,21.02054518846197,6.8490920672246265,21.0,0,-0.020545188461969843,20.99280070838576,20.5,21.5
2249.0,20.712223956949796,21.017771163029796,6.848426269952107,21.0,0,-0.017771163029795645,20.990030908708054,20.5,21.5
2250.0,20.709451197412395,21.014997559806723,6.847759065022574,21.0,0,-0.014997559806722904,20.987261527575996,20.5,21.5
2251.0,20.706678858985917,21.012224378426573,6.847090452944133,21.0,0,-0.012224378426573423,20.98449256462508,20.5,21.5
2252.0,20.70390694130471,21.009451618523343,6.846420434225962,21.0,0,-0.009451618523343086,20.98172401949104,20.5,21.5
2253.0,20.70113544400329,21.006679279731213,6.845749009378308,21.0,0,-0.006679279731212517,20.978955891809907,20.5,21.5
2254.0,20.698364366716365,21.00390736168453,6.8450761789124925,21.0,0,-0.00390736168452932,20.976188181217697,20.5,21.5
2255.0,20.695593709078803,21.00113586401781,6.844401943340904,21.0,0,-0.0011358640178116275,20.973420887350635,20.5,21.5
2256.0,20.692823470725656,20.99836478636576,6.843726303177001,21.0,0,0.0016352136342412393,20.97065400984523,20.5,21.5
2257.0,20.690053651292146,20.995594128363244,6.843049258935315,21.0,0,0.004405871636755876,20.967887548338098,20.5,21.5
2258.0,20.687284250413676,20.992823889645322,6.842370811131443,21.0,0,0.007176110354677689,20.965121502466104,20.5,21.5
2259.0,20.684515267725818,20.99005406984721,6.841690960282053,21.0,0,0.009945930152788662,20.9623558718661,20.5,21.5
2260.0,20.68174670286433,20.987284668604318,6.841009706904881,21.0,0,0.012715331395682483,20.95959065617538,20.5,21.5
2261.0,20.67897855546514,20.984515685552214,6.840327051518731,21.0,0,0.015484314447785863,20.95682585503118,20.5,21.5
2262.0,20.67621082516435,20.981747120326652,6.839642994643476,21.0,0,0.018252879673347877,20.954061468071032,20.5,21.5
2263.0,20.673443511598247,20.978978972563567,6.838957536800052,21.0,0,0.02102102743643286,20.951297494932717,20.5,21.5
2264.0,20.670676614403288,20.976211241899062,6.838270678510469,21.0,0,0.023788758100938168,20.94853393525401,20.5,21.5
2265.0,20.667910133216107,20.97344392796942,6.837582420297797,21.0,0,0.02655607203057997,20.945770788673002,20.5,21.5
2266.0,20.665144067673523,20.970677030411093,6.836892762686174,21.0,0,0.029322969588907455,20.943008054827818,20.5,21.5
2267.0,20.662378417412526,20.967910548860726,6.836201706200806,21.0,0,0.032089451139274416,20.940245733357056,20.5,21.5
2268.0,20.659613182070284,20.965144482955132,6.835509251367963,21.0,0,0.03485551704486767,20.9374838238992,20.5,21.5
2269.0,20.656848361284144,20.962378832331304,6.8348153987149765,21.0,0,0.03762116766869639,20.934722326093016,20.5,21.5
2270.0,20.65408395469163,20.959613596626408,6.834120148770248,21.0,0,0.04038640337359212,20.93196123957745,20.5,21.5
2271.0,20.651319961930444,20.956848775477795,6.833423502063241,21.0,0,0.04315122452220521,20.929200563991664,20.5,21.5
2272.0,20.64855638263847,20.954084368522985,6.832725459124479,21.0,0,0.045915631477015495,20.92644029897488,20.5,21.5
2273.0,20.645793216453768,20.951320375399682,6.832026020485555,21.0,0,0.04867962460031805,20.923680444166656,20.5,21.5
2274.0,20.643030463014576,20.948556795745766,6.8313251866791225,21.0,0,0.051443204254233876,20.920920999206608,20.5,21.5
2275.0,20.64026812195931,20.945793629199304,6.830622958238894,21.0,0,0.05420637080069568,20.918161963734686,20.5,21.5
2276.0,20.637506192926566,20.943030875398527,6.82991933569965,21.0,0,0.05696912460147274,20.915403337390757,20.5,21.5
2277.0,20.63474467555512,20.940268533981858,6.829214319597227,21.0,0,0.0597314660181425,20.91264511981516,20.5,21.5
2278.0,20.63198356948393,20.93750660458789,6.828507910468527,21.0,0,0.0624933954121083,20.909887310648234,20.5,21.5
2279.0,20.629222874352127,20.934745086855404,6.827800108851512,21.0,0,0.06525491314459586,20.90712990953053,20.5,21.5
2280.0,20.626462589799026,20.931983980423347,6.8270909152852015,21.0,0,0.06801601957665326,20.904372916102773,20.5,21.5
2281.0,20.623702715464123,20.92922328493086,6.8263803303096795,21.0,0,0.0707767150691403,20.90161633000599,20.5,21.5
2282.0,20.620943250987093,20.926463000017254,6.825668354466085,21.0,0,0.07353699998274621,20.898860150881195,20.5,21.5
2283.0,20.61818419600779,20.923703125322024,6.824954988296621,21.0,0,0.07629687467797552,20.89610437836973,20.5,21.5
2284.0,20.615425550166247,20.920943660484845,6.824240232344546,21.0,0,0.07905633951515512,20.89334901211305,20.5,21.5
2285.0,20.612667313102683,20.918184605145576,6.823524087154177,21.0,0,0.08181539485442357,20.890594051752892,20.5,21.5
2286.0,20.609909484457493,20.91542595894425,6.82280655327089,21.0,0,0.08457404105574895,20.887839496930997,20.5,21.5
2287.0,20.607152063871254,20.912667721521082,6.82208763124112,21.0,0,0.08733227847891811,20.88508534728939,20.5,21.5
2288.0,20.604395050984728,20.909909892516474,6.821367321612354,21.0,0,0.09009010748352608,20.882331602470394,20.5,21.5
2289.0,20.601638445438855,20.907152471570992,6.820645624933142,21.0,0,0.09284752842900801,20.879578262116173,20.5,21.5
2290.0,20.598882246874755,20.904395458325407,6.819922541753087,21.0,0,0.09560454167459298,20.876825325869557,20.5,21.5
2291.0,20.59612645493373,20.901638852420653,6.8191980726228465,21.0,0,0.09836114757934666,20.874072793373116,20.5,21.5
2292.0,20.59337106925727,20.898882653497857,6.818472218094137,21.0,0,0.10111734650214288,20.871320664269895,20.5,21.5
2293.0,20.590616089487035,20.89612686119832,6.817744978719729,21.0,0,0.10387313880168136,20.868568938202934,20.5,21.5
2294.0,20.587861515264883,20.893371475163526,6.817016355053443,21.0,0,0.10662852483647356,20.865817614815604,20.5,21.5
2295.0,20.585107346232842,20.89061649503514,6.816286347650163,21.0,0,0.10938350496486038,20.86306669375127,20.5,21.5
2296.0,20.582353582033125,20.887861920455016,6.815554957065817,21.0,0,0.11213807954498378,20.860316174653782,20.5,21.5
2297.0,20.57960022230813,20.88510775106519,6.814822183857394,21.0,0,0.11489224893481165,20.85756605716691,20.5,21.5
2298.0,20.57684726670044,20.88235398650787,6.81408802858293,21.0,0,0.11764601349213066,20.85481634093468,20.5,21.5
2299.0,20.574094714852816,20.879600626425454,6.813352491801518,21.0,0,0.12039937357454633,20.852067025601297,20.5,21.5
2300.0,20.571342566408205,20.876847670460528,6.8126155740733,21.0,0,0.1231523295394723,20.849318110811268,20.5,21.5
2301.0,20.56859082100974,20.87409511825585,6.811877275959472,21.0,0,0.1259048817441517,20.846569596209054,20.5,21.5
2302.0,20.565839478300727,20.871342969454368,6.811137598022279,21.0,0,0.12865703054563227,20.843821481439562,20.5,21.5
2303.0,20.56308853792467,20.868591223699216,6.810396540825019,21.0,0,0.13140877630078407,20.841073766147698,20.5,21.5
2304.0,20.560337999525252,20.865839880633704,6.809654104932039,21.0,0,0.13416011936629602,20.838326449978585,20.5,21.5
2305.0,20.557587862746335,20.86308893990133,6.808910290908736,21.0,0,0.1369110600986687,20.835579532577604,20.5,21.5
2306.0,20.554838127231967,20.860338401145775,6.808165099321557,21.0,0,0.13966159885422513,20.83283301359021,20.5,21.5
2307.0,20.552088792626385,20.857588264010907,6.807418530737998,21.0,0,0.14241173598909285,20.83008689266223,20.5,21.5
2308.0,20.549339858574008,20.854838528140778,6.806670585726602,21.0,0,0.1451614718592218,20.82734116943949,20.5,21.5
2309.0,20.54659132471944,20.852089193179616,6.805921264856963,21.0,0,0.14791080682038427,20.82459584356799,20.5,21.5
2310.0,20.543843190707467,20.849340258771843,6.8051705686997215,21.0,0,0.15065974122815717,20.821850914694114,20.5,21.5
2311.0,20.541095456183065,20.846591724562064,6.804418497826565,21.0,0,0.15340827543793623,20.819106382464273,20.5,21.5
2312.0,20.538348120791394,20.843843590195064,6.803665052810228,21.0,0,0.15615640980493595,20.816362246525067,20.5,21.5
2313.0,20.535601184177796,20.84109585531582,6.802910234224491,21.0,0,0.15890414468417902,20.81361850652339,20.5,21.5
2314.0,20.532854645987804,20.838348519569493,6.802154042644183,21.0,0,0.16165148043050692,20.810875162106214,20.5,21.5
2315.0,20.530108505867137,20.835601582601424,6.8013964786451755,21.0,0,0.1643984173985764,20.80813221292073,20.5,21.5
2316.0,20.527362763461692,20.832855044057148,6.800637542804387,21.0,0,0.1671449559428524,20.805389658614388,20.5,21.5
2317.0,20.52461741841756,20.83010890358238,6.79987723569978,21.0,0,0.16989109641761857,20.80264749883472,20.5,21.5
2318.0,20.521872470381016,20.82736316082303,6.799115557910361,21.0,0,0.17263683917697037,20.79990573322951,20.5,21.5
2319.0,20.51912791899852,20.82461781542517,6.798352510016181,21.0,0,0.17538218457482913,20.797164361446583,20.5,21.5
2320.0,20.516383763916725,20.821872867035086,6.7975880925983345,21.0,0,0.17812713296491367,20.79442338313424,20.5,21.5
2321.0,20.51364000478246,20.81912831529924,6.7968223062389574,21.0,0,0.18087168470076165,20.79168279794076,20.5,21.5
2322.0,20.510896641242752,20.816384159864278,6.796055151521231,21.0,0,0.1836158401357224,20.78894260551467,20.5,21.5
2323.0,20.508153672944808,20.813640400377032,6.795286629029377,21.0,0,0.18635959962296766,20.78620280550458,20.5,21.5
2324.0,20.505411099536026,20.810897036484537,6.794516739348657,21.0,0,0.18910296351546307,20.783463397559583,20.5,21.5
2325.0,20.50266892066399,20.80815406783399,6.7937454830653765,21.0,0,0.19184593216601087,20.78072438132851,20.5,21.5
2326.0,20.49992713597647,20.805411494072793,6.792972860766881,21.0,0,0.19458850592720722,20.77798575646083,20.5,21.5
2327.0,20.497185745121428,20.802669314848526,6.7921988730415555,21.0,0,0.19733068515147423,20.775247522605856,20.5,21.5
2328.0,20.49444474774701,20.799927529808965,6.791423520478826,21.0,0,0.20007247019103502,20.772509679413357,20.5,21.5
2329.0,20.491704143501558,20.797186138602072,6.790646803669156,21.0,0,0.202813861397928,20.769772226533142,20.5,21.5
2330.0,20.48896393203359,20.794445140875993,6.78986872320405,21.0,0,0.20555485912400684,20.767035163615205,20.5,21.5
2331.0,20.486224112991827,20.791704536279063,6.78908927967605,21.0,0,0.20829546372093688,20.764298490309763,20.5,21.5
2332.0,20.483484686025164,20.788964324459812,6.788308473678736,21.0,0,0.2110356755401881,20.7615622062673,20.5,21.5
2333.0,20.480745650782694,20.786224505066947,6.787526305806726,21.0,0,0.2137754949330528,20.7588263111383,20.5,21.5
2334.0,20.4780070069137,20.783485077749376,6.786742776655675,21.0,0,0.2165149222506244,20.75609080457366,20.5,21.5
2335.0,20.47526875406765,20.78074604215619,6.785957886822274,21.0,0,0.21925395784381152,20.753355686224317,20.5,21.5
2336.0,20.4725308918942,20.778007397936662,6.785171636904251,21.0,0,0.22199260206333804,20.750620955741397,20.5,21.5
2337.0,20.4697934200432,20.77526914474027,6.784384027500369,21.0,0,0.2247308552597289,20.747886612776362,20.5,21.5
2338.0,20.467056338164692,20.77253128221667,6.783595059210429,21.0,0,0.22746871778333144,20.745152656980643,20.5,21.5
2339.0,20.4643196459089,20.76979381001571,6.782804732635261,21.0,0,0.23020618998429043,20.74241908800612,20.5,21.5
2340.0,20.461583342926247,20.767056727787427,6.782013048376736,21.0,0,0.23294327221257305,20.7396859055046,20.5,21.5
2341.0,20.458847428867337,20.764320035182056,6.781220007037755,21.0,0,0.23567996481794395,20.736953109128347,20.5,21.5
2342.0,20.456111903382972,20.76158373185001,6.780425609222253,21.0,0,0.23841626814999017,20.734220698529548,20.5,21.5
2343.0,20.45337676612414,20.7588478174419,6.7796298555352,21.0,0,0.24115218255809978,20.731488673360804,20.5,21.5
2344.0,20.450642016742023,20.756112291608524,6.778832746582595,21.0,0,0.2438877083914761,20.72875703327476,20.5,21.5
2345.0,20.44790765488799,20.753377154000876,6.778034282971473,21.0,0,0.24662284599912354,20.726025777924402,20.5,21.5
2346.0,20.445173680213607,20.75064240427013,6.777234465309897,21.0,0,0.24935759572986882,20.72329490696268,20.5,21.5
2347.0,20.442440092370624,20.74790804206766,6.776433294206965,21.0,0,0.25209195793233974,20.72056442004295,20.5,21.5
2348.0,20.439706891010992,20.74517406704503,6.7756307702728025,21.0,0,0.2548259329549687,20.71783431681874,20.5,21.5
2349.0,20.436974075786846,20.742440478853997,6.774826894118567,21.0,0,0.25755952114600333,20.71510459694365,20.5,21.5
2350.0,20.43424164635051,20.7397072771465,6.774021666356443,21.0,0,0.26029272285349947,20.71237526007154,20.5,21.5
2351.0,20.431509602354513,20.736974461574682,6.77321508759965,21.0,0,0.2630255384253175,20.709646305856502,20.5,21.5
2352.0,20.42877794345156,20.734242031790867,6.772407158462429,21.0,0,0.2657579682091331,20.70691773395271,20.5,21.5
2353.0,20.426046669294564,20.73150998744758,6.771597879560057,21.0,0,0.26849001255241944,20.704189544014717,20.5,21.5
2354.0,20.42331577953662,20.728778328197535,6.770787251508832,21.0,0,0.2712216718024649,20.70146173569708,20.5,21.5
2355.0,20.420585273831012,20.726047053693634,6.769975274926084,21.0,0,0.27395294630636613,20.698734308654622,20.5,21.5
2356.0,20.41785515183123,20.723316163588976,6.769161950430168,21.0,0,0.27668383641102423,20.696007262542395,20.5,21.5
2357.0,20.41512541319095,20.72058565753685,6.768347278640467,21.0,0,0.27941434246314856,20.693280597015608,20.5,21.5
2358.0,20.412396057564038,20.717855535190747,6.767531260177387,21.0,0,0.28214446480925304,20.690554311729702,20.5,21.5
2359.0,20.40966708460456,20.715125796204337,6.766713895662363,21.0,0,0.2848742037956633,20.687828406340234,20.5,21.5
2360.0,20.406938493966774,20.712396440231487,6.765895185717854,21.0,0,0.28760355976851315,20.68510288050299,20.5,21.5
2361.0,20.404210285305123,20.709667466926266,6.765075130967342,21.0,0,0.29033253307373386,20.68237773387406,20.5,21.5
2362.0,20.401482458274256,20.706938875942928,6.7642537320353355,21.0,0,0.29306112405707196,20.679652966109547,20.5,21.5
2363.0,20.39875501252901,20.70421066693592,6.7634309895473645,21.0,0,0.2957893330640786,20.676928576865855,20.5,21.5
2364.0,20.396027947724413,20.701482839559894,6.762606904129985,21.0,0,0.298517160440106,20.67420456579962,20.5,21.5
2365.0,20.393301263515696,20.698755393469675,6.761781476410771,21.0,0,0.30124460653032514,20.671480932567484,20.5,21.5
2366.0,20.390574959558275,20.696028328320306,6.760954707018324,21.0,0,0.30397167167969386,20.66875767682662,20.5,21.5
2367.0,20.387849035507767,20.693301643767008,6.760126596582264,21.0,0,0.30669835623299235,20.666034798234023,20.5,21.5
2368.0,20.385123491019982,20.690575339465205,6.759297145733233,21.0,0,0.3094246605347948,20.66331229644718,20.5,21.5
2369.0,20.382398325750923,20.687849415070506,6.758466355102895,21.0,0,0.3121505849294941,20.660590171123513,20.5,21.5
2370.0,20.379673539356794,20.685123870238726,6.7576342253239305,21.0,0,0.31487612976127366,20.65786842192093,20.5,21.5
2371.0,20.376949131493987,20.682398704625868,6.756800757030046,21.0,0,0.31760129537413206,20.655147048497284,20.5,21.5
2372.0,20.374225101819093,20.67967391788813,6.755965950855961,21.0,0,0.32032608211186897,20.652426050510762,20.5,21.5
2373.0,20.3715014499889,20.676949509681915,6.755129807437418,21.0,0,0.3230504903180851,20.649705427619754,20.5,21.5
2374.0,20.368778175660392,20.67422547966381,6.754292327411178,21.0,0,0.32577452033618925,20.64698517948277,20.5,21.5
2375.0,20.36605527849074,20.671501827490598,6.753453511415016,21.0,0,0.32849817250940205,20.64426530575847,20.5,21.5
2376.0,20.363332758137325,20.66877855281927,6.752613360087727,21.0,0,0.3312214471807309,20.64154580610598,20.5,21.5
2377.0,20.360610614257716,20.666055655306995,6.751771874069124,21.0,0,0.3339443446930055,20.63882668018425,20.5,21.5
2378.0,20.357888846509677,20.66333313461115,6.750929054000036,21.0,0,0.3366668653888496,20.63610792765271,20.5,21.5
2379.0,20.355167454551175,20.66061099038931,6.750084900522305,21.0,0,0.3393890096106915,20.63338954817089,20.5,21.5
2380.0,20.35244643804037,20.657889222299232,6.749239414278792,21.0,0,0.3421107777007677,20.63067154139847,20.5,21.5
2381.0,20.349725796635617,20.65516782999889,6.748392595913371,21.0,0,0.34483217000110855,20.627953906995483,20.5,21.5
2382.0,20.347005529995474,20.652446813146444,6.747544446070931,21.0,0,0.3475531868535562,20.625236644621967,20.5,21.5
2383.0,20.34428563777869,20.649726171400246,6.746694965397374,21.0,0,0.35027382859975376,20.62251975393827,20.5,21.5
2384.0,20.341566119644213,20.647005904418855,6.745844154539619,21.0,0,0.3529940955811455,20.619803234604937,20.5,21.5
2385.0,20.338846975251194,20.64428601186102,6.744992014145594,21.0,0,0.35571398813898014,20.617087086282673,20.5,21.5
2386.0,20.336128204258973,20.64156649338569,6.744138544864241,21.0,0,0.35843350661431117,20.61437130863238,20.5,21.5
2387.0,20.333409806327094,20.638847348652014,6.743283747345514,21.0,0,0.3611526513479859,20.611655901315267,20.5,21.5
2388.0,20.3306917811153,20.636128577319333,6.742427622240379,21.0,0,0.36387142268066697,20.608940863992522,20.5,21.5
2389.0,20.327974128283522,20.633410179047196,6.741570170200812,21.0,0,0.3665898209528038,20.606226196325828,20.5,21.5
2390.0,20.325256847491904,20.63069215349534,6.740711391879799,21.0,0,0.3693078465046611,20.603511897976766,20.5,21.5
2391.0,20.32253993840078,20.6279745003237,6.739851287931339,21.0,0,0.37202549967630105,20.6007979686073,20.5,21.5
2392.0,20.319823400670685,20.625257219192417,6.738989859010438,21.0,0,0.3747427808075834,20.598084407879593,20.5,21.5
2393.0,20.317107233962354,20.622540309761828,6.738127105773111,21.0,0,0.3774596902381724,20.595371215455938,20.5,21.5
2394.0,20.314391437936717,20.619823771692467,6.737263028876383,21.0,0,0.3801762283075334,20.592658390998857,20.5,21.5
2395.0,20.311676012254903,20.617107604645064,6.736397628978285,21.0,0,0.38289239535493635,20.589945934171034,20.5,21.5
2396.0,20.308960956578247,20.61439180828056,6.735530906737857,21.0,0,0.3856081917194416,20.587233844635506,20.5,21.5
2397.0,20.306246270568277,20.61167638226008,6.734662862815146,21.0,0,0.3883236177399212,20.584522122055283,20.5,21.5
2398.0,20.303531953886726,20.608961326244952,6.733793497871206,21.0,0,0.3910386737550482,20.58181076609368,20.5,21.5
2399.0,20.300818006195524,20.606246639896714,6.732922812568095,21.0,0,0.3937533601032861,20.579099776414335,20.5,21.5
2400.0,20.298104427156797,20.603532322877093,6.732050807568878,21.0,0,0.39646767712290654,20.57638915268089,20.5,21.5
2401.0,20.29539121643288,20.600818374848018,6.731177483537624,21.0,0,0.3991816251519822,20.57367889455726,20.5,21.5
2402.0,20.2926783736863,20.59810479547162,6.730302841139409,21.0,0,0.4018952045283797,20.570969001707645,20.5,21.5
2403.0,20.28996589857979,20.595391584410233,6.72942688104031,21.0,0,0.4046084155897667,20.568259473796363,20.5,21.5
2404.0,20.287253790776283,20.592678741326388,6.7285496039074095,21.0,0,0.4073212586736119,20.565550310487936,20.5,21.5
2405.0,20.28454204993891,20.589966265882808,6.727671010408791,21.0,0,0.41003373411719224,20.562841511447004,20.5,21.5
2406.0,20.281830675731005,20.587254157742432,6.726791101213544,21.0,0,0.41274584225756783,20.560133076338676,20.5,21.5
2407.0,20.2791196678161,20.584542416568393,6.7259098769917545,21.0,0,0.415457583431607,20.557425004828,20.5,21.5
2408.0,20.276409025857937,20.581831042024024,6.725027338414515,21.0,0,0.41816895797597553,20.55471729658034,20.5,21.5
2409.0,20.27369874952045,20.579120033772856,6.724143486153917,21.0,0,0.42087996622714385,20.552009951261173,20.5,21.5
2410.0,20.270988838467776,20.57640939147863,6.723258320883052,21.0,0,0.4235906085213692,20.549302968536377,20.5,21.5
2411.0,20.26827929236426,20.573699114805283,6.722371843276012,21.0,0,0.426300885194717,20.546596348071805,20.5,21.5
2412.0,20.265570110874442,20.57098920341695,6.721484054007887,21.0,0,0.4290107965830501,20.54389008953362,20.5,21.5
2413.0,20.262861293663068,20.568279656977978,6.72059495375477,21.0,0,0.4317203430220218,20.54118419258826,20.5,21.5
2414.0,20.260152840395087,20.565570475152906,6.719704543193747,21.0,0,0.4344295248470935,20.53847865690219,20.5,21.5
2415.0,20.257444750735647,20.562861657606483,6.718812823002906,21.0,0,0.4371383423935171,20.535773482142247,20.5,21.5
2416.0,20.2547370243501,20.560153204003647,6.717919793861329,21.0,0,0.43984679599635257,20.533068667975293,20.5,21.5
2417.0,20.252029660904,20.55744511400956,6.7170254564490985,21.0,0,0.4425548859904396,20.53036421406869,20.5,21.5
2418.0,20.249322660063108,20.554737387289567,6.7161298114472885,21.0,0,0.4452626127104331,20.52766012008963,20.5,21.5
2419.0,20.246616021493384,20.552030023509225,6.715232859537975,21.0,0,0.44796997649077497,20.524956385705806,20.5,21.5
2420.0,20.243909744860993,20.549323022334296,6.714334601404225,21.0,0,0.45067697766570447,20.522253010585,20.5,21.5
2421.0,20.2412038298323,20.546616383430734,6.7134350377300995,21.0,0,0.4533836165692655,20.519549994395124,20.5,21.5
2422.0,20.23849827607388,20.54391010646471,6.712534169200657,21.0,0,0.45608989353528884,20.516847336804478,20.5,21.5
2423.0,20.235793083252506,20.54120419110259,6.711631996501946,21.0,0,0.4587958088974098,20.51414503748138,20.5,21.5
2424.0,20.233088251035156,20.538498637010946,6.710728520321013,21.0,0,0.4615013629890541,20.511443096094503,20.5,21.5
2425.0,20.230383779089014,20.53579344385655,6.709823741345893,21.0,0,0.4642065561434485,20.508741512312607,20.5,21.5
2426.0,20.227679667081464,20.533088611306383,6.708917660265614,21.0,0,0.46691138869361737,20.506040285804694,20.5,21.5
2427.0,20.2249759146801,20.530384139027625,6.708010277770199,21.0,0,0.4696158609723753,20.503339416240046,20.5,21.5
2428.0,20.222272521552718,20.52768002668767,6.707101594550655,21.0,0,0.4723199733123309,20.500638903288113,20.5,21.5
2429.0,20.219569487367316,20.524976273954103,6.706191611298986,21.0,1,0.4750237260458974,20.497938746618438,20.5,21.5
2430.0,20.2368668117921,20.52627288049472,6.705280328708184,21.0,1,0.47372711950528057,20.539238945900888,20.5,21.5
2431.0,20.254160494495483,20.531569045977523,6.704367747472231,21.0,1,0.4684309540224767,20.584530700805562,20.5,21.5
2432.0,20.27145053594608,20.54086397023072,6.703453868286095,21.0,1,0.4591360297692795,20.633813212762693,20.5,21.5
2433.0,20.288736936612548,20.554156853242684,6.702538691845737,21.0,1,0.4458431467573156,20.687085683362323,20.5,21.5
2434.0,20.306019696963595,20.57144689516194,6.701622218848103,21.0,1,0.4285531048380591,20.744347314354506,20.5,21.5
2435.0,20.323298817467972,20.588733296297114,6.700704449991126,21.0,1,0.41126670370288565,20.76159730764885,20.5,21.5
2436.0,20.340574298594476,20.60601605711691,6.699785385973728,21.0,1,0.39398394288308936,20.778843665314874,20.5,21.5
2437.0,20.35784614081195,20.623295178090082,6.698865027495816,21.0,1,0.37670482190991805,20.796086387821795,20.5,21.5
2438.0,20.37511434458929,20.64057065968543,6.6979433752582835,21.0,1,0.35942934031456986,20.813325475638912,20.5,21.5
2439.0,20.392378910395422,20.657842502371796,6.697020429963008,21.0,1,0.3421574976282038,20.830560929235457,20.5,21.5
2440.0,20.409639838699334,20.675110706618067,6.696096192312853,21.0,1,0.32488929338193273,20.847792749080778,20.5,21.5
2441.0,20.426897129970058,20.692375272893184,6.695170663011664,21.0,1,0.3076247271068162,20.86502093564435,20.5,21.5
2442.0,20.444150784676665,20.709636201666125,6.6942438427642745,21.0,1,0.2903637983338747,20.88224548939554,20.5,21.5
2443.0,20.46140080328828,20.726893493405925,6.6933157322764965,21.0,1,0.2731065065940754,20.899466410803917,20.5,21.5
2444.0,20.478647186274078,20.744147148581654,6.692386332255128,21.0,1,0.25585285141834646,20.916683700338943,20.5,21.5
2445.0,20.495889934103275,20.761397167662444,6.691455643407947,21.0,1,0.23860283233755553,20.933897358470354,20.5,21.5
2446.0,20.513129047245137,20.77864355111746,6.690523666443712,21.0,1,0.22135644888253836,20.951107385667633,20.5,21.5
2447.0,20.530364526168977,20.795886299415923,6.689590402072167,21.0,1,0.2041137005840774,20.968313782400532,20.5,21.5
2448.0,20.54759637134416,20.8131254130271,6.688655851004031,21.0,1,0.18687458697289827,20.985516549138893,20.5,21.5
2449.0,20.564824583240092,20.830360892420305,6.687720013951005,21.0,1,0.16963910757969458,21.002715686352342,20.5,21.5
2450.0,20.582049162326236,20.847592738064897,6.686782891625771,21.0,1,0.15240726193510312,21.01991119451081,20.5,21.5
2451.0,20.599270109072094,20.86482095043029,6.685844484741988,21.0,1,0.13517904956971094,21.03710307408421,20.5,21.5
2452.0,20.616487423947227,20.882045529985938,6.684904794014295,21.0,1,0.11795447001406245,21.054291325542422,20.5,21.5
2453.0,20.633701107421242,20.899266477201355,6.683963820158305,21.0,1,0.10073352279864523,21.071475949355527,20.5,21.5
2454.0,20.65091115996379,20.916483792546096,6.6830215638906125,21.0,1,0.0835162074539042,21.088656945993506,20.5,21.5
2455.0,20.668117582044577,20.933697476489762,6.682078025928785,21.0,1,0.06630252351023813,21.105834315926423,20.5,21.5
2456.0,20.685320374133354,20.95090752950201,6.681133206991369,21.0,1,0.04909247049798893,21.123008059624503,20.5,21.5
2457.0,20.702519536699928,20.968113952052555,6.6801871077978845,21.0,1,0.031886047947445206,21.140178177557992,20.5,21.5
2458.0,20.719715070214146,20.985316744611133,6.679239729068827,21.0,1,0.014683255388867167,21.157344670196913,20.5,21.5
2459.0,20.736906975145917,21.002515907647556,6.678291071525666,21.0,1,-0.0025159076475560482,21.174507538011788,20.5,21.5
2460.0,20.754095251965193,21.01971144163168,6.677341135890849,21.0,1,-0.01971144163168148,21.191666781472936,20.5,21.5
2461.0,20.771279901141977,21.03690334703341,6.676389922887788,21.0,1,-0.036903347033408807,21.208822401050682,20.5,21.5
2462.0,20.788460923146324,21.054091624322687,6.6754374332408775,21.0,1,-0.05409162432268744,21.225974397215474,20.5,21.5
2463.0,20.805638318448345,21.071276273969527,6.674483667675478,21.0,1,-0.07127627396952718,21.243122770437925,20.5,21.5
2464.0,20.82281208751819,21.088457296443984,6.673528626917923,21.0,1,-0.08845729644398403,21.260267521188553,20.5,21.5
2465.0,20.83998223082607,21.105634692216157,6.672572311695519,21.0,1,-0.10563469221615662,21.277408649937883,20.5,21.5
2466.0,20.857148748842246,21.12280846175621,6.671614722736541,21.0,1,-0.12280846175621107,21.294546157156756,20.5,21.5
2467.0,20.874311642037025,21.13997860553435,6.670655860770234,21.0,1,-0.13997860553434904,21.31168004331573,20.5,21.5
2468.0,20.89147091088077,21.157145124020836,6.669695726526814,21.0,1,-0.15714512402083614,21.328810308885707,20.5,21.5
2469.0,20.9086265558439,21.17430801768598,6.668734320737463,21.0,1,-0.1743080176859806,21.345936954337425,20.5,21.5
2470.0,20.925778577396876,21.191467287000144,6.667771644134336,21.0,1,-0.19146728700014393,21.363059980141777,20.5,21.5
2471.0,20.942926976010224,21.208622932433737,6.666807697450553,21.0,1,-0.20862293243373742,21.380179386769672,20.5,21.5
2472.0,20.960071752154512,21.225774954457236,6.665842481420199,21.0,1,-0.22577495445723628,21.397295174692225,20.5,21.5
2473.0,20.977212906300366,21.242923353541155,6.6648759967783295,21.0,1,-0.2429233535411548,21.41440734438034,20.5,21.5
2474.0,20.994350438918463,21.26006813015607,6.663908244260965,21.0,1,-0.2600681301560712,21.431515896305235,20.5,21.5
2475.0,21.01148435047953,21.277209284772603,6.66293922460509,21.0,1,-0.27720928477260287,21.44862083093792,20.5,21.5
2476.0,21.028614641454357,21.294346817861427,6.6619689385486565,21.0,1,-0.29434681786142747,21.465722148749673,20.5,21.5
2477.0,21.045741312313776,21.31148072989328,6.660997386830578,21.0,1,-0.3114807298932796,21.4828198502118,20.5,21.5
2478.0,21.06286436352868,21.328611021338943,6.6600245701907355,21.0,1,-0.3286110213389435,21.499913935795583,20.5,21.5
2479.0,21.079983795570012,21.345737692669253,6.659050489369968,21.0,0,-0.34573769266925325,21.51700440597235,20.5,21.5
2480.0,21.07709960890877,21.3588607443551,6.658075145110083,21.0,0,-0.3588607443550984,21.49009126121355,20.5,21.5
2481.0,21.07421580401601,21.367980976867432,6.657098538153847,21.0,0,-0.3679809768674325,21.459183301990773,20.5,21.5
2482.0,21.071332380562836,21.373099190517244,6.656120669244989,21.0,0,-0.3730991905172445,21.424281327015365,20.5,21.5
2483.0,21.068449338220574,21.37421618545563,6.655141539128198,21.0,0,-0.37421618545563007,21.385386134839486,20.5,21.5
2484.0,21.065566676660755,21.371332761673777,6.654161148549123,21.0,0,-0.37133276167377716,21.342498523855248,20.5,21.5
2485.0,21.06268439555513,21.368449719003053,6.653179498254377,21.0,0,-0.3684497190030527,21.339619292295808,20.5,21.5
2486.0,21.05980249457567,21.36556705711498,6.6521965889915275,21.0,0,-0.36556705711497983,21.33674043823425,20.5,21.5
2487.0,21.056920973394554,21.362684775681323,6.651212421509103,21.0,0,-0.3626847756813234,21.33386196134476,20.5,21.5
2488.0,21.05403983168418,21.359802874374047,6.65022699655659,21.0,0,-0.3598028743740471,21.330983861301284,20.5,21.5
2489.0,21.051159069117155,21.35692135286532,6.649240314884433,21.0,0,-0.3569213528653208,21.328106137778057,20.5,21.5
2490.0,21.04827868536631,21.35404021082756,6.648252377244032,21.0,0,-0.3540402108275593,21.325228790449945,20.5,21.5
2491.0,21.045398680104686,21.351159447933362,6.647263184387744,21.0,0,-0.3511594479333624,21.322351818991393,20.5,21.5
2492.0,21.04251905300554,21.348279063855564,6.646272737068884,21.0,0,-0.3482790638555642,21.319475223077582,20.5,21.5
2493.0,21.039639803742354,21.345399058267198,6.64528103604172,21.0,0,-0.34539905826719774,21.316599002383533,20.5,21.5
2494.0,21.036760931988812,21.34251943084153,6.644288082061475,21.0,0,-0.3425194308415307,21.31372315658486,20.5,21.5
2495.0,21.03388243741883,21.339640181252033,6.643293875884328,21.0,0,-0.3396401812520331,21.310847685357057,20.5,21.5
2496.0,21.031004319706522,21.336761309172395,6.6422984182674085,21.0,0,-0.33676130917239533,21.307972588376018,20.5,21.5
2497.0,21.028126578526233,21.33388281427653,6.641301709968801,21.0,0,-0.33388281427653155,21.305097865317894,20.5,21.5
2498.0,21.025249213552524,21.331004696238566,6.640303751747544,21.0,0,-0.33100469623856554,21.302223515858906,20.5,21.5
2499.0,21.022372224460163,21.328126954732834,6.639304544363625,21.0,0,-0.32812695473283426,21.29934953967552,20.5,21.5
2500.0,21.019495610924142,21.325249589433902,6.638304088577984,21.0,0,-0.32524958943390203,21.29647593644458,20.5,21.5
2501.0,21.016619372619672,21.32237260001653,6.637302385152511,21.0,0,-0.32237260001652857,21.293602705842794,20.5,21.5
2502.0,21.01374350922218,21.31949598615572,6.636299434850047,21.0,0,-0.3194959861557187,21.29072984754762,20.5,21.5
2503.0,21.010868020407305,21.316619747526676,6.635295238434383,21.0,0,-0.3166197475266763,21.287857361236252,20.5,21.5
2504.0,21.00799290585091,21.313743883804825,6.634289796670258,21.0,0,-0.31374388380482543,21.284985246586317,20.5,21.5
2505.0,21.00511816522907,21.31086839466581,6.633283110323358,21.0,0,-0.3108683946658104,21.28211350327566,20.5,21.5
2506.0,21.00224379821809,21.307993279785496,6.63227518016032,21.0,0,-0.30799327978549584,21.27924213098235,20.5,21.5
2507.0,20.999369804494478,21.305118538839956,6.631266006948728,21.0,0,-0.305118538839956,21.276371129384557,20.5,21.5
2508.0,20.99649618373497,21.302244171505485,6.630255591457108,21.0,0,-0.3022441715054853,21.27350049816078,20.5,21.5
2509.0,20.993622935616514,21.299370177458606,6.629243934454938,21.0,0,-0.2993701774586057,21.27063023698981,20.5,21.5
2510.0,20.990750059816282,21.29649655637605,6.628231036712639,21.0,0,-0.29649655637604866,21.267760345550478,20.5,21.5
2511.0,20.98787755601166,21.293623307934766,6.627216899001574,21.0,0,-0.2936233079347659,21.264890823521938,20.5,21.5
2512.0,20.98500542388026,21.290750431811922,6.626201522094055,21.0,0,-0.2907504318119223,21.262021670583486,20.5,21.5
2513.0,20.9821336630999,21.28787792768491,6.6251849067633355,21.0,0,-0.28787792768491016,21.25915288641479,20.5,21.5
2514.0,20.979262273348635,21.285005795231335,6.624167053783612,21.0,0,-0.28500579523133496,21.256284470695583,20.5,21.5
2515.0,20.976391254304723,21.282134034129022,6.623147963930025,21.0,0,-0.2821340341290224,21.253416423105897,20.5,21.5
2516.0,20.973520605646648,21.279262644056022,6.622127637978653,21.0,0,-0.27926264405602197,21.250548743326018,20.5,21.5
2517.0,20.970650327053114,21.276391624690593,6.621106076706521,21.0,0,-0.27639162469059286,21.247681431036302,20.5,21.5
2518.0,20.967780418203045,21.27352097571122,6.620083280891592,21.0,0,-0.2735209757112216,21.24481448591751,20.5,21.5
2519.0,20.964910878775584,21.27065069679661,6.619059251312769,21.0,0,-0.27065069679661136,21.24194790765051,20.5,21.5
2520.0,20.96204170845009,21.267780787625682,6.618033988749895,21.0,0,-0.26778078762568214,21.23908169591639,20.5,21.5
2521.0,20.95917290690615,21.264911247877585,6.617007493983753,21.0,0,-0.2649112478775848,21.23621585039661,20.5,21.5
2522.0,20.956304473823565,21.262042077231673,6.615979767796061,21.0,0,-0.2620420772316727,21.233350370772552,20.5,21.5
2523.0,20.95343640888236,21.259173275367537,6.61495081096948,21.0,0,-0.2591732753675373,21.230485256726183,20.5,21.5
2524.0,20.950568711762777,21.256304841964976,6.613920624287604,21.0,0,-0.25630484196497605,21.227620507939363,20.5,21.5
2525.0,20.947701382145283,21.253436776704014,6.612889208534965,21.0,0,-0.25343677670401377,21.22475612409439,20.5,21.5
2526.0,20.94483441971056,21.250569079264892,6.611856564497032,21.0,0,-0.250569079264892,21.221892104873675,20.5,21.5
2527.0,20.941967824139518,21.247701749328083,6.610822692960206,21.0,0,-0.2477017493280833,21.219028449959996,20.5,21.5
2528.0,20.939101595113282,21.244834786574266,6.609787594711828,21.0,0,-0.24483478657426616,21.216165159036095,20.5,21.5
2529.0,20.9362357323132,21.241968190684354,6.60875127054017,21.0,0,-0.2419681906843536,21.213302231785228,20.5,21.5
2530.0,20.933370235420846,21.239101961339465,6.607713721234434,21.0,0,-0.2391019613394647,21.210439667890576,20.5,21.5
2531.0,20.93050510411801,21.236236098220957,6.606674947584764,21.0,0,-0.2362360982209566,21.207577467035875,20.5,21.5
2532.0,20.9276403380867,21.233370601010392,6.605634950382229,21.0,0,-0.23337060101039242,21.20471562890475,20.5,21.5
2533.0,20.92477593700916,21.230505469389566,6.6045937304188325,21.0,0,-0.2305054693895663,21.201854153181305,20.5,21.5
2534.0,20.921911900567842,21.227640703040496,6.603551288487509,21.0,0,-0.2276407030404961,21.198993039549794,20.5,21.5
2535.0,20.919048228445426,21.224776301645413,6.602507625382121,21.0,0,-0.22477630164541296,21.19613228769458,20.5,21.5
2536.0,20.916184920324813,21.22191226488677,6.601462741897467,21.0,0,-0.22191226488677174,21.19327189730036,20.5,21.5
2537.0,20.91332197588913,21.21904859244726,6.6004166388292695,21.0,0,-0.21904859244725827,21.190411868052124,20.5,21.5
2538.0,20.910459394821718,21.21618528400977,6.599369316974181,21.0,0,-0.21618528400977155,21.187552199634904,20.5,21.5
2539.0,20.90759717680615,21.21332233925743,6.598320777129784,21.0,0,-0.21332233925743083,21.184692891734024,20.5,21.5
2540.0,20.904735321526214,21.210459757873586,6.5972710200945865,21.0,0,-0.21045975787358628,21.18183394403514,20.5,21.5
2541.0,20.901873828665927,21.20759753954181,6.596220046668023,21.0,0,-0.20759753954180837,21.17897535622403,20.5,21.5
2542.0,20.899012697909527,21.204735683945888,6.595167857650457,21.0,0,-0.20473568394588781,21.176117127986682,20.5,21.5
2543.0,20.896151928941475,21.201874190769836,6.594114453843176,21.0,0,-0.2018741907698356,21.173259259009313,20.5,21.5
2544.0,20.893291521446454,21.199013059697897,6.5930598360483925,21.0,0,-0.19901305969789718,21.170401748978513,20.5,21.5
2545.0,20.890431475109374,21.19615229041453,6.592004005069244,21.0,0,-0.1961522904145312,21.16754459758087,20.5,21.5
2546.0,20.887571789615365,21.19329188260442,6.5909469617097916,21.0,0,-0.1932918826044201,21.16468780450331,20.5,21.5
2547.0,20.884712464649784,21.190431835952474,6.58988870677502,21.0,0,-0.1904318359524737,21.16183136943301,20.5,21.5
2548.0,20.88185349989821,21.18757215014382,6.588829241070837,21.0,0,-0.18757215014381856,21.158975292057267,20.5,21.5
2549.0,20.878994895046443,21.184712824863816,6.587768565404069,21.0,0,-0.18471282486381568,21.156119572063787,20.5,21.5
2550.0,20.876136649780513,21.181853859798046,6.58670668058247,21.0,0,-0.18185385979804636,21.153264209140353,20.5,21.5
2551.0,20.873278763786672,21.178995254632305,6.58564358741471,21.0,0,-0.17899525463230503,21.150409202974892,20.5,21.5
2552.0,20.870421236751397,21.176137009052628,6.584579286710381,21.0,0,-0.17613700905262775,21.147554553255855,20.5,21.5
2553.0,20.86756406836139,21.173279122745264,6.583513779279995,21.0,0,-0.1732791227452637,21.144700259671623,20.5,21.5
2554.0,20.86470725830357,21.17042159539669,6.58244706593498,21.0,0,-0.17042159539668944,21.141846321910947,20.5,21.5
2555.0,20.8618508062651,21.167564426693605,6.581379147487687,21.0,0,-0.16756442669360538,21.138992739662765,20.5,21.5
2556.0,20.858994711933345,21.16470761632294,6.580310024751381,21.0,0,-0.1647076163229393,21.13613951261628,20.5,21.5
2557.0,20.856138974995908,21.161851163971843,6.5792396985402455,21.0,0,-0.16185116397184274,21.133286640460877,20.5,21.5
2558.0,20.853283595140617,21.15899506932769,6.5781681696693814,21.0,0,-0.15899506932769114,21.130434122886175,20.5,21.5
2559.0,20.850428572055524,21.156139332078084,6.577095438954804,21.0,0,-0.15613933207808373,21.12758195958201,20.5,21.5
2560.0,20.847573905428902,21.153283951910844,6.576021507213444,21.0,0,-0.15328395191084354,21.12473015023844,20.5,21.5
2561.0,20.844719594949257,21.150428928514028,6.574946375263147,21.0,0,-0.15042892851402812,21.121878694545874,20.5,21.5
2562.0,20.841865640305322,21.14757426157591,6.573870043922675,21.0,0,-0.1475742615759117,21.119027592194747,20.5,21.5
2563.0,20.839012041186045,21.144719950784996,6.572792514011699,21.0,0,-0.1447199507849959,21.116176842875838,20.5,21.5
2564.0,20.83615879728061,21.141865995830017,6.571713786350804,21.0,0,-0.1418659958300168,21.113326446280226,20.5,21.5
2565.0,20.833305908278426,21.139012396399924,6.570633861761491,21.0,0,-0.1390123963999237,21.110476402098993,20.5,21.5
2566.0,20.830453373869123,21.136159152183893,6.569552741066166,21.0,0,-0.13615915218389318,21.107626710023588,20.5,21.5
2567.0,20.827601193742563,21.13330626287134,6.568470425088153,21.0,0,-0.13330626287133995,21.104777369745808,20.5,21.5
2568.0,20.824749367588833,21.1304537281519,6.56738691465168,21.0,0,-0.13045372815189893,21.10192838095749,20.5,21.5
2569.0,20.821897895098246,21.12760154771542,6.566302210581888,21.0,0,-0.12760154771542176,21.09907974335065,20.5,21.5
2570.0,20.819046775961343,21.124749721252005,6.565216313704828,21.0,0,-0.12474972125200523,21.09623145661784,20.5,21.5
2571.0,20.816196009868893,21.12189824845196,6.564129224847456,21.0,0,-0.12189824845195929,21.0933835204515,20.5,21.5
2572.0,20.813345596511887,21.119047129005825,6.5630409448376374,21.0,0,-0.11904712900582481,21.09053593454448,20.5,21.5
2573.0,20.810495535581552,21.116196362604366,6.561951474504146,21.0,0,-0.1161963626043665,21.087688698589783,20.5,21.5
2574.0,20.807645826769335,21.113345948938587,6.560860814676659,21.0,0,-0.11334594893858707,21.084841812280793,20.5,21.5
2575.0,20.804796469766917,21.1104958876997,6.559768966185763,21.0,0,-0.11049588769969887,21.081995275310817,20.5,21.5
2576.0,20.8019474642662,21.10764617857916,6.5586759298629485,21.0,0,-0.10764617857915937,21.079149087373764,20.5,21.5
2577.0,20.799098809959318,21.104796821268643,6.557581706540608,21.0,0,-0.10479682126864276,21.076303248163477,20.5,21.5
2578.0,20.796250506538634,21.10194781546006,6.556486297052042,21.0,0,-0.10194781546006126,21.073457757374246,20.5,21.5
2579.0,20.793402553696737,21.099099160845544,6.555389702231452,21.0,0,-0.09909916084554382,21.07061261470037,20.5,21.5
2580.0,20.790554951126445,21.09625085711745,6.554291922913942,21.0,0,-0.0962508571174503,21.067767819836515,20.5,21.5
2581.0,20.7877076985208,21.09340290396837,6.55319295993552,21.0,0,-0.09340290396837148,21.064923372477583,20.5,21.5
2582.0,20.784860795573085,21.090555301091126,6.552092814133092,21.0,0,-0.09055530109112553,21.062079272318666,20.5,21.5
2583.0,20.782014241976796,21.087708048178758,6.5509914863444685,21.0,0,-0.08770804817875799,21.059235519055083,20.5,21.5
2584.0,20.77916803742567,21.084861144924545,6.549888977408359,21.0,0,-0.08486114492454533,21.05639211238242,20.5,21.5
2585.0,20.776322181613665,21.082014591021988,6.548785288164371,21.0,0,-0.08201459102198783,21.053549051996413,20.5,21.5
2586.0,20.773476674234974,21.07916838616482,6.5476804194530125,21.0,0,-0.07916838616482025,21.050706337593144,20.5,21.5
2587.0,20.770631514984018,21.07632253004701,6.546574372115688,21.0,0,-0.07632253004700829,21.04786396886889,20.5,21.5
2588.0,20.767786703555444,21.073477022362738,6.545467146994702,21.0,0,-0.0734770223627379,21.045021945520034,20.5,21.5
2589.0,20.76494223964413,21.07063186280643,6.544358744933254,21.0,0,-0.07063186280642952,21.042180267243346,20.5,21.5
2590.0,20.76209812294519,21.067787051072735,6.543249166775441,21.0,0,-0.06778705107273453,21.039338933735785,20.5,21.5
2591.0,20.759254353153956,21.064942586856528,6.542138413366253,21.0,0,-0.0649425868565281,21.036497944694464,20.5,21.5
2592.0,20.756410929966,21.062098469852927,6.541026485551578,21.0,0,-0.062098469852926996,21.033657299816916,20.5,21.5
2593.0,20.753567853077115,21.05925469975726,6.539913384178199,21.0,0,-0.059254699757261164,21.030816998800603,20.5,21.5
2594.0,20.750725122183336,21.056411276265102,6.53879911009379,21.0,0,-0.05641127626510212,21.02797704134351,20.5,21.5
2595.0,20.74788273698092,21.05356819907225,6.537683664146919,21.0,0,-0.053568199072248746,21.025137427143715,20.5,21.5
2596.0,20.745040697166353,21.050725467874727,6.536567047187047,21.0,0,-0.050725467874727315,21.022298155899513,20.5,21.5
2597.0,20.742199002436358,21.0478830823688,6.535449260064525,21.0,0,-0.04788308236879857,21.01945922730951,20.5,21.5
2598.0,20.739357652487882,21.04504104225095,6.5343303036305995,21.0,0,-0.045041042250950625,21.01662064107247,20.5,21.5
2599.0,20.73651664701811,21.042199347217906,6.533210178737401,21.0,0,-0.04219934721790608,21.01378239688746,20.5,21.5
2600.0,20.733675985724453,21.03935799696661,6.532088886237956,21.0,0,-0.03935799696661135,21.010944494453664,20.5,21.5
2601.0,20.730835668304557,21.036516991194254,6.5309664269861765,21.0,0,-0.036516991194254445,21.008106933470685,20.5,21.5
2602.0,20.727995694456293,21.03367632959824,6.529842801836864,21.0,0,-0.03367632959824007,21.005269713638096,20.5,21.5
2603.0,20.72515606387777,21.030836011876218,6.528718011645708,21.0,0,-0.030836011876218095,21.002432834656,20.5,21.5
2604.0,20.722316776267323,21.02799603772606,6.527592057269285,21.0,0,-0.02799603772605863,20.999596296224464,20.5,21.5
2605.0,20.719477831323523,21.025156406845873,6.526464939565058,21.0,0,-0.02515640684587339,20.99676009804402,20.5,21.5
2606.0,20.716639228745173,21.022317118933994,6.525336659391377,21.0,0,-0.02231711893399435,20.993924239815204,20.5,21.5
2607.0,20.7138009682313,21.019478173688995,6.524207217607476,21.0,0,-0.01947817368899507,20.991088721239002,20.5,21.5
2608.0,20.710963049481176,21.016639570809676,6.5230766150734745,21.0,0,-0.016639570809676485,20.98825354201649,20.5,21.5
2609.0,20.708125472194293,21.013801309995067,6.521944852650374,21.0,0,-0.013801309995066902,20.98541870184897,20.5,21.5
2610.0,20.705288236070384,21.01096339094444,6.520811931200062,21.0,0,-0.010963390944439766,20.98258420043817,20.5,21.5
2611.0,20.70245134080941,21.00812581335729,6.519677851585308,21.0,0,-0.008125813357288791,20.97975003748578,20.5,21.5
2612.0,20.699614786111567,21.00528857693334,6.518542614669761,21.0,0,-0.005288576933338618,20.976916212693837,20.5,21.5
2613.0,20.696778571677278,21.00245168137256,6.517406221317957,21.0,0,-0.0024516813725590225,20.974082725764763,20.5,21.5
2614.0,20.693942697207206,20.99961512637514,6.516268672395305,21.0,0,0.00038487362485994936,20.97124957640095,20.5,21.5
2615.0,20.691107162402243,20.996778911641513,6.515129968768099,21.0,0,0.003221088358486668,20.968416764305246,20.5,21.5
2616.0,20.688271966963516,20.99394303687233,6.513990111303513,21.0,0,0.006056963127669235,20.965584289180505,20.5,21.5
2617.0,20.685437110592385,20.991107501768496,6.512849100869596,21.0,0,0.00889249823150351,20.962752150730154,20.5,21.5
2618.0,20.682602592990442,20.988272306031128,6.51170693833528,21.0,0,0.011727693968872188,20.95992034865744,20.5,21.5
2619.0,20.67976841385951,20.98543744936159,6.510563624570367,21.0,0,0.014562550638409277,20.95708888266622,20.5,21.5
2620.0,20.67693457290165,20.98260293146147,6.509419160445544,21.0,0,0.017397068538528515,20.95425775246028,20.5,21.5
2621.0,20.67410106981916,20.9797687520326,6.508273546832369,21.0,0,0.020231247967398502,20.9514269577439,20.5,21.5
2622.0,20.67126790431456,20.976934910777036,6.507126784603276,21.0,0,0.02306508922296402,20.94859649822138,20.5,21.5
2623.0,20.66843507609062,20.974101407397068,6.505978874631575,21.0,0,0.025898592602931814,20.94576637359739,20.5,21.5
2624.0,20.66560258485033,20.971268241595233,6.50482981779145,21.0,0,0.02873175840476705,20.94293658357688,20.5,21.5
2625.0,20.662770430296916,20.968435413074282,6.503679614957955,21.0,0,0.031564586925718174,20.94010712786477,20.5,21.5
2626.0,20.65993861213385,20.965602921537222,6.502528267007023,21.0,0,0.03439707846277784,20.937278006166625,20.5,21.5
2627.0,20.657107130064823,20.962770766687278,6.501375774815453,21.0,0,0.03722923331272199,20.934449218187837,20.5,21.5
2628.0,20.654275983793774,20.959938948227908,6.500222139260918,21.0,0,0.04006105177209207,20.931620763634207,20.5,21.5
2629.0,20.651445173024868,20.957107465862816,6.499067361221965,21.0,0,0.04289253413718441,20.928792642211892,20.5,21.5
2630.0,20.648614697462506,20.954276319295936,6.497911441578005,21.0,0,0.04572368070406441,20.925964853627136,20.5,21.5
2631.0,20.64578455681133,20.95144550823143,6.49675438120932,21.0,0,0.048554491768570074,20.923137397586373,20.5,21.5
2632.0,20.64295475077621,20.948615032373706,6.4955961809970635,21.0,0,0.0513849676262943,20.920310273796463,20.5,21.5
2633.0,20.640125279062254,20.9457848914274,6.494436841823256,21.0,0,0.054215108572599036,20.917483481964354,20.5,21.5
2634.0,20.637296141374804,20.94295508509739,6.493276364570782,21.0,0,0.057044914902611765,20.91465702179726,20.5,21.5
2635.0,20.634467337419444,20.940125613088778,6.492114750123399,21.0,0,0.05987438691122193,20.911830893002676,20.5,21.5
2636.0,20.631638866901984,20.937296475106912,6.490951999365724,21.0,0,0.06270352489308806,20.90900509528825,20.5,21.5
2637.0,20.628810729528478,20.934467670857366,6.489788113183245,21.0,0,0.06553232914263418,20.906179628361905,20.5,21.5
2638.0,20.62598292500521,20.931639200045957,6.488623092462308,21.0,0,0.06836079995404276,20.90335449193187,20.5,21.5
2639.0,20.623155453038702,20.928811062378735,6.48745693809013,21.0,0,0.07118893762126532,20.90052968570651,20.5,21.5
2640.0,20.620328313335712,20.925983257561988,6.486289650954789,21.0,0,0.07401674243801182,20.897705209394523,20.5,21.5
2641.0,20.617501505603236,20.923155785302242,6.4851212319452225,21.0,0,0.0768442146977577,20.894881062704783,20.5,21.5
2642.0,20.614675029548504,20.92032864530625,6.483951681951233,21.0,0,0.07967135469375108,20.892057245346315,20.5,21.5
2643.0,20.611848884878984,20.917501837281,6.482781001863485,21.0,0,0.08249816271899846,20.889233757028528,20.5,21.5
2644.0,20.60902307130238,20.914675360933735,6.481609192573501,21.0,0,0.08532463906626475,20.886410597461072,20.5,21.5
2645.0,20.606197588526637,20.91184921597192,6.480436254973664,21.0,0,0.08815078402808041,20.883587766353763,20.5,21.5
2646.0,20.603372436259928,20.90902340210326,6.47926218995722,21.0,0,0.0909765978967414,20.88076526341665,20.5,21.5
2647.0,20.60054761421067,20.90619791903569,6.478086998418268,21.0,0,0.0938020809643092,20.877943088360013,20.5,21.5
2648.0,20.597723122087512,20.903372766477396,6.476910681251768,21.0,0,0.09662723352260372,20.87512124089445,20.5,21.5
2649.0,20.594898959599345,20.900547944136786,6.475733239353537,21.0,0,0.09945205586321393,20.872299720730684,20.5,21.5
2650.0,20.592075126455295,20.89772345172252,6.474554673620248,21.0,0,0.10227654827748012,20.869478527579858,20.5,21.5
2651.0,20.589251622364728,20.894899288943478,6.473374984949431,21.0,0,0.1051007110565223,20.866657661153056,20.5,21.5
2652.0,20.586428447037246,20.892075455508795,6.472194174239469,21.0,0,0.1079245444912047,20.86383712116197,20.5,21.5
2653.0,20.583605600182686,20.88925195112783,6.471012242389601,21.0,0,0.11074804887217127,20.861016907318163,20.5,21.5
2654.0,20.58078308151113,20.886428775510186,6.4698291902999205,21.0,0,0.11357122448981372,20.858197019333762,20.5,21.5
2655.0,20.577960890732886,20.883605928365704,6.468645018871371,21.0,0,0.11639407163429638,20.855377456920877,20.5,21.5
2656.0,20.575139027558514,20.880783409404465,6.4674597290057525,21.0,0,0.11921659059553491,20.85255821979208,20.5,21.5
2657.0,20.572317491698804,20.877961218336775,6.4662733216057156,21.0,0,0.12203878166322468,20.849739307659878,20.5,21.5
2658.0,20.569496282864787,20.875139354873195,6.4650857975747575,21.0,0,0.12486064512680528,20.84692072023739,20.5,21.5
2659.0,20.56667540076773,20.872317818724518,6.463897157817232,21.0,0,0.1276821812754818,20.844102457237753,20.5,21.5
2660.0,20.56385484511914,20.869496609601764,6.462707403238341,21.0,0,0.13050339039823555,20.841284518374227,20.5,21.5
2661.0,20.561034615630764,20.86667572721621,6.461516534744132,21.0,0,0.13332427278378844,20.838466903360683,20.5,21.5
2662.0,20.558214712014586,20.86385517127937,6.460324553241505,21.0,0,0.1361448287206315,20.835649611910938,20.5,21.5
2663.0,20.55539513398283,20.861034941502975,6.459131459638204,21.0,0,0.13896505849702478,20.832832643739042,20.5,21.5
2664.0,20.55257588124796,20.85821503759902,6.4579372548428235,21.0,0,0.1417849624009797,20.83001599855947,20.5,21.5
2665.0,20.54975695352268,20.85539545927973,6.4567419397648,21.0,0,0.14460454072026963,20.82719967608683,20.5,21.5
2666.0,20.54693835051993,20.852576206257567,6.455545515314421,21.0,0,0.14742379374243342,20.82438367603593,20.5,21.5
2667.0,20.54412007195289,20.849757278245228,6.454347982402814,21.0,0,0.15024272175477194,20.821567998121843,20.5,21.5
2668.0,20.54130211753498,20.84693867495566,6.453149341941952,21.0,0,0.1530613250443409,20.81875264205997,20.5,21.5
2669.0,20.53848448697986,20.84412039610204,6.451949594844653,21.0,0,0.15587960389796152,20.815937607565832,20.5,21.5
2670.0,20.535667180001433,20.84130244139779,6.450748742024576,21.0,0,0.1586975586022099,20.813122894355306,20.5,21.5
2671.0,20.532850196313838,20.838484810556572,6.4495467843962215,21.0,0,0.1615151894434277,20.810308502144395,20.5,21.5
2672.0,20.530033535631453,20.835667503292285,6.4483437228749345,21.0,0,0.16433249670771488,20.807494430649413,20.5,21.5
2673.0,20.527217197668904,20.83285051931907,6.447139558376899,21.0,0,0.16714948068092994,20.80468067958692,20.5,21.5
2674.0,20.524401182141045,20.830033858351307,6.445934291819137,21.0,0,0.16996614164869328,20.801867248673673,20.5,21.5
2675.0,20.52158548876298,20.827217520103613,6.444727924119511,21.0,0,0.1727824798963873,20.799054137626673,20.5,21.5
2676.0,20.518770117250053,20.824401504290854,6.443520456196724,21.0,0,0.17559849570914565,20.79624134616327,20.5,21.5
2677.0,20.515955067317844,20.821585810628132,6.442311888970316,21.0,0,0.1784141893718676,20.793428874000913,20.5,21.5
2678.0,20.513140338682174,20.81877043883079,6.4411022233606605,21.0,0,0.18122956116921074,20.790616720857358,20.5,21.5
2679.0,20.51032593105911,20.8159553886144,6.439891460288974,21.0,0,0.18404461138559824,20.787804886450527,20.5,21.5
2680.0,20.507511844164956,20.8131406596948,6.438679600677303,21.0,0,0.18685934030520102,20.78499337049877,20.5,21.5
2681.0,20.50469807771626,20.810326251788037,6.437466645448531,21.0,0,0.1896737482119626,20.78218217272042,20.5,21.5
2682.0,20.501884631429807,20.807512164610433,6.436252595526378,21.0,0,0.19248783538956715,20.779371292834387,20.5,21.5
2683.0,20.499071505022627,20.80469839787852,6.435037451835394,21.0,0,0.19530160212147862,20.776560730559407,20.5,21.5
2684.0,20.49625869821199,20.8018849513091,6.4338212153009655,21.0,0,0.19811504869090157,20.77375048561487,20.5,21.5
2685.0,20.49344621071541,20.799071824619187,6.432603886849309,21.0,0,0.2009281753808132,20.77094055772007,20.5,21.5
2686.0,20.490634042250637,20.79625901752606,6.4313854674074715,21.0,0,0.20374098247393846,20.76813094659481,20.5,21.5
2687.0,20.487822192535667,20.793446529747236,6.430165957903335,21.0,0,0.20655347025276427,20.765321651958978,20.5,21.5
2688.0,20.48501066128874,20.790634361000457,6.428945359265606,21.0,0,0.20936563899954308,20.76251267353267,20.5,21.5
2689.0,20.482199448228336,20.78782251100373,6.427723672423827,21.0,0,0.21217748899627153,20.759704011036444,20.5,21.5
2690.0,20.479388553073175,20.78501097947528,6.426500898308364,21.0,0,0.2149890205247189,20.756895664190807,20.5,21.5
2691.0,20.476577975542224,20.7821997661336,6.425277037850411,21.0,0,0.21780023386639868,20.754087632716804,20.5,21.5
2692.0,20.473767715354686,20.779388870697407,6.424052091981993,21.0,0,0.2206111293025934,20.75127991633546,20.5,21.5
2693.0,20.470957772230012,20.77657829288566,6.422826061635959,21.0,0,0.2234217071143405,20.74847251476819,20.5,21.5
2694.0,20.46814814588789,20.77376803241757,6.421598947745984,21.0,0,0.2262319675824287,20.74566542773669,20.5,21.5
2695.0,20.465338836048264,20.770958089012588,6.420370751246571,21.0,0,0.22904191098741222,20.742858654962752,20.5,21.5
2696.0,20.462529842431305,20.768148462390407,6.419141473073042,21.0,0,0.2318515376095931,20.740052196168598,20.5,21.5
2697.0,20.459721164757433,20.765339152270958,6.417911114161547,21.0,0,0.2346608477290424,20.737246051076465,20.5,21.5
2698.0,20.456912802747315,20.762530158374414,6.416679675449058,21.0,0,0.23746984162558604,20.734440219408977,20.5,21.5
2699.0,20.454104756121854,20.759721480421206,6.415447157873368,21.0,0,0.2402785195787942,20.731634700889124,20.5,21.5
2700.0,20.451297024602205,20.756913118131997,6.414213562373095,21.0,0,0.24308688186800254,20.728829495239914,20.5,21.5
2701.0,20.44848960790976,20.754105071227688,6.412978889887674,21.0,0,0.24589492877231223,20.72602460218459,20.5,21.5
2702.0,20.445682505766158,20.75129733942943,6.411743141357363,21.0,0,0.24870266057056867,20.723220021446867,20.5,21.5
2703.0,20.442875717893276,20.748489922458624,6.410506317723236,21.0,0,0.25151007754137567,20.720415752750554,20.5,21.5
2704.0,20.44006924401324,20.745682820036897,6.409268419927189,21.0,0,0.25431717996310255,20.71761179581963,20.5,21.5
2705.0,20.437263083848425,20.742876031886144,6.408029448911936,21.0,0,0.25712396811385574,20.714808150378612,20.5,21.5
2706.0,20.43445723712144,20.740069557728482,6.406789405621009,21.0,0,0.25993044227151785,20.71200481615186,20.5,21.5
2707.0,20.43165170355514,20.737263397286277,6.40554829099875,21.0,0,0.2627366027137228,20.709201792864228,20.5,21.5
2708.0,20.42884648287263,20.73445755028215,6.404306105990325,21.0,0,0.2655424497178487,20.706399080240892,20.5,21.5
2709.0,20.426041574797253,20.73165201643895,6.403062851541712,21.0,0,0.26834798356104983,20.70359667800694,20.5,21.5
2710.0,20.423236979052604,20.728846795479786,6.401818528599701,21.0,0,0.2711532045202141,20.700794585888143,20.5,21.5
2711.0,20.420432695362514,20.726041887128,6.400573138111902,21.0,0,0.27395811287199834,20.69799280361016,20.5,21.5
2712.0,20.417628723451063,20.72323729110719,6.399326681026731,21.0,0,0.27676270889281085,20.695191330899064,20.5,21.5
2713.0,20.414825063042578,20.720433007141178,6.39807915829342,21.0,0,0.2795669928588218,20.69239016748107,20.5,21.5
2714.0,20.412021713861627,20.717629034954054,6.3968305708620115,21.0,0,0.2823709650459456,20.689589313082816,20.5,21.5
2715.0,20.409218675633028,20.71482537427014,6.39558091968336,21.0,0,0.28517462572985863,20.68678876743101,20.5,21.5
2716.0,20.406415948081836,20.712022024814004,6.394330205709129,21.0,0,0.28797797518599566,20.683988530252634,20.5,21.5
2717.0,20.403613530933363,20.709218986310464,6.3930784298917915,21.0,0,0.2907810136895357,20.681188601275064,20.5,21.5
2718.0,20.400811423913154,20.706416258484577,6.391825593184629,21.0,0,0.2935837415154232,20.6783889802257,20.5,21.5
2719.0,20.398009626747008,20.703613841061653,6.390571696541731,21.0,0,0.29638615893834697,20.675589666832416,20.5,21.5
2720.0,20.395208139160967,20.700811733767242,6.3893167409179945,21.0,0,0.2991882662327576,20.672790660823136,20.5,21.5
2721.0,20.39240696088132,20.698009936327136,6.388060727269123,21.0,0,0.3019900636728643,20.66999196192607,20.5,21.5
2722.0,20.389606091634597,20.695208448467383,6.386803656551626,21.0,0,0.3047915515326167,20.66719356986986,20.5,21.5
2723.0,20.38680553114758,20.69240726991427,6.385545529722817,21.0,0,0.3075927300857302,20.664395484383135,20.5,21.5
2724.0,20.384005279147296,20.68960640039433,6.384286347740813,21.0,0,0.31039359960567126,20.661597705194918,20.5,21.5
2725.0,20.381205335361013,20.68680583963434,6.383026111564539,21.0,0,0.3131941603656614,20.658800232034437,20.5,21.5
2726.0,20.378405699516254,20.68400558736132,6.381764822153717,21.0,0,0.31599441263868044,20.65600306463113,20.5,21.5
2727.0,20.37560637134078,20.681205643302555,6.3805024804688735,21.0,0,0.3187943566974454,20.653206202714905,20.5,21.5
2728.0,20.372807350562606,20.67840600718556,6.3792390874713405,21.0,0,0.3215939928144387,20.65040964601563,20.5,21.5
2729.0,20.370008636909986,20.6756066787381,6.377974644123242,21.0,0,0.32439332126190124,20.647613394263473,20.5,21.5
2730.0,20.36721023011143,20.672807657688182,6.376709151387508,21.0,0,0.32719234231181815,20.644817447189013,20.5,21.5
2731.0,20.364412129895683,20.670008943764067,6.375442610227868,21.0,0,0.32999105623593294,20.64202180452292,20.5,21.5
2732.0,20.36161433599175,20.66721053669426,6.3741750216088455,21.0,0,0.33278946330574044,20.639226465996185,20.5,21.5
2733.0,20.35881684812887,20.66441243620751,6.372906386495767,21.0,0,0.33558756379249033,20.63643143134001,20.5,21.5
2734.0,20.356019666036545,20.661614642032823,6.371636705854753,21.0,0,0.3383853579671765,20.63363670028596,20.5,21.5
2735.0,20.35322278944451,20.65881715389944,6.370365980652719,21.0,0,0.3411828461005584,20.630842272565623,20.5,21.5
2736.0,20.35042621808275,20.656019971536853,6.3690942118573775,21.0,0,0.3439800284631467,20.62804814791097,20.5,21.5
2737.0,20.347629951681505,20.653223094674804,6.367821400437236,21.0,0,0.34677690532519634,20.625254326054307,20.5,21.5
2738.0,20.344833989971256,20.65042652304328,6.3665475473615984,21.0,0,0.3495734769567207,20.622460806728036,20.5,21.5
2739.0,20.342038332682733,20.647630256372516,6.365272653600557,21.0,0,0.3523697436274844,20.61966758966488,20.5,21.5
2740.0,20.339242979546917,20.644834294393,6.363996720124997,21.0,0,0.3551657056069999,20.616874674597845,20.5,21.5
2741.0,20.336447930295034,20.64203863683546,6.362719747906601,21.0,0,0.3579613631645415,20.614082061260042,20.5,21.5
2742.0,20.333653184658555,20.639243283430865,6.361441737917836,21.0,0,0.360756716569135,20.61128974938493,20.5,21.5
2743.0,20.330858742369205,20.636448233910453,6.360162691131963,21.0,0,0.36355176608954665,20.608497738706337,20.5,21.5
2744.0,20.328064603158957,20.6336534880057,6.358882608523032,21.0,0,0.36634651199430124,20.605706028958153,20.5,21.5
2745.0,20.32527076676003,20.63085904544832,6.357601491065884,21.0,0,0.3691409545516784,20.60291461987455,20.5,21.5
2746.0,20.32247723290489,20.628064905970295,6.356319339736142,21.0,0,0.3719350940297055,20.600123511190024,20.5,21.5
2747.0,20.31968400132626,20.625271069303835,6.35503615551022,21.0,0,0.37472893069616475,20.597332702639243,20.5,21.5
2748.0,20.316891071757095,20.62247753518141,6.3537519393653215,21.0,0,0.37752246481858975,20.59454219395716,20.5,21.5
2749.0,20.314098443930614,20.61968430333574,6.352466692279431,21.0,0,0.38031569666425824,20.591751984879057,20.5,21.5
2750.0,20.311306117580283,20.616891373499794,6.351180415231321,21.0,0,0.3831086265002064,20.588962075140312,20.5,21.5
2751.0,20.308514092439815,20.61409874540678,6.349893109200546,21.0,0,0.38590125459322167,20.586172464476626,20.5,21.5
2752.0,20.305722368243167,20.611306418790157,6.3486047751674475,21.0,0,0.3886935812098429,20.583383152623945,20.5,21.5
2753.0,20.30293094472455,20.60851439338365,6.347315414113146,21.0,0,0.39148560661634946,20.580594139318585,20.5,21.5
2754.0,20.30013982161843,20.60572266892121,6.346025027019547,21.0,0,0.3942773310787899,20.577805424296805,20.5,21.5
2755.0,20.29734899865951,20.602931245137057,6.344733614869336,21.0,0,0.3970687548629428,20.57501700729553,20.5,21.5
2756.0,20.29455847558275,20.60014012176564,6.343441178645981,21.0,0,0.3998598782343592,20.572228888051477,20.5,21.5
2757.0,20.29176825212336,20.59734929854168,6.342147719333726,21.0,0,0.40265070145832027,20.56944106630207,20.5,21.5
2758.0,20.288978328016803,20.594558775200134,6.340853237917599,21.0,0,0.40544122479986555,20.56665354178468,20.5,21.5
2759.0,20.286188702998782,20.591768551476203,6.339557735383401,21.0,0,0.40823144852379656,20.563866314236893,20.5,21.5
2760.0,20.28339937680526,20.588978627105355,6.3382612127177165,21.0,0,0.4110213728946448,20.561079383396873,20.5,21.5
2761.0,20.28061034917244,20.586189001823293,6.3369636709079025,21.0,0,0.4138109981767073,20.558292749002668,20.5,21.5
2762.0,20.27782161983679,20.58339967536598,6.335665110942093,21.0,0,0.41660032463402175,20.555506410792834,20.5,21.5
2763.0,20.275033188535012,20.58061064746962,6.3343655338091995,21.0,0,0.4193893525303807,20.55272036850603,20.5,21.5
2764.0,20.272245055004067,20.577821917870676,6.333064940498905,21.0,0,0.4221780821293244,20.54993462188124,20.5,21.5
2765.0,20.269457218981167,20.57503348630586,6.331763332001668,21.0,0,0.42496651369414096,20.547149170657693,20.5,21.5
2766.0,20.26666968020377,20.572245352512123,6.3304607093087215,21.0,0,0.42775464748787684,20.544364014574764,20.5,21.5
2767.0,20.26388243840959,20.569457516226684,6.329157073412068,21.0,0,0.4305424837733156,20.541579153372297,20.5,21.5
2768.0,20.26109549333659,20.566669977187,6.327852425304483,21.0,0,0.43333002281299926,20.538794586790164,20.5,21.5
2769.0,20.258308844722983,20.563882735130782,6.326546765979514,21.0,0,0.43611726486921754,20.5360103145686,20.5,21.5
2770.0,20.255522492307232,20.561095789795996,6.325240096431475,21.0,0,0.4389042102040044,20.533226336448127,20.5,21.5
2771.0,20.25273643582806,20.55830914092085,6.323932417655453,21.0,0,0.4416908590791486,20.53044265216941,20.5,21.5
2772.0,20.249950675024426,20.55552278824382,6.3226237306473045,21.0,0,0.4444772117561797,20.52765926147351,20.5,21.5
2773.0,20.24716520963555,20.55273673150361,6.321314036403647,21.0,0,0.4472632684963891,20.524876164101517,20.5,21.5
2774.0,20.244380039400905,20.549950970439195,6.320003335921873,21.0,0,0.4500490295608053,20.522093359795033,20.5,21.5
2775.0,20.24159516406021,20.547165504789792,6.318691630200138,21.0,0,0.45283449521020813,20.519310848295763,20.5,21.5
2776.0,20.238810583353438,20.544380334294868,6.317378920237361,21.0,0,0.45561966570513235,20.516528629345625,20.5,21.5
2777.0,20.236026297020814,20.541595458694143,6.316065207033229,21.0,0,0.45840454130585684,20.5137467026869,20.5,21.5
2778.0,20.23324230480282,20.5388108777276,6.3147504915881925,21.0,0,0.46118912227240116,20.510965068062156,20.5,21.5
2779.0,20.230458606440177,20.536026591135453,6.313434774903462,21.0,0,0.46397340886454685,20.508183725213996,20.5,21.5
2780.0,20.22767520167387,20.533242598658184,6.3121180579810146,21.0,0,0.4667574013418161,20.50540267388549,20.5,21.5
2781.0,20.22489209024513,20.530458900036525,6.310800341823588,21.0,0,0.46954109996347526,20.502621913819933,20.5,21.5
2782.0,20.222109271895448,20.52767549501145,6.30948162743468,21.0,1,0.47232450498854917,20.499841444760712,20.5,21.5
2783.0,20.239326746366554,20.528892383324198,6.308161915818548,21.0,1,0.4711076166758019,20.54106126645167,20.5,21.5
2784.0,20.256540513400445,20.534108764716255,6.306841207980211,21.0,1,0.46589123528374543,20.58627257863682,20.5,21.5
2785.0,20.27375057353936,20.54332383908935,6.305519504925446,21.0,1,0.45667616091065,20.635474582820304,20.5,21.5
2786.0,20.290956927325638,20.556536806505452,6.304196807660784,21.0,1,0.4434631934945479,20.688666480666473,20.5,21.5
2787.0,20.308159575301705,20.573746867186706,6.302873117193521,21.0,1,0.4262531328132937,20.745847473999248,20.5,21.5
2788.0,20.325358518010084,20.590953221515413,6.301548434531702,21.0,1,0.40904677848458704,20.76301676480248,20.5,21.5
2789.0,20.34255375599339,20.608155870034,6.300222760684132,21.0,1,0.3918441299659996,20.780182355219875,20.5,21.5
2790.0,20.35974528979433,20.625354813284993,6.298896096660368,21.0,1,0.37464518671500713,20.797344245794918,20.5,21.5
2791.0,20.3769331199557,20.642550051811007,6.297568443470722,21.0,1,0.357449948188993,20.814502437071148,20.5,21.5
2792.0,20.394117247020404,20.659741586154745,6.296239802126262,21.0,1,0.34025841384525535,20.83165692959212,20.5,21.5
2793.0,20.411297671531425,20.676929416859014,6.294910173638804,21.0,1,0.3230705831409857,20.84880772390171,20.5,21.5
2794.0,20.42847439403185,20.694113544466706,6.29357955902092,21.0,1,0.30588645553329386,20.865954820543624,20.5,21.5
2795.0,20.445647415064848,20.71129396952081,6.292247959285929,21.0,1,0.2887060304791902,20.883098220061846,20.5,21.5
2796.0,20.462816735173693,20.728470692564407,6.290915375447901,21.0,1,0.27152930743559267,20.900237923000383,20.5,21.5
2797.0,20.479982354901747,20.745643714140677,6.28958180852166,21.0,1,0.25435628585932335,20.91737392990337,20.5,21.5
2798.0,20.497144274792472,20.762813034792888,6.288247259522773,21.0,1,0.2371869652071119,20.934506241315002,20.5,21.5
2799.0,20.51430249538942,20.7799786550644,6.286911729467557,21.0,1,0.22002134493559922,20.951634857779528,20.5,21.5
2800.0,20.531457017236235,20.797140575498677,6.285575219373079,21.0,1,0.2028594245013231,20.968759779841438,20.5,21.5
2801.0,20.548607840876663,20.81429879663927,6.284237730257146,21.0,1,0.18570120336072904,20.98588100804521,20.5,21.5
2802.0,20.565754966854538,20.831453319029826,6.282899263138316,21.0,1,0.16854668097017367,21.00299854293538,20.5,21.5
2803.0,20.582898395713794,20.848604143214093,6.2815598190358894,21.0,1,0.15139585678590706,21.02011238505676,20.5,21.5
2804.0,20.60003812799846,20.8657512697359,6.280219398969911,21.0,1,0.1342487302641011,21.03722253495396,20.5,21.5
2805.0,20.617174164252653,20.882894699139182,6.27887800396117,21.0,1,0.11710530086081761,21.054328993172017,20.5,21.5
2806.0,20.634306505020593,20.90003443196797,6.277535635031196,21.0,1,0.0999655680320295,21.07143176025585,20.5,21.5
2807.0,20.651435150846595,20.91717046876638,6.276192293202261,21.0,1,0.08282953123362091,21.088530836750465,20.5,21.5
2808.0,20.668560102275066,20.934302810078634,6.2748479794973795,21.0,1,0.06569718992136586,21.105626223201185,20.5,21.5
2809.0,20.68568135985051,20.951431456449043,6.273502694940304,21.0,1,0.04856854355095663,21.122717920153136,20.5,21.5
2810.0,20.702798924117527,20.968556408422018,6.272156440555528,21.0,1,0.03144359157798249,21.13980592815176,20.5,21.5
2811.0,20.719912795620814,20.985677666542063,6.270809217368282,21.0,1,0.014322333457936764,21.15689024774252,20.5,21.5
2812.0,20.737022974905162,21.00279523135378,6.269461026404536,21.0,1,-0.0027952313537795703,21.173970879470943,20.5,21.5
2813.0,20.75412946251546,21.019909103401858,6.268111868690994,21.0,1,-0.01990910340185792,21.19104782388264,20.5,21.5
2814.0,20.771232258996697,21.037019283231096,6.266761745255101,21.0,1,-0.03701928323109627,21.20812108152348,20.5,21.5
2815.0,20.78833136489395,21.05412577138638,6.265410657125033,21.0,1,-0.054125771386381416,21.225190652939233,20.5,21.5
2816.0,20.805426780752395,21.0712285684127,6.264058605329702,21.0,1,-0.07122856841269964,21.242256538675882,20.5,21.5
2817.0,20.82251850711731,21.08832767485513,6.262705590898756,21.0,1,-0.0883276748551296,21.25931873927943,20.5,21.5
2818.0,20.839606544534064,21.10542309125885,6.261351614862573,21.0,1,-0.10542309125884941,21.276377255296048,20.5,21.5
2819.0,20.85669089354813,21.122514818169133,6.259996678252264,21.0,1,-0.12251481816913312,21.29343208727197,20.5,21.5
2820.0,20.873771554705073,21.139602856131358,6.258640782099675,21.0,1,-0.1396028561313578,21.310483235753605,20.5,21.5
2821.0,20.890848528550553,21.156687205690993,6.257283927437378,21.0,1,-0.15668720569099293,21.327530701287344,20.5,21.5
2822.0,20.90792181563033,21.173767867393597,6.255926115298676,21.0,1,-0.17376786739359673,21.344574484419635,20.5,21.5
2823.0,20.924991416490265,21.190844841784838,6.254567346717604,21.0,1,-0.19084484178483763,21.361614585697247,20.5,21.5
2824.0,20.94205733167631,21.207918129410473,6.2532076227289215,21.0,1,-0.20791812941047283,21.378651005666825,20.5,21.5
2825.0,20.95911956173452,21.224987730816363,6.251846944368118,21.0,1,-0.22498773081636259,21.39568374487526,20.5,21.5
2826.0,20.976178107211048,21.242053646548463,6.25048531267141,21.0,1,-0.24205364654846306,21.412712803869468,20.5,21.5
2827.0,20.99323296865214,21.25911587715283,6.249122728675739,21.0,1,-0.2591158771528299,21.4297381831965,20.5,21.5
2828.0,21.010284146604146,21.276174423175604,6.247759193418773,21.0,1,-0.27617442317560403,21.446759883403345,20.5,21.5
2829.0,21.027331641613507,21.293229285163044,6.246394707938901,21.0,1,-0.2932292851630436,21.46377790503744,20.5,21.5
2830.0,21.044375454226774,21.310280463661496,6.2450292732752395,21.0,1,-0.31028046366149553,21.480792248646015,20.5,21.5
2831.0,21.061415584990584,21.327327959217403,6.2436628904676255,21.0,1,-0.32732795921740276,21.497802914776475,20.5,21.5
2832.0,21.07845203445168,21.344371772377308,6.24229556055662,21.0,0,-0.34437177237730765,21.514809903976357,20.5,21.5
2833.0,21.0754848031569,21.357411903687858,6.240927284583505,21.0,0,-0.3574119036878578,21.48781321679336,20.5,21.5
2834.0,21.072517891653185,21.366449153695793,6.23955806359028,21.0,0,-0.36644915369579323,21.456821653775147,20.5,21.5
2835.0,21.06955129968757,21.371484322787953,6.238187898619668,21.0,0,-0.3714843227879534,21.421836013709555,20.5,21.5
2836.0,21.066585027007356,21.37251821119131,6.236816790715109,21.0,0,-0.37251821119130923,21.382857095224868,20.5,21.5
2837.0,21.063619073360098,21.369551618972995,6.23544474092076,21.0,0,-0.36955161897299504,21.339885696789853,20.5,21.5
2838.0,21.06065343849361,21.366585346040335,6.2340717502814975,21.0,0,-0.36658534604033477,21.336922616713732,20.5,21.5
2839.0,21.057688122155966,21.36361939214089,6.2326978198429135,21.0,0,-0.36361939214089034,21.333959853146446,20.5,21.5
2840.0,21.054723124095503,21.360653757022476,6.231322950651316,21.0,0,-0.36065375702247593,21.330997405838332,20.5,21.5
2841.0,21.051758444060813,21.357688440433165,6.229947143753729,21.0,0,-0.35768844043316506,21.328035274540056,20.5,21.5
2842.0,21.04879408180075,21.354723442121298,6.228570400197886,21.0,0,-0.3547234421212977,21.325073459002624,20.5,21.5
2843.0,21.04583003706443,21.35175876183546,6.227192721032241,21.0,0,-0.35175876183545896,21.32211195897707,20.5,21.5
2844.0,21.042866309601223,21.34879439932451,6.225814107305954,21.0,0,-0.34879439932451106,21.319150774215032,20.5,21.5
2845.0,21.039902899160765,21.34583035433756,6.224434560068899,21.0,0,-0.3458303543375614,21.316189904468064,20.5,21.5
2846.0,21.036939805492946,21.342866626623994,6.2230540803716625,21.0,0,-0.34286662662399436,21.313229349488324,20.5,21.5
2847.0,21.03397702834792,21.33990321593343,6.22167266926554,21.0,0,-0.339903215933429,21.310269109027775,20.5,21.5
2848.0,21.031014567476102,21.336940122015765,6.220290327802536,21.0,0,-0.33694012201576484,21.307309182839123,20.5,21.5
2849.0,21.028052422628168,21.333977344621154,6.218907057035362,21.0,0,-0.3339773446211538,21.304349570675043,20.5,21.5
2850.0,21.02509059355505,21.33101488350001,6.217522858017442,21.0,0,-0.3310148835000106,21.30139027228858,20.5,21.5
2851.0,21.022129080007943,21.32805273840301,6.216137731802901,21.0,0,-0.3280527384030094,21.298431287432997,20.5,21.5
2852.0,21.0191678817383,21.32509090908109,6.214751679446573,21.0,0,-0.32509090908109073,21.295472615861904,20.5,21.5
2853.0,21.016206998497843,21.322129395285437,6.213364702003999,21.0,0,-0.3221293952854367,21.292514257328897,20.5,21.5
2854.0,21.013246430038546,21.319168196767514,6.211976800531422,21.0,0,-0.31916819676751373,21.289556211588284,20.5,21.5
2855.0,21.010286176112643,21.316207313279033,6.210587976085789,21.0,0,-0.3162073132790333,21.28659847839423,20.5,21.5
2856.0,21.00732623647264,21.313246744571977,6.20919822972475,21.0,0,-0.3132467445719769,21.283641057501413,20.5,21.5
2857.0,21.00436661087129,21.310286490398575,6.207807562506657,21.0,0,-0.3102864903985747,21.280683948664553,20.5,21.5
2858.0,21.00140729906162,21.307326550511327,6.2064159754905655,21.0,0,-0.30732655051132696,21.27772715163885,20.5,21.5
2859.0,20.998448300796905,21.304366924663,6.2050234697362265,21.0,0,-0.3043669246630003,21.274770666179734,20.5,21.5
2860.0,20.995489615830692,21.30140761260661,6.203630046304096,21.0,0,-0.3014076126066101,21.271814492042708,20.5,21.5
2861.0,20.992531243916787,21.29844861409544,6.202235706255328,21.0,0,-0.29844861409544166,21.268858628983757,20.5,21.5
2862.0,20.989573184809256,21.295489928883036,6.200840450651768,21.0,0,-0.29548992888303616,21.26590307675898,20.5,21.5
2863.0,20.986615438262426,21.292531556723198,6.199444280555968,21.0,0,-0.29253155672319764,21.262947835124812,20.5,21.5
2864.0,20.983658004030886,21.289573497369993,6.198047197031172,21.0,0,-0.28957349736999305,21.259992903837947,20.5,21.5
2865.0,20.980700881869485,21.28661575057775,6.196649201141318,21.0,0,-0.2866157505777487,21.257038282655305,20.5,21.5
2866.0,20.97774407153334,21.28365831610106,6.195250293951043,21.0,0,-0.28365831610106085,21.254083971334182,20.5,21.5
2867.0,20.974787572777824,21.280701193694775,6.193850476525673,21.0,0,-0.28070119369477453,21.25112996963191,20.5,21.5
2868.0,20.971831385358573,21.277744383114005,6.192449749931232,21.0,0,-0.27774438311400473,21.248176277306307,20.5,21.5
2869.0,20.968875509031488,21.274787884114126,6.191048115234433,21.0,0,-0.2747878841141258,21.245222894115336,20.5,21.5
2870.0,20.965919943552727,21.27183169645077,6.189645573502682,21.0,0,-0.27183169645077143,21.242269819817228,20.5,21.5
2871.0,20.962964688678717,21.26887581987985,6.188242125804077,21.0,0,-0.2688758198798489,21.239317054170623,20.5,21.5
2872.0,20.960009744166143,21.265920254157514,6.186837773207403,21.0,0,-0.2659202541575141,21.236364596934166,20.5,21.5
2873.0,20.95705510977195,21.26296499904019,6.185432516782136,21.0,0,-0.26296499904018944,21.233412447866943,20.5,21.5
2874.0,20.954100785253353,21.260010054284564,6.184026357598439,21.0,0,-0.2600100542845638,21.230460606728307,20.5,21.5
2875.0,20.95114677036782,21.257055419647582,6.1826192967271645,21.0,0,-0.25705541964758183,21.227509073277762,20.5,21.5
2876.0,20.94819306487309,21.254101094886458,6.18121133523985,21.0,0,-0.25410109488645816,21.22455784727522,20.5,21.5
2877.0,20.945239668527165,21.25114707975866,6.179802474208722,21.0,0,-0.2511470797586597,21.221606928480675,20.5,21.5
2878.0,20.9422865810883,21.24819337402193,6.178392714706685,21.0,0,-0.24819337402193042,21.218656316654638,20.5,21.5
2879.0,20.939333802315023,21.245239977434263,6.176982057807334,21.0,0,-0.24523997743426307,21.21570601155759,20.5,21.5
2880.0,20.93638133196612,21.24228688975392,6.175570504584947,21.0,0,-0.24228688975392032,21.212756012950493,20.5,21.5
2881.0,20.933429169800643,21.23933411073943,6.174158056114481,21.0,0,-0.23933411073943134,21.20980632059454,20.5,21.5
2882.0,20.930477315577907,21.23638164014958,6.1727447134715785,21.0,0,-0.23638164014958107,21.20685693425108,20.5,21.5
2883.0,20.927525769057485,21.23342947774342,6.171330477732562,21.0,0,-0.23342947774342093,21.20390785368182,20.5,21.5
2884.0,20.92457452999922,21.230477623280258,6.169915349974431,21.0,0,-0.23047762328025811,21.20095907864863,20.5,21.5
2885.0,20.921623598163215,21.227526076519677,6.168499331274869,21.0,0,-0.22752607651967693,21.198010608913865,20.5,21.5
2886.0,20.91867297330984,21.224574837221517,6.167082422712235,21.0,0,-0.2245748372215175,21.195062444239923,20.5,21.5
2887.0,20.91572265519972,21.22162390514588,6.165664625365567,21.0,0,-0.22162390514587926,21.192114584389497,20.5,21.5
2888.0,20.91277264359375,21.21867328005313,6.164245940314579,21.0,0,-0.2186732800531317,21.189167029125656,20.5,21.5
2889.0,20.909822938253097,21.21572296170391,6.162826368639662,21.0,0,-0.2157229617039107,21.1862197782117,20.5,21.5
2890.0,20.906873538939173,21.2127729498591,6.1614059114218795,21.0,0,-0.2127729498591009,21.183272831411003,20.5,21.5
2891.0,20.90392444541367,21.209823244279868,6.159984569742974,21.0,0,-0.20982324427986754,21.180326188487534,20.5,21.5
2892.0,20.900975657438533,21.20687384472763,6.1585623446853575,21.0,0,-0.2068738447276317,21.177379849205273,20.5,21.5
2893.0,20.898027174775983,21.203924750964077,6.157139237332117,21.0,0,-0.20392475096407736,21.174433813328534,20.5,21.5
2894.0,20.895078997188495,21.20097596275116,6.155715248767011,21.0,0,-0.20097596275115848,21.17148808062197,20.5,21.5
2895.0,20.892131124438812,21.198027479851085,6.1542903800744675,21.0,0,-0.19802747985108482,21.16854265085035,20.5,21.5
2896.0,20.88918355628994,21.19507930202634,6.152864632339586,21.0,0,-0.19507930202633972,21.16559752377889,20.5,21.5
2897.0,20.88623629250515,21.192131429039666,6.151438006648138,21.0,0,-0.19213142903966585,21.162652699172927,20.5,21.5
2898.0,20.883289332847976,21.18918386065406,6.1500105040865565,21.0,0,-0.18918386065406168,21.15970817679802,20.5,21.5
2899.0,20.880342677082226,21.186236596632806,6.148582125741951,21.0,0,-0.18623659663280634,21.156763956420253,20.5,21.5
2900.0,20.877396324971958,21.18328963673944,6.147152872702093,21.0,0,-0.18328963673943832,21.153820037805758,20.5,21.5
2901.0,20.874450276281504,21.18034298073775,6.1457227460554185,21.0,0,-0.18034298073774835,21.15087642072085,20.5,21.5
2902.0,20.871504530775457,21.177396628391808,6.1442917468910325,21.0,0,-0.1773966283918078,21.147933104932402,20.5,21.5
2903.0,20.86855908821868,21.174450579465947,6.1428598762987034,21.0,0,-0.17445057946594744,21.144990090207344,20.5,21.5
2904.0,20.865613948376296,21.171504833724764,6.141427135368863,21.0,0,-0.17150483372476444,21.142047376312934,20.5,21.5
2905.0,20.862669111013695,21.168559390933115,6.139993525192606,21.0,0,-0.16855939093311534,21.139104963016624,20.5,21.5
2906.0,20.85972457589653,21.16561425085612,6.138559046861689,21.0,0,-0.16561425085611958,21.136162850086162,20.5,21.5
2907.0,20.85678034279072,21.162669413259174,6.1371237014685285,21.0,0,-0.16266941325917372,21.133221037289715,20.5,21.5
2908.0,20.853836411462456,21.15972487790793,6.135687490106202,21.0,0,-0.1597248779079301,21.130279524395494,20.5,21.5
2909.0,20.850892781678183,21.156780644568308,6.1342504138684495,21.0,0,-0.15678064456830754,21.127338311172082,20.5,21.5
2910.0,20.84794945320462,21.15383671300649,6.1328124738496665,21.0,0,-0.15383671300649127,21.12439739738833,20.5,21.5
2911.0,20.845006425808748,21.150893082988933,6.131373671144904,21.0,0,-0.150893082988933,21.12145678281335,20.5,21.5
2912.0,20.842063699257814,21.14794975428235,6.129934006849876,21.0,0,-0.1479497542823509,21.11851646721653,20.5,21.5
2913.0,20.839121273319332,21.145006726653726,6.128493482060948,21.0,0,-0.14500672665372605,21.115576450367477,20.5,21.5
2914.0,20.83617914776108,21.142063999870306,6.1270520978751435,21.0,0,-0.14206399987030593,21.112636732036105,20.5,21.5
2915.0,20.833237322351103,21.139121573699605,6.125609855390136,21.0,0,-0.13912157369960454,21.10969731199259,20.5,21.5
2916.0,20.830295796857712,21.136179447909395,6.124166755704262,21.0,0,-0.13617944790939518,21.1067581900073,20.5,21.5
2917.0,20.82735457104948,21.13323762226773,6.122722799916499,21.0,0,-0.13323762226772828,21.10381936585106,20.5,21.5
2918.0,20.82441364469525,21.130296096542914,6.121277989126483,21.0,0,-0.13029609654291363,21.100880839294767,20.5,21.5
2919.0,20.821473017564138,21.127354870503524,6.119832324434503,21.0,0,-0.1273548705035239,21.097942610109627,20.5,21.5
2920.0,20.818532689425513,21.124413943918405,6.118385806941494,21.0,0,-0.12441394391840532,21.09500467806722,20.5,21.5
2921.0,20.815592660049017,21.121473316556667,6.116938437749042,21.0,0,-0.12147331655666704,21.092067042939284,20.5,21.5
2922.0,20.812652929204557,21.11853298818768,6.115490217959381,21.0,0,-0.1185329881876811,21.08912970449782,20.5,21.5
2923.0,20.809713496662308,21.115592958581093,6.114041148675394,21.0,0,-0.11559295858109309,21.086192662515213,20.5,21.5
2924.0,20.806774362192712,21.112653227506804,6.112591231000609,21.0,0,-0.1126532275068044,21.083255916763918,20.5,21.5
2925.0,20.803835525566473,21.109713794735,6.111140466039204,21.0,0,-0.10971379473500065,21.080319467016963,20.5,21.5
2926.0,20.80089698655457,21.106774660036113,6.109688854895999,21.0,0,-0.10677466003611258,21.077383313047232,20.5,21.5
2927.0,20.797958744928238,21.103835823180848,6.108236398676458,21.0,0,-0.10383582318084805,21.074447454628203,20.5,21.5
2928.0,20.79502080045899,21.10089728394018,6.106783098486688,21.0,0,-0.10089728394018138,21.071511891533515,20.5,21.5
2929.0,20.792083152918593,21.097959042085357,6.105328955433444,21.0,0,-0.09795904208535688,21.068576623537112,20.5,21.5
2930.0,20.789145802079098,21.095021097387882,6.103873970624116,21.0,0,-0.09502109738788178,21.06564165041313,20.5,21.5
2931.0,20.786208747712806,21.09208344961953,6.10241814516674,21.0,0,-0.09208344961952974,21.06270697193601,20.5,21.5
2932.0,20.783271989592297,21.08914609855234,6.100961480169992,21.0,0,-0.0891460985523409,21.059772587880452,20.5,21.5
2933.0,20.78033552749041,21.086209043958622,6.099503976743182,21.0,0,-0.08620904395862183,21.05683849802143,20.5,21.5
2934.0,20.77739936118026,21.083272285610953,6.098045635996264,21.0,0,-0.08327228561095268,21.05390470213426,20.5,21.5
2935.0,20.774463490435224,21.080335823282176,6.096586459039828,21.0,0,-0.08033582328217648,21.050971199994414,20.5,21.5
2936.0,20.771527915028944,21.077399656745406,6.0951264469851,21.0,0,-0.07739965674540628,21.048037991377704,20.5,21.5
2937.0,20.768592634735334,21.074463785774014,6.093665600943944,21.0,0,-0.07446378577401447,21.045105076060096,20.5,21.5
2938.0,20.765657649328578,21.07152821014165,6.092203922028858,21.0,0,-0.07152821014165056,21.04217245381801,20.5,21.5
2939.0,20.76272295858312,21.068592929622223,6.0907414113529725,21.0,0,-0.06859292962222341,21.039240124427952,20.5,21.5
2940.0,20.759788562273673,21.065657943989912,6.089278070030055,21.0,0,-0.06565794398991187,21.036308087666796,20.5,21.5
2941.0,20.756854460175223,21.06272325301917,6.0878138991745,21.0,0,-0.06272325301916837,21.033376343311733,20.5,21.5
2942.0,20.753920652063023,21.059788856484708,6.086348899901341,21.0,0,-0.05978885648470822,21.030444891140107,20.5,21.5
2943.0,20.750987137712592,21.05685475416151,6.084883073326238,21.0,0,-0.056854754161509646,21.027513730929524,20.5,21.5
2944.0,20.748053916899714,21.053920945824828,6.08341642056548,21.0,0,-0.05392094582482798,21.02458286245801,20.5,21.5
2945.0,20.745120989400448,21.050987431250185,6.081948942735988,21.0,0,-0.05098743125018501,21.021652285503755,20.5,21.5
2946.0,20.742188354991114,21.04805421021336,6.08048064095531,21.0,0,-0.04805421021335832,21.01872199984509,20.5,21.5
2947.0,20.73925601344831,21.045121282490417,6.079011516341621,21.0,0,-0.0451212824904168,21.015792005261,20.5,21.5
2948.0,20.736323964548887,21.042188647857675,6.077541570013726,21.0,0,-0.04218864785767451,21.01286230153025,20.5,21.5
2949.0,20.73339220806998,21.039256306091726,6.076070803091051,21.0,0,-0.039256306091726145,21.009932888432242,20.5,21.5
2950.0,20.730460743788985,21.036324256969433,6.074599216693648,21.0,0,-0.036324256969432867,21.0070037657465,20.5,21.5
2951.0,20.727529571483565,21.033392500267926,6.0731268119421955,21.0,0,-0.03339250026792584,21.004074933252856,20.5,21.5
2952.0,20.724598690931657,21.030461035764596,6.071653589957993,21.0,0,-0.03046103576459558,21.001146390731293,20.5,21.5
2953.0,20.72166810191146,21.02752986323711,6.070179551862965,21.0,0,-0.02752986323710971,20.99821813796225,20.5,21.5
2954.0,20.718737804201453,21.024598982463402,6.068704698779653,21.0,0,-0.024598982463402308,20.99529017472633,20.5,21.5
2955.0,20.715807797580368,21.021668393221677,6.067229031831223,21.0,0,-0.021668393221677462,20.99236250080443,20.5,21.5
2956.0,20.712878081827217,21.018738095290406,6.06575255214146,21.0,0,-0.01873809529040571,20.989435115977688,20.5,21.5
2957.0,20.70994865672128,21.01580808844833,6.0642752608347665,21.0,0,-0.015808088448331148,20.986508020027586,20.5,21.5
2958.0,20.707019522042103,21.012878372474457,6.062797159036165,21.0,0,-0.012878372474457223,20.983581212735718,20.5,21.5
2959.0,20.7040906775695,21.009948947148068,6.061318247871295,21.0,0,-0.009948947148068044,20.980654693884176,20.5,21.5
2960.0,20.70116212308356,21.007019812248707,6.059838528466411,21.0,0,-0.007019812248707069,20.977728463255097,20.5,21.5
2961.0,20.698233858364635,21.00409096755619,6.058358001948381,21.0,0,-0.004090967556191316,20.974802520631034,20.5,21.5
2962.0,20.695305883193353,21.001162412850608,6.056876669444694,21.0,0,-0.001162412850607808,20.971876865794773,20.5,21.5
2963.0,20.692378197350603,20.998234147912306,6.055394532083449,21.0,0,0.0017658520876935313,20.968951498529293,20.5,21.5
2964.0,20.68945080061755,20.995306172521918,6.053911590993355,21.0,0,0.004693827478082113,20.966026418618032,20.5,21.5
2965.0,20.686523692775626,20.992378486460332,6.05242784730374,21.0,0,0.007621513539668001,20.963101625844473,20.5,21.5
2966.0,20.683596873606533,20.98945108950871,6.050943302144536,21.0,0,0.010548910491291252,20.960177119992476,20.5,21.5
2967.0,20.680670342892242,20.986523981448485,6.04945795664629,21.0,0,0.013476018551514812,20.95725290084625,20.5,21.5
2968.0,20.677744100414994,20.983597162061365,6.047971811940158,21.0,0,0.016402837938635173,20.95432896819016,20.5,21.5
2969.0,20.6748181459573,20.980670631129314,6.046484869157903,21.0,0,0.019329368870685926,20.951405321808807,20.5,21.5
2970.0,20.67189247930194,20.977744388434576,6.044997129431897,21.0,0,0.02225561156542355,20.9484819614872,20.5,21.5
2971.0,20.668967100231963,20.974818433759662,6.04350859389512,21.0,0,0.02518156624033807,20.945558887010517,20.5,21.5
2972.0,20.666042008530695,20.971892766887354,6.042019263681153,21.0,0,0.028107233112645957,20.942636098164275,20.5,21.5
2973.0,20.663117203981724,20.9689673876007,6.040529139924188,21.0,0,0.031032612399300774,20.93971359473415,20.5,21.5
2974.0,20.660192686368912,20.96604229568302,6.039038223759018,21.0,0,0.033957704316978976,20.93679137650624,20.5,21.5
2975.0,20.65726845547639,20.963117490917913,6.037546516321043,21.0,0,0.03688250908208701,20.933869443266833,20.5,21.5
2976.0,20.65434451108856,20.96019297308923,6.0360540187462615,21.0,0,0.03980702691076843,20.930947794802417,20.5,21.5
2977.0,20.651420852990093,20.957268741981114,6.034560732171274,21.0,0,0.04273125801888611,20.928026430899937,20.5,21.5
2978.0,20.64849748096593,20.954344797377953,6.033066657733284,21.0,0,0.04565520262204714,20.925105351346343,20.5,21.5
2979.0,20.645574394801283,20.95142113906443,6.031571796570095,21.0,0,0.048578860935570845,20.922184555929192,20.5,21.5
2980.0,20.642651594281638,20.948497766825476,6.030076149820108,21.0,0,0.05150223317452429,20.91926404443594,20.5,21.5
2981.0,20.639729079192744,20.945574680446313,6.028579718622324,21.0,0,0.05442531955368679,20.91634381665469,20.5,21.5
2982.0,20.63680684932063,20.94265187971242,6.027082504116341,21.0,0,0.0573481202875783,20.913423872373507,20.5,21.5
2983.0,20.63388490445159,20.93972936440955,6.025584507442351,21.0,0,0.06027063559044876,20.910504211380847,20.5,21.5
2984.0,20.63096324437219,20.936807134323736,6.024085729741143,21.0,0,0.06319286567626392,20.907584833465584,20.5,21.5
2985.0,20.628041868869264,20.93388518924126,6.022586172154105,21.0,0,0.06611481075874082,20.90466573841649,20.5,21.5
2986.0,20.625120777729922,20.930963528948695,6.021085835823212,21.0,0,0.06903647105130517,20.90174692602305,20.5,21.5
2987.0,20.62219997074154,20.928042153232877,6.019584721891037,21.0,0,0.07195784676712336,20.898828396074695,20.5,21.5
2988.0,20.61927944769177,20.925121061880912,6.018082831500743,21.0,0,0.07487893811908819,20.895910148361263,20.5,21.5
2989.0,20.616359208368532,20.92220025468018,6.016580165796086,21.0,0,0.07779974531981892,20.892992182672874,20.5,21.5
2990.0,20.613439252560017,20.919279731418335,6.015076725921408,21.0,0,0.08072026858166481,20.890074498799876,20.5,21.5
2991.0,20.61051958005469,20.916359491883288,6.013572513021648,21.0,0,0.0836405081167122,20.887157096532814,20.5,21.5
2992.0,20.607600190641282,20.913439535863237,6.012067528242327,21.0,0,0.08656046413676322,20.884239975662727,20.5,21.5
2993.0,20.6046810841088,20.91051986314664,6.0105617727295595,21.0,0,0.08948013685336065,20.881323135980665,20.5,21.5
2994.0,20.601762260246524,20.90760047352224,6.009055247630039,21.0,0,0.09239952647775951,20.878406577278252,20.5,21.5
2995.0,20.598843718844,20.904681366779037,6.007547954091053,21.0,0,0.09531863322096257,20.875490299347007,20.5,21.5
2996.0,20.595925459691053,20.901762542706315,6.00603989326047,21.0,0,0.09823745729368483,20.872574301979093,20.5,21.5
2997.0,20.593007482577768,20.898844001093615,6.004531066286745,21.0,0,0.10115599890638549,20.869658584966608,20.5,21.5
2998.0,20.59008978729451,20.895925741730757,6.003021474318915,21.0,0,0.1040742582692431,20.86674314810218,20.5,21.5
2999.0,20.587172373631915,20.893007764407834,6.0015111185066,21.0,0,0.1069922355921662,20.863827991178603,20.5,21.5
3000.0,20.58425524138089,20.890090068915207,6.0,21.0,0,0.1099099310847933,20.860913113988936,20.5,21.5
3001.0,20.581338390332615,20.88717265504352,5.9984881199499,21.0,0,0.11282734495647873,20.857998516326667,20.5,21.5
3002.0,20.57842182027854,20.884255522583672,5.996975479507661,21.0,0,0.1157444774163281,20.855084197985178,20.5,21.5
3003.0,20.575505531010386,20.881338671326848,5.995462079825224,21.0,0,0.11866132867315216,20.852170158758607,20.5,21.5
3004.0,20.572589522320147,20.878422101064494,5.993947922055111,21.0,0,0.12157789893550586,20.849256398440957,20.5,21.5
3005.0,20.569673794000092,20.875505811588333,5.992433007350417,21.0,0,0.12449418841166704,20.84634291682672,20.5,21.5
3006.0,20.56675834584276,20.872589802690364,5.990917336864816,21.0,0,0.12741019730963643,20.84342971371067,20.5,21.5
3007.0,20.563843177640965,20.86967407416285,5.989400911752556,21.0,0,0.1303259258371483,20.840516788887733,20.5,21.5
3008.0,20.56092828918779,20.866758625798333,5.987883733168462,21.0,0,0.13324137420166693,20.837604142153147,20.5,21.5
3009.0,20.558013680276584,20.863843457389617,5.986365802267932,21.0,0,0.136156542610383,20.834691773302456,20.5,21.5
3010.0,20.55509935070098,20.860928568729797,5.984847120206934,21.0,0,0.13907143127020305,20.831779682131597,20.5,21.5
3011.0,20.552185300254884,20.85801395961222,5.983327688142014,21.0,0,0.1419860403877813,20.828867868436436,20.5,21.5
3012.0,20.54927152873246,20.855099629830516,5.981807507230282,21.0,0,0.1449003701694842,20.825956332013487,20.5,21.5
3013.0,20.54635803592816,20.85218557917859,5.980286578629423,21.0,0,0.14781442082140828,20.82304507265935,20.5,21.5
3014.0,20.5434448216367,20.849271807450613,5.978764903497693,21.0,0,0.15072819254938707,20.820134090170825,20.5,21.5
3015.0,20.540531885653074,20.846358314441034,5.97724248299391,21.0,0,0.1536416855589664,20.81722338434524,20.5,21.5
3016.0,20.53761922777254,20.843445099944564,5.975719318277466,21.0,0,0.15655490005543626,20.814312954979865,20.5,21.5
3017.0,20.53470684779064,20.8405321637562,5.974195410508315,21.0,0,0.1594678362437989,20.811402801872575,20.5,21.5
3018.0,20.531794745503184,20.837619505671206,5.972670760846981,21.0,0,0.16238049432879365,20.80849292482126,20.5,21.5
3019.0,20.528882920706252,20.834707125485114,5.9711453704545505,21.0,0,0.16529287451488628,20.805583323624187,20.5,21.5
3020.0,20.525971373196203,20.831795022993738,5.9696192404926745,21.0,0,0.1682049770062619,20.80267399807998,20.5,21.5
3021.0,20.523060102769662,20.82888319799316,5.968092372123567,21.0,0,0.1711168020068392,20.799764947987388,20.5,21.5
3022.0,20.52014910922353,20.82597165027974,5.966564766510006,21.0,0,0.1740283497202597,20.796856173145535,20.5,21.5
3023.0,20.51723839235499,20.8230603796501,5.9650364248153265,21.0,0,0.17693962034989852,20.793947673353713,20.5,21.5
3024.0,20.514327951961484,20.82014938590115,5.96350734820343,21.0,0,0.17985061409885006,20.791039448411635,20.5,21.5
3025.0,20.51141778784073,20.817238668830054,5.961977537838775,21.0,0,0.18276133116994586,20.788131498119096,20.5,21.5
3026.0,20.508507899790732,20.814328228234267,5.960446994886379,21.0,0,0.18567177176573324,20.785223822276393,20.5,21.5
3027.0,20.50559828760975,20.81141806391151,5.958915720511813,21.0,0,0.1885819360884895,20.782316420683948,20.5,21.5
3028.0,20.50268895109633,20.808508175659778,5.957383715881214,21.0,0,0.19149182434022194,20.779409293142454,20.5,21.5
3029.0,20.49977989004929,20.80559856327734,5.955850982161268,21.0,0,0.19440143672266075,20.77650243945295,20.5,21.5
3030.0,20.49687110426771,20.802689226562734,5.954317520519217,21.0,0,0.1973107734372661,20.77359585941668,20.5,21.5
3031.0,20.49396259355096,20.79978016531478,5.952783332122862,21.0,0,0.2002198346852211,20.77068955283523,20.5,21.5
3032.0,20.491054357698676,20.796871379332565,5.951248418140551,21.0,0,0.2031286206674352,20.767783519510424,20.5,21.5
3033.0,20.488146396510764,20.793962868415452,5.949712779741189,21.0,0,0.20603713158454795,20.764877759244325,20.5,21.5
3034.0,20.48523870978741,20.791054632363075,5.948176418094232,21.0,0,0.20894536763692528,20.7619722718393,20.5,21.5
3035.0,20.482331297329072,20.788146670975348,5.946639334369687,21.0,0,0.21185332902465248,20.759067057098076,20.5,21.5
3036.0,20.47942415893648,20.78523898405245,5.945101529738108,21.0,0,0.21476101594754837,20.756162114823493,20.5,21.5
3037.0,20.47651729441064,20.78233157139484,5.943563005370602,21.0,0,0.21766842860515823,20.753257444818743,20.5,21.5
3038.0,20.473610703552833,20.779424432803257,5.94202376243882,21.0,0,0.2205755671967431,20.75035304688741,20.5,21.5
3039.0,20.47070438616461,20.776517568078695,5.940483802114965,21.0,0,0.22348243192130468,20.74744892083308,20.5,21.5
3040.0,20.4677983420478,20.77361097702244,5.9389431255717815,21.0,0,0.22638902297756047,20.74454506645988,20.5,21.5
3041.0,20.464892571004505,20.770704659436046,5.937401733982563,21.0,0,0.2292953405639544,20.741641483572106,20.5,21.5
3042.0,20.4619870728371,20.76779861512134,5.935859628521148,21.0,0,0.23220138487866038,20.73873817197428,20.5,21.5
3043.0,20.459081847348237,20.76489284388042,5.934316810361912,21.0,0,0.23510715611957878,20.735835131471237,20.5,21.5
3044.0,20.45617689434084,20.761987345515667,5.932773280679783,21.0,0,0.23801265448433284,20.732932361868126,20.5,21.5
3045.0,20.453272213618106,20.759082119829728,5.931229040650223,21.0,0,0.24091788017027227,20.730029862970333,20.5,21.5
3046.0,20.450367804983514,20.756177166625527,5.929684091449239,21.0,0,0.2438228333744732,20.727127634583518,20.5,21.5
3047.0,20.447463668240808,20.75327248570627,5.928138434253378,21.0,0,0.24672751429373108,20.72422567651369,20.5,21.5
3048.0,20.44455980319401,20.750368076875425,5.926592070239725,21.0,0,0.24963192312457494,20.721323988566986,20.5,21.5
3049.0,20.44165620964742,20.74746393993674,5.9250450005859,21.0,0,0.25253606006326024,20.718422570549887,20.5,21.5
3050.0,20.438752887405606,20.744560074694242,5.923497226470068,21.0,0,0.2554399253057582,20.715521422269262,20.5,21.5
3051.0,20.43584983627342,20.741656480952223,5.921948749070925,21.0,0,0.2583435190477772,20.712620543532033,20.5,21.5
3052.0,20.43294705605598,20.738753158515255,5.920399569567704,21.0,0,0.26124684148474486,20.70971993414558,20.5,21.5
3053.0,20.430044546558683,20.73585010718819,5.918849689140171,21.0,0,0.26414989281180823,20.706819593917558,20.5,21.5
3054.0,20.4271423075872,20.73294732677615,5.91729910896863,21.0,0,0.2670526732238514,20.703919522655717,20.5,21.5
3055.0,20.424240338947477,20.730044817084522,5.915747830233914,21.0,0,0.2699551829154778,20.701019720168258,20.5,21.5
3056.0,20.421338640445736,20.727142577918986,5.914195854117388,21.0,0,0.2728574220810138,20.698120186263626,20.5,21.5
3057.0,20.41843721188847,20.724240609085484,5.912643181800951,21.0,0,0.27575939091451573,20.695220920750465,20.5,21.5
3058.0,20.41553605308245,20.721338910390237,5.911089814467031,21.0,0,0.27866108960976277,20.692321923437767,20.5,21.5
3059.0,20.41263516383473,20.718437481639743,5.909535753298584,21.0,0,0.28156251836025703,20.6894231941348,20.5,21.5
3060.0,20.40973454395262,20.71553632264077,5.9079809994790935,21.0,0,0.2844636773592306,20.686524732651034,20.5,21.5
3061.0,20.406834193243725,20.71263543320037,5.906425554192575,21.0,0,0.2873645667996314,20.68362653879636,20.5,21.5
3062.0,20.403934111515916,20.709734813125856,5.904869418623566,21.0,0,0.2902651868741444,20.680728612380726,20.5,21.5
3063.0,20.401034298577336,20.706834462224833,5.903312593957131,21.0,0,0.29316553777516674,20.67783095321461,20.5,21.5
3064.0,20.398134754236413,20.703934380305167,5.901755081378862,21.0,0,0.2960656196948328,20.674933561108507,20.5,21.5
3065.0,20.395235478301842,20.70103456717501,5.900196882074871,21.0,0,0.2989654328249891,20.672036435873448,20.5,21.5
3066.0,20.392336470582595,20.698135022642784,5.898637997231793,21.0,0,0.30186497735721574,20.669139577320518,20.5,21.5
3067.0,20.389437730887924,20.695235746517184,5.89707842803679,21.0,0,0.30476425348281566,20.666242985261185,20.5,21.5
3068.0,20.386539259027355,20.69233673860719,5.895518175677539,21.0,0,0.3076632613928112,20.663346659507233,20.5,21.5
3069.0,20.383641054810685,20.689437998722042,5.893957241342242,21.0,0,0.3105620012779582,20.660450599870572,20.5,21.5
3070.0,20.38074311804799,20.68653952667127,5.892395626219618,21.0,0,0.3134604733287283,20.65755480616357,20.5,21.5
3071.0,20.377845448549625,20.683641322264673,5.890833331498904,21.0,0,0.31635867773532667,20.65465927819869,20.5,21.5
3072.0,20.374948046126214,20.680743385312333,5.889270358369855,21.0,0,0.3192566146876672,20.651764015788928,20.5,21.5
3073.0,20.372050910588662,20.677845715624592,5.887706708022744,21.0,0,0.32215428437540794,20.648869018747185,20.5,21.5
3074.0,20.36915404174815,20.674948313012084,5.88614238164836,21.0,0,0.32505168698791564,20.645974286887007,20.5,21.5
3075.0,20.36625743941613,20.67205117728571,5.884577380438003,21.0,0,0.3279488227142906,20.64307982002196,20.5,21.5
3076.0,20.363361103404337,20.66915430825665,5.883011705583491,21.0,0,0.3308456917433489,20.64018561796607,20.5,21.5
3077.0,20.360465033524772,20.666257705736363,5.881445358277153,21.0,0,0.33374229426363655,20.637291680533487,20.5,21.5
3078.0,20.35756922958972,20.663361369536574,5.879878339711831,21.0,0,0.3366386304634261,20.634398007538678,20.5,21.5
3079.0,20.354673691411747,20.66046529946929,5.878310651080876,21.0,0,0.33953470053070944,20.631504598796457,20.5,21.5
3080.0,20.351778418803683,20.657569495346802,5.876742293578155,21.0,0,0.3424305046531977,20.62861145412192,20.5,21.5
3081.0,20.348883411578637,20.65467395698166,5.875173268398038,21.0,0,0.34532604301833913,20.625718573330246,20.5,21.5
3082.0,20.34598866955,20.65177868418671,5.873603576735405,21.0,0,0.34822131581329074,20.622825956237193,20.5,21.5
3083.0,20.343094192531435,20.64888367677505,5.872033219785646,21.0,0,0.3511163232249501,20.619933602658456,20.5,21.5
3084.0,20.340199980336887,20.64598893456008,5.870462198744655,21.0,0,0.35401106543992,20.61704151241038,20.5,21.5
3085.0,20.337306032780567,20.643094457355456,5.868890514808834,21.0,0,0.35690554264454377,20.61414968530922,20.5,21.5
3086.0,20.334412349676974,20.640200244975127,5.867318169175089,21.0,0,0.3597997550248735,20.61125812117183,20.5,21.5
3087.0,20.331518930840872,20.6373062972333,5.865745163040828,21.0,0,0.3626937027666983,20.608366819815053,20.5,21.5
3088.0,20.32862577608731,20.634412613944477,5.864171497603965,21.0,0,0.3655873860555232,20.605475781056228,20.5,21.5
3089.0,20.325732885231613,20.63151919492342,5.8625971740629135,21.0,0,0.36848080507657954,20.602585004712857,20.5,21.5
3090.0,20.32284025808938,20.628626039985186,5.8610221936165905,21.0,0,0.3713739600148145,20.599694490602836,20.5,21.5
3091.0,20.319947894476485,20.625733148945084,5.859446557464411,21.0,0,0.37426685105491586,20.59680423854407,20.5,21.5
3092.0,20.317055794209082,20.622840521618727,5.857870266806293,21.0,0,0.37715947838127306,20.593914248355155,20.5,21.5
3093.0,20.314163957103602,20.619948157821984,5.856293322842646,21.0,0,0.38005184217801613,20.591024519854553,20.5,21.5
3094.0,20.31127238297675,20.61705605737101,5.854715726774385,21.0,0,0.3829439426289909,20.58813505286126,20.5,21.5
3095.0,20.30838107164551,20.614164220082237,5.853137479802917,21.0,0,0.3858357799177625,20.58524584719452,20.5,21.5
3096.0,20.305490022927142,20.611272645772367,5.851558583130145,21.0,0,0.38872735422763327,20.58235690267366,20.5,21.5
3097.0,20.302599236639182,20.60838133425839,5.8499790379584695,21.0,0,0.3916186657416105,20.579468219118617,20.5,21.5
3098.0,20.299708712599447,20.605490285357558,5.848398845490781,21.0,0,0.39450971464244233,20.57657979634924,20.5,21.5
3099.0,20.296818450626024,20.60259949888741,5.846818006930464,21.0,0,0.39740050111258896,20.573691634185945,20.5,21.5
3100.0,20.293928450537283,20.599708974665766,5.8452365234813985,21.0,0,0.40029102533423355,20.57080373244932,20.5,21.5
3101.0,20.291038712151874,20.59681871251071,5.843654396347952,21.0,0,0.4031812874892893,20.567916090960153,20.5,21.5
3102.0,20.288149235288714,20.59392871224062,5.842071626734981,21.0,0,0.4060712877593815,20.565028709539696,20.5,21.5
3103.0,20.285260019767,20.591038973674127,5.840488215847838,21.0,0,0.4089610263258727,20.562141588009215,20.5,21.5
3104.0,20.282371065406217,20.588149496630166,5.838904164892355,21.0,0,0.4118505033698341,20.559254726190552,20.5,21.5
3105.0,20.279482372026113,20.585260280927933,5.837319475074857,21.0,0,0.41473971907206675,20.556368123905607,20.5,21.5
3106.0,20.276593939446723,20.582371326386905,5.835734147602153,21.0,0,0.41762867361309475,20.553481780976625,20.5,21.5
3107.0,20.273705767488355,20.579482632826835,5.834148183681542,21.0,0,0.420517367173165,20.550595697226132,20.5,21.5
3108.0,20.270817855971593,20.576594200067753,5.832561584520803,21.0,0,0.42340579993224736,20.54770987247693,20.5,21.5
3109.0,20.267930204717302,20.57370602792997,5.830974351328199,21.0,0,0.42629397207003095,20.544824306552133,20.5,21.5
3110.0,20.265042813546625,20.570818116234072,5.829386485312479,21.0,0,0.4291818837659278,20.541938999275104,20.5,21.5
3111.0,20.262155682280977,20.567930464800924,5.82779798768287,21.0,0,0.4320695351990764,20.539053950469437,20.5,21.5
3112.0,20.259268810742057,20.565043073451665,5.826208859649083,21.0,0,0.4349569265483346,20.536169159959083,20.5,21.5
3113.0,20.25638219875184,20.562155942007713,5.82461910242131,21.0,0,0.43784405799228665,20.533284627568193,20.5,21.5
3114.0,20.253495846132573,20.559269070290767,5.823028717210218,21.0,0,0.44073092970923256,20.53040035312131,20.5,21.5
3115.0,20.25060975270679,20.5563824581228,5.821437705226955,21.0,0,0.4436175418771988,20.52751633644314,20.5,21.5
3116.0,20.247723918297293,20.553496105326065,5.819846067683145,21.0,0,0.4465038946739348,20.524632577358705,20.5,21.5
3117.0,20.24483834272717,20.550610011723087,5.818253805790892,21.0,0,0.4493899882769128,20.521749075693307,20.5,21.5
3118.0,20.241953025819782,20.54772417713668,5.81666092076277,21.0,0,0.4522758228633208,20.5188658312726,20.5,21.5
3119.0,20.23906796739877,20.54483860138992,5.815067413811832,21.0,0,0.4551613986100804,20.515982843922323,20.5,21.5
3120.0,20.236183167288054,20.54195328430617,5.813473286151601,21.0,0,0.45804671569382904,20.513100113468685,20.5,21.5
3121.0,20.23329862531183,20.53906822570908,5.811878538996076,21.0,0,0.4609317742909198,20.510217639738173,20.5,21.5
3122.0,20.230414341294566,20.536183425422557,5.810283173559725,21.0,0,0.46381657457744296,20.507335422557325,20.5,21.5
3123.0,20.227530315061017,20.533298883270803,5.80868719105749,21.0,0,0.46670111672919745,20.504453461753258,20.5,21.5
3124.0,20.224646546436215,20.53041459907829,5.80709059270478,21.0,0,0.46958540092170864,20.50157175715318,20.5,21.5
3125.0,20.22176303524547,20.52753057266977,5.805493379717475,21.0,1,0.47246942733022834,20.498690308584575,20.5,21.5
3126.0,20.238879781314363,20.52864680387028,5.8038955533119205,21.0,1,0.47135319612971927,20.53980911587537,20.5,21.5
3127.0,20.255992784468763,20.533762492505115,5.802297114704932,21.0,1,0.4662375074948848,20.58491937885346,20.5,21.5
3128.0,20.27310204533481,20.542876838559874,5.80069806511379,21.0,1,0.4571231614401263,20.63402029910746,20.5,21.5
3129.0,20.290207564538765,20.555989042180382,5.79909840575624,21.0,1,0.44401095781961786,20.687111078385467,20.5,21.5
3130.0,20.307309342707008,20.57309830367269,5.797498137850493,21.0,1,0.42690169632730957,20.744190918595773,20.5,21.5
3131.0,20.324407380466038,20.590203823503025,5.795897262615221,21.0,1,0.4097961764969753,20.761259021806367,20.5,21.5
3132.0,20.34150167844247,20.607305602297764,5.794295781269561,21.0,1,0.39269439770223613,20.778323390245156,20.5,21.5
3133.0,20.358592237263036,20.62440364068341,5.792693695033112,21.0,1,0.37559635931658875,20.795384024539885,20.5,21.5
3134.0,20.37567905755459,20.641497939286573,5.79109100512593,21.0,1,0.35850206071342683,20.812440925318192,20.5,21.5
3135.0,20.392762139944104,20.658588498733994,5.789487712768534,21.0,1,0.3414115012660055,20.829494093208208,20.5,21.5
3136.0,20.409841485058667,20.67567531965252,5.787883819181903,21.0,1,0.3243246803474804,20.84654352883777,20.5,21.5
3137.0,20.426917093525493,20.692758402669124,5.7862793255874685,21.0,1,0.30724159733087575,20.86358923283517,20.5,21.5
3138.0,20.443988965971904,20.709837748410898,5.784674233207123,21.0,1,0.290162251589102,20.880631205828635,20.5,21.5
3139.0,20.46105710302535,20.72691335750505,5.783068543263215,21.0,1,0.27308664249494896,20.89766944844658,20.5,21.5
3140.0,20.478121505313396,20.743985230578907,5.781462256978547,21.0,1,0.2560147694210926,20.91470396131747,20.5,21.5
3141.0,20.49518217346373,20.761053368259923,5.7798553755763775,21.0,1,0.23894663174007746,20.931734745070074,20.5,21.5
3142.0,20.51223910810415,20.77811777117565,5.778247900280412,21.0,1,0.22188222882434872,20.94876180033294,20.5,21.5
3143.0,20.529292309862587,20.795178439953787,5.776639832314818,21.0,1,0.20482156004621288,20.965785127735145,20.5,21.5
3144.0,20.546341779367076,20.812235375222134,5.775031172904207,21.0,1,0.18776462477786637,20.9828047279056,20.5,21.5
3145.0,20.563387517245783,20.82928857760861,5.773421923273641,21.0,1,0.17071142239138837,20.99982060147339,20.5,21.5
3146.0,20.580429524126988,20.846338047741263,5.771812084648637,21.0,1,0.15366195225873724,21.016832749067774,20.5,21.5
3147.0,20.59746780063909,20.86338378624825,5.770201658255157,21.0,1,0.1366162137517506,21.033841171318116,20.5,21.5
3148.0,20.614502347410614,20.880425793757855,5.768590645319607,21.0,1,0.11957420624214521,21.05084586885391,20.5,21.5
3149.0,20.631533165070195,20.897464070898476,5.766979047068848,21.0,1,0.1025359291015242,21.067846842304686,20.5,21.5
3150.0,20.648560254246593,20.91449861829864,5.76536686473018,21.0,1,0.08550138170135924,21.08484409230029,20.5,21.5
3151.0,20.66558361556869,20.93152943658698,5.763754099531349,21.0,1,0.06847056341301894,21.101837619470384,20.5,21.5
3152.0,20.682603249665483,20.94855652639226,5.762140752700549,21.0,1,0.051443473607740486,21.118827424445044,20.5,21.5
3153.0,20.69961915716609,20.965579888343356,5.76052682546641,21.0,1,0.034420111656643826,21.135813507854323,20.5,21.5
3154.0,20.71663133869975,20.98259952306927,5.758912319058011,21.0,1,0.017400476930731656,21.15279587032839,20.5,21.5
3155.0,20.73363979489582,20.99961543119911,5.757297234704866,21.0,1,0.0003845688008894399,21.169774512497533,20.5,21.5
3156.0,20.75064452638378,21.01662761336213,5.7556815736369344,21.0,1,-0.016627613362128812,21.18674943499231,20.5,21.5
3157.0,20.76764553379323,21.03363607018768,5.7540653370846115,21.0,1,-0.03363607018767922,21.203720638443183,20.5,21.5
3158.0,20.78464281775389,21.05064080230524,5.752448526278731,21.0,1,-0.05064080230523871,21.220688123480834,20.5,21.5
3159.0,20.801636378895598,21.06764181034441,5.750831142450567,21.0,1,-0.06764181034440853,21.237651890736107,20.5,21.5
3160.0,20.81862621784831,21.084639094934907,5.749213186831825,21.0,1,-0.08463909493490718,21.254611940839894,20.5,21.5
3161.0,20.835612335242104,21.10163265670657,5.747594660654649,21.0,1,-0.1016326567065704,21.271568274423203,20.5,21.5
3162.0,20.852594731707185,21.118622496289362,5.745975565151618,21.0,1,-0.11862249628936183,21.288520892117276,20.5,21.5
3163.0,20.869573407873876,21.135608614313362,5.744355901555744,21.0,1,-0.13560861431336235,21.305469794553368,20.5,21.5
3164.0,20.88654836437261,21.152591011408767,5.742735671100471,21.0,1,-0.15259101140876652,21.322414982362808,20.5,21.5
3165.0,20.903519601833956,21.169569688205893,5.741114875019672,21.0,1,-0.16956968820589324,21.33935645617716,20.5,21.5
3166.0,20.920487120888595,21.186544645335193,5.739493514547659,21.0,1,-0.18654464533519288,21.35629421662819,20.5,21.5
3167.0,20.937450922167326,21.203515883427222,5.737871590919164,21.0,1,-0.20351588342722238,21.373228264347517,20.5,21.5
3168.0,20.954411006301076,21.22048340311266,5.736249105369356,21.0,1,-0.22048340311265946,21.39015859996703,20.5,21.5
3169.0,20.971367373920888,21.237447205022317,5.734626059133826,21.0,1,-0.23744720502231687,21.40708522411889,20.5,21.5
3170.0,20.98832002565793,21.25440728978711,5.733002453448595,21.0,1,-0.25440728978711036,21.424008137435045,20.5,21.5
3171.0,21.00526896214349,21.27136365803809,5.731378289550109,21.0,1,-0.2713636580380907,21.440927340547894,20.5,21.5
3172.0,21.02221418400897,21.28831631040642,5.729753568675239,21.0,1,-0.2883163104064188,21.4578428340897,20.5,21.5
3173.0,21.039155691885902,21.305265247523387,5.728128292061283,21.0,1,-0.305265247523387,21.47475461869307,20.5,21.5
3174.0,21.05609348640594,21.322210470020394,5.726502460945958,21.0,1,-0.32221047002039427,21.491662694990467,20.5,21.5
3175.0,21.073027568200846,21.33915197852898,5.724876076567403,21.0,0,-0.3391519785289816,21.508567063614855,20.5,21.5
3176.0,21.06995793790252,21.352089773680785,5.723249140164185,21.0,0,-0.35208977368078465,21.481467725198815,20.5,21.5
3177.0,21.06688859614297,21.36102465610758,5.721621652975284,21.0,0,-0.36102465610758117,21.450373480375546,20.5,21.5
3178.0,21.063819542754338,21.365957426281266,5.719993616240102,21.0,0,-0.36595742628126615,21.415285128018116,20.5,21.5
3179.0,21.060750777569034,21.366888884513884,5.718365031198462,21.0,0,-0.3668888845138838,21.37620346684006,20.5,21.5
3180.0,21.05768230041976,21.363819830957663,5.716735899090601,21.0,0,-0.363819830957663,21.333129295395455,20.5,21.5
3181.0,21.054614111139493,21.360751065605058,5.715106221157173,21.0,0,-0.3607510656050579,21.330063412079006,20.5,21.5
3182.0,21.051546209561497,21.35768258828876,5.71347599863925,21.0,0,-0.35768258828876043,21.326997815125786,20.5,21.5
3183.0,21.048478595519313,21.354614398841758,5.711845232778318,21.0,0,-0.3546143988417576,21.32393250437173,20.5,21.5
3184.0,21.045411268846767,21.351546497097306,5.710213924816274,21.0,0,-0.35154649709730634,21.320867479652794,20.5,21.5
3185.0,21.04234422937796,21.348478882888948,5.708582075995432,21.0,0,-0.3484788828889478,21.317802740805362,20.5,21.5
3186.0,21.039277476947284,21.3454115560505,5.706949687558515,21.0,0,-0.3454115560505002,21.314738287666025,20.5,21.5
3187.0,21.036211011389405,21.342344516416084,5.705316760748657,21.0,0,-0.3423445164160839,21.31167412007192,20.5,21.5
3188.0,21.033144832539275,21.339277763820082,5.703683296809404,21.0,0,-0.3392777638200819,21.308610237860062,20.5,21.5
3189.0,21.03007894023213,21.336211298097158,5.702049296984709,21.0,0,-0.3362112980971581,21.30554664086792,20.5,21.5
3190.0,21.02701333430348,21.33314511908226,5.700414762518935,21.0,0,-0.3331451190822605,21.302483328933285,20.5,21.5
3191.0,21.023948014589124,21.33007922661063,5.69877969465685,21.0,0,-0.3300792266106285,21.29942030189431,20.5,21.5
3192.0,21.020882980925137,21.32701362051777,5.6971440946436305,21.0,0,-0.3270136205177714,21.2963575595892,20.5,21.5
3193.0,21.01781823314788,21.323948300639493,5.6955079637248565,21.0,0,-0.3239483006394934,21.293295101856714,20.5,21.5
3194.0,21.014753771093996,21.32088326681187,5.693871303146511,21.0,0,-0.32088326681186885,21.290232928535623,20.5,21.5
3195.0,21.01168959460041,21.317818518871253,5.692234114154986,21.0,0,-0.31781851887125256,21.28717103946509,20.5,21.5
3196.0,21.00862570350432,21.31475405665429,5.69059639799707,21.0,0,-0.3147540566542908,21.284109434484673,20.5,21.5
3197.0,21.005562097643217,21.311689879997907,5.688958155919955,21.0,0,-0.31168987999790687,21.281048113434068,20.5,21.5
3198.0,21.00249877685487,21.308625988739305,5.687319389171233,21.0,0,-0.3086259887393048,21.277987076153284,20.5,21.5
3199.0,20.999435740977333,21.30556238271597,5.685680098998897,21.0,0,-0.30556238271596925,21.274926322482614,20.5,21.5
3200.0,20.996372989848936,21.302499061765676,5.684040286651338,21.0,0,-0.3024990617656762,21.271865852262746,20.5,21.5
3201.0,20.993310523308296,21.29943602572647,5.6823999533773435,21.0,0,-0.29943602572647166,21.268805665334426,20.5,21.5
3202.0,20.99024834119431,21.29637327443669,5.6807591004261,21.0,0,-0.29637327443668937,21.265745761538867,20.5,21.5
3203.0,20.987186443346157,21.293310807734947,5.679117729047189,21.0,0,-0.29331080773494733,21.262686140717527,20.5,21.5
3204.0,20.9841248296033,21.29024862546014,5.677475840490582,21.0,0,-0.29024862546014063,21.259626802712074,20.5,21.5
3205.0,20.981063499805476,21.28718672745145,5.675833436006654,21.0,0,-0.2871867274514486,21.256567747364528,20.5,21.5
3206.0,20.978002453792715,21.284125113548335,5.674190516846164,21.0,0,-0.2841251135483347,21.253508974517196,20.5,21.5
3207.0,20.974941691405327,21.281063783590536,5.672547084260269,21.0,0,-0.2810637835905361,21.25045048401255,20.5,21.5
3208.0,20.971881212483897,21.278002737418085,5.67090313950051,21.0,0,-0.2780027374180847,21.24739227569357,20.5,21.5
3209.0,20.9688210168693,21.274941974871282,5.669258683818827,21.0,0,-0.27494197487128247,21.24433434940326,20.5,21.5
3210.0,20.965761104402688,21.271881495790723,5.667613718467543,21.0,0,-0.27188149579072274,21.241276704985125,20.5,21.5
3211.0,20.962701474925503,21.268821300017283,5.665968244699369,21.0,0,-0.268821300017283,21.238219342282886,20.5,21.5
3212.0,20.95964212827946,21.26576138739211,5.664322263767406,21.0,0,-0.26576138739211075,21.23516226114039,20.5,21.5
3213.0,20.956583064306557,21.262701757756638,5.662675776925143,21.0,0,-0.26270175775663773,21.232105461401908,20.5,21.5
3214.0,20.95352428284908,21.259642410952598,5.6610287854264465,21.0,0,-0.25964241095259766,21.229048942912197,20.5,21.5
3215.0,20.950465783749596,21.25658334682198,5.659381290525575,21.0,0,-0.25658334682198003,21.225992705515804,20.5,21.5
3216.0,20.947407566850952,21.25352456520707,5.6577332934771665,21.0,0,-0.25352456520706923,21.22293674905796,20.5,21.5
3217.0,20.94434963199628,21.250466065950434,5.656084795536243,21.0,0,-0.25046606595043386,21.21988107338408,20.5,21.5
3218.0,20.941291979028986,21.24740784889492,5.654435797958208,21.0,0,-0.24740784889491962,21.216825678339777,20.5,21.5
3219.0,20.938234607792772,21.24434991388366,5.6527863019988445,21.0,0,-0.24434991388366,21.213770563771064,20.5,21.5
3220.0,20.935177518131614,21.24129226076006,5.651136308914314,21.0,0,-0.2412922607600585,21.210715729524043,20.5,21.5
3221.0,20.93212070988977,21.238234889367824,5.649485819961159,21.0,0,-0.2382348893678241,21.20766117544548,20.5,21.5
3222.0,20.929064182911784,21.23517779955092,5.647834836396299,21.0,0,-0.23517779955092166,21.204606901381897,20.5,21.5
3223.0,20.92600793704248,21.23212099115362,5.64618335947703,21.0,0,-0.2321209911536215,21.20155290718062,20.5,21.5
3224.0,20.922951972126967,21.22906446402046,5.644531390461022,21.0,0,-0.22906446402046043,21.19849919268885,20.5,21.5
3225.0,20.919896288010634,21.226008217996263,5.642878930606323,21.0,0,-0.22600821799626303,21.19544575775429,20.5,21.5
3226.0,20.916840884539152,21.22295225292614,5.6412259811713525,21.0,0,-0.22295225292614163,21.192392602224928,20.5,21.5
3227.0,20.91378576155848,21.21989656865548,5.639572543414903,21.0,0,-0.21989656865547857,21.189339725948848,20.5,21.5
3228.0,20.91073091891485,21.216841165029955,5.63791861859614,21.0,0,-0.21684116502995465,21.186287128774715,20.5,21.5
3229.0,20.907676356454786,21.213786041895517,5.636264207974599,21.0,0,-0.2137860418955171,21.18323481055114,20.5,21.5
3230.0,20.90462207402509,21.21073119909841,5.634609312810185,21.0,0,-0.21073119909841154,21.180182771127356,20.5,21.5
3231.0,20.90156807147285,21.20767663648515,5.632953934363172,21.0,0,-0.2076766364851501,21.177131010352536,20.5,21.5
3232.0,20.898514348645428,21.20462235390254,5.631298073894206,21.0,0,-0.2046223539025398,21.174079528076437,20.5,21.5
3233.0,20.89546090539048,21.201568351197665,5.629641732664292,21.0,0,-0.2015683511976647,21.171028324148914,20.5,21.5
3234.0,20.892407741555935,21.198514628217897,5.627984911934809,21.0,0,-0.19851462821789667,21.167977398420216,20.5,21.5
3235.0,20.88935485699001,21.195461184810878,5.6263276129675,21.0,0,-0.1954611848108776,21.164926750740687,20.5,21.5
3236.0,20.886302251541206,21.19240802082455,5.624669837024466,21.0,0,-0.19240802082455133,21.16187638096129,20.5,21.5
3237.0,20.8832499250583,21.189355136107125,5.623011585368176,21.0,0,-0.18935513610712462,21.158826288932858,20.5,21.5
3238.0,20.880197877390362,21.186302530507103,5.621352859261464,21.0,0,-0.18630253050710266,21.155776474506883,20.5,21.5
3239.0,20.877146108386736,21.183250203873264,5.619693659967519,21.0,0,-0.18325020387326418,21.15272693753488,20.5,21.5
3240.0,20.87409461789705,21.180198156054672,5.618033988749896,21.0,0,-0.18019815605467215,21.149677677868752,20.5,21.5
3241.0,20.87104340577122,21.177146386900677,5.616373846872504,21.0,0,-0.1771463869006773,21.14662869536073,20.5,21.5
3242.0,20.86799247185944,21.174094896260904,5.6147132355996145,21.0,0,-0.1740948962609039,21.14357998986317,20.5,21.5
3243.0,20.86494181601219,21.171043683985268,5.613052156195856,21.0,0,-0.1710436839852676,21.140531561228904,20.5,21.5
3244.0,20.861891438080228,21.167992749923965,5.611390609926211,21.0,0,-0.16799274992396462,21.137483409310935,20.5,21.5
3245.0,20.858841337914598,21.164942093927472,5.609728598056021,21.0,0,-0.16494209392747194,21.134435533962545,20.5,21.5
3246.0,20.855791515366626,21.161891715846554,5.608066121850982,21.0,0,-0.16189171584655426,21.131387935037377,20.5,21.5
3247.0,20.852741970287923,21.158841615532246,5.606403182577136,21.0,0,-0.1588416155322463,21.128340612389167,20.5,21.5
3248.0,20.84969270253038,21.15579179283589,5.604739781500889,21.0,0,-0.1557917928358883,21.125293565872308,20.5,21.5
3249.0,20.846643711946175,21.152742247609076,5.603075919888992,21.0,0,-0.1527422476090763,21.122246795340956,20.5,21.5
3250.0,20.843594998387765,21.14969297970371,5.601411599008546,21.0,0,-0.14969297970370832,21.11920030065003,20.5,21.5
3251.0,20.84054656170789,21.146643988971963,5.599746820127007,21.0,0,-0.14664398897196307,21.11615408165451,20.5,21.5
3252.0,20.83749840175957,21.143595275266293,5.598081584512174,21.0,0,-0.1435952752662928,21.11310813820959,20.5,21.5
3253.0,20.83445051839612,21.14054683843944,5.596415893432197,21.0,0,-0.14054683843944105,21.110062470170924,20.5,21.5
3254.0,20.831402911471127,21.13749867834443,5.5947497481555715,21.0,0,-0.13749867834442853,21.107017077394303,20.5,21.5
3255.0,20.828355580838462,21.134450794834567,5.593083149951142,21.0,0,-0.13445079483456723,21.103971959735954,20.5,21.5
3256.0,20.825308526352284,21.131403187763446,5.591416100088093,21.0,0,-0.13140318776344628,21.100927117052237,20.5,21.5
3257.0,20.82226174786703,21.128355856984935,5.589748599835958,21.0,0,-0.12835585698493546,21.097882549199827,20.5,21.5
3258.0,20.819215245237427,21.125308802353196,5.588080650464608,21.0,0,-0.12530880235319586,21.0948382560358,20.5,21.5
3259.0,20.816169018318472,21.122262023722666,5.586412253244261,21.0,0,-0.1222620237226657,21.091794237417364,20.5,21.5
3260.0,20.813123066965456,21.119215520948067,5.5847434094454735,21.0,0,-0.11921552094806742,21.088750493202085,20.5,21.5
3261.0,20.810077391033953,21.1161692938844,5.583074120339143,21.0,0,-0.11616929388440056,21.085707023247732,20.5,21.5
3262.0,20.807031990379816,21.11312334238696,5.581404387196506,21.0,0,-0.11312334238695954,21.08266382741255,20.5,21.5
3263.0,20.80398686485918,21.11007766631131,5.579734211289136,21.0,0,-0.11007766631130877,21.0796209055548,20.5,21.5
3264.0,20.800942014328466,21.107032265513308,5.578063593888944,21.0,0,-0.10703226551330758,21.076578257533296,20.5,21.5
3265.0,20.79789743864438,21.103987139849092,5.5763925362681785,21.0,0,-0.10398713984909236,21.07353588320694,20.5,21.5
3266.0,20.794853137663907,21.100942289175084,5.5747210396994245,21.0,0,-0.10094228917508374,21.070493782434998,20.5,21.5
3267.0,20.791809111244312,21.097897713347983,5.573049105455596,21.0,0,-0.09789771334798303,21.067451955076976,20.5,21.5
3268.0,20.788765359243154,21.094853412224776,5.571376734809948,21.0,0,-0.09485341222477572,21.064410400992703,20.5,21.5
3269.0,20.785721881518267,21.091809385662735,5.569703929036059,21.0,0,-0.09180938566273511,21.06136912004233,20.5,21.5
3270.0,20.78267867792777,21.088765633519415,5.568030689407845,21.0,0,-0.08876563351941513,21.058328112086215,20.5,21.5
3271.0,20.779635748330065,21.085722155652647,5.566357017199552,21.0,0,-0.08572215565264685,21.055287376984964,20.5,21.5
3272.0,20.776593092583838,21.08267895192055,5.564682913685753,21.0,0,-0.08267895192054908,21.05224691459957,20.5,21.5
3273.0,20.773550710548058,21.079636022181532,5.563008380141352,21.0,0,-0.07963602218153198,21.04920672479136,20.5,21.5
3274.0,20.770508602081975,21.076593366294272,5.561333417841576,21.0,0,-0.07659336629427216,21.046166807421674,20.5,21.5
3275.0,20.76746676704513,21.073550984117745,5.5596580280619845,21.0,0,-0.07355098411774463,21.04312716235247,20.5,21.5
3276.0,20.764425205297332,21.070508875511198,5.557982212078459,21.0,0,-0.070508875511198,21.04008778944573,20.5,21.5
3277.0,20.761383916698687,21.06746704033417,5.556305971167205,21.0,0,-0.06746704033416862,21.037048688563875,20.5,21.5
3278.0,20.758342901109582,21.064425478446474,5.554629306604755,21.0,0,-0.0644254784464735,21.034009859569522,20.5,21.5
3279.0,20.75530215839068,21.061384189708214,5.552952219667962,21.0,0,-0.06138418970821391,21.030971302325618,20.5,21.5
3280.0,20.752261688402935,21.058343173979775,5.551274711633998,21.0,0,-0.05834317397977529,21.02793301669539,20.5,21.5
3281.0,20.74922149100758,21.055302431121827,5.549596783780362,21.0,0,-0.05530243112182731,21.024895002542348,20.5,21.5
3282.0,20.746181566066138,21.052261960995317,5.547918437384865,21.0,0,-0.05226196099531677,21.02185725973021,20.5,21.5
3283.0,20.7431419134404,21.04922176346148,5.546239673725643,21.0,0,-0.04922176346148177,21.018819788123132,20.5,21.5
3284.0,20.740102532992456,21.04618183838184,5.544560494081149,21.0,0,-0.04618183838184109,21.015782587585434,20.5,21.5
3285.0,20.737063424584672,21.043142185618187,5.542880899730149,21.0,0,-0.04314218561818706,21.012745657981647,20.5,21.5
3286.0,20.734024588079702,21.04010280503261,5.541200891951728,21.0,0,-0.040102805032610433,21.009708999176844,20.5,21.5
3287.0,20.730986023340478,21.03706369648748,5.539520472025284,21.0,0,-0.03706369648747909,21.006672611036166,20.5,21.5
3288.0,20.727947730230216,21.03402485984544,5.537839641230532,21.0,0,-0.03402485984544157,21.003636493425066,20.5,21.5
3289.0,20.724909708612415,21.03098629496943,5.536158400847496,21.0,0,-0.030986294969430617,21.00060064620932,20.5,21.5
3290.0,20.721871958350864,21.02794800172267,5.534476752156514,21.0,0,-0.027948001722670313,20.997565069255067,20.5,21.5
3291.0,20.718834479309624,21.024909979968655,5.532794696438235,21.0,0,-0.02490997996865474,20.9945297624285,20.5,21.5
3292.0,20.71579727135305,21.02187222957117,5.531112234973618,21.0,0,-0.0218722295711693,20.991494725596315,20.5,21.5
3293.0,20.712760334345774,21.01883475039428,5.529429369043929,21.0,0,-0.018834750394280064,20.988459958625388,20.5,21.5
3294.0,20.709723668152712,21.01579754230234,5.527746099930746,21.0,0,-0.015797542302340872,20.98542546138295,20.5,21.5
3295.0,20.70668727263907,21.01276060515998,5.52606242891595,21.0,0,-0.012760605159979121,20.98239123373636,20.5,21.5
3296.0,20.703651147670325,21.00972393883212,5.52437835728173,21.0,0,-0.009723938832120638,20.979357275553536,20.5,21.5
3297.0,20.700615293112246,21.00668754318396,5.522693886310579,21.0,0,-0.006687543183961253,20.976323586702367,20.5,21.5
3298.0,20.697579708830887,21.003651418080985,5.521009017285297,21.0,0,-0.0036514180809845698,20.973290167051218,20.5,21.5
3299.0,20.694544394692578,21.000615563388955,5.519323751488983,21.0,0,-0.000615563388954854,20.970257016468658,20.5,21.5
3300.0,20.691509350563937,20.997579978973928,5.5176380902050415,21.0,0,0.0024200210260723054,20.967224134823656,20.5,21.5
3301.0,20.688474576311865,20.99454466470224,5.515952034717177,21.0,0,0.005455335297760655,20.964191521985356,20.5,21.5
3302.0,20.685440071803548,20.9915096204405,5.514265586309393,21.0,0,0.008490379559500383,20.961159177823102,20.5,21.5
3303.0,20.682405836906447,20.988474846055613,5.512578746265993,21.0,0,0.011525153944386801,20.95812710220675,20.5,21.5
3304.0,20.679371871488318,20.985440341414762,5.510891515871581,21.0,0,0.014559658585238111,20.95509529500625,20.5,21.5
3305.0,20.676338175417193,20.98240610638541,5.509203896411055,21.0,0,0.017593893614588296,20.95206375609191,20.5,21.5
3306.0,20.673304748561392,20.979372140835316,5.507515889169611,21.0,0,0.02062785916468357,20.949032485334364,20.5,21.5
3307.0,20.670271590789515,20.97633844463251,5.50582749543274,21.0,0,0.023661555367489484,20.94600148260445,20.5,21.5
3308.0,20.667238701970444,20.97330501764531,5.504138716486228,21.0,0,0.02669498235469092,20.942970747773295,20.5,21.5
3309.0,20.664206081973347,20.970271859742315,5.5024495536161515,21.0,0,0.029728140257685,20.939940280712374,20.5,21.5
3310.0,20.661173730667677,20.967238970792412,5.500760008108883,21.0,0,0.032761029207588166,20.93691008129338,20.5,21.5
3311.0,20.658141647923166,20.964206350664767,5.499070081251085,21.0,0,0.03579364933523266,20.933880149388322,20.5,21.5
3312.0,20.65510983360983,20.961173999228834,5.49737977432971,21.0,0,0.03882600077116649,20.930850484869495,20.5,21.5
3313.0,20.652078287597977,20.95814191635434,5.495689088632,21.0,0,0.04185808364566057,20.9278210876094,20.5,21.5
3314.0,20.649047009758185,20.95511010191131,5.493998025445486,21.0,0,0.04488989808869093,20.924791957481006,20.5,21.5
3315.0,20.64601599996132,20.952078555770036,5.492306586057986,21.0,0,0.04792144422996358,20.92176309435731,20.5,21.5
3316.0,20.64298525807854,20.949047277801107,5.490614771757604,21.0,0,0.05095272219889324,20.91873449811181,20.5,21.5
3317.0,20.639954783981274,20.9460162678754,5.488922583832734,21.0,0,0.053983732124599726,20.915706168618335,20.5,21.5
3318.0,20.636924577541244,20.942985525864053,5.487230023572046,21.0,0,0.05701447413594707,20.91267810575058,20.5,21.5
3319.0,20.63389463863045,20.939955051638506,5.485537092264499,21.0,0,0.060044948361493766,20.90965030938304,20.5,21.5
3320.0,20.630864967121177,20.93692484507048,5.483843791199336,21.0,0,0.0630751549295212,20.906622779390204,20.5,21.5
3321.0,20.62783556288599,20.93389490603197,5.482150121666077,21.0,0,0.0661050939680301,20.90359551564688,20.5,21.5
3322.0,20.624806425797747,20.930865234395263,5.480456084954528,21.0,0,0.06913476560473697,20.900568518028194,20.5,21.5
3323.0,20.62177755572958,20.92783583003293,5.478761682354769,21.0,0,0.07216416996707053,20.897541786409594,20.5,21.5
3324.0,20.618748952554906,20.92480669281782,5.477066915157162,21.0,0,0.07519330718217887,20.894515320666738,20.5,21.5
3325.0,20.615720616147428,20.92177782262307,5.475371784652347,21.0,0,0.07822217737692938,20.891489120675566,20.5,21.5
3326.0,20.61269254638113,20.918749219322102,5.473676292131238,21.0,0,0.08125078067789815,20.888463186312414,20.5,21.5
3327.0,20.60966474313028,20.915720882788605,5.471980438885026,21.0,0,0.0842791172113948,20.88543751745364,20.5,21.5
3328.0,20.606637206269433,20.912692812896577,5.47028422620518,21.0,0,0.08730718710342344,20.88241211397629,20.5,21.5
3329.0,20.60360993567342,20.90966500952028,5.468587655383438,21.0,0,0.09033499047972171,20.879386975757296,20.5,21.5
3330.0,20.60058293121736,20.906637472534264,5.466890727711811,21.0,0,0.09336252746573592,20.876362102674122,20.5,21.5
3331.0,20.597556192776658,20.903610201813372,5.465193444482585,21.0,0,0.09638979818662818,20.87333749460445,20.5,21.5
3332.0,20.594529720226998,20.900583197232713,5.463495806988314,21.0,0,0.09941680276728704,20.870313151426124,20.5,21.5
3333.0,20.59150351344435,20.897556458667697,5.461797816521824,21.0,0,0.1024435413323026,20.86728907301754,20.5,21.5
3334.0,20.588477572304967,20.894529985994005,5.460099474376209,21.0,0,0.10547001400599498,20.86426525925708,20.5,21.5
3335.0,20.58545189668538,20.89150377908761,5.458400781844829,21.0,0,0.10849622091238942,20.861241710023666,20.5,21.5
3336.0,20.582426486462413,20.88847783782476,5.456701740221312,21.0,0,0.11152216217524114,20.85821842519624,20.5,21.5
3337.0,20.579401341513165,20.885452162081997,5.455002350799552,21.0,0,0.11454783791800338,20.855195404654374,20.5,21.5
3338.0,20.57637646171502,20.88242675173613,5.45330261487371,21.0,0,0.11757324826387006,20.852172648277463,20.5,21.5
3339.0,20.573351846945652,20.879401606664267,5.451602533738207,21.0,0,0.12059839333573308,20.849150155945637,20.5,21.5
3340.0,20.57032749708301,20.876376726743793,5.449902108687731,21.0,0,0.12362327325620726,20.84612792753905,20.5,21.5
3341.0,20.56730341200533,20.873352111852377,5.448201341017226,21.0,0,0.12664788814762318,20.843105962938218,20.5,21.5
3342.0,20.564279591591134,20.87032776186797,5.4465002320219025,21.0,0,0.12967223813203077,20.840084262023893,20.5,21.5
3343.0,20.56125603571922,20.867303676668808,5.44479878299723,21.0,0,0.1326963233311922,20.837062824677194,20.5,21.5
3344.0,20.558232744268675,20.864279856133415,5.4430969952389345,21.0,0,0.13572014386658537,20.834041650779483,20.5,21.5
3345.0,20.55520971711887,20.861256300140585,5.441394870043003,21.0,0,0.1387436998594147,20.831020740212292,20.5,21.5
3346.0,20.552186954149455,20.85823300856941,5.4396924087056755,21.0,0,0.14176699143058968,20.82800009285766,20.5,21.5
3347.0,20.549164455240366,20.85520998129926,5.4379896125234515,21.0,0,0.14479001870073915,20.824979708597766,20.5,21.5
3348.0,20.546142220271822,20.852187218209778,5.4362864827930855,21.0,0,0.14781278179022195,20.82195958731495,20.5,21.5
3349.0,20.543120249124325,20.84916471918091,5.434583020811583,21.0,0,0.15083528081909137,20.818939728892214,20.5,21.5
3350.0,20.540098541678663,20.846142484092866,5.432879227876206,21.0,0,0.15385751590713426,20.815920133212437,20.5,21.5
3351.0,20.537077097815903,20.843120512826154,5.431175105284466,21.0,0,0.15687948717384614,20.812900800159035,20.5,21.5
3352.0,20.534055917417398,20.84009880526156,5.429470654334127,21.0,0,0.15990119473843833,20.80988172961564,20.5,21.5
3353.0,20.53103500036478,20.837077361280155,5.4277658763232015,21.0,0,0.16292263871984503,20.806862921466088,20.5,21.5
3354.0,20.528014346539972,20.834056180763284,5.4260607725499534,21.0,0,0.1659438192367162,20.803844375594572,20.5,21.5
3355.0,20.524993955825174,20.83103526359259,5.424355344312892,21.0,0,0.1689647364074105,20.800826091885646,20.5,21.5
3356.0,20.521973828102873,20.82801460964998,5.422649592910778,21.0,0,0.17198539035002014,20.797808070223883,20.5,21.5
3357.0,20.518953963255836,20.824994218817668,5.420943519642612,21.0,0,0.1750057811823318,20.79479031049455,20.5,21.5
3358.0,20.515934361167112,20.821974090978134,5.419237125807644,21.0,0,0.17802590902186566,20.791772812582796,20.5,21.5
3359.0,20.51291502172004,20.81895422601415,5.417530412705367,21.0,0,0.18104577398585064,20.7887555763743,20.5,21.5
3360.0,20.509895944798238,20.81593462380876,5.415823381635518,21.0,0,0.18406537619123853,20.785738601754883,20.5,21.5
3361.0,20.506877130285606,20.81291528424531,5.414116033898076,21.0,0,0.18708471575468977,20.782721888610798,20.5,21.5
3362.0,20.50385857806633,20.80989620720741,5.412408370793259,21.0,0,0.19010379279259126,20.779705436828394,20.5,21.5
3363.0,20.500840288024875,20.80687739257896,5.410700393621528,21.0,0,0.1931226074210386,20.776689246294488,20.5,21.5
3364.0,20.497822260045993,20.80385884024415,5.408992103683581,21.0,0,0.19614115975585023,20.773673316896033,20.5,21.5
3365.0,20.49480449401472,20.800840550087443,5.407283502280355,21.0,0,0.19915944991255685,20.770657648520377,20.5,21.5
3366.0,20.491786989816372,20.797822521993595,5.405574590713025,21.0,0,0.20217747800640495,20.767642241055114,20.5,21.5
3367.0,20.48876974733655,20.79480475584764,5.403865370283002,21.0,0,0.20519524415236035,20.764627094388086,20.5,21.5
3368.0,20.48575276646114,20.791787251534892,5.40215584229193,21.0,0,0.20821274846510818,20.761612208407414,20.5,21.5
3369.0,20.482736047076305,20.788770008940958,5.40044600804169,21.0,0,0.21122999105904228,20.758597583001617,20.5,21.5
3370.0,20.479719589068498,20.78575302795171,5.398735868834395,21.0,0,0.21424697204829002,20.755583218059233,20.5,21.5
3371.0,20.476703392324453,20.782736308453327,5.39702542597239,21.0,0,0.21726369154667324,20.752569113469495,20.5,21.5
3372.0,20.47368745673118,20.779719850332253,5.3953146807582515,21.0,0,0.22028014966774734,20.74955526912151,20.5,21.5
3373.0,20.470671782175987,20.77670365347522,5.393603634494789,21.0,0,0.22329634652477992,20.746541684904894,20.5,21.5
3374.0,20.46765636854645,20.773687717769253,5.391892288485036,21.0,0,0.22631228223074729,20.74352836070958,20.5,21.5
3375.0,20.46464121573044,20.770672043101637,5.390180644032256,21.0,0,0.22932795689836283,20.74051529642548,20.5,21.5
3376.0,20.4616263236161,20.76765662935997,5.388468702439944,21.0,0,0.23234337064003086,20.73750249194329,20.5,21.5
3377.0,20.458611692091864,20.764641476432104,5.386756465011816,21.0,0,0.23535852356789633,20.73448994715345,20.5,21.5
3378.0,20.455597321046447,20.761626584206198,5.385043933051816,21.0,0,0.23837341579380222,20.73147766194714,20.5,21.5
3379.0,20.45258321036885,20.75861195257068,5.38333110786411,21.0,0,0.24138804742932152,20.728465636215486,20.5,21.5
3380.0,20.44956935994835,20.75559758141426,5.38161799075309,21.0,0,0.2444024185857394,20.72545386985008,20.5,21.5
3381.0,20.44655576967451,20.752583470625943,5.37990458302337,21.0,0,0.2474165293740569,20.72244236274277,20.5,21.5
3382.0,20.44354243943718,20.74956962009501,5.378190885979782,21.0,0,0.25043037990499073,20.71943111478567,20.5,21.5
3383.0,20.44052936912649,20.746556029711016,5.3764769009273845,21.0,0,0.25344397028898413,20.716420125871082,20.5,21.5
3384.0,20.43751655863285,20.743542699363815,5.37476262917145,21.0,0,0.25645730063618544,20.7134093958918,20.5,21.5
3385.0,20.434504007846957,20.740529628943538,5.373048072017469,21.0,0,0.2594703710564623,20.71039892474077,20.5,21.5
3386.0,20.431491716659792,20.73751681834059,5.371333230771154,21.0,0,0.26248318165940887,20.707388712311126,20.5,21.5
3387.0,20.428479684962614,20.73450426744568,5.369618106738431,21.0,0,0.2654957325543208,20.70437875849656,20.5,21.5
3388.0,20.42546791264697,20.731491976149776,5.367902701225439,21.0,0,0.26850802385022376,20.701369063190747,20.5,21.5
3389.0,20.422456399604684,20.72847994434414,5.366187015538539,21.0,0,0.27152005565585924,20.698359626287786,20.5,21.5
3390.0,20.41944514572787,20.725468171920323,5.364471050984296,21.0,0,0.27453182807967735,20.69535044768214,20.5,21.5
3391.0,20.416434150908923,20.72245665877015,5.362754808869492,21.0,0,0.27754334122985114,20.69234152726841,20.5,21.5
3392.0,20.413423415040516,20.719445404785727,5.36103829050112,21.0,0,0.28055459521427295,20.68933286494151,20.5,21.5
3393.0,20.410412938015607,20.716434409859453,5.359321497186385,21.0,0,0.2835655901405474,20.68632446059671,20.5,21.5
3394.0,20.407402719727443,20.713423673884005,5.3576044302326995,21.0,0,0.2865763261159948,20.68331631412953,20.5,21.5
3395.0,20.404392760069545,20.710413196752338,5.355887090947684,21.0,0,0.28958680324766206,20.680308425435665,20.5,21.5
3396.0,20.40138305893572,20.7074029783577,5.354169480639166,21.0,0,0.29259702164230106,20.67730079441131,20.5,21.5
3397.0,20.398373616220063,20.704393018593606,5.352451600615184,21.0,0,0.29560698140639374,20.67429342095268,20.5,21.5
3398.0,20.39536443181694,20.701383317353873,5.350733452183974,21.0,0,0.2986166826461272,20.67128630495654,20.5,21.5
3399.0,20.392355505621012,20.698373874532585,5.3490150366539835,21.0,0,0.30162612546741485,20.66827944631971,20.5,21.5
3400.0,20.389346837527217,20.69536469002412,5.347296355333861,21.0,0,0.30463530997587895,20.66527284493948,20.5,21.5
3401.0,20.38633842743078,20.692355763723135,5.3455774095324555,21.0,0,0.30764423627686455,20.66226650071328,20.5,21.5
3402.0,20.3833302752272,20.68934709552456,5.343858200558819,21.0,0,0.3106529044754396,20.65926041353881,20.5,21.5
3403.0,20.380322380812263,20.686338685323626,5.342138729722206,21.0,0,0.3136613146763736,20.656254583314286,20.5,21.5
3404.0,20.377314744082046,20.683330533015834,5.340418998332066,21.0,0,0.3166694669841661,20.65324900993791,20.5,21.5
3405.0,20.374307364932896,20.68032263849697,5.3386990076980485,21.0,0,0.31967736150302883,20.650243693308344,20.5,21.5
3406.0,20.371300243261448,20.677315001663104,5.336978759130005,21.0,0,0.32268499833689646,20.647238633324427,20.5,21.5
3407.0,20.368293378964623,20.674307622410588,5.335258253937978,21.0,0,0.3256923775894123,20.64423382988543,20.5,21.5
3408.0,20.36528677193962,20.67130050063606,5.333537493432204,21.0,0,0.32869949936393894,20.641229282890794,20.5,21.5
3409.0,20.362280422083916,20.668293636236434,5.3318164789231215,21.0,0,0.33170636376356555,20.63822499224017,20.5,21.5
3410.0,20.359274329295285,20.66528702910891,5.330095211721355,21.0,0,0.33471297089108987,20.635220957833667,20.5,21.5
3411.0,20.35626849347177,20.662280679150975,5.328373693137727,21.0,0,0.33771932084902545,20.63221717957162,20.5,21.5
3412.0,20.353262914511703,20.659274586260388,5.326651924483245,21.0,0,0.3407254137396123,20.62921365735452,20.5,21.5
3413.0,20.350257592313696,20.656268750335204,5.324929907069113,21.0,0,0.3437312496647955,20.626210391083372,20.5,21.5
3414.0,20.347252526776646,20.65326317127375,5.3232076422067225,21.0,0,0.3467368287262502,20.623207380659203,20.5,21.5
3415.0,20.344247717799732,20.65025784897464,5.321485131207652,21.0,0,0.3497421510253602,20.62020462598354,20.5,21.5
3416.0,20.341243165282414,20.647252783336768,5.31976237538367,21.0,0,0.35274721666323217,20.61720212695805,20.5,21.5
3417.0,20.338238869124435,20.644247974259315,5.3180393760467295,21.0,0,0.355752025740685,20.614199883484787,20.5,21.5
3418.0,20.33523482922582,20.64124342164174,5.316316134508967,21.0,0,0.35875657835826047,20.611197895465985,20.5,21.5
3419.0,20.332231045486875,20.638239125383784,5.314592652082709,21.0,0,0.3617608746162162,20.608196162804227,20.5,21.5
3420.0,20.329227517808196,20.63523508538548,5.312868930080462,21.0,0,0.36476491461451843,20.60519468540246,20.5,21.5
3421.0,20.32622424609065,20.632231301547126,5.311144969814913,21.0,0,0.3677686984528741,20.60219346316357,20.5,21.5
3422.0,20.323221230235394,20.62922777376932,5.309420772598937,21.0,0,0.37077222623068096,20.59919249599125,20.5,21.5
3423.0,20.320218470143868,20.626224501952926,5.307696339745581,21.0,0,0.373775498047074,20.596191783788996,20.5,21.5
3424.0,20.31721596571779,20.62322148599911,5.305971672568077,21.0,0,0.3767785140008897,20.593191326460953,20.5,21.5
3425.0,20.31421371685916,20.620218725809302,5.304246772379833,21.0,0,0.37978127419069807,20.590191123911218,20.5,21.5
3426.0,20.311211723470265,20.617216221285226,5.302521640494438,21.0,0,0.3827837787147743,20.587191176044463,20.5,21.5
3427.0,20.30820998545367,20.614213972328876,5.300796278225654,21.0,0,0.3857860276711236,20.584191482765384,20.5,21.5
3428.0,20.305208502712222,20.61121197884255,5.299070686887419,21.0,0,0.38878802115744904,20.581192043979296,20.5,21.5
3429.0,20.30220727514906,20.608210240728802,5.297344867793846,21.0,0,0.3917897592711981,20.57819285959131,20.5,21.5
3430.0,20.29920630266759,20.605208757890487,5.295618822259222,21.0,0,0.39479124210951255,20.575193929507343,20.5,21.5
3431.0,20.296205585171506,20.602207530230736,5.293892551598003,21.0,0,0.3977924697692643,20.572195253633218,20.5,21.5
3432.0,20.293205122564792,20.599206557652963,5.292166057124823,21.0,0,0.4007934423470374,20.56919683187523,20.5,21.5
3433.0,20.290204914751705,20.59620584006086,5.290439340154482,21.0,0,0.4037941599391388,20.566198664139847,20.5,21.5
3434.0,20.287204961636785,20.59320537735841,5.288712402001948,21.0,0,0.4067946226415913,20.563200750333884,20.5,21.5
3435.0,20.284205263124857,20.59020516944986,5.286985243982358,21.0,0,0.40979483055014043,20.560203090364368,20.5,21.5
3436.0,20.281205819121027,20.587205216239763,5.2852578674110235,21.0,0,0.41279478376023704,20.557205684138797,20.5,21.5
3437.0,20.278206629530686,20.58420551763294,5.2835302736034135,21.0,0,0.4157944823670583,20.55420853156473,20.5,21.5
3438.0,20.2752076942595,20.5812060735345,5.281802463875165,21.0,0,0.41879392646550073,20.551211632550075,20.5,21.5
3439.0,20.272209013213423,20.578206883849827,5.2800744395420836,21.0,0,0.4217931161501731,20.548214987003103,20.5,21.5
3440.0,20.26921058629869,20.575207948484596,5.278346201920131,21.0,0,0.42479205151540356,20.545218594832292,20.5,21.5
3441.0,20.266212413421815,20.572209267344753,5.276617752325437,21.0,0,0.4277907326552466,20.542222455946323,20.5,21.5
3442.0,20.263214494489596,20.569210840336535,5.274889092074293,21.0,0,0.4307891596634654,20.539226570254346,20.5,21.5
3443.0,20.260216829409114,20.566212667366457,5.273160222483147,21.0,0,0.43378733263354263,20.536230937665685,20.5,21.5
3444.0,20.25721941808773,20.563214748341316,5.27143114486861,21.0,0,0.43678525165868365,20.533235558089906,20.5,21.5
3445.0,20.254222260433085,20.560217083168194,5.269701860547446,21.0,0,0.43978291683180615,20.53024043143697,20.5,21.5
3446.0,20.251225356353107,20.55721967175445,5.267972370836585,21.0,0,0.4427803282455507,20.527245557617004,20.5,21.5
3447.0,20.248228705756002,20.55422251400773,5.266242677053105,21.0,0,0.4457774859922701,20.524250936540536,20.5,21.5
3448.0,20.24523230855026,20.55122560983596,5.264512780514244,21.0,0,0.44877439016403997,20.52125656811826,20.5,21.5
3449.0,20.242236164644652,20.548228959147345,5.262782682537396,21.0,0,0.4517710408526554,20.51826245226119,20.5,21.5
3450.0,20.23924027394823,20.545232561850376,5.261052384440104,21.0,0,0.4547674381496236,20.515268588880694,20.5,21.5
3451.0,20.23624463637033,20.54223641785382,5.259321887540064,21.0,0,0.4577635821461783,20.512274977888275,20.5,21.5
3452.0,20.233249251820563,20.53924052706673,5.257591193155125,21.0,0,0.4607594729332689,20.509281619195825,20.5,21.5
3453.0,20.23025412020883,20.53624488939845,5.255860302603288,21.0,0,0.46375511060155006,20.50628851271564,20.5,21.5
3454.0,20.22725924144531,20.53324950475858,5.2541292172027,21.0,0,0.46675049524142054,20.503295658359875,20.5,21.5
3455.0,20.22426461544046,20.530254373057026,5.25239793827166,21.0,0,0.4697456269429736,20.500303056041496,20.5,21.5
3456.0,20.221270242105028,20.527259494203967,5.250666467128609,21.0,1,0.47274050579603255,20.497310705673378,20.5,21.5
3457.0,20.238276121350033,20.528264868109865,5.248934805092139,21.0,1,0.47173513189013505,20.53831860716884,20.5,21.5
3458.0,20.255278253086782,20.53326969468545,5.247202953480985,21.0,1,0.46673030531454884,20.583317960441313,20.5,21.5
3459.0,20.27227663802686,20.542273174001764,5.24547091361403,21.0,1,0.4577268259982361,20.63230796716489,20.5,21.5
3460.0,20.289271276881976,20.55527450629007,5.243738686810295,21.0,1,0.44472549370993164,20.685287829173113,20.5,21.5
3461.0,20.30626217036396,20.572272891941854,5.242006274388948,21.0,1,0.4277271080581464,20.742256748459706,20.5,21.5
3462.0,20.323249319184768,20.5892675315088,5.240273677669294,21.0,1,0.4107324684912008,20.759213927178255,20.5,21.5
3463.0,20.340232724056467,20.606258425702737,5.2385408979707835,21.0,1,0.39374157429726253,20.77616736764212,20.5,21.5
3464.0,20.35721238569125,20.623245575235615,5.236807936613001,21.0,1,0.3767544247643855,20.793117070564385,20.5,21.5
3465.0,20.374188304801432,20.640228980819508,5.2350747949156755,21.0,1,0.35977101918049215,20.81006303665844,20.5,21.5
3466.0,20.391160482099455,20.657208643166605,5.233341474198667,21.0,1,0.3427913568333949,20.827005266637578,20.5,21.5
3467.0,20.408128918297873,20.67418456298923,5.231607975781975,21.0,1,0.3258154370107711,20.843943761215467,20.5,21.5
3468.0,20.425093614109368,20.69115674099981,5.229874300985733,21.0,1,0.3088432590001915,20.860878521105604,20.5,21.5
3469.0,20.442054570246743,20.708125177910908,5.228140451130212,21.0,1,0.2918748220890919,20.877809547021904,20.5,21.5
3470.0,20.45901178742292,20.725089874435206,5.226406427535814,21.0,1,0.2749101255647943,20.89473683967818,20.5,21.5
3471.0,20.475965266350943,20.742050831285503,5.224672231523071,21.0,1,0.2579491687144966,20.91166039978848,20.5,21.5
3472.0,20.492915007743978,20.75900804917472,5.222937864412652,21.0,1,0.24099195082527913,20.928580228066895,20.5,21.5
3473.0,20.509861012315312,20.77596152881591,5.22120332752535,21.0,1,0.22403847118409104,20.94549632522779,20.5,21.5
3474.0,20.526803280778353,20.79291127092223,5.219468622182091,21.0,1,0.2070887290777712,20.962408691985427,20.5,21.5
3475.0,20.543741813846633,20.809857276206973,5.217733749703929,21.0,1,0.1901427237930271,20.979317329054414,20.5,21.5
3476.0,20.560676612233806,20.826799545383544,5.215998711412046,21.0,1,0.17320045461645606,20.996222237149254,20.5,21.5
3477.0,20.577607676653642,20.84373807916548,5.214263508627749,21.0,1,0.1562619208345204,21.013123416984836,20.5,21.5
3478.0,20.59453500782004,20.860672878266424,5.212528142672467,21.0,1,0.13932712173357586,21.03002086927587,20.5,21.5
3479.0,20.61145860644701,20.877603943400157,5.21079261486776,21.0,1,0.1223960565998432,21.046914594737483,20.5,21.5
3480.0,20.62837847324869,20.89453127528057,5.2090569265353075,21.0,1,0.10546872471942947,21.063804594084708,20.5,21.5
3481.0,20.64529460893935,20.91145487462168,5.207321078996911,21.0,1,0.08854512537832093,21.080690868032764,20.5,21.5
3482.0,20.66220701423336,20.928374742137624,5.205585073574493,21.0,1,0.07162525786237595,21.097573417297074,20.5,21.5
3483.0,20.67911568984523,20.94529087854266,5.203848911590101,21.0,1,0.054709121457339194,21.11445224259303,20.5,21.5
3484.0,20.69602063648958,20.962203284551173,5.202112594365893,21.0,1,0.037796715448827456,21.13132734463629,20.5,21.5
3485.0,20.712921854881152,20.979111960877667,5.200376123224153,21.0,1,0.02088803912233317,21.14819872414261,20.5,21.5
3486.0,20.72981934573482,20.99601690823676,5.198639499487278,21.0,1,0.003983091763238633,21.165066381827707,20.5,21.5
3487.0,20.746713109765572,21.012918127343205,5.196902724477783,21.0,1,-0.012918127343205299,21.181930318407645,20.5,21.5
3488.0,20.763603147688514,21.02981561891186,5.1951657995183,21.0,1,-0.029815618911861463,21.198790534598423,20.5,21.5
3489.0,20.78048946021888,21.046709383657724,5.193428725931569,21.0,1,-0.046709383657724146,21.21564703111635,20.5,21.5
3490.0,20.797372048072024,21.0635994222959,5.191691505040449,21.0,1,-0.06359942229590132,21.232499808677673,20.5,21.5
3491.0,20.814250911963416,21.08048573554162,5.189954138167908,21.0,1,-0.08048573554162175,21.249348867998826,20.5,21.5
3492.0,20.831126052608656,21.097368324110235,5.188216626637029,21.0,1,-0.097368324110235,21.266194209796367,20.5,21.5
3493.0,20.847997470723463,21.114247188717226,5.186478971771001,21.0,1,-0.11424718871722561,21.283035834787132,20.5,21.5
3494.0,20.864865167023673,21.131122330078185,5.184741174893124,21.0,1,-0.13112233007818475,21.299873743687776,20.5,21.5
3495.0,20.881729142225247,21.147993748908828,5.183003237326806,21.0,1,-0.14799374890882788,21.31670793721526,20.5,21.5
3496.0,20.898589397044265,21.164861445925,5.181265160395561,21.0,1,-0.1648614459249984,21.333538416086704,20.5,21.5
3497.0,20.915445932196935,21.18172542184265,5.179526945423011,21.0,1,-0.18172542184264984,21.350365181019164,20.5,21.5
3498.0,20.93229874839958,21.198585677377874,5.177788593732883,21.0,1,-0.19858567737787425,21.36718823273012,20.5,21.5
3499.0,20.94914784636865,21.215442213246867,5.176050106649008,21.0,1,-0.21544221324686674,21.38400757193679,20.5,21.5
3500.0,20.965993226820707,21.23229503016596,5.174311485495317,21.0,1,-0.23229503016596098,21.400823199356903,20.5,21.5
3501.0,20.982834890472443,21.249144128851594,5.172572731595847,21.0,1,-0.24914412885159365,21.41763511570792,20.5,21.5
3502.0,20.999672838040667,21.26598951002034,5.170833846274736,21.0,1,-0.26598951002034,21.434443321707803,20.5,21.5
3503.0,21.016507070242312,21.282831174388885,5.169094830856218,21.0,1,-0.2828311743888854,21.45124781807434,20.5,21.5
3504.0,21.033337587794435,21.299669122674043,5.167355686664631,21.0,1,-0.2996691226740431,21.46804860552562,20.5,21.5
3505.0,21.05016439141421,21.316503355592744,5.1656164150244095,21.0,1,-0.3165033555927437,21.48484568477975,20.5,21.5
3506.0,21.06698748181893,21.333333873862042,5.1638770172600825,21.0,0,-0.33333387386204194,21.501639056555025,20.5,21.5
3507.0,21.063806859726018,21.346160678199112,5.162137494696277,21.0,0,-0.3461606781991122,21.474428721569815,20.5,21.5
3508.0,21.060626525853014,21.354984569321253,5.160397848657718,21.0,0,-0.3549845693212532,21.443223480542663,20.5,21.5
3509.0,21.057446480117573,21.359806347785884,5.158658080469219,21.0,0,-0.3598063477858844,21.408024132432196,20.5,21.5
3510.0,21.054266722437642,21.36062681399057,5.156918191455691,21.0,0,-0.36062681399057084,21.368831476037435,20.5,21.5
3511.0,21.051087252731445,21.35744676817307,5.155178182942132,21.0,0,-0.35744676817306953,21.325646309998056,20.5,21.5
3512.0,21.047908070917487,21.354267010411366,5.153438056253638,21.0,0,-0.3542670104113661,21.322469432794332,20.5,21.5
3513.0,21.044729176914554,21.351087540623674,5.151697812715389,21.0,0,-0.35108754062367353,21.319292842746748,20.5,21.5
3514.0,21.041550570641714,21.3479083587285,5.149957453652656,21.0,0,-0.3479083587284997,21.31611653977676,20.5,21.5
3515.0,21.038372252018316,21.344729464644633,5.1482169803907984,21.0,0,-0.34472946464463305,21.312940523805967,20.5,21.5
3516.0,21.03519422096399,21.34155085829114,5.146476394255265,21.0,0,-0.3415508582911393,21.3097647947562,20.5,21.5
3517.0,21.03201647739865,21.338372539587372,5.1447356965715825,21.0,0,-0.3383725395873718,21.306589352549697,20.5,21.5
3518.0,21.028839021242483,21.335194508452954,5.142994888665372,21.0,0,-0.33519450845295395,21.303414197108776,20.5,21.5
3519.0,21.02566185241597,21.332016764807804,5.141253971862334,21.0,0,-0.33201676480780407,21.300239328356305,20.5,21.5
3520.0,21.02248497083986,21.328839308572114,5.13951294748825,21.0,0,-0.32883930857211396,21.297064746215213,20.5,21.5
3521.0,21.019308376435188,21.325662139666356,5.13777181686899,21.0,0,-0.32566213966635615,21.293890450608778,20.5,21.5
3522.0,21.016132069123273,21.322485258011277,5.136030581330497,21.0,0,-0.3224852580112767,21.290716441460482,20.5,21.5
3523.0,21.012956048825714,21.319308663527924,5.134289242198799,21.0,0,-0.31930866352792364,21.287542718694393,20.5,21.5
3524.0,21.00978031546439,21.316132356137608,5.1325478008,21.0,0,-0.31613235613760793,21.28436928223445,20.5,21.5
3525.0,21.006604868961457,21.312956335761932,5.130806258460286,21.0,0,-0.3129563357619318,21.28119613200517,20.5,21.5
3526.0,21.003429709239356,21.309780602322764,5.129064616505916,21.0,0,-0.30978060232276405,21.278023267931086,20.5,21.5
3527.0,21.000254836220808,21.306605155742268,5.127322876263226,21.0,0,-0.3066051557422682,21.27485068993731,20.5,21.5
3528.0,20.997080249828816,21.303429995942892,5.125581039058627,21.0,0,-0.3034299959428921,21.27167839794913,20.5,21.5
3529.0,20.99390594998666,21.300255122847346,5.123839106218604,21.0,0,-0.30025512284734646,21.26850639189189,20.5,21.5
3530.0,20.99073193661791,21.297080536378637,5.122097079069714,21.0,0,-0.29708053637863685,21.26533467169154,20.5,21.5
3531.0,20.987558209646398,21.293906236460046,5.120354958938587,21.0,0,-0.293906236460046,21.262163237274137,20.5,21.5
3532.0,20.984384768996257,21.290732223015134,5.118612747151924,21.0,0,-0.2907322230151337,21.25899208856601,20.5,21.5
3533.0,20.98121161459189,21.28755849596775,5.116870445036493,21.0,0,-0.28755849596775107,21.255821225493925,20.5,21.5
3534.0,20.978038746357978,21.284385055242012,5.115128053919134,21.0,0,-0.2843850552420122,21.252650647984623,20.5,21.5
3535.0,20.974866164219492,21.281211900762326,5.113385575126755,21.0,0,-0.28121190076232594,21.249480355965463,20.5,21.5
3536.0,20.971693868101674,21.278039032453382,5.111643009986328,21.0,0,-0.2780390324533819,21.24631034936394,20.5,21.5
3537.0,20.96852185793005,21.27486645024014,5.109900359824891,21.0,0,-0.27486645024013967,21.243140628107717,20.5,21.5
3538.0,20.96535013363043,21.27169415404785,5.108157625969551,21.0,0,-0.27169415404785013,21.239971192124955,20.5,21.5
3539.0,20.962178695128898,21.268522143802034,5.1064148097474735,21.0,0,-0.2685221438020342,21.236802041343875,20.5,21.5
3540.0,20.959007542351824,21.2653504194285,5.1046719124858875,21.0,0,-0.2653504194285006,21.233633175693164,20.5,21.5
3541.0,20.95583667522585,21.262178980853335,5.102928935512089,21.0,0,-0.262178980853335,21.23046459510168,20.5,21.5
3542.0,20.95266609367791,21.259007828002908,5.101185880153427,21.0,0,-0.25900782800290756,21.227296299498633,20.5,21.5
3543.0,20.949495797635205,21.25583696080386,5.099442747737316,21.0,0,-0.25583696080386176,21.224128288813404,20.5,21.5
3544.0,20.946325787025224,21.25266637918313,5.097699539591227,21.0,0,-0.25266637918312895,21.2209605629758,20.5,21.5
3545.0,20.94315606177574,21.24949608306791,5.095956257042689,21.0,0,-0.2494960830679105,21.217793121915726,20.5,21.5
3546.0,20.939986621814793,21.2463260723857,5.094212901419285,21.0,0,-0.24632607238569904,21.214625965563584,20.5,21.5
3547.0,20.936817467070714,21.243156347064264,5.092469474048659,21.0,0,-0.24315634706426437,21.211459093849918,20.5,21.5
3548.0,20.93364859747211,21.239986907031643,5.090725976258508,21.0,0,-0.23998690703164272,21.208292506705426,20.5,21.5
3549.0,20.930480012947868,21.236817752216172,5.0889824093765785,21.0,0,-0.2368177522161723,21.205126204061468,20.5,21.5
3550.0,20.927311713427155,21.233648882546454,5.087238774730672,21.0,0,-0.23364888254645422,21.201960185849273,20.5,21.5
3551.0,20.924143698839416,21.23048029795138,5.085495073648644,21.0,0,-0.23048029795138092,21.198794452000648,20.5,21.5
3552.0,20.920975969114377,21.227311998360115,5.0837513074583995,21.0,0,-0.22731199836011484,21.195629002447454,20.5,21.5
3553.0,20.917808524182046,21.2241439837021,5.08200747748789,21.0,0,-0.2241439837020991,21.19246383712194,20.5,21.5
3554.0,20.914641363972706,21.220976253907068,5.08026358506512,21.0,0,-0.2209762539070681,21.189298955956758,20.5,21.5
3555.0,20.911474488416925,21.217808808905023,5.078519631518138,21.0,0,-0.21780880890502274,21.18613435888457,20.5,21.5
3556.0,20.908307897445546,21.214641648626248,5.07677561817504,21.0,0,-0.21464164862624813,21.182970045838502,20.5,21.5
3557.0,20.905141590989693,21.211474773001314,5.075031546363969,21.0,0,-0.21147477300131357,21.179806016751968,20.5,21.5
3558.0,20.901975568980767,21.20830818196106,5.073287417413113,21.0,0,-0.20830818196105838,21.176642271558507,20.5,21.5
3559.0,20.89880983135045,21.205141875436606,5.071543232650699,21.0,0,-0.2051418754366061,21.173478810192083,20.5,21.5
3560.0,20.895644378030713,21.201975853359365,5.069798993405002,21.0,0,-0.20197585335936452,21.17031563258695,20.5,21.5
3561.0,20.892479208953787,21.19881011566101,5.0680547010043355,21.0,0,-0.19881011566101137,21.16715273867748,20.5,21.5
3562.0,20.889314324052197,21.195644662273512,5.066310356777053,21.0,0,-0.19564466227351218,21.16399012839852,20.5,21.5
3563.0,20.886149723258743,21.192479493129106,5.064565962051549,21.0,0,-0.19247949312910606,21.160827801685045,20.5,21.5
3564.0,20.882985406506503,21.189314608160316,5.062821518156256,21.0,0,-0.1893146081603163,21.15766575847242,20.5,21.5
3565.0,20.879821373728834,21.186150007299936,5.061077026419646,21.0,0,-0.18615000729993625,21.154503998696136,20.5,21.5
3566.0,20.876657624859373,21.182985690481054,5.059332488170222,21.0,0,-0.18298569048105406,21.151342522292232,20.5,21.5
3567.0,20.873494159832035,21.179821657637024,5.057587904736527,21.0,0,-0.1798216576370244,21.148181329196728,20.5,21.5
3568.0,20.870330978581016,21.17665790870148,5.0558432774471385,21.0,0,-0.17665790870147902,21.145020419346025,20.5,21.5
3569.0,20.867168081040788,21.173494443608337,5.054098607630663,21.0,0,-0.17349444360833743,21.14185979267692,20.5,21.5
3570.0,20.864005467146107,21.17033126229179,5.052353896615746,21.0,0,-0.1703312622917892,21.138699449126307,20.5,21.5
3571.0,20.860843136832003,21.167168364686315,5.05060914573106,21.0,0,-0.16716836468631513,21.135539388631575,20.5,21.5
3572.0,20.857681090033783,21.164005750726666,5.048864356305307,21.0,0,-0.16400575072666612,21.132379611130176,20.5,21.5
3573.0,20.854519326687036,21.16084342034787,5.047119529667221,21.0,0,-0.16084342034787014,21.12922011655991,20.5,21.5
3574.0,20.851357846727634,21.15768137348524,5.045374667145563,21.0,0,-0.15768137348523936,21.12606090485893,20.5,21.5
3575.0,20.84819665009172,21.154519610074363,5.043629770069122,21.0,0,-0.1545196100743631,21.1229019759656,20.5,21.5
3576.0,20.845035736715715,21.151358130051104,5.041884839766714,21.0,0,-0.1513581300511042,21.119743329818515,20.5,21.5
3577.0,20.841875106536325,21.148196933351613,5.040139877567179,21.0,0,-0.14819693335161332,21.116584966356704,20.5,21.5
3578.0,20.838714759490532,21.145036019912315,5.03839488479938,21.0,0,-0.14503601991231463,21.113426885519328,20.5,21.5
3579.0,20.835554695515594,21.141875389669906,5.036649862792205,21.0,0,-0.14187538966990587,21.11026908724582,20.5,21.5
3580.0,20.83239491454905,21.138715042561373,5.034904812874567,21.0,0,-0.13871504256137257,21.10711157147604,20.5,21.5
3581.0,20.829235416528714,21.135554978523974,5.033159736375395,21.0,0,-0.1355549785239738,21.103954338149986,20.5,21.5
3582.0,20.826076201392684,21.132395197495242,5.031414634623642,21.0,0,-0.1323951974952422,21.100797387207926,20.5,21.5
3583.0,20.82291726907933,21.129235699412998,5.029669508948277,21.0,0,-0.12923569941299817,21.097640718590558,20.5,21.5
3584.0,20.819758619527303,21.12607648421534,5.02792436067829,21.0,0,-0.12607648421533924,21.09448433223875,20.5,21.5
3585.0,20.81660025267553,21.122917551840636,5.026179191142689,21.0,0,-0.12291755184063646,21.09132822809361,20.5,21.5
3586.0,20.813442168463226,21.119758902227538,5.024434001670494,21.0,0,-0.11975890222753804,21.088172406096554,20.5,21.5
3587.0,20.81028436682987,21.116600535314973,5.022688793590746,21.0,0,-0.11660053531497283,21.08501686618932,20.5,21.5
3588.0,20.80712684771522,21.113442451042154,5.020943568232492,21.0,0,-0.11344245104215389,21.081861608313964,20.5,21.5
3589.0,20.803969611059323,21.110284649348557,5.0191983269248,21.0,0,-0.1102846493485572,21.07870663241259,20.5,21.5
3590.0,20.800812656802496,21.10712713017395,5.017453070996748,21.0,0,-0.10712713017395004,21.07555193842788,20.5,21.5
3591.0,20.797655984885335,21.103969893458373,5.015707801777423,21.0,0,-0.10396989345837326,21.072397526302606,20.5,21.5
3592.0,20.794499595248713,21.10081293914214,5.013962520595922,21.0,0,-0.10081293914214129,21.06924339597982,20.5,21.5
3593.0,20.79134348783378,21.097656267165853,5.012217228781357,21.0,0,-0.09765626716585274,21.066089547402967,20.5,21.5
3594.0,20.788187662581972,21.094499877470383,5.01047192766284,21.0,0,-0.09449987747038335,21.06293598051569,20.5,21.5
3595.0,20.785032119434987,21.091343769996882,5.008726618569494,21.0,0,-0.09134376999688243,21.059782695261873,20.5,21.5
3596.0,20.781876858334815,21.08818794468678,5.0069813028304475,21.0,0,-0.08818794468677993,21.056629691585755,20.5,21.5
3597.0,20.778721879223713,21.085032401481776,5.0052359817748355,21.0,0,-0.08503240148177582,21.053476969431735,20.5,21.5
3598.0,20.775567182044224,21.081877140323865,5.003490656731797,21.0,0,-0.08187714032386495,21.050324528744756,20.5,21.5
3599.0,20.772412766739162,21.078722161155305,5.00174532903047,21.0,0,-0.07872216115530506,21.047172369469706,20.5,21.5
