t,T_true,T_meas,T_out,setpoint,heater,error,T_pred,lower,upper
0.0,18.0,18.3,5.0,21.0,1,2.6999999999999993,18.3,20.5,21.5
1.0,18.0174,18.3087,5.00174532903047,21.0,1,2.6912999999999982,18.395700000000012,20.5,21.5
2.0,18.034796869065804,18.31739895635527,5.003490656731796,21.0,1,2.6826010436447305,18.404388519907947,20.5,21.5
3.0,18.052190607823338,18.326096869222287,5.005235981774836,21.0,1,2.6739031307777132,18.41307599789246,20.5,21.5
4.0,18.06958121689813,18.334793738757455,5.0069813028304475,21.0,1,2.6652062612425453,18.421762434109134,20.5,21.5
5.0,18.086968696915317,18.352187478140518,5.008726618569493,21.0,1,2.647812521859482,18.526124871971152,20.5,21.5
6.0,18.104353048499647,18.36957808784045,5.010471927662839,21.0,1,2.6304219121595516,18.543484184839752,20.5,21.5
7.0,18.12173427227548,18.386965568482385,5.012217228781357,21.0,1,2.6130344315176153,18.560840374901748,20.5,21.5
8.0,18.13911236886678,18.40434992069107,5.013962520595923,21.0,1,2.5956500793089283,18.57819344277794,20.5,21.5
9.0,18.156487338897126,18.42173114509087,5.015707801777423,21.0,1,2.5782688549091297,18.595543389088856,20.5,21.5
10.0,18.173859182989702,18.439109242305747,5.017453070996748,21.0,1,2.560890757694253,18.612890214454517,20.5,21.5
11.0,18.191227901767302,18.45648421295928,5.0191983269248,21.0,1,2.5435157870407217,18.63023391949459,20.5,21.5
12.0,18.208593495852334,18.473856057674652,5.020943568232491,21.0,1,2.526143942325348,18.64757450482839,20.5,21.5
13.0,18.22595596586681,18.49122477707466,5.022688793590745,21.0,1,2.5087752229253404,18.664911971074734,20.5,21.5
14.0,18.243315312432355,18.508590371781708,5.024434001670494,21.0,1,2.4914096282182925,18.682246318852187,20.5,21.5
15.0,18.260671536170204,18.52595284241781,5.026179191142689,21.0,1,2.4740471575821914,18.69957754877882,20.5,21.5
16.0,18.278024637701197,18.543312189604585,5.02792436067829,21.0,1,2.4566878103954153,18.716905661472346,20.5,21.5
17.0,18.29537461764579,18.560668413963278,5.029669508948277,21.0,1,2.4393315860367224,18.734230657550206,20.5,21.5
18.0,18.312721476624052,18.578021516114724,5.0314146346236415,21.0,1,2.421978483885276,18.751552537629188,20.5,21.5
19.0,18.33006521525565,18.595371496679384,5.033159736375395,21.0,1,2.404628503320616,18.768871302325984,20.5,21.5
20.0,18.347405834159876,18.61271835627732,5.034904812874567,21.0,1,2.3872816437226803,18.786186952256678,20.5,21.5
21.0,18.36474333395562,18.630062095528206,5.036649862792205,21.0,1,2.3699379044717936,18.803499488037072,20.5,21.5
22.0,18.382077715261385,18.647402715051324,5.038394884799379,21.0,1,2.3525972849486756,18.820808910282505,20.5,21.5
23.0,18.39940897869529,18.66474021546557,5.040139877567178,21.0,1,2.335259784534429,18.838115219608035,20.5,21.5
24.0,18.416737124875066,18.68207459738945,5.0418848397667135,21.0,1,2.3179254026105482,18.85541841662826,20.5,21.5
25.0,18.434062154418044,18.699405861441086,5.043629770069122,21.0,1,2.300594138558914,18.87271850195743,20.5,21.5
26.0,18.451384067941174,18.716734008238195,5.045374667145563,21.0,1,2.2832659917618052,18.890015476209282,20.5,21.5
27.0,18.468702866061015,18.734059038398122,5.047119529667221,21.0,1,2.2659409616018777,18.907309339997397,20.5,21.5
28.0,18.486018549393737,18.75138095253781,5.048864356305306,21.0,1,2.2486190474621885,18.924600093934703,20.5,21.5
29.0,18.50333111855512,18.76869975127382,5.050609145731059,21.0,1,2.2313002487261784,18.941887738633923,20.5,21.5
30.0,18.520640574160556,18.78601543522233,5.052353896615746,21.0,1,2.2139845647776717,18.959172274707395,20.5,21.5
31.0,18.537946916825046,18.803328004999102,5.054098607630664,21.0,1,2.196671995000898,18.97645370276684,20.5,21.5
32.0,18.555250147163207,18.82063746121954,5.055843277447138,21.0,1,2.1793625387804596,18.993732023423924,20.5,21.5
33.0,18.572550265789264,18.837943804498643,5.057587904736527,21.0,1,2.162056195501357,19.011007237289668,20.5,21.5
34.0,18.589847273317055,18.855247035451033,5.059332488170221,21.0,1,2.1447529645489674,19.02827934497493,20.5,21.5
35.0,18.607141170360027,18.872547154690928,5.061077026419645,21.0,1,2.1274528453090724,19.045548347089877,20.5,21.5
36.0,18.62443195753124,18.889844162832166,5.062821518156257,21.0,1,2.1101558371678344,19.062814244244546,20.5,21.5
37.0,18.641719635443366,18.907138060488197,5.064565962051549,21.0,1,2.0928619395118027,19.080077037048515,20.5,21.5
38.0,18.659004204708687,18.924428848272083,5.066310356777053,21.0,1,2.0755711517279174,19.097336726110935,20.5,21.5
39.0,18.6762856659391,18.94171652679649,5.068054701004335,21.0,1,2.0582834732035096,19.11459331204057,20.5,21.5
40.0,18.693564019746113,18.95900109667371,5.069798993405002,21.0,1,2.0409989033262903,19.131846795445902,20.5,21.5
41.0,18.710839266740845,18.97628255851563,5.071543232650699,21.0,1,2.0237174414843686,19.14909717693485,20.5,21.5
42.0,18.728111407534026,18.993560912933766,5.073287417413113,21.0,1,2.0064390870662336,19.166344457115116,20.5,21.5
43.0,18.745380442736003,19.010836160539228,5.075031546363969,21.0,1,1.9891638394607725,19.18358863659384,20.5,21.5
44.0,18.76264637295673,19.028108301942755,5.07677561817504,21.0,1,1.9718916980572452,19.200829715978028,20.5,21.5
45.0,18.779909198805775,19.045377337754687,5.078519631518137,21.0,1,1.9546226622453133,19.218067695874005,20.5,21.5
46.0,18.797168920892318,19.06264326858498,5.080263585065119,21.0,1,1.9373567314150186,19.23530257688793,20.5,21.5
47.0,18.81442553982515,19.079906095043206,5.08200747748789,21.0,1,1.9200939049567936,19.252534359625457,20.5,21.5
48.0,18.831679056212685,19.097165817738542,5.0837513074583995,21.0,1,1.9028341822614578,19.2697630446919,20.5,21.5
49.0,18.848929470662934,19.11442243727978,5.085495073648644,21.0,1,1.8855775627202185,19.286988632692175,20.5,21.5
50.0,18.86617678378353,19.13167595427533,5.087238774730672,21.0,1,1.8683240457246697,19.304211124230818,20.5,21.5
51.0,18.88342099618172,19.148926369333214,5.088982409376578,21.0,1,1.8510736306667859,19.321430519912052,20.5,21.5
52.0,18.90066210846436,19.166173683061054,5.090725976258508,21.0,1,1.8338263169389464,19.33864682033945,20.5,21.5
53.0,18.917900121237917,19.1834178960661,5.09246947404866,21.0,1,1.8165821039339,19.355860026116563,20.5,21.5
54.0,18.93513503510848,19.20065900895521,5.094212901419286,21.0,1,1.7993409910447902,19.37307013784631,20.5,21.5
55.0,18.95236685068174,19.217897022334853,5.095956257042688,21.0,1,1.7821029776651471,19.390277156131283,20.5,21.5
56.0,18.969595568563015,19.23513193681111,5.097699539591226,21.0,1,1.7648680631888887,19.407481081573696,20.5,21.5
57.0,18.986821189357222,19.252363752989687,5.099442747737315,21.0,1,1.7476362470103126,19.424681914775448,20.5,21.5
58.0,19.0040437136689,19.26959247147588,5.101185880153427,21.0,1,1.7304075285241183,19.441879656337825,20.5,21.5
59.0,19.021263142102196,19.286818092874626,5.102928935512088,21.0,1,1.7131819071253744,19.459074306862064,20.5,21.5
60.0,19.03847947526088,19.304040617790456,5.1046719124858875,21.0,1,1.6959593822095442,19.476265866948758,20.5,21.5
61.0,19.055692713748325,19.321260046827515,5.106414809747473,21.0,1,1.6787399531724851,19.493454337198106,20.5,21.5
62.0,19.072902858167524,19.338476380589576,5.10815762596955,21.0,1,1.6615236194104241,19.510639718210186,20.5,21.5
63.0,19.090109909121082,19.35568961968001,5.109900359824891,21.0,1,1.6443103803199897,19.527822010584355,20.5,21.5
64.0,19.10731386721122,19.372899764701817,5.111643009986327,21.0,1,1.6271002352981832,19.545001214919882,20.5,21.5
65.0,19.124514733039778,19.390106816257596,5.113385575126755,21.0,1,1.609893183742404,19.562177331815388,20.5,21.5
66.0,19.141712507208194,19.407310774949572,5.115128053919134,21.0,1,1.592689225050428,19.57935036186933,20.5,21.5
67.0,19.158907190317535,19.424511641379574,5.116870445036493,21.0,1,1.5754883586204258,19.596520305679597,20.5,21.5
68.0,19.176098782968477,19.441709416149052,5.118612747151923,21.0,1,1.5582905838509475,19.613687163843835,20.5,21.5
69.0,19.193287285761315,19.45890409985907,5.120354958938587,21.0,1,1.541095900140931,19.630850936959234,20.5,21.5
70.0,19.210472699295952,19.476095693110302,5.122097079069714,21.0,1,1.5239043068896976,19.648011625622637,20.5,21.5
71.0,19.227655024171906,19.493284196503044,5.123839106218604,21.0,1,1.5067158034969559,19.66516923043046,20.5,21.5
72.0,19.244834260988316,19.5104696106372,5.125581039058627,21.0,1,1.4895303893627982,19.682323751978778,20.5,21.5
73.0,19.26201041034393,19.527651936112292,5.127322876263226,21.0,1,1.4723480638877078,19.699475190863197,20.5,21.5
74.0,19.279183472837115,19.544831173527452,5.129064616505916,21.0,1,1.4551688264725477,19.716623547679053,20.5,21.5
75.0,19.296353449065847,19.56200732348143,5.130806258460286,21.0,1,1.4379926765185687,19.733768823021222,20.5,21.5
76.0,19.313520339627726,19.579180386572595,5.1325478008,21.0,1,1.4208196134274047,19.750911017484235,20.5,21.5
77.0,19.33068414511996,19.59635036339892,5.134289242198798,21.0,1,1.4036496366010809,19.768050131662157,20.5,21.5
78.0,19.347844866139376,19.613517254558012,5.1360305813304965,21.0,1,1.3864827454419881,19.78518616614894,20.5,21.5
79.0,19.365002503282415,19.63068106064707,5.137771816868989,21.0,1,1.3693189393529295,19.802319121537657,20.5,21.5
80.0,19.382157057145132,19.64784178226293,5.13951294748825,21.0,1,1.3521582177370703,19.81944899842152,20.5,21.5
81.0,19.3993085283232,19.664999420002026,5.141253971862334,21.0,1,1.335000579997974,19.83657579739299,20.5,21.5
82.0,19.416456917411907,19.682153974460412,5.142994888665372,21.0,1,1.3178460255395876,19.853699519044277,20.5,21.5
83.0,19.433602225006158,19.699305446233772,5.1447356965715825,21.0,1,1.3006945537662276,19.870820163967373,20.5,21.5
84.0,19.450744451700473,19.716453835917385,5.146476394255263,21.0,1,1.2835461640826153,19.887937732753507,20.5,21.5
85.0,19.467883598088985,19.733599144106154,5.1482169803907984,21.0,1,1.2664008558938455,19.905052225993852,20.5,21.5
86.0,19.485019664765446,19.750741371394604,5.149957453652656,21.0,1,1.2492586286053964,19.922163644279095,20.5,21.5
87.0,19.502152652323222,19.767880518376863,5.151697812715388,21.0,1,1.232119481623137,19.939271988199458,20.5,21.5
88.0,19.5192825613553,19.78501658564669,5.153438056253638,21.0,1,1.2149834143533091,19.95637725834497,20.5,21.5
89.0,19.53640939245428,19.802149573797454,5.155178182942132,21.0,1,1.197850426202546,19.973479455305085,20.5,21.5
90.0,19.55353314621238,19.819279483422132,5.15691819145569,21.0,1,1.1807205165778676,19.990578579668917,20.5,21.5
91.0,19.57065382322143,19.83640631511333,5.158658080469219,21.0,1,1.1635936848866706,20.0076746320253,20.5,21.5
92.0,19.58777142407288,19.85353006946326,5.160397848657718,21.0,1,1.146469930536739,20.024767612962577,20.5,21.5
93.0,19.604885949357797,19.870650747063763,5.162137494696277,21.0,1,1.1293492529362368,20.041857523068785,20.5,21.5
94.0,19.621997399666864,19.887768348506278,5.163877017260082,21.0,1,1.1122316514937225,20.05894436293142,20.5,21.5
95.0,19.639105775590384,19.904882874381876,5.165616415024409,21.0,1,1.095117125618124,20.07602813313786,20.5,21.5
96.0,19.65621107771827,19.921994325281247,5.167355686664631,21.0,1,1.078005674718753,20.093108834274958,20.5,21.5
97.0,19.67331330664006,19.939102701794685,5.169094830856218,21.0,1,1.0608972982053153,20.11018646692906,20.5,21.5
98.0,19.690412462944906,19.956208004512103,5.170833846274735,21.0,1,1.0437919954878971,20.127261031686285,20.5,21.5
99.0,19.707508547221572,19.973310234023046,5.172572731595847,21.0,1,1.026689765976954,20.144332529132477,20.5,21.5
100.0,19.724601560058446,19.99040939091666,5.174311485495316,21.0,1,1.0095906090833395,20.161400959852806,20.5,21.5
101.0,19.741691502043533,20.00750547578171,5.176050106649007,21.0,1,0.9924945242182908,20.178466324432197,20.5,21.5
102.0,19.758778373764454,20.02459848920659,5.177788593732883,21.0,1,0.9754015107934109,20.195528623455388,20.5,21.5
103.0,19.77586217580845,20.0416884317793,5.179526945423011,21.0,1,0.9583115682207008,20.2125878575064,20.5,21.5
104.0,19.79294290876237,20.058775304087455,5.181265160395561,21.0,1,0.9412246959125454,20.22964402716901,20.5,21.5
105.0,19.810020573212697,20.075859106718305,5.183003237326805,21.0,1,0.9241408932816952,20.246697133026807,20.5,21.5
106.0,19.82709516974552,20.0929398402587,5.184741174893123,21.0,1,0.9070601597412988,20.263747175662665,20.5,21.5
107.0,19.844166698946548,20.110017505295122,5.186478971771001,21.0,1,0.8899824947048778,20.280794155659333,20.5,21.5
108.0,19.861235161401112,20.127092102413652,5.188216626637028,21.0,1,0.872907897586348,20.29783807359895,20.5,21.5
109.0,19.87830055769416,20.144163632200012,5.189954138167908,21.0,1,0.8558363677999878,20.314878930063614,20.5,21.5
110.0,19.895362888410254,20.161232095239523,5.191691505040448,21.0,1,0.838767904760477,20.33191672563463,20.5,21.5
111.0,19.91242215413358,20.178297492117135,5.193428725931568,21.0,1,0.8217025078828648,20.348951460893257,20.5,21.5
112.0,19.92947835544794,20.195359823417412,5.195165799518299,21.0,1,0.8046401765825877,20.365983136420184,20.5,21.5
113.0,19.946531492936757,20.21241908972454,5.196902724477783,21.0,1,0.7875809102754587,20.38301175279583,20.5,21.5
114.0,19.963581567183066,20.229475291622325,5.198639499487278,21.0,1,0.7705247083776747,20.400037310600165,20.5,21.5
115.0,19.980628578769526,20.246528429694177,5.200376123224153,21.0,1,0.7534715703058232,20.41705981041269,20.5,21.5
116.0,19.997672528278418,20.263578504523146,5.202112594365893,21.0,1,0.7364214954768542,20.434079252812836,20.5,21.5
117.0,20.014713416291634,20.280625516691885,5.2038489115901,21.0,1,0.7193744833081155,20.45109563837927,20.5,21.5
118.0,20.031751243390694,20.297669466782672,5.205585073574493,21.0,1,0.702330533217328,20.468108967690547,20.5,21.5
119.0,20.048786010156732,20.314710355377407,5.207321078996911,21.0,1,0.6852896446225927,20.48511924132476,20.5,21.5
120.0,20.0658177171705,20.331748183057602,5.209056926535307,21.0,1,0.6682518169423979,20.50212645985955,20.5,21.5
121.0,20.082846365012372,20.34878295040439,5.21079261486776,21.0,1,0.6512170495956084,20.519130623872286,20.5,21.5
122.0,20.099871954262344,20.365814657998534,5.212528142672467,21.0,1,0.6341853420014658,20.53613173393996,20.5,21.5
123.0,20.116894485500026,20.3828433064204,5.214263508627747,21.0,1,0.6171566935795987,20.553129790639073,20.5,21.5
124.0,20.133913959304653,20.399868896249988,5.215998711412046,21.0,1,0.6001311037500123,20.57012479454585,20.5,21.5
125.0,20.150930376255076,20.4168914280669,5.217733749703929,21.0,1,0.5831085719330993,20.58711674623603,20.5,21.5
126.0,20.167943736929764,20.433910902450382,5.219468622182091,21.0,1,0.566089097549618,20.604105646285195,20.5,21.5
127.0,20.184954041906813,20.450927319979275,5.221203327525349,21.0,1,0.5490726800207248,20.621091495268207,20.5,21.5
128.0,20.201961291763936,20.467940681232058,5.222937864412651,21.0,1,0.5320593187679421,20.638074293759885,20.5,21.5
129.0,20.218965487078467,20.48495098678682,5.224672231523071,21.0,1,0.5150490132131793,20.65505404233445,20.5,21.5
130.0,20.235966628427356,20.50195823722128,5.226406427535814,21.0,1,0.49804176277871903,20.672030741565884,20.5,21.5
131.0,20.252964716387176,20.518962433112762,5.228140451130212,21.0,1,0.4810375668872382,20.68900439202757,20.5,21.5
132.0,20.269959751534124,20.535963575038224,5.229874300985733,21.0,1,0.4640364249617761,20.705974994292845,20.5,21.5
133.0,20.286951734444013,20.55296166357424,5.231607975781974,21.0,1,0.4470383364257593,20.72294254893441,20.5,21.5
134.0,20.30394066569228,20.569956699297002,5.233341474198666,21.0,1,0.430043300702998,20.739907056524615,20.5,21.5
135.0,20.320926545853983,20.586948682782328,5.2350747949156755,21.0,1,0.41305131721767196,20.75686851763559,20.5,21.5
136.0,20.337909375503795,20.60393761460565,5.236807936613002,21.0,1,0.3960623853943517,20.77382693283885,20.5,21.5
137.0,20.354889155216018,20.620923495342026,5.2385408979707835,21.0,1,0.3790765046579736,20.790782302705807,20.5,21.5
138.0,20.371865885564567,20.63790632556614,5.240273677669294,21.0,1,0.3620936744338614,20.80773462780726,20.5,21.5
139.0,20.38883956712299,20.654886105852277,5.242006274388947,21.0,1,0.34511389414772253,20.824683908713666,20.5,21.5
140.0,20.405810200464444,20.67186283677437,5.243738686810295,21.0,1,0.32813716322563025,20.841630145995293,20.5,21.5
141.0,20.422777786161713,20.68883651890595,5.24547091361403,21.0,1,0.3111634810940487,20.858573340221767,20.5,21.5
142.0,20.439742324787204,20.70580715282019,5.247202953480985,21.0,1,0.2941928471798114,20.87551349196256,20.5,21.5
143.0,20.456703816912942,20.722774739089864,5.248934805092138,21.0,1,0.2772252609101358,20.89245060178662,20.5,21.5
144.0,20.473662263110576,20.73973927828738,5.2506664671286085,21.0,1,0.26026072171261916,20.909384670262547,20.5,21.5
145.0,20.49061766395138,20.756700770984768,5.25239793827166,21.0,1,0.24329922901523204,20.92631569795864,20.5,21.5
146.0,20.507570020006245,20.773659217753675,5.254129217202701,21.0,1,0.22634078224632503,20.943243685442745,20.5,21.5
147.0,20.524519331845685,20.790614619165375,5.255860302603288,21.0,1,0.20938538083462532,20.960168633282372,20.5,21.5
148.0,20.541465600039835,20.807566975790753,5.257591193155125,21.0,1,0.19243302420924735,20.977090542044532,20.5,21.5
149.0,20.55840882515846,20.82451628820033,5.259321887540064,21.0,1,0.17548371179967148,20.994009412296087,20.5,21.5
150.0,20.575349007770935,20.841462556964238,5.261052384440103,21.0,1,0.15853744303576178,21.010925244603335,20.5,21.5
151.0,20.59228614844627,20.858405782652245,5.262782682537396,21.0,1,0.14159421734775535,21.02783803953231,20.5,21.5
152.0,20.60922024775309,20.875345965833723,5.264512780514245,21.0,1,0.12465403416627652,21.044747797648512,20.5,21.5
153.0,20.626151306259644,20.892283107077684,5.266242677053104,21.0,1,0.10771689292231557,21.061654519517294,20.5,21.5
154.0,20.6430793245338,20.909217206952754,5.267972370836584,21.0,1,0.09078279304724646,21.078558205703445,20.5,21.5
155.0,20.66000430314306,20.926148266027177,5.269701860547446,21.0,1,0.0738517339728233,21.09545885677141,20.5,21.5
156.0,20.67692624265454,20.94307628486883,5.271431144868608,21.0,1,0.05692371513116967,21.112356473285367,20.5,21.5
157.0,20.693845143634984,20.96000126404521,5.273160222483147,21.0,1,0.03999873595478931,21.129251055809014,20.5,21.5
158.0,20.710761006650753,20.976923204123434,5.274889092074293,21.0,1,0.02307679587656608,21.146142604905666,20.5,21.5
159.0,20.727673832267836,20.993842105670243,5.276617752325438,21.0,1,0.0061578943297568856,21.163031121138335,20.5,21.5
160.0,20.74458362105185,21.010757969251998,5.278346201920131,21.0,1,-0.010757969251997679,21.179916605069543,20.5,21.5
161.0,20.761490373568023,21.027670795434695,5.280074439542083,21.0,1,-0.02767079543469464,21.196799057261664,20.5,21.5
162.0,20.77839409038122,21.04458058478394,5.281802463875166,21.0,1,-0.044580584783940225,21.213678478276396,20.5,21.5
163.0,20.795294772055918,21.061487337864975,5.283530273603413,21.0,1,-0.061487337864974734,21.23055486867532,20.5,21.5
164.0,20.812192419156226,21.078391055242655,5.2852578674110235,21.0,1,-0.07839105524265477,21.247428229019455,20.5,21.5
165.0,20.829087032245877,21.09529173748146,5.286985243982358,21.0,1,-0.09529173748146036,21.264298559869516,20.5,21.5
166.0,20.845978611888224,21.112189385145502,5.288712402001947,21.0,1,-0.11218938514550203,21.28116586178592,20.5,21.5
167.0,20.862867158646246,21.129083998798507,5.290439340154481,21.0,1,-0.12908399879850663,21.298030135328553,20.5,21.5
168.0,20.879752673082546,21.14597557900383,5.292166057124823,21.0,1,-0.1459755790038315,21.31489138105708,20.5,21.5
169.0,20.896635155759355,21.162864126324457,5.293892551598003,21.0,1,-0.16286412632445746,21.331749599530717,20.5,21.5
170.0,20.913514607238522,21.179749641322985,5.295618822259221,21.0,1,-0.1797496413229851,21.34860479130826,20.5,21.5
171.0,20.930391028081527,21.196632124561646,5.297344867793846,21.0,1,-0.19663212456164558,21.36545695694825,20.5,21.5
172.0,20.947264418849468,21.21351157660229,5.299070686887419,21.0,1,-0.21351157660228992,21.382306097008733,20.5,21.5
173.0,20.964134780103077,21.230387998006396,5.300796278225654,21.0,1,-0.2303879980063961,21.399152212047458,20.5,21.5
174.0,20.981002112402702,21.247261389335065,5.302521640494438,21.0,1,-0.24726138933506547,21.41599530262176,20.5,21.5
175.0,20.99786641630832,21.264131751149026,5.304246772379833,21.0,1,-0.26413175114902643,21.432835369288636,20.5,21.5
176.0,21.014727692379534,21.280999084008627,5.305971672568076,21.0,1,-0.28099908400862716,21.449672412604635,20.5,21.5
177.0,21.03158594117557,21.29786338847385,5.30769633974558,21.0,1,-0.29786338847384997,21.466506433126078,20.5,21.5
178.0,21.048441163255283,21.31472466510429,5.309420772598936,21.0,1,-0.31472466510428987,21.48333743140869,20.5,21.5
179.0,21.06529335917715,21.33158291445918,5.311144969814913,21.0,0,-0.33158291445917953,21.500165408008076,20.5,21.5
180.0,21.06214252949928,21.34443813709737,5.3128689300804615,21.0,0,-0.34443813709737015,21.472990363479276,20.5,21.5
181.0,21.058992674779397,21.35329113357734,5.314592652082709,21.0,0,-0.3532911335773399,21.441821098377037,20.5,21.5
182.0,21.05584379477486,21.3581427042972,5.316316134508967,21.0,0,-0.35814270429720096,21.406658411495812,20.5,21.5
183.0,21.052695889242806,21.3589936494947,5.318039376046729,21.0,0,-0.3589936494946997,21.367503101469687,20.5,21.5
184.0,21.049548957940168,21.355844769247305,5.31976237538367,21.0,0,-0.35584476924730524,21.32435596677336,20.5,21.5
185.0,21.046403000623656,21.352696863472183,5.321485131207652,21.0,0,-0.35269686347218254,21.321217805720956,20.5,21.5
186.0,21.043258017049773,21.349549931926255,5.3232076422067225,21.0,0,-0.34954993192625494,21.31808061646698,20.5,21.5
187.0,21.040114006974804,21.346403974366247,5.324929907069113,21.0,0,-0.3464039743662468,21.314944398766166,20.5,21.5
188.0,21.036970970154822,21.343258990548655,5.326651924483245,21.0,0,-0.34325899054865516,21.31180915237274,20.5,21.5
189.0,21.03382890634569,21.340114980229757,5.328373693137726,21.0,0,-0.3401149802297567,21.308674877040772,20.5,21.5
190.0,21.030687815303047,21.336971943165636,5.330095211721355,21.0,0,-0.3369719431656364,21.305541572524433,20.5,21.5
191.0,21.02754769678233,21.333829879112148,5.3318164789231215,21.0,0,-0.3338298791121481,21.302409238577265,20.5,21.5
192.0,21.02440855053876,21.33068878782494,5.333537493432204,21.0,0,-0.3306887878249398,21.299277874952857,20.5,21.5
193.0,21.021270376327337,21.327548669059443,5.335258253937977,21.0,0,-0.3275486690594427,21.29614748140447,20.5,21.5
194.0,21.018133173902857,21.32440952257088,5.336978759130005,21.0,0,-0.3244095225708783,21.293018057685234,20.5,21.5
195.0,21.014996943019902,21.321271348114248,5.338699007698049,21.0,0,-0.32127134811424796,21.289889603547945,20.5,21.5
196.0,21.011861683432837,21.31813414544435,5.340418998332065,21.0,0,-0.3181341454443505,21.286762118745376,20.5,21.5
197.0,21.008727394895818,21.31499791431576,5.342138729722205,21.0,0,-0.31499791431576085,21.283635603029865,20.5,21.5
198.0,21.005594077162783,21.311862654482848,5.343858200558819,21.0,0,-0.311862654482848,21.28051005615372,20.5,21.5
199.0,21.002461729987463,21.30872836569977,5.3455774095324555,21.0,0,-0.30872836569977125,21.277385477869004,20.5,21.5
200.0,20.999330353123373,21.305595047720466,5.347296355333861,21.0,0,-0.3055950477204661,21.274261867927414,20.5,21.5
201.0,20.996199946323816,21.30246270029866,5.349015036653984,21.0,0,-0.3024627002986584,21.27113922608058,20.5,21.5
202.0,20.993070509341884,21.299331323187875,5.350733452183974,21.0,0,-0.29933132318787514,21.268017552080043,20.5,21.5
203.0,20.98994204193045,21.29620091614141,5.352451600615184,21.0,0,-0.29620091614140875,21.264896845676745,20.5,21.5
204.0,20.98681454384219,21.293071478912356,5.354169480639166,21.0,0,-0.2930714789123563,21.26177710662183,20.5,21.5
205.0,20.98368801482955,21.28994301125359,5.355887090947683,21.0,0,-0.289943011253591,21.258658334665938,20.5,21.5
206.0,20.980562454644772,21.286815512917787,5.3576044302326995,21.0,0,-0.2868155129177872,21.25554052955975,20.5,21.5
207.0,20.97743786303989,21.283688983657388,5.359321497186385,21.0,0,-0.28368898365738815,21.252423691053398,20.5,21.5
208.0,20.974314239766716,21.280563423224642,5.36103829050112,21.0,0,-0.2805634232246419,21.24930781889718,20.5,21.5
209.0,20.971191584576864,21.277438831371576,5.362754808869491,21.0,0,-0.2774388313715761,21.246192912840918,20.5,21.5
210.0,20.968069897221724,21.27431520785001,5.364471050984295,21.0,0,-0.27431520785000885,21.243078972634336,20.5,21.5
211.0,20.96494917745248,21.27119255241155,5.3661870155385385,21.0,0,-0.2711925524115486,21.239965998026946,20.5,21.5
212.0,20.961829425020095,21.26807086480759,5.36790270122544,21.0,0,-0.2680708648075907,21.23685398876801,20.5,21.5
213.0,20.958710639675335,21.264950144789317,5.3696181067384305,21.0,0,-0.2649501447893172,21.233742944606583,20.5,21.5
214.0,20.955592821168747,21.26183039210769,5.371333230771154,21.0,0,-0.2618303921076901,21.23063286529142,20.5,21.5
215.0,20.952475969250667,21.25871160651348,5.373048072017469,21.0,0,-0.25871160651347935,21.227523750571372,20.5,21.5
216.0,20.94936008367122,21.255593787757228,5.37476262917145,21.0,0,-0.25559378775722763,21.22441560019471,20.5,21.5
217.0,20.94624516418032,21.252476935589275,5.3764769009273845,21.0,0,-0.2524769355892751,21.22130841390975,20.5,21.5
218.0,20.943131210527667,21.249361049759738,5.378190885979783,21.0,0,-0.24936104975973805,21.218202191464368,20.5,21.5
219.0,20.940018222462758,21.24624613001854,5.379904583023369,21.0,0,-0.246246130018541,21.21509693260657,20.5,21.5
220.0,20.93690619973487,21.243132176115385,5.38161799075309,21.0,0,-0.24313217611538462,21.21199263708382,20.5,21.5
221.0,20.933795142093075,21.240019187799753,5.383331107864109,21.0,0,-0.24001918779975284,21.208889304643435,20.5,21.5
222.0,20.93068504928623,21.236907164820934,5.385043933051815,21.0,0,-0.2369071648209342,21.205786935032748,20.5,21.5
223.0,20.92757592106298,21.233796106927997,5.386756465011816,21.0,0,-0.23379610692799702,21.202685527998625,20.5,21.5
224.0,20.924467757171772,21.230686013869796,5.388468702439944,21.0,0,-0.23068601386979637,21.19958508328779,20.5,21.5
225.0,20.921360557360828,21.22757688539499,5.390180644032257,21.0,0,-0.22757688539498844,21.19648560064691,20.5,21.5
226.0,20.91825432137816,21.224468721252002,5.391892288485035,21.0,0,-0.224468721252002,21.193387079822138,20.5,21.5
227.0,20.915149048971582,21.221361521189074,5.393603634494789,21.0,0,-0.22136152118907404,21.190289520559794,20.5,21.5
228.0,20.912044739888685,21.218255284954214,5.395314680758252,21.0,0,-0.2182552849542141,21.187192922605615,20.5,21.5
229.0,20.90894139387686,21.215150012295233,5.39702542597239,21.0,0,-0.21515001229523278,21.18409728570542,20.5,21.5
230.0,20.905839010683277,21.21204570295972,5.398735868834394,21.0,0,-0.21204570295972047,21.181002609604597,20.5,21.5
231.0,20.902737590054908,21.20894235669507,5.40044600804169,21.0,0,-0.20894235669506855,21.17790889404855,20.5,21.5
232.0,20.899637131738505,21.205839973248455,5.402155842291929,21.0,0,-0.20583997324845527,21.174816138782322,20.5,21.5
233.0,20.896537635480616,21.202738552366846,5.403865370283001,21.0,0,-0.20273855236684568,21.17172434355075,20.5,21.5
234.0,20.893439101027578,21.199638093796988,5.405574590713025,21.0,0,-0.19963809379698816,21.168633508098413,20.5,21.5
235.0,20.890341528125514,21.196538597285436,5.407283502280355,21.0,0,-0.19653859728543566,21.16554363216991,20.5,21.5
236.0,20.887244916520345,21.193440062578524,5.40899210368358,21.0,0,-0.19344006257852442,21.162454715509412,20.5,21.5
237.0,20.884149265957777,21.190342489422374,5.410700393621528,21.0,0,-0.19034248942237397,21.15936675786087,20.5,21.5
238.0,20.88105457618331,21.187245877562912,5.412408370793259,21.0,0,-0.187245877562912,21.156279758968292,20.5,21.5
239.0,20.87796084694223,21.184150226745842,5.414116033898076,21.0,0,-0.18415022674584236,21.153193718575146,20.5,21.5
240.0,20.87486807797962,21.181055536716663,5.415823381635518,21.0,0,-0.18105553671666286,21.150108636424868,20.5,21.5
241.0,20.871776269040353,21.177961807220665,5.417530412705367,21.0,0,-0.17796180722066524,21.14702451226069,20.5,21.5
242.0,20.868685419869085,21.174869038002925,5.419237125807643,21.0,0,-0.17486903800292453,21.143941345825517,20.5,21.5
243.0,20.86559553021027,21.171777228808317,5.420943519642611,21.0,0,-0.1717772288083168,21.14085913686224,20.5,21.5
244.0,20.862506599808157,21.1686863793815,5.422649592910777,21.0,0,-0.16868637938150144,21.137777885113348,20.5,21.5
245.0,20.85941862840678,21.16559648946693,5.424355344312892,21.0,0,-0.16559648946693173,21.134697590321235,20.5,21.5
246.0,20.85633161574996,21.162507558808855,5.4260607725499534,21.0,0,-0.16250755880885492,21.131618252228087,20.5,21.5
247.0,20.853245561581318,21.1594195871513,5.4277658763232015,21.0,0,-0.15941958715130156,21.128539870575768,20.5,21.5
248.0,20.850160465644265,21.1563325742381,5.429470654334127,21.0,0,-0.15633257423809965,21.12546244510608,20.5,21.5
249.0,20.847076327682004,21.15324651981287,5.431175105284466,21.0,0,-0.15324651981287118,21.122385975560587,20.5,21.5
250.0,20.843993147437523,21.150161423619018,5.432879227876206,21.0,0,-0.15016142361901785,21.119310461680485,20.5,21.5
251.0,20.84091092465361,21.14707728539975,5.434583020811583,21.0,0,-0.1470772853997495,21.116235903207066,20.5,21.5
252.0,20.837829659072842,21.143994104898052,5.4362864827930855,21.0,0,-0.1439941048980522,21.11316229988108,20.5,21.5
253.0,20.834749350437587,21.140911881856717,5.4379896125234515,21.0,0,-0.14091188185671655,21.11008965144336,20.5,21.5
254.0,20.831669998490003,21.13783061601832,5.439692408705675,21.0,0,-0.13783061601832003,21.107017957634355,20.5,21.5
255.0,20.828591602972047,21.134750307125223,5.441394870043002,21.0,0,-0.1347503071252234,21.103947218194257,20.5,21.5
256.0,20.82551416362546,21.131670954919592,5.4430969952389345,21.0,0,-0.13167095491959202,21.100877432863278,20.5,21.5
257.0,20.822437680191783,21.128592559143378,5.44479878299723,21.0,0,-0.12859255914337808,21.09780860138124,20.5,21.5
258.0,20.819362152412342,21.12551511953833,5.4465002320219025,21.0,0,-0.12551511953833128,21.094740723487863,20.5,21.5
259.0,20.816287580028263,21.122438635845988,5.448201341017225,21.0,0,-0.12243863584598813,21.091673798922557,20.5,21.5
260.0,20.81321396278046,21.11936310780767,5.44990210868773,21.0,0,-0.11936310780766846,21.08860782742447,20.5,21.5
261.0,20.81014130040964,21.116288535164507,5.451602533738208,21.0,0,-0.11628853516450732,21.085542808732896,20.5,21.5
262.0,20.807069592656305,21.11321491765741,5.45330261487371,21.0,0,-0.11321491765740888,21.082478742586424,20.5,21.5
263.0,20.80399883926075,21.110142255027093,5.455002350799552,21.0,0,-0.11014225502709252,21.07941562872393,20.5,21.5
264.0,20.80092903996306,21.107070547014054,5.456701740221312,21.0,0,-0.10707054701405383,21.076353466883667,20.5,21.5
265.0,20.79786019450311,21.103999793358582,5.458400781844828,21.0,0,-0.10399979335858234,21.073292256803867,20.5,21.5
266.0,20.79479230262058,21.10092999380077,5.460099474376209,21.0,0,-0.10092999380076861,21.07023199822263,20.5,21.5
267.0,20.79172536405493,21.097861148080494,5.461797816521825,21.0,0,-0.09786114808049362,21.067172690877744,20.5,21.5
268.0,20.78865937854542,21.09479325593743,5.463495806988314,21.0,0,-0.09479325593742871,21.06411433450678,20.5,21.5
269.0,20.78559434583111,21.09172631711104,5.465193444482585,21.0,0,-0.09172631711103918,21.061056928847144,20.5,21.5
270.0,20.78253026565084,21.088660331340584,5.466890727711811,21.0,0,-0.08866033134058426,21.058000473636035,20.5,21.5
271.0,20.779467137743254,21.08559529836512,5.468587655383438,21.0,0,-0.0855952983651207,21.054944968610485,20.5,21.5
272.0,20.776404961846783,21.082531217923492,5.47028422620518,21.0,0,-0.08253121792349205,21.051890413507206,20.5,21.5
273.0,20.773343737699655,21.07946808975434,5.471980438885026,21.0,0,-0.07946808975433939,21.048836808062813,20.5,21.5
274.0,20.770283465039892,21.076405913596098,5.473676292131238,21.0,0,-0.07640591359609772,21.04578415201368,20.5,21.5
275.0,20.76722414360531,21.07334468918699,5.475371784652346,21.0,0,-0.07334468918698889,21.0427324450959,20.5,21.5
276.0,20.76416577313352,21.070284416265046,5.477066915157161,21.0,0,-0.07028441626504645,21.039681687045622,20.5,21.5
277.0,20.761108353361927,21.067225094568073,5.478761682354769,21.0,0,-0.06722509456807302,21.03663187759834,20.5,21.5
278.0,20.758051884027726,21.064166723833686,5.480456084954527,21.0,0,-0.06416672383368649,21.03358301648982,20.5,21.5
279.0,20.75499636486791,21.061109303799288,5.482150121666077,21.0,0,-0.06110930379928803,21.030535103455303,20.5,21.5
280.0,20.75194179561927,21.05805283420208,5.483843791199336,21.0,0,-0.05805283420207985,21.027488138229998,20.5,21.5
281.0,20.748888176018387,21.05499731477905,5.485537092264499,21.0,0,-0.05499731477905101,21.024442120548763,20.5,21.5
282.0,20.745835505801637,21.05194274526699,5.487230023572045,21.0,0,-0.05194274526699161,21.021397050146398,20.5,21.5
283.0,20.74278378470519,21.048889125402486,5.488922583832733,21.0,0,-0.04888912540248569,21.018352926757427,20.5,21.5
284.0,20.739733012465013,21.045836454921904,5.490614771757605,21.0,0,-0.045836454921904135,21.01530975011609,20.5,21.5
285.0,20.736683188816873,21.042784733561426,5.492306586057986,21.0,0,-0.04278473356142598,21.012267519956644,20.5,21.5
286.0,20.73363431349632,21.03973396105701,5.493998025445486,21.0,0,-0.03973396105700999,21.00922623601285,20.5,21.5
287.0,20.73058638623871,21.036684137144427,5.495689088632,21.0,0,-0.03668413714442664,21.006185898018593,20.5,21.5
288.0,20.727539406779186,21.033635261559223,5.497379774329709,21.0,0,-0.033635261559222585,21.003146505707182,20.5,21.5
289.0,20.724493374852695,21.03058733403676,5.499070081251085,21.0,0,-0.030587334036759728,21.00010805881213,20.5,21.5
290.0,20.721448290193976,21.02754035431218,5.500760008108883,21.0,0,-0.027540354312179716,20.99707055706638,20.5,21.5
291.0,20.71840415253756,21.024494322120425,5.502449553616151,21.0,0,-0.024494322120425238,20.99403400020288,20.5,21.5
292.0,20.715360961617776,21.02144923719624,5.504138716486227,21.0,0,-0.021449237196240034,20.990998387954388,20.5,21.5
293.0,20.71231871716875,21.018405099274155,5.50582749543274,21.0,0,-0.01840509927415468,20.9879637200533,20.5,21.5
294.0,20.7092774189244,21.015361908088494,5.507515889169611,21.0,0,-0.015361908088493692,20.984929996231884,20.5,21.5
295.0,20.70623706661845,21.01231966337339,5.509203896411055,21.0,0,-0.012319663373389744,20.98189721622235,20.5,21.5
296.0,20.703197659984408,21.00927836486276,5.510891515871581,21.0,0,-0.009278364862758792,20.97886537975645,20.5,21.5
297.0,20.700159198755586,21.00623801229032,5.512578746265993,21.0,0,-0.006238012290321393,20.975834486565947,20.5,21.5
298.0,20.697121682665088,21.003198605389592,5.514265586309392,21.0,0,-0.0031986053895920463,20.9728045363823,20.5,21.5
299.0,20.694085111445816,21.000160143893872,5.515952034717176,21.0,0,-0.00016014389387208894,20.969775528936673,20.5,21.5
300.0,20.69104948483047,20.997122627536278,5.5176380902050415,21.0,0,0.0028773724637218834,20.96674746396034,20.5,21.5
301.0,20.688014802551542,20.994086056049703,5.519323751488983,21.0,0,0.005913943950297096,20.96372034118395,20.5,21.5
302.0,20.68498106434133,20.991050429166854,5.521009017285297,21.0,0,0.008949570833145515,20.96069416033837,20.5,21.5
303.0,20.68194826993192,20.98801574662022,5.522693886310579,21.0,0,0.011984253379779375,20.957668921153882,20.5,21.5
304.0,20.678916419055195,20.984982008142097,5.524378357281729,21.0,0,0.015017991857902757,20.954644623360863,20.5,21.5
305.0,20.67588551144284,20.98194921346457,5.5260624289159495,21.0,0,0.018050786535429353,20.951621266689305,20.5,21.5
306.0,20.672855546826334,20.978917362319528,5.527746099930746,21.0,0,0.021082637680471805,20.948598850869104,20.5,21.5
307.0,20.669826524936955,20.975886454438655,5.529429369043929,21.0,0,0.024113545561345262,20.94557737562992,20.5,21.5
308.0,20.666798445505776,20.972856489553426,5.531112234973618,21.0,0,0.02714351044657448,20.942556840701133,20.5,21.5
309.0,20.66377130826367,20.96982746739512,5.532794696438235,21.0,0,0.03017253260487962,20.93953724581207,20.5,21.5
310.0,20.660745112941303,20.966799387694813,5.534476752156514,21.0,0,0.033200612305186894,20.93651859069174,20.5,21.5
311.0,20.657719859269147,20.963772250183375,5.536158400847495,21.0,0,0.03622774981662502,20.933500875068994,20.5,21.5
312.0,20.65469554697746,20.960746054591475,5.537839641230532,21.0,0,0.039253945408525226,20.930484098672473,20.5,21.5
313.0,20.65167217579631,20.957720800649586,5.539520472025284,21.0,0,0.04227919935041413,20.927468261230697,20.5,21.5
314.0,20.648649745455558,20.95469648808796,5.5412008919517275,21.0,0,0.04530351191203863,20.924453362471716,20.5,21.5
315.0,20.64562825568486,20.95167311663667,5.542880899730148,21.0,0,0.04832688336333035,20.921439402123752,20.5,21.5
316.0,20.642607706213667,20.948650686025573,5.544560494081149,21.0,0,0.05134931397442699,20.918426379914607,20.5,21.5
317.0,20.63958809677124,20.94562919598433,5.546239673725643,21.0,0,0.05437080401566874,20.915414295571914,20.5,21.5
318.0,20.63656942708663,20.942608646242395,5.547918437384865,21.0,0,0.0573913537576054,20.912403148823028,20.5,21.5
319.0,20.63355169688869,20.93958903652902,5.549596783780361,21.0,0,0.06041096347097863,20.90939293939529,20.5,21.5
320.0,20.63053490590607,20.93657036657326,5.551274711633998,21.0,0,0.06342963342673968,20.90638366701565,20.5,21.5
321.0,20.627519053867218,20.933552636103972,5.5529522196679615,21.0,0,0.06644736389602812,20.903375331411088,20.5,21.5
322.0,20.624504140500378,20.930535844849796,5.554629306604756,21.0,0,0.06946415515020377,20.90036793230804,20.5,21.5
323.0,20.621490165533597,20.927519992539192,5.556305971167205,21.0,0,0.07248000746080763,20.897361469433154,20.5,21.5
324.0,20.618477128694725,20.9245050789004,5.557982212078459,21.0,0,0.07549492109960099,20.894355942512465,20.5,21.5
325.0,20.6154650297114,20.921491103661463,5.5596580280619845,21.0,0,0.07850889633853697,20.891351351272103,20.5,21.5
326.0,20.61245386831107,20.918478066550236,5.561333417841576,21.0,0,0.0815219334497641,20.888347695437965,20.5,21.5
327.0,20.609443644220978,20.91546596729436,5.563008380141351,21.0,0,0.08453403270564053,20.885344974735595,20.5,21.5
328.0,20.606434357168162,20.912454805621273,5.564682913685753,21.0,0,0.08754519437872688,20.88234318889041,20.5,21.5
329.0,20.603426006879467,20.90944458125822,5.566357017199552,21.0,0,0.09055541874177919,20.879342337627698,20.5,21.5
330.0,20.600418593081532,20.906435293932244,5.568030689407845,21.0,0,0.09356470606775602,20.876342420672476,20.5,21.5
331.0,20.5974121155008,20.90342694337019,5.569703929036058,21.0,0,0.0965730566298113,20.873343437749636,20.5,21.5
332.0,20.594406573863505,20.900419529298695,5.571376734809947,21.0,0,0.09958047070130505,20.870345388583758,20.5,21.5
333.0,20.591401967895695,20.897413051444197,5.573049105455596,21.0,0,0.1025869485558033,20.867348272899214,20.5,21.5
334.0,20.588398297323206,20.894407509532947,5.5747210396994245,21.0,0,0.10559249046705332,20.864352090420446,20.5,21.5
335.0,20.58539556187168,20.891402903290974,5.5763925362681785,21.0,0,0.10859709670902618,20.861356840871245,20.5,21.5
336.0,20.582393761266562,20.88839923244413,5.578063593888944,21.0,0,0.11160076755587056,20.858362523975686,20.5,21.5
337.0,20.579392895233088,20.885396496718045,5.579734211289135,21.0,0,0.11460350328195545,20.855369139457196,20.5,21.5
338.0,20.5763929634963,20.882394695838165,5.581404387196505,21.0,0,0.11760530416183457,20.852376687039374,20.5,21.5
339.0,20.57339396578104,20.879393829529736,5.583074120339143,21.0,0,0.12060617047026412,20.84938516644544,20.5,21.5
340.0,20.570395901811953,20.87639389751779,5.5847434094454735,21.0,0,0.12360610248220993,20.846394577398332,20.5,21.5
341.0,20.567398771313478,20.87339489952717,5.58641225324426,21.0,0,0.1266051004728297,20.843404919620973,20.5,21.5
342.0,20.564402574009865,20.870396835282527,5.588080650464608,21.0,0,0.1296031647174729,20.840416192836095,20.5,21.5
343.0,20.561407309625157,20.867399704508294,5.589748599835957,21.0,0,0.13260029549170582,20.837428396765965,20.5,21.5
344.0,20.558412977883197,20.864403506928728,5.591416100088093,21.0,0,0.1355964930712723,20.834441531133063,20.5,21.5
345.0,20.55541957850764,20.861408242267863,5.593083149951142,21.0,0,0.1385917577321365,20.83145559565922,20.5,21.5
346.0,20.552427111221927,20.858413910249553,5.5947497481555715,21.0,0,0.14158608975044729,20.828470590066445,20.5,21.5
347.0,20.549435575749314,20.85542051059744,5.596415893432196,21.0,0,0.1445794894025596,20.825486514076317,20.5,21.5
348.0,20.54644497181285,20.85242804303498,5.598081584512173,21.0,0,0.14757195696502023,20.822503367410373,20.5,21.5
349.0,20.54345529913539,20.849436507285418,5.599746820127006,21.0,0,0.15056349271458203,20.8195211497898,20.5,21.5
350.0,20.540466557439586,20.846445903071807,5.6014115990085465,21.0,0,0.15355409692819322,20.816539860935695,20.5,21.5
351.0,20.5374787464479,20.843456230117003,5.603075919888991,21.0,0,0.15654376988299745,20.81355950056896,20.5,21.5
352.0,20.534491865882586,20.840467488143656,5.604739781500889,21.0,0,0.15953251185634443,20.810580068410186,20.5,21.5
353.0,20.53150591546571,20.837479676874228,5.606403182577136,21.0,0,0.16252032312577214,20.80760156417995,20.5,21.5
354.0,20.528520894919133,20.83449279603098,5.608066121850981,21.0,0,0.16550720396902108,20.80462398759849,20.5,21.5
355.0,20.52553680396452,20.831506845335966,5.609728598056021,21.0,0,0.16849315466403425,20.801647338385834,20.5,21.5
356.0,20.522553642323338,20.828521824511053,5.611390609926211,21.0,0,0.1714781754889465,20.79867161626193,20.5,21.5
357.0,20.519571409716857,20.82553773327791,5.613052156195855,21.0,0,0.17446226672209164,20.795696820946457,20.5,21.5
358.0,20.516590105866154,20.822554571357998,5.6147132355996145,21.0,0,0.1774454286420024,20.79272295215889,20.5,21.5
359.0,20.5136097304921,20.81957233847259,5.616373846872503,21.0,0,0.18042766152741052,20.78975000961851,20.5,21.5
360.0,20.510630283315376,20.81659103434276,5.618033988749895,21.0,0,0.18340896565723952,20.78677799304447,20.5,21.5
361.0,20.50765176405646,20.813610658689385,5.619693659967519,21.0,0,0.18638934131061546,20.783806902155625,20.5,21.5
362.0,20.504674172435642,20.81063121123314,5.621352859261464,21.0,0,0.1893687887668598,20.780836736670697,20.5,21.5
363.0,20.501697508173006,20.80765269169451,5.623011585368176,21.0,0,0.1923473083054894,20.777867496308215,20.5,21.5
364.0,20.498721770988446,20.80467509979378,5.624669837024465,21.0,0,0.19532490020622006,20.774899180786473,20.5,21.5
365.0,20.495746960601654,20.801698435251037,5.626327612967499,21.0,0,0.198301564748963,20.771931789823608,20.5,21.5
366.0,20.492773076732128,20.79872269778617,5.62798491193481,21.0,0,0.20127730221382834,20.768965323137518,20.5,21.5
367.0,20.48980011909917,20.79574788711888,5.629641732664292,21.0,0,0.20425211288112166,20.765999780445945,20.5,21.5
368.0,20.48682808742188,20.792774002968653,5.631298073894205,21.0,0,0.20722599703134748,20.763035161466394,20.5,21.5
369.0,20.483856981419176,20.789801045054798,5.632953934363172,21.0,0,0.21019895494520213,20.76007146591625,20.5,21.5
370.0,20.480886800809767,20.786829013096423,5.634609312810184,21.0,0,0.2131709869035774,20.75710869351267,20.5,21.5
371.0,20.477917545312167,20.78385790681243,5.636264207974598,21.0,0,0.21614209318757105,20.754146843972492,20.5,21.5
372.0,20.4749492146447,20.780887725921538,5.63791861859614,21.0,0,0.21911227407846212,20.751185917012627,20.5,21.5
373.0,20.471981808525488,20.777918470142257,5.6395725434149035,21.0,0,0.22208152985774277,20.74822591234945,20.5,21.5
374.0,20.469015326672466,20.774950139192914,5.6412259811713525,21.0,0,0.22504986080708633,20.745266829699478,20.5,21.5
375.0,20.466049768803366,20.771982732791635,5.642878930606323,21.0,0,0.22801726720836513,20.742308668778847,20.5,21.5
376.0,20.463085134635726,20.769016250656346,5.644531390461022,21.0,0,0.23098374934365395,20.739351429303458,20.5,21.5
377.0,20.460121423886893,20.766050692504784,5.646183359477029,21.0,0,0.23394930749521592,20.736395110989164,20.5,21.5
378.0,20.45715863627401,20.76308605805449,5.6478348363962985,21.0,0,0.23691394194550952,20.733439713551554,20.5,21.5
379.0,20.454196771514034,20.760122347022804,5.649485819961159,21.0,0,0.23987765297719577,20.730485236705942,20.5,21.5
380.0,20.451235829323725,20.757159559126872,5.651136308914314,21.0,0,0.2428404408731275,20.727531680167555,20.5,21.5
381.0,20.44827580941964,20.754197694083654,5.652786301998844,21.0,0,0.2458023059163459,20.72457904365147,20.5,21.5
382.0,20.445316711518156,20.751236751609905,5.654435797958207,21.0,0,0.24876324839009456,20.72162732687242,20.5,21.5
383.0,20.442358535335444,20.74827673142219,5.656084795536243,21.0,0,0.251723268577809,20.718676529545046,20.5,21.5
384.0,20.439401280587486,20.745317633236883,5.6577332934771665,21.0,0,0.2546823667631166,20.715726651383807,20.5,21.5
385.0,20.436444946990065,20.742359456770153,5.659381290525575,21.0,0,0.2576405432298472,20.712777692102847,20.5,21.5
386.0,20.433489534258772,20.73940220173798,5.661028785426446,21.0,0,0.2605977982620189,20.709829651416264,20.5,21.5
387.0,20.430535042109007,20.73644586785615,5.662675776925142,21.0,0,0.2635541321438488,20.706882529037852,20.5,21.5
388.0,20.42758147025597,20.733490454840258,5.664322263767406,21.0,0,0.26650954515974234,20.703936324681322,20.5,21.5
389.0,20.42462881841467,20.730535962405693,5.665968244699369,21.0,0,0.26946403759430737,20.700991038060042,20.5,21.5
390.0,20.42167708629993,20.727582390267667,5.667613718467542,21.0,0,0.272417609732333,20.69804666888741,20.5,21.5
391.0,20.418726273626362,20.724629738141186,5.669258683818827,21.0,0,0.2753702618588143,20.695103216876372,20.5,21.5
392.0,20.4157763801084,20.72167800574106,5.67090313950051,21.0,0,0.27832199425893833,20.69216068173982,20.5,21.5
393.0,20.41282740546028,20.718727192781923,5.672547084260268,21.0,0,0.2812728072180768,20.68921906319054,20.5,21.5
394.0,20.40987934939604,20.7157772989782,5.674190516846164,21.0,0,0.28422270102180036,20.686278360940964,20.5,21.5
395.0,20.40693221162953,20.712828324044118,5.675833436006654,21.0,0,0.2871716759558822,20.6833385747033,20.5,21.5
396.0,20.403985991874407,20.709880267693727,5.677475840490583,21.0,0,0.2901197323062732,20.680399704189817,20.5,21.5
397.0,20.40104068984413,20.706933129640873,5.679117729047188,21.0,0,0.2930668703591266,20.67746174911234,20.5,21.5
398.0,20.398096305251972,20.703986909599212,5.6807591004261,21.0,0,0.2960130904007876,20.674524709182602,20.5,21.5
399.0,20.395152837811008,20.701041607282207,5.6823999533773435,21.0,0,0.29895839271779323,20.67158858411215,20.5,21.5
400.0,20.39221028723412,20.698097222403124,5.684040286651338,21.0,0,0.3019027775968759,20.668653373612297,20.5,21.5
401.0,20.389268653234005,20.695153754675044,5.685680098998897,21.0,0,0.3048462453249563,20.66571907739424,20.5,21.5
402.0,20.38632793552316,20.69221120381085,5.687319389171233,21.0,0,0.30778879618915056,20.662785695168907,20.5,21.5
403.0,20.383388133813888,20.689269569523237,5.688958155919954,21.0,0,0.3107304304767631,20.65985322664711,20.5,21.5
404.0,20.38044924781831,20.686328851524696,5.690596397997069,21.0,0,0.3136711484753043,20.656921671539283,20.5,21.5
405.0,20.377511277248345,20.68338904952754,5.692234114154986,21.0,0,0.3166109504724588,20.653991029555996,20.5,21.5
406.0,20.374574221815728,20.680450163243883,5.693871303146512,21.0,0,0.31954983675611714,20.6510613004073,20.5,21.5
407.0,20.371638081231993,20.67751219238565,5.695507963724856,21.0,0,0.32248780761435114,20.64813248380331,20.5,21.5
408.0,20.36870285520849,20.67457513666457,5.6971440946436305,21.0,0,0.3254248633354315,20.645204579453765,20.5,21.5
409.0,20.365768543456376,20.671638995792183,5.69877969465685,21.0,0,0.32836100420781733,20.642277587068325,20.5,21.5
410.0,20.362835145686617,20.668703769479837,5.7004147625189345,21.0,0,0.331296230520163,20.63935150635638,20.5,21.5
411.0,20.359902661609983,20.66576945743869,5.702049296984709,21.0,0,0.33423054256131124,20.636426337027206,20.5,21.5
412.0,20.35697109093706,20.662836059379703,5.703683296809404,21.0,0,0.33716394062029664,20.63350207878985,20.5,21.5
413.0,20.354040433378234,20.65990357501365,5.705316760748657,21.0,0,0.3400964249863492,20.630578731353125,20.5,21.5
414.0,20.351110688643708,20.65697200405112,5.706949687558514,21.0,0,0.34302799594888,20.62765629442581,20.5,21.5
415.0,20.34818185644349,20.654041346202494,5.708582075995432,21.0,0,0.34595865379750634,20.62473476771623,20.5,21.5
416.0,20.3452539364874,20.65111160117798,5.710213924816274,21.0,0,0.3488883988220195,20.62181415093285,20.5,21.5
417.0,20.342326928485065,20.64818276868758,5.711845232778318,21.0,0,0.3518172313124204,20.61889444378357,20.5,21.5
418.0,20.339400832145923,20.64525484844112,5.71347599863925,21.0,0,0.3547451515588804,20.61597564597652,20.5,21.5
419.0,20.33647564717922,20.64232784014822,5.715106221157173,21.0,0,0.3576721598517807,20.613057757219217,20.5,21.5
420.0,20.333551373294018,20.639401743518327,5.716735899090601,21.0,0,0.36059825648167276,20.610140777219407,20.5,21.5
421.0,20.330628010199177,20.636476558260682,5.718365031198462,21.0,0,0.36352344173931783,20.60722470568423,20.5,21.5
422.0,20.327705557603377,20.633552284084345,5.719993616240102,21.0,0,0.3664477159156547,20.604309542320976,20.5,21.5
423.0,20.324784015215105,20.630628920698182,5.7216216529752835,21.0,0,0.3693710793018177,20.601395286836553,20.5,21.5
424.0,20.321863382742656,20.62770646781087,5.723249140164184,21.0,0,0.3722935321891292,20.598481938937756,20.5,21.5
425.0,20.31894365989414,20.624784925130893,5.724876076567403,21.0,0,0.3752150748691072,20.595569498331113,20.5,21.5
426.0,20.316024846377474,20.621864292366553,5.726502460945957,21.0,0,0.3781357076334473,20.592657964723152,20.5,21.5
427.0,20.313106941900386,20.618944569225953,5.728128292061283,21.0,0,0.38105543077404747,20.58974733781995,20.5,21.5
428.0,20.310189946170418,20.61602575541702,5.729753568675239,21.0,0,0.3839742445829799,20.586837617327696,20.5,21.5
429.0,20.30727385889492,20.613107850647474,5.731378289550109,21.0,0,0.38689214935252636,20.58392880295201,20.5,21.5
430.0,20.30435867978105,20.610190854624854,5.733002453448594,21.0,0,0.3898091453751462,20.581020894398655,20.5,21.5
431.0,20.301444408535783,20.607274767056516,5.734626059133825,21.0,0,0.3927252329434836,20.578113891373143,20.5,21.5
432.0,20.298531044865904,20.60435958764962,5.736249105369356,21.0,0,0.3956404123503816,20.57520779358064,20.5,21.5
433.0,20.295618588478003,20.601445316111135,5.737871590919164,21.0,0,0.3985546838888645,20.572302600726307,20.5,21.5
434.0,20.292707039078493,20.59853195214785,5.739493514547658,21.0,0,0.4014680478521484,20.569398312515013,20.5,21.5
435.0,20.289796396373585,20.59561949546636,5.741114875019672,21.0,0,0.40438050453364127,20.56649492865143,20.5,21.5
436.0,20.286886660069314,20.592707945773064,5.742735671100469,21.0,0,0.4072920542269358,20.56359244884012,20.5,21.5
437.0,20.28397782987152,20.589797302774187,5.7443559015557435,21.0,0,0.41020269722581304,20.560690872785415,20.5,21.5
438.0,20.281069905485857,20.586887566175758,5.745975565151618,21.0,0,0.41311243382424223,20.557790200191466,20.5,21.5
439.0,20.27816288661779,20.58397873568362,5.747594660654649,21.0,0,0.416021264316381,20.55489043076223,20.5,21.5
440.0,20.275256772972597,20.58107081100342,5.749213186831824,21.0,0,0.4189291889965787,20.551991564201444,20.5,21.5
441.0,20.27235156425537,20.57816379184063,5.750831142450566,21.0,0,0.4218362081593696,20.54909360021272,20.5,21.5
442.0,20.26944726017101,20.57525767790053,5.752448526278731,21.0,0,0.42474232209946905,20.546196538499537,20.5,21.5
443.0,20.266543860424232,20.572352468888205,5.7540653370846115,21.0,0,0.4276475311117949,20.543300378764947,20.5,21.5
444.0,20.263641364719565,20.569448164508565,5.7556815736369344,21.0,0,0.4305518354914355,20.54040512071216,20.5,21.5
445.0,20.260739772761347,20.566544764466315,5.757297234704866,21.0,0,0.43345523553368537,20.537510764043816,20.5,21.5
446.0,20.257839084253735,20.563642268465987,5.75891231905801,21.0,0,0.436357731534013,20.53461730846271,20.5,21.5
447.0,20.254939298900695,20.560740676211925,5.7605268254664095,21.0,0,0.4392593237880753,20.531724753671302,20.5,21.5
448.0,20.252040416406007,20.55783998740828,5.762140752700548,21.0,0,0.4421600125917209,20.528833099371823,20.5,21.5
449.0,20.249142436473267,20.554940201759024,5.763754099531349,21.0,0,0.4450597982409761,20.525942345266472,20.5,21.5
450.0,20.24624535880588,20.55204131896793,5.765366864730179,21.0,0,0.4479586810320697,20.523052491056994,20.5,21.5
451.0,20.243349183107064,20.549143338738595,5.766979047068848,21.0,0,0.45085666126140467,20.520163536445246,20.5,21.5
452.0,20.240453909079857,20.546246260774428,5.768590645319607,21.0,0,0.45375373922557216,20.517275481132753,20.5,21.5
453.0,20.237559536427106,20.54335008477865,5.770201658255156,21.0,0,0.4566499152213517,20.514388324820853,20.5,21.5
454.0,20.23466606485147,20.540454810454293,5.771812084648637,21.0,0,0.45954518954570744,20.511502067210735,20.5,21.5
455.0,20.23177349405543,20.537560437504204,5.7734219232736415,21.0,0,0.46243956249579554,20.508616708003323,20.5,21.5
456.0,20.228881823741276,20.534666965631043,5.775031172904206,21.0,0,0.4653330343689568,20.50573224689943,20.5,21.5
457.0,20.225991053611107,20.531774394537294,5.776639832314817,21.0,0,0.4682256054627061,20.5028486835998,20.5,21.5
458.0,20.223101183366847,20.528882723925243,5.778247900280412,21.0,1,0.4711172760747573,20.49996601780473,20.5,21.5
459.0,20.24021221271023,20.529991953496996,5.779855375576377,21.0,1,0.4700080465030041,20.541084249214528,20.5,21.5
460.0,20.257320141342802,20.535101282954468,5.781462256978547,21.0,1,0.4648987170455321,20.586194577529188,20.5,21.5
461.0,20.274424969765928,20.5442099121594,5.783068543263215,21.0,1,0.45579008784060093,20.63529620420871,20.5,21.5
462.0,20.291526698480627,20.557317041133302,5.784674233207123,21.0,1,0.4426829588666976,20.688388330872336,20.5,21.5
463.0,20.308625327987574,20.574421870057446,5.786279325587468,21.0,1,0.4255781299425543,20.74547015929888,20.5,21.5
464.0,20.325720858787093,20.59152359927282,5.787883819181902,21.0,1,0.4084764007271815,20.762540891426546,20.5,21.5
465.0,20.342813291379173,20.608622229280094,5.789487712768534,21.0,1,0.391377770719906,20.77960852935285,20.5,21.5
466.0,20.35990262626345,20.625717760579597,5.79109100512593,21.0,1,0.3742822394204026,20.79667307357463,20.5,21.5
467.0,20.376988863939225,20.642810193671316,5.792693695033112,21.0,1,0.3571898063286838,20.813734524588504,20.5,21.5
468.0,20.394072004905443,20.659899529054893,5.794295781269561,21.0,1,0.34010047094510654,20.830792882890666,20.5,21.5
469.0,20.411152049660714,20.676985767229617,5.79589726261522,21.0,1,0.3230142327703831,20.84784814897685,20.5,21.5
470.0,20.428228998703304,20.694068908694444,5.797498137850493,21.0,1,0.3059310913055562,20.864900323342713,20.5,21.5
471.0,20.445302852531132,20.71114895394798,5.79909840575624,21.0,1,0.28885104605202017,20.88194940648334,20.5,21.5
472.0,20.462373611641777,20.72822590348849,5.80069806511379,21.0,1,0.2717740965115105,20.898995398893586,20.5,21.5
473.0,20.47944127653247,20.745299757813893,5.802297114704932,21.0,1,0.2547002421861073,20.916038301067925,20.5,21.5
474.0,20.496505847700103,20.762370517421772,5.8038955533119205,21.0,1,0.23762948257822814,20.933078113500564,20.5,21.5
475.0,20.513567325641226,20.779438182809358,5.805493379717475,21.0,1,0.22056181719064227,20.950114836685216,20.5,21.5
476.0,20.530625710852043,20.79650275447354,5.80709059270478,21.0,1,0.2034972455264601,20.96714847111536,20.5,21.5
477.0,20.547681003828412,20.813564232910867,5.80868719105749,21.0,1,0.186435767089133,20.984179017284138,20.5,21.5
478.0,20.564733205065856,20.830622618617546,5.810283173559725,21.0,1,0.1693773813824535,21.00120647568434,20.5,21.5
479.0,20.581782315059556,20.847677912089434,5.811878538996075,21.0,1,0.15232208791056578,21.01823084680831,20.5,21.5
480.0,20.598828334304343,20.864730113822056,5.8134732861516,21.0,1,0.13526988617794444,21.03525213114827,20.5,21.5
481.0,20.615871263294714,20.88177922431059,5.815067413811831,21.0,1,0.1182207756894087,21.05227032919595,20.5,21.5
482.0,20.63291110252482,20.89882524404987,5.81666092076277,21.0,1,0.10117475595012948,21.069285441442663,20.5,21.5
483.0,20.649947852488467,20.915868173534392,5.818253805790892,21.0,1,0.08413182646560813,21.086297468379605,20.5,21.5
484.0,20.666981513679126,20.932908013258306,5.819846067683145,21.0,1,0.06709198674169414,21.103306410497446,20.5,21.5
485.0,20.684012086589927,20.949944763715425,5.821437705226955,21.0,1,0.050055236284574534,21.12031226828662,20.5,21.5
486.0,20.701039571713654,20.966978425399212,5.823028717210217,21.0,1,0.03302157460078803,21.137315042237077,20.5,21.5
487.0,20.718063969542754,20.9840089988028,5.82461910242131,21.0,1,0.015991001197200205,21.154314732838678,20.5,21.5
488.0,20.73508528056933,21.001036484418975,5.826208859649084,21.0,1,-0.001036484418975192,21.17131134058073,20.5,21.5
489.0,20.752103505285145,21.01806088274018,5.827797987682869,21.0,1,-0.018060882740179807,21.188304865952226,20.5,21.5
490.0,20.769118644181624,21.035082194258518,5.829386485312478,21.0,1,-0.035082194258517774,21.205295309441897,20.5,21.5
491.0,20.78613069774985,21.052100419465756,5.830974351328199,21.0,1,-0.05210041946575572,21.222282671538135,20.5,21.5
492.0,20.803139666480565,21.06911555885332,5.8325615845208025,21.0,1,-0.06911555885331921,21.239266952728954,20.5,21.5
493.0,20.820145550864172,21.086127612912286,5.834148183681542,21.0,1,-0.08612761291228566,21.25624815350195,20.5,21.5
494.0,20.837148351390734,21.103136582133402,5.835734147602153,21.0,1,-0.10313658213340204,21.273226274344566,20.5,21.5
495.0,20.854148068549975,21.12014246700707,5.837319475074856,21.0,1,-0.12014246700707076,21.290201315743758,20.5,21.5
496.0,20.87114470283128,21.137145268023357,5.838904164892354,21.0,1,-0.1371452680233567,21.307173278186216,20.5,21.5
497.0,20.888138254723692,21.154144985671984,5.840488215847837,21.0,1,-0.15414498567198365,21.324142162158253,20.5,21.5
498.0,20.90512872471592,21.171141620442334,5.842071626734982,21.0,1,-0.17114162044233439,21.34110796814584,20.5,21.5
499.0,20.922116113296322,21.188135172823454,5.843654396347952,21.0,1,-0.18813517282345416,21.358070696634652,20.5,21.5
500.0,20.939100420952933,21.205125643304047,5.8452365234813985,21.0,1,-0.20512564330404714,21.375030348109977,20.5,21.5
501.0,20.956081648173438,21.222113032372476,5.846818006930464,21.0,1,-0.22211303237247648,21.39198692305677,20.5,21.5
502.0,20.973059795445188,21.239097340516775,5.84839884549078,21.0,1,-0.2390973405167749,21.40894042195976,20.5,21.5
503.0,20.990034863255197,21.25607856822463,5.8499790379584695,21.0,1,-0.2560785682246305,21.425890845303186,20.5,21.5
504.0,21.007006852090136,21.273056715983394,5.851558583130146,21.0,1,-0.27305671598339387,21.442838193571028,20.5,21.5
505.0,21.023975762436343,21.290031784280078,5.853137479802917,21.0,1,-0.29003178428007814,21.45978246724692,20.5,21.5
506.0,21.040941594779817,21.307003773601355,5.854715726774385,21.0,1,-0.30700377360135533,21.476723666814127,20.5,21.5
507.0,21.057904349606215,21.32397268443356,5.856293322842646,21.0,1,-0.32397268443356,21.493661792755606,20.5,21.5
508.0,21.074864027400864,21.340938517262693,5.857870266806292,21.0,0,-0.34093851726269264,21.51059684555402,20.5,21.5
509.0,21.071820628648744,21.35390127257441,5.859446557464411,21.0,0,-0.3539012725744115,21.4835288256916,20.5,21.5
510.0,21.068778153834508,21.362861750854044,5.8610221936165905,21.0,0,-0.3628617508540444,21.452466533650373,20.5,21.5
511.0,21.065736602642463,21.36782075242657,5.8625971740629135,21.0,0,-0.36782075242657086,21.417410768151836,20.5,21.5
512.0,21.062695974756746,21.368779077456676,5.864171497603965,21.0,0,-0.3687790774566757,21.378362327757724,20.5,21.5
513.0,21.059656269861314,21.365737525948767,5.8657451630408275,21.0,0,-0.3657375259487665,21.335322010869675,20.5,21.5
514.0,21.05661748763995,21.362696897747007,5.867318169175088,21.0,0,-0.3626968977470071,21.332290615729413,20.5,21.5
515.0,21.05357962777626,21.35965719253536,5.868890514808834,21.0,0,-0.35965719253535866,21.329260140418874,20.5,21.5
516.0,21.050542689953666,21.3566184099976,5.870462198744655,21.0,0,-0.3566184099976013,21.326230584620028,20.5,21.5
517.0,21.047506673855423,21.353580549817337,5.872033219785646,21.0,0,-0.35358054981733744,21.3232019480147,20.5,21.5
518.0,21.04447157916461,21.350543611677995,5.8736035767354045,21.0,0,-0.3505436116779954,21.320174230284575,20.5,21.5
519.0,21.041437405564125,21.347507595262833,5.875173268398037,21.0,0,-0.34750759526283304,21.31714743111121,20.5,21.5
520.0,21.038404152736693,21.344472500254916,5.876742293578155,21.0,0,-0.34447250025491627,21.31412155017575,20.5,21.5
521.0,21.035371820364862,21.34143832633716,5.878310651080877,21.0,0,-0.3414383263371583,21.31109658715958,20.5,21.5
522.0,21.032340408131006,21.338405073192277,5.87987833971183,21.0,0,-0.338405073192277,21.308072541743464,20.5,21.5
523.0,21.029309915717324,21.335372740502823,5.881445358277152,21.0,0,-0.33537274050282306,21.305049413608284,20.5,21.5
524.0,21.026280342805837,21.332341327951163,5.88301170558349,21.0,0,-0.33234132795116267,21.30202720243456,20.5,21.5
525.0,21.023251689078393,21.329310835219502,5.884577380438002,21.0,0,-0.329310835219502,21.299005907902895,20.5,21.5
526.0,21.020223954216664,21.326281261989863,5.88614238164836,21.0,0,-0.3262812619898625,21.295985529693468,20.5,21.5
527.0,21.01719713790215,21.32325260794409,5.887706708022744,21.0,0,-0.3232526079440916,21.292966067486383,20.5,21.5
528.0,21.014171239816175,21.320224872763863,5.889270358369855,21.0,0,-0.3202248727638626,21.289947520961572,20.5,21.5
529.0,21.011146259639887,21.31719805613067,5.890833331498904,21.0,0,-0.3171980561306711,21.286929889798756,20.5,21.5
530.0,21.00812219705426,21.314172157725846,5.892395626219617,21.0,0,-0.31417215772584584,21.283913173677593,20.5,21.5
531.0,21.005099051740093,21.31114717723053,5.8939572413422425,21.0,0,-0.31114717723053076,21.28089737227738,20.5,21.5
532.0,21.00207682337801,21.308123114325703,5.895518175677539,21.0,0,-0.30812311432570283,21.277882485277424,20.5,21.5
533.0,20.99905551164847,21.305099968692165,5.89707842803679,21.0,0,-0.30509996869216494,21.274868512356786,20.5,21.5
534.0,20.99603511623175,21.30207774001054,5.898637997231793,21.0,0,-0.3020777400105388,21.271855453194277,20.5,21.5
535.0,20.99301563680795,21.299056427961276,5.90019688207487,21.0,0,-0.2990564279612755,21.268843307468643,20.5,21.5
536.0,20.989997073057005,21.296036032224656,5.9017550813788615,21.0,0,-0.2960360322246558,21.26583207485846,20.5,21.5
537.0,20.98697942465867,21.293016552480786,5.903312593957131,21.0,0,-0.2930165524807862,21.26282175504209,20.5,21.5
538.0,20.98396269129253,21.2899979884096,5.904869418623566,21.0,0,-0.2899979884095991,21.25981234769773,20.5,21.5
539.0,20.980946872637997,21.28698033969085,5.906425554192575,21.0,0,-0.28698033969084946,21.256803852503353,20.5,21.5
540.0,20.977931968374307,21.283963606004118,5.9079809994790935,21.0,0,-0.28396360600411796,21.253796269136803,20.5,21.5
541.0,20.974917978180528,21.280947787028822,5.9095357532985835,21.0,0,-0.28094778702882195,21.250789597275862,20.5,21.5
542.0,20.971904901735552,21.277932882444198,5.911089814467031,21.0,0,-0.27793288244419756,21.247783836597954,20.5,21.5
543.0,20.9688927387181,21.27491889192931,5.912643181800952,21.0,0,-0.2749188919293104,21.24477898678044,20.5,21.5
544.0,20.965881488806716,21.271905815163056,5.914195854117389,21.0,0,-0.27190581516305556,21.241775047500507,20.5,21.5
545.0,20.962871151679778,21.26889365182415,5.915747830233913,21.0,0,-0.2688936518241505,21.2387720184351,20.5,21.5
546.0,20.95986172701549,21.265882401591142,5.9172991089686295,21.0,0,-0.26588240159114207,21.235769899261058,20.5,21.5
547.0,20.95685321449188,21.262872064142407,5.918849689140171,21.0,0,-0.2628720641424067,21.232768689655053,20.5,21.5
548.0,20.953845613786807,21.259862639156147,5.920399569567703,21.0,0,-0.2598626391561467,21.229768389293547,20.5,21.5
549.0,20.950838924577965,21.256854126310397,5.921948749070925,21.0,0,-0.2568541263103974,21.226768997852904,20.5,21.5
550.0,20.947833146542862,21.253846525283016,5.923497226470068,21.0,0,-0.25384652528301643,21.223770515009207,20.5,21.5
551.0,20.94482827935885,21.250839835751687,5.9250450005859,21.0,0,-0.25083983575168745,21.220772940438398,20.5,21.5
552.0,20.941824322703095,21.24783405739393,5.926592070239724,21.0,0,-0.2478340573939306,21.217776273816362,20.5,21.5
553.0,20.938821276252604,21.244829189887092,5.928138434253378,21.0,0,-0.244829189887092,21.214780514818706,20.5,21.5
554.0,20.935819139684202,21.24182523290834,5.929684091449239,21.0,0,-0.24182523290834013,21.21178566312082,20.5,21.5
555.0,20.932817912674555,21.238822186134676,5.931229040650223,21.0,0,-0.23882218613467643,21.20879171839804,20.5,21.5
556.0,20.92981759490015,21.23582004924294,5.932773280679783,21.0,0,-0.23582004924293898,21.205798680325564,20.5,21.5
557.0,20.926818186037305,21.23281882190978,5.934316810361912,21.0,0,-0.2328188219097811,21.202806548578202,20.5,21.5
558.0,20.92381968576217,21.229818503811693,5.935859628521147,21.0,0,-0.22981850381169266,21.19981532283081,20.5,21.5
559.0,20.920822093750722,21.226819094624993,5.937401733982563,21.0,0,-0.22681909462499306,21.196825002757997,20.5,21.5
560.0,20.91782540967877,21.223820594025835,5.9389431255717815,21.0,0,-0.22382059402583465,21.19383558803425,20.5,21.5
561.0,20.91482963322195,21.220823001690196,5.940483802114964,21.0,0,-0.22082300169019575,21.190847078333807,20.5,21.5
562.0,20.911834764055726,21.217826317293877,5.94202376243882,21.0,0,-0.21782631729387703,21.18785947333069,20.5,21.5
563.0,20.9088408018554,21.214830540512526,5.943563005370601,21.0,0,-0.21483054051252637,21.18487277269902,20.5,21.5
564.0,20.905847746296104,21.2118356710216,5.945101529738108,21.0,0,-0.21183567102159984,21.181886976112335,20.5,21.5
565.0,20.902855597052792,21.208841708496404,5.946639334369687,21.0,0,-0.20884170849640427,21.17890208324445,20.5,21.5
566.0,20.899864353800254,21.205848652612065,5.948176418094232,21.0,0,-0.2058486526120653,21.175918093768676,20.5,21.5
567.0,20.89687401621311,21.20285650304354,5.949712779741189,21.0,0,-0.20285650304354164,21.172935007358305,20.5,21.5
568.0,20.893884583965818,21.199865259465625,5.95124841814055,21.0,0,-0.19986525946562494,21.169952823686458,20.5,21.5
569.0,20.890896056732654,21.196874921552936,5.952783332122861,21.0,0,-0.1968749215529364,21.16697154242605,20.5,21.5
570.0,20.887908434187732,21.193885488979923,5.954317520519217,21.0,0,-0.19388548897992308,21.16399116324979,20.5,21.5
571.0,20.884921716005,21.190896961420872,5.955850982161267,21.0,0,-0.1908969614208722,21.161011685830363,20.5,21.5
572.0,20.88193590185823,21.187909338549893,5.957383715881214,21.0,0,-0.18790933854989333,21.158033109840105,20.5,21.5
573.0,20.878950991421036,21.184922620040936,5.958915720511813,21.0,0,-0.18492262004093618,21.155055434951365,20.5,21.5
574.0,20.875966984366855,21.181936805567776,5.960446994886378,21.0,0,-0.18193680556777636,21.152078660836178,20.5,21.5
575.0,20.87298388036896,21.178951894804023,5.961977537838775,21.0,0,-0.17895189480402252,21.149102787166484,20.5,21.5
576.0,20.870001679100454,21.17596788742311,5.96350734820343,21.0,0,-0.1759678874231092,21.146127813613976,20.5,21.5
577.0,20.867020380234276,21.17298478309832,5.9650364248153265,21.0,0,-0.17298478309832177,21.143153739850447,20.5,21.5
578.0,20.86403998344319,21.17000258150275,5.966564766510005,21.0,0,-0.17000258150275016,21.140180565547034,20.5,21.5
579.0,20.861060488399804,21.167021282309342,5.968092372123566,21.0,0,-0.1670212823093422,21.137208290375263,20.5,21.5
580.0,20.85808189477655,21.164040885190865,5.969619240492674,21.0,0,-0.16404088519086457,21.134236914006088,20.5,21.5
581.0,20.855104202245695,21.161061389819913,5.9711453704545505,21.0,0,-0.16106138981991336,21.1312664361104,20.5,21.5
582.0,20.852127410479337,21.158082795868925,5.972670760846981,21.0,0,-0.15808279586892482,21.12829685635904,20.5,21.5
583.0,20.849151519149412,21.155105103010168,5.974195410508315,21.0,0,-0.15510510301016822,21.125328174422602,20.5,21.5
584.0,20.846176527927685,21.152128310915742,5.9757193182774655,21.0,0,-0.1521283109157423,21.122360389971483,20.5,21.5
585.0,20.843202436485754,21.149152419257582,5.97724248299391,21.0,0,-0.14915241925758238,21.119393502675983,20.5,21.5
586.0,20.840229244495056,21.146177427707453,5.978764903497693,21.0,0,-0.14617742770745323,21.11642751220616,20.5,21.5
587.0,20.837256951626856,21.143203335936956,5.980286578629424,21.0,0,-0.14320333593695622,21.113462418231986,20.5,21.5
588.0,20.834285557552256,21.140230143617526,5.981807507230282,21.0,0,-0.14023014361752573,21.11049822042322,20.5,21.5
589.0,20.831315061942192,21.13725785042043,5.983327688142013,21.0,0,-0.13725785042042915,21.107534918449463,20.5,21.5
590.0,20.828345464467432,21.134286456016763,5.984847120206934,21.0,0,-0.13428645601676337,21.104572511980106,20.5,21.5
591.0,20.82537676479858,21.131315960077465,5.986365802267931,21.0,0,-0.13131596007746538,21.101611000684485,20.5,21.5
592.0,20.822408962606076,21.128346362273312,5.987883733168462,21.0,0,-0.1283463622733123,21.09865038423178,20.5,21.5
593.0,20.819442057560188,21.125377662274897,5.989400911752556,21.0,0,-0.12537766227489655,21.09569066229074,20.5,21.5
594.0,20.816476049331026,21.122409859752665,5.990917336864815,21.0,0,-0.12240985975266483,21.092731834530348,20.5,21.5
595.0,20.813510937588532,21.119442954376886,5.992433007350416,21.0,0,-0.11944295437688623,21.0897739006191,20.5,21.5
596.0,20.810546722002485,21.116476945817663,5.993947922055111,21.0,0,-0.11647694581766288,21.08681686022543,20.5,21.5
597.0,20.807583402242496,21.113511833744948,5.9954620798252245,21.0,0,-0.11351183374494767,21.083860713017796,20.5,21.5
598.0,20.80462097797801,21.110547617828512,5.99697547950766,21.0,0,-0.1105476178285123,21.08090545866416,20.5,21.5
599.0,20.80165944887832,21.107584297737972,5.9984881199499,21.0,0,-0.10758429773797218,21.07795109683257,20.5,21.5
600.0,20.798698814612532,21.104621873142772,6.0,21.0,0,-0.10462187314277216,21.074997627190772,20.5,21.5
601.0,20.79573907484961,21.1016603437122,6.001511118506599,21.0,0,-0.10166034371220078,21.072045049406487,20.5,21.5
602.0,20.79278022925834,21.09869970911537,6.003021474318915,21.0,0,-0.09869970911536896,21.06909336314705,20.5,21.5
603.0,20.78982227750735,21.095739969021235,6.004531066286745,21.0,0,-0.09573996902123483,21.066142568079893,20.5,21.5
604.0,20.786865219265106,21.092781123098593,6.0060398932604695,21.0,0,-0.0927811230985931,21.063192663872176,20.5,21.5
605.0,20.783909054199906,21.089823171016068,6.007547954091052,21.0,0,-0.08982317101606796,21.060243650190817,20.5,21.5
606.0,20.780953781979886,21.086866112442124,6.009055247630038,21.0,0,-0.08686611244212372,21.05729552670268,20.5,21.5
607.0,20.777999402273014,21.083909947045058,6.010561772729559,21.0,0,-0.08390994704505772,21.054348293074398,20.5,21.5
608.0,20.775045914747107,21.080954674493007,6.012067528242327,21.0,0,-0.08095467449300742,21.051401948972504,20.5,21.5
609.0,20.772093319069807,21.07800029445395,6.013572513021648,21.0,0,-0.0780002944539504,21.04845649406338,20.5,21.5
610.0,20.769141614908598,21.075046806595687,6.015076725921408,21.0,0,-0.07504680659568663,21.04551192801305,20.5,21.5
611.0,20.7661908019308,21.07209421058587,6.016580165796085,21.0,0,-0.0720942105858704,21.042568250487708,20.5,21.5
612.0,20.763240879803575,21.069142506091982,6.018082831500743,21.0,0,-0.06914250609198191,21.039625461153097,20.5,21.5
613.0,20.760291848193916,21.06619169278134,6.019584721891037,21.0,0,-0.06619169278134152,21.036683559674938,20.5,21.5
614.0,20.757343706768655,21.06324177032111,6.021085835823211,21.0,0,-0.06324177032110967,21.03374254571879,20.5,21.5
615.0,20.754396455194467,21.060292738378283,6.022586172154104,21.0,0,-0.06029273837828342,21.03080241895002,20.5,21.5
616.0,20.75145009313786,21.057344596619693,6.024085729741143,21.0,0,-0.05734459661969282,21.027863179033787,20.5,21.5
617.0,20.74850462026518,21.054397344712015,6.02558450744235,21.0,0,-0.05439734471201518,21.02492482563524,20.5,21.5
618.0,20.745560036242615,21.051450982321757,6.02708250411634,21.0,0,-0.051450982321757266,21.021987358419178,20.5,21.5
619.0,20.74261634073619,21.048505509115262,6.028579718622325,21.0,0,-0.04850550911526241,21.019050777050314,20.5,21.5
620.0,20.739673533411768,21.045560924758725,6.0300761498201085,21.0,0,-0.04556092475872475,21.016115081193348,20.5,21.5
621.0,20.73673161393505,21.04261722891816,6.031571796570095,21.0,0,-0.04261722891816078,21.01318027051252,20.5,21.5
622.0,20.733790581971576,21.03967442125944,6.033066657733284,21.0,0,-0.03967442125944132,21.010246344672247,20.5,21.5
623.0,20.730850437186728,21.036732501448263,6.034560732171273,21.0,0,-0.03673250144826312,21.00731330333648,20.5,21.5
624.0,20.727911179245726,21.03379146915017,6.036054018746261,21.0,0,-0.03379146915017017,21.00438114616924,20.5,21.5
625.0,20.724972807813625,21.030851324030543,6.037546516321043,21.0,0,-0.030851324030543026,21.00144987283427,20.5,21.5
626.0,20.722035322555328,21.0279120657546,6.039038223759019,21.0,0,-0.027912065754598814,20.998519482995157,20.5,21.5
627.0,20.71909872313557,21.0249736939874,6.040529139924188,21.0,0,-0.02497369398739835,20.995589976315394,20.5,21.5
628.0,20.716163009218928,21.022036208393835,6.042019263681153,21.0,0,-0.022036208393835466,20.992661352458207,20.5,21.5
629.0,20.71322818046982,21.01909960863866,6.043508593895119,21.0,0,-0.01909960863865834,20.989733611086887,20.5,21.5
630.0,20.710294236552503,21.016163894386434,6.044997129431898,21.0,0,-0.016163894386433952,20.98680675186419,20.5,21.5
631.0,20.70736117713108,21.013229065301584,6.046484869157903,21.0,0,-0.013229065301583631,20.98388077445308,20.5,21.5
632.0,20.704429001869485,21.010295121048365,6.047971811940158,21.0,0,-0.010295121048365274,20.98095567851618,20.5,21.5
633.0,20.7014977104315,21.007362061290884,6.04945795664629,21.0,0,-0.007362061290884014,20.97803146371607,20.5,21.5
634.0,20.698567302480743,21.004429885693067,6.050943302144535,21.0,0,-0.004429885693067348,20.9751081297149,20.5,21.5
635.0,20.695637777680677,21.0014985939187,6.052427847303739,21.0,0,-0.0014985939187006636,20.972185676175034,20.5,21.5
636.0,20.692709135694603,20.998568185631406,6.053911590993355,21.0,0,0.0014318143685940754,20.96926410275846,20.5,21.5
637.0,20.689781376185664,20.99563866049464,6.055394532083448,21.0,0,0.00436133950535833,20.966343409127,20.5,21.5
638.0,20.686854498816842,20.99271001817171,6.056876669444694,21.0,0,0.007289981828289882,20.963423594942395,20.5,21.5
639.0,20.683928503250968,20.989782258325754,6.058358001948381,21.0,0,0.010217741674246383,20.96050465986619,20.5,21.5
640.0,20.681003389150707,20.98685538061976,6.059838528466409,21.0,0,0.013144619380238254,20.957586603559843,20.5,21.5
641.0,20.67807915617857,20.983929384716554,6.061318247871295,21.0,0,0.016070615283446443,20.95466942568447,20.5,21.5
642.0,20.67515580399691,20.981004270278806,6.062797159036165,21.0,0,0.01899572972119401,20.95175312590133,20.5,21.5
643.0,20.672233332267915,20.978080036969022,6.064275260834767,21.0,0,0.021919963030978096,20.94883770387118,20.5,21.5
644.0,20.66931174065363,20.975156684449555,6.0657525521414595,21.0,0,0.024843315550445055,20.945923159254885,20.5,21.5
645.0,20.666391028815926,20.972234212382595,6.067229031831223,21.0,0,0.02776578761740467,20.943009491713,20.5,21.5
646.0,20.66347119641653,20.96931262043019,6.068704698779653,21.0,0,0.030687379569808826,20.94009670090615,20.5,21.5
647.0,20.660552243117003,20.96639190825421,6.070179551862964,21.0,0,0.0336080917457906,20.93718478649439,20.5,21.5
648.0,20.657634168578753,20.963472075516375,6.071653589957993,21.0,0,0.036527924483625185,20.93427374813803,20.5,21.5
649.0,20.654716972463028,20.960553121878256,6.0731268119421955,21.0,0,0.03944687812174408,20.931363585497067,20.5,21.5
650.0,20.651800654430925,20.957635047001258,6.074599216693648,21.0,0,0.04236495299874221,20.928454298231276,20.5,21.5
651.0,20.648885214143377,20.954717850546626,6.07607080309105,21.0,0,0.04528214945337439,20.925545886000304,20.5,21.5
652.0,20.645970651261166,20.95180153217546,6.077541570013726,21.0,0,0.04819846782454107,20.922638348463792,20.5,21.5
653.0,20.643056965444917,20.94888609154869,6.079011516341622,21.0,0,0.0511139084513097,20.919731685281004,20.5,21.5
654.0,20.640144156355095,20.945971528327103,6.08048064095531,21.0,0,0.05402847167289693,20.91682589611123,20.5,21.5
655.0,20.637232223652017,20.94305784217132,6.081948942735988,21.0,0,0.056942157828679285,20.913920980613497,20.5,21.5
656.0,20.634321166995832,20.940145032741814,6.083416420565479,21.0,0,0.059854967258186065,20.911016938446746,20.5,21.5
657.0,20.631410986046546,20.93723309969889,6.084883073326237,21.0,0,0.06276690030110998,20.90811376926965,20.5,21.5
658.0,20.628501680464,20.934322042702707,6.086348899901341,21.0,0,0.06567795729729298,20.905211472740877,20.5,21.5
659.0,20.62559324990789,20.931411861413267,6.087813899174501,21.0,0,0.0685881385867333,20.902310048518864,20.5,21.5
660.0,20.622685694037745,20.92850255549041,6.089278070030054,21.0,0,0.07149744450958906,20.899409496261853,20.5,21.5
661.0,20.619779012512943,20.925594124593836,6.0907414113529725,21.0,0,0.07440587540616406,20.896509815628086,20.5,21.5
662.0,20.61687320499271,20.922686568383067,6.092203922028858,21.0,0,0.0773134316169326,20.893611006275382,20.5,21.5
663.0,20.61396827113612,20.919779886517496,6.093665600943945,21.0,0,0.08022011348250402,20.890713067861782,20.5,21.5
664.0,20.61106421060208,20.91687407865633,6.0951264469851,21.0,0,0.08312592134366881,20.887816000044683,20.5,21.5
665.0,20.60816102304936,20.913969144458655,6.096586459039828,21.0,0,0.08603085554134537,20.88491980248189,20.5,21.5
666.0,20.605258708136557,20.911065083583377,6.098045635996264,21.0,0,0.08893491641662266,20.882024474830605,20.5,21.5
667.0,20.60235726552213,20.90816189568926,6.099503976743181,21.0,0,0.0918381043107388,20.8791300167481,20.5,21.5
668.0,20.599456694864376,20.905259580434908,6.100961480169991,21.0,0,0.09474041956509183,20.876236427891378,20.5,21.5
669.0,20.596556995821437,20.90235813747878,6.102418145166741,21.0,0,0.09764186252121831,20.873343707917517,20.5,21.5
670.0,20.593658168051306,20.89945756647917,6.103873970624116,21.0,0,0.10054243352082892,20.870451856483065,20.5,21.5
671.0,20.59076021121182,20.896557867094224,6.105328955433444,21.0,0,0.10344213290577642,20.86756087324475,20.5,21.5
672.0,20.587863124960663,20.89365903898193,6.106783098486688,21.0,0,0.10634096101806989,20.864670757858995,20.5,21.5
673.0,20.58496690895537,20.890761081800132,6.108236398676457,21.0,0,0.10923891819986764,20.861781509982155,20.5,21.5
674.0,20.582071562853315,20.88786399520651,6.109688854895999,21.0,0,0.1121360047934914,20.85889312927027,20.5,21.5
675.0,20.579177086311724,20.88496777885859,6.111140466039204,21.0,0,0.11503222114140854,20.85600561537942,20.5,21.5
676.0,20.57628347898767,20.882072432413764,6.11259123100061,21.0,0,0.11792756758623568,20.853118967965493,20.5,21.5
677.0,20.573390740538073,20.879177955529247,6.114041148675393,21.0,0,0.12082204447075284,20.850233186684076,20.5,21.5
678.0,20.5704988706197,20.87628434786211,6.11549021795938,21.0,0,0.12371565213788926,20.847348271190747,20.5,21.5
679.0,20.56760786888917,20.87339160906928,6.116938437749042,21.0,0,0.12660839093071985,20.844464221140974,20.5,21.5
680.0,20.56471773500294,20.870499738807524,6.118385806941494,21.0,0,0.12950026119247582,20.841581036189964,20.5,21.5
681.0,20.56182846861733,20.867608736733455,6.119832324434503,21.0,0,0.1323912632665447,20.838698715992766,20.5,21.5
682.0,20.55894006938849,20.86471860250354,6.121277989126483,21.0,0,0.13528139749645973,20.83581726020439,20.5,21.5
683.0,20.556052536972437,20.86182933577409,6.122722799916498,21.0,0,0.1381706642259104,20.832936668479583,20.5,21.5
684.0,20.553165871025026,20.85894093620126,6.124166755704261,21.0,0,0.141059063798739,20.830056940472975,20.5,21.5
685.0,20.55028007120196,20.856053403441067,6.125609855390137,21.0,0,0.1439465965589335,20.82717807583912,20.5,21.5
686.0,20.547395137158798,20.85316673714936,6.1270520978751435,21.0,0,0.1468332628506417,20.824300074232276,20.5,21.5
687.0,20.544511068550943,20.85028093698185,6.128493482060948,21.0,0,0.14971906301814997,20.821422935306767,20.5,21.5
688.0,20.541627865033643,20.84739600259409,6.129934006849876,21.0,0,0.15260399740591168,20.81854665871647,20.5,21.5
689.0,20.538745526262005,20.844511933641485,6.131373671144904,21.0,0,0.1554880663585152,20.81567124411545,20.5,21.5
690.0,20.535864051890982,20.841628729779288,6.132812473849666,21.0,0,0.1583712702207123,20.812796691157317,20.5,21.5
691.0,20.532983441575375,20.838746390662603,6.1342504138684495,21.0,0,0.16125360933739685,20.809922999495758,20.5,21.5
692.0,20.530103694969835,20.83586491594638,6.135687490106203,21.0,0,0.1641350840536191,20.80705016878416,20.5,21.5
693.0,20.527224811728864,20.83298430528543,6.137123701468528,21.0,0,0.16701569471457134,20.804178198675906,20.5,21.5
694.0,20.52434679150681,20.83010455833439,6.138559046861689,21.0,0,0.16989544166560933,20.80130708882401,20.5,21.5
695.0,20.52146963395788,20.82722567474777,6.139993525192606,21.0,0,0.1727743252522309,20.798436838881553,20.5,21.5
696.0,20.518593338736128,20.824347654179917,6.141427135368863,21.0,0,0.17565234582008316,20.795567448501394,20.5,21.5
697.0,20.515717905495453,20.82147049628504,6.1428598762987034,21.0,0,0.1785295037149588,20.792698917336285,20.5,21.5
698.0,20.512843333889613,20.818594200717193,6.1442917468910325,21.0,0,0.18140579928280687,20.789831245038712,20.5,21.5
699.0,20.509969623572214,20.81571876713027,6.145722746055418,21.0,0,0.1842812328697292,20.786964431261048,20.5,21.5
700.0,20.50709677419671,20.812844195178037,6.147152872702092,21.0,0,0.1871558048219626,20.784098475655703,20.5,21.5
701.0,20.50422478541641,20.809970484514093,6.148582125741951,21.0,0,0.1900295154859073,20.781233377874646,20.5,21.5
702.0,20.501353656884476,20.807097634791898,6.150010504086557,21.0,0,0.1929023652081021,20.77836913756995,20.5,21.5
703.0,20.498483388253916,20.804225645664758,6.151438006648137,21.0,0,0.19577435433524215,20.775505754393357,20.5,21.5
704.0,20.495613979177595,20.801354516785835,6.152864632339586,21.0,0,0.19864548321416464,20.77264322799661,20.5,21.5
705.0,20.492745429308226,20.79848424780814,6.1542903800744675,21.0,0,0.20151575219185958,20.76978155803119,20.5,21.5
706.0,20.48987773829838,20.795614838384534,6.15571524876701,21.0,0,0.20438516161546616,20.766920744148468,20.5,21.5
707.0,20.48701090580047,20.792746288167734,6.157139237332117,21.0,0,0.2072537118322657,20.76406078599974,20.5,21.5
708.0,20.484144931466776,20.789878596810308,6.1585623446853575,21.0,0,0.2101214031896923,20.76120168323604,20.5,21.5
709.0,20.48127981494942,20.78701176396467,6.159984569742974,21.0,0,0.21298823603532924,20.7583434355083,20.5,21.5
710.0,20.47841555590038,20.7841457892831,6.1614059114218795,21.0,0,0.21585421071689836,20.75548604246741,20.5,21.5
711.0,20.475552153971485,20.781280672417722,6.162826368639661,21.0,0,0.21871932758227786,20.752629503763927,20.5,21.5
712.0,20.47268960881442,20.778416413020512,6.164245940314579,21.0,0,0.221583586979488,20.74977381904841,20.5,21.5
713.0,20.46982792008072,20.7755530107433,6.165664625365567,21.0,0,0.22444698925669826,20.7469189879712,20.5,21.5
714.0,20.46696708742178,20.77269046523777,6.167082422712235,21.0,0,0.22730953476223092,20.744065010182442,20.5,21.5
715.0,20.464107110488836,20.76982877615546,6.168499331274869,21.0,0,0.2301712238445397,20.741211885332373,20.5,21.5
716.0,20.461247988932993,20.766967943147762,6.169915349974431,21.0,0,0.23303205685223816,20.738359613070777,20.5,21.5
717.0,20.4583897224052,20.764107965865918,6.171330477732561,21.0,0,0.235892034134082,20.73550819304748,20.5,21.5
718.0,20.455532310556265,20.761248843961027,6.1727447134715785,21.0,0,0.23875115603897257,20.73265762491212,20.5,21.5
719.0,20.452675753036846,20.75839057708404,6.17415805611448,21.0,0,0.24160942291596044,20.72980790831416,20.5,21.5
720.0,20.44982004949746,20.755533164885765,6.175570504584947,21.0,0,0.24446683511423473,20.726959042903022,20.5,21.5
721.0,20.44696519958848,20.752676607016863,6.176982057807334,21.0,0,0.24732339298313732,20.724111028327837,20.5,21.5
722.0,20.444111202960123,20.749820903127848,6.178392714706684,21.0,0,0.25017909687215223,20.7212638642377,20.5,21.5
723.0,20.441258059262474,20.74696605286909,6.179802474208721,21.0,0,0.2530339471309091,20.718417550281522,20.5,21.5
724.0,20.43840576814546,20.744112055890817,6.181211335239851,21.0,0,0.25588794410918325,20.715572086108075,20.5,21.5
725.0,20.43555432925888,20.7412589118431,6.1826192967271645,21.0,0,0.2587410881568992,20.71272747136594,20.5,21.5
726.0,20.432703742252375,20.738406620375876,6.184026357598439,21.0,0,0.26159337962412366,20.709883705703632,20.5,21.5
727.0,20.429854006775443,20.735555181138942,6.185432516782136,21.0,0,0.2644448188610582,20.707040788769596,20.5,21.5
728.0,20.427005122477443,20.732704593781936,6.186837773207403,21.0,0,0.26729540621806436,20.704198720211874,20.5,21.5
729.0,20.42415708900759,20.729854857954358,6.188242125804077,21.0,0,0.2701451420456422,20.70135749967858,20.5,21.5
730.0,20.421309906014947,20.727005973305573,6.189645573502682,21.0,0,0.27299402669442685,20.698517126817727,20.5,21.5
731.0,20.418463573148443,20.724157939484787,6.191048115234433,21.0,0,0.2758420605152132,20.695677601276923,20.5,21.5
732.0,20.41561809005686,20.721310756141072,6.192449749931232,21.0,0,0.2786892438589277,20.692838922703928,20.5,21.5
733.0,20.412773456388834,20.718464422923347,6.1938504765256726,21.0,0,0.281535577076653,20.690001090746094,20.5,21.5
734.0,20.40992967179286,20.7156189394804,6.195250293951043,21.0,0,0.28438106051959977,20.687164105050933,20.5,21.5
735.0,20.407086735917293,20.712774305460872,6.196649201141318,21.0,0,0.28722569453912783,20.68432796526559,20.5,21.5
736.0,20.404244648410337,20.70993052051325,6.198047197031172,21.0,0,0.29006947948674977,20.68149267103703,20.5,21.5
737.0,20.40140340892006,20.70708758428589,6.199444280555968,21.0,0,0.29291241571410964,20.67865822201229,20.5,21.5
738.0,20.39856301709439,20.704245496427,6.200840450651768,21.0,0,0.2957545035730007,20.67582461783809,20.5,21.5
739.0,20.3957234725811,20.70140425658465,6.202235706255326,21.0,0,0.2985957434153512,20.672991858161144,20.5,21.5
740.0,20.392884775027834,20.698563864406758,6.203630046304096,21.0,0,0.3014361355932422,20.670159942627848,20.5,21.5
741.0,20.39004692408209,20.695724319541107,6.205023469736227,21.0,0,0.3042756804588933,20.667328870884596,20.5,21.5
742.0,20.38720991939122,20.69288562163534,6.206415975490565,21.0,0,0.30711437836465905,20.664498642577684,20.5,21.5
743.0,20.38437376060244,20.690047770336953,6.207807562506657,21.0,0,0.3099522296630468,20.661669257353076,20.5,21.5
744.0,20.38153844736282,20.687210765293297,6.20919822972475,21.0,0,0.3127892347067025,20.65884071485674,20.5,21.5
745.0,20.378703979319294,20.68437460615159,6.2105879760857885,21.0,0,0.3156253938484106,20.65601301473451,20.5,21.5
746.0,20.375870356118646,20.681539292558902,6.211976800531422,21.0,0,0.31846070744109767,20.65318615663203,20.5,21.5
747.0,20.37303757740753,20.678704824162164,6.213364702003999,21.0,0,0.32129517583783596,20.65036014019478,20.5,21.5
748.0,20.37020564283245,20.675871200608164,6.214751679446573,21.0,0,0.32412879939183625,20.64753496506816,20.5,21.5
749.0,20.36737455203977,20.673038421543556,6.216137731802901,21.0,0,0.32696157845644436,20.644710630897475,20.5,21.5
750.0,20.36454430467572,20.67020648661484,6.217522858017441,21.0,0,0.32979351338515883,20.641887137327696,20.5,21.5
751.0,20.36171490038639,20.66737539546839,6.218907057035362,21.0,0,0.3326246045316097,20.63906448400388,20.5,21.5
752.0,20.35888633881772,20.664545147750427,6.220290327802536,21.0,0,0.3354548522495726,20.636242670570798,20.5,21.5
753.0,20.356058619615517,20.661715743107045,6.22167266926554,21.0,0,0.3382842568929547,20.633421696673224,20.5,21.5
754.0,20.353231742425447,20.658887181184177,6.2230540803716625,21.0,0,0.341112818815823,20.630601561955494,20.5,21.5
755.0,20.350405706893035,20.656059461627642,6.224434560068898,21.0,0,0.34394053837235816,20.62778226606229,20.5,21.5
756.0,20.34758051266367,20.6532325840831,6.225814107305953,21.0,0,0.34676741591690075,20.624963808637673,20.5,21.5
757.0,20.344756159382598,20.650406548196074,6.227192721032241,21.0,0,0.3495934518039263,20.622146189325818,20.5,21.5
758.0,20.34193264669493,20.647581353611955,6.228570400197887,21.0,0,0.35241864638804543,20.619329407770763,20.5,21.5
759.0,20.33910997424563,20.64475699997599,6.229947143753728,21.0,0,0.35524300002401077,20.616513463616336,20.5,21.5
760.0,20.336288141679532,20.64193348693329,6.231322950651316,21.0,0,0.35806651306671,20.613698356506298,20.5,21.5
761.0,20.333467148641326,20.63911081412882,6.2326978198429135,21.0,0,0.36088918587118,20.61088408608412,20.5,21.5
762.0,20.330646994775567,20.636288981207414,6.2340717502814975,21.0,0,0.3637110187925856,20.60807065199336,20.5,21.5
763.0,20.327827679726667,20.633467987813763,6.23544474092076,21.0,0,0.3665320121862372,20.605258053877247,20.5,21.5
764.0,20.325009203138904,20.630647833592416,6.236816790715109,21.0,0,0.36935216640758384,20.60244629137895,20.5,21.5
765.0,20.32219156465642,20.627828518187794,6.2381878986196675,21.0,0,0.37217148181220594,20.599635364141573,20.5,21.5
766.0,20.319374763923214,20.625010041244174,6.23955806359028,21.0,0,0.3749899587558261,20.596825271807973,20.5,21.5
767.0,20.31655880058315,20.622192402405688,6.240927284583504,21.0,0,0.3778075975943125,20.594016014020823,20.5,21.5
768.0,20.313743674279948,20.619375601316342,6.24229556055662,21.0,0,0.3806243986836577,20.59120759042289,20.5,21.5
769.0,20.310929384657204,20.616559637620007,6.2436628904676255,21.0,0,0.3834403623799929,20.588400000656655,20.5,21.5
770.0,20.308115931358365,20.613744510960395,6.2450292732752395,21.0,0,0.3862554890396055,20.58559324436427,20.5,21.5
771.0,20.305303314026748,20.6109302209811,6.246394707938901,21.0,0,0.38906977901890016,20.582787321188153,20.5,21.5
772.0,20.30249153230553,20.608116767325576,6.247759193418772,21.0,0,0.3918832326744237,20.57998223077034,20.5,21.5
773.0,20.299680585837752,20.60530414963714,6.249122728675739,21.0,0,0.3946958503628615,20.57717797275276,20.5,21.5
774.0,20.29687047426632,20.60249236755896,6.25048531267141,21.0,0,0.3975076324410409,20.574374546777165,20.5,21.5
775.0,20.294061197234,20.599681420734086,6.251846944368118,21.0,0,0.40031857926591385,20.571571952485357,20.5,21.5
776.0,20.29125275438343,20.596871308805426,6.253207622728921,21.0,0,0.4031286911945742,20.568770189518823,20.5,21.5
777.0,20.288445145357098,20.59406203141574,6.254567346717603,21.0,0,0.40593796858426145,20.565969257518866,20.5,21.5
778.0,20.285638369797372,20.59125358820766,6.255926115298676,21.0,0,0.4087464117923396,20.56316915612688,20.5,21.5
779.0,20.282832427346474,20.588445978823692,6.257283927437378,21.0,0,0.41155402117630757,20.560369884984013,20.5,21.5
780.0,20.280027317646493,20.58563920290619,6.258640782099675,21.0,0,0.4143607970938099,20.557571443731167,20.5,21.5
781.0,20.277223040339383,20.58283326009738,6.259996678252264,21.0,0,0.4171667399026191,20.55477383200929,20.5,21.5
782.0,20.274419595066966,20.580028150039357,6.261351614862573,21.0,0,0.41997184996064263,20.551977049459122,20.5,21.5
783.0,20.271616981470924,20.577223872374066,6.262705590898755,21.0,0,0.42277612762593364,20.549181095721156,20.5,21.5
784.0,20.268815199192808,20.574420426743334,6.264058605329701,21.0,0,0.42557957325666607,20.54638597043601,20.5,21.5
785.0,20.266014247874036,20.57161781278884,6.265410657125032,21.0,0,0.4283821872111595,20.543591673243906,20.5,21.5
786.0,20.263214127155887,20.568816030152142,6.2667617452551,21.0,0,0.4311839698478579,20.540798203785158,20.5,21.5
787.0,20.26041483667951,20.56601507847465,6.268111868690994,21.0,0,0.43398492152535084,20.53800556169972,20.5,21.5
788.0,20.25761637608591,20.563214957397644,6.269461026404535,21.0,0,0.43678504260235584,20.535213746627594,20.5,21.5
789.0,20.254818745015974,20.560415666562278,6.2708092173682815,21.0,0,0.43958433343772185,20.532422758208618,20.5,21.5
790.0,20.252021943110446,20.55761720560956,6.272156440555528,21.0,0,0.4423827943904399,20.52963259608238,20.5,21.5
791.0,20.249225970009935,20.55481957418037,6.273502694940304,21.0,0,0.445180425819629,20.52684325988848,20.5,21.5
792.0,20.24643082535492,20.552022771915453,6.2748479794973795,21.0,0,0.44797722808454665,20.524054749266277,20.5,21.5
793.0,20.243636508785748,20.549226798455418,6.276192293202261,21.0,0,0.4507732015445818,20.521267063855067,20.5,21.5
794.0,20.24084301994263,20.54643165344075,6.277535635031195,21.0,0,0.45356834655925127,20.518480203294054,20.5,21.5
795.0,20.23805035846565,20.54363733651179,6.27887800396117,21.0,0,0.45636266348821053,20.515694167222197,20.5,21.5
796.0,20.235258523994748,20.540843847308754,6.280219398969911,21.0,0,0.45915615269124643,20.512908955278395,20.5,21.5
797.0,20.23246751616974,20.53805118547172,6.2815598190358894,21.0,0,0.46194881452828085,20.510124567101375,20.5,21.5
798.0,20.229677334630313,20.53525935064063,6.282899263138315,21.0,0,0.46474064935937065,20.50734100232973,20.5,21.5
799.0,20.226887979016016,20.53246834245531,6.2842377302571455,21.0,0,0.46753165754468995,20.504558260602117,20.5,21.5
800.0,20.224099448966264,20.52967816055543,6.2855752193730785,21.0,0,0.4703218394445692,20.50177634155664,20.5,21.5
801.0,20.221311744120346,20.52688880458055,6.286911729467558,21.0,1,0.4731111954194489,20.498995244831754,20.5,21.5
802.0,20.238524864117416,20.528100274170086,6.288247259522773,21.0,1,0.471899725829914,20.540214970065435,20.5,21.5
803.0,20.255734808596497,20.533311768963323,6.28958180852166,21.0,1,0.46668823103667734,20.58542671689569,20.5,21.5
804.0,20.27294157799648,20.54252248875942,6.290915375447901,21.0,1,0.45747751124057956,20.634629686720398,20.5,21.5
805.0,20.29014517275597,20.55573163351736,6.292247959285928,21.0,1,0.444268366482639,20.687823081096766,20.5,21.5
806.0,20.307345593313276,20.57293840335595,6.29357955902092,21.0,1,0.42706159664405163,20.745006101741822,20.5,21.5
807.0,20.324542840106417,20.590141998553747,6.2949101736388045,21.0,1,0.40985800144625273,20.762177950531736,20.5,21.5
808.0,20.341736913573126,20.607342419549074,6.296239802126262,21.0,1,0.39265758045092625,20.77934662950234,20.5,21.5
809.0,20.358927814150835,20.624539666779942,6.297568443470722,21.0,1,0.3754603332200581,20.796512139088623,20.5,21.5
810.0,20.3761155422767,20.64173374068409,6.298896096660367,21.0,1,0.3582662593159114,20.813674479725556,20.5,21.5
811.0,20.393300098387577,20.658924641698952,6.3002227606841315,21.0,1,0.3410753583010475,20.83083365184759,20.5,21.5
812.0,20.410481482920037,20.676112370261677,6.301548434531702,21.0,1,0.32388762973832286,20.847989655888924,20.5,21.5
813.0,20.42765969631036,20.693296926809122,6.302873117193521,21.0,1,0.306703073190878,20.86514249228357,20.5,21.5
814.0,20.444834738994537,20.710478311777866,6.304196807660785,21.0,1,0.2895216882221341,20.882292161465305,20.5,21.5
815.0,20.46200661140827,20.72765652560418,6.305519504925445,21.0,1,0.2723434743958215,20.899438663867304,20.5,21.5
816.0,20.479175313986975,20.74483156872406,6.306841207980211,21.0,1,0.2551684312759406,20.91658199992287,20.5,21.5
817.0,20.496340847165772,20.762003441573206,6.308161915818548,21.0,1,0.23799655842679357,20.933722170064677,20.5,21.5
818.0,20.513503211379504,20.779172144587033,6.309481627434679,21.0,1,0.220827855412967,20.9508591747253,20.5,21.5
819.0,20.530662407062714,20.79633767820067,6.310800341823588,21.0,1,0.20366232179933164,20.967993014337022,20.5,21.5
820.0,20.547818434649667,20.81350004284895,6.3121180579810146,21.0,1,0.1864999571510495,20.985123689331772,20.5,21.5
821.0,20.564971294574335,20.830659238966422,6.313434774903461,21.0,1,0.16934076103357754,21.002251200141142,20.5,21.5
822.0,20.5821209872704,20.847815266987347,6.314750491588192,21.0,1,0.15218473301265334,21.01937554719659,20.5,21.5
823.0,20.599267513171263,20.864968127345698,6.316065207033229,21.0,1,0.13503187265430228,21.03649673092921,20.5,21.5
824.0,20.616410872710034,20.88211782047516,6.317378920237361,21.0,1,0.11788217952484104,21.05361475176977,20.5,21.5
825.0,20.63355106631954,20.899264346809133,6.318691630200138,21.0,1,0.10073565319086697,21.070729610148874,20.5,21.5
826.0,20.65068809443232,20.91640770678073,6.320003335921873,21.0,1,0.08359229321926875,21.087841306496713,20.5,21.5
827.0,20.667821957480616,20.933547900822774,6.321314036403647,21.0,1,0.06645209917722639,21.104949841243197,20.5,21.5
828.0,20.6849526558964,20.950684929367803,6.322623730647304,21.0,1,0.04931507063219698,21.122055214818097,20.5,21.5
829.0,20.70208019011135,20.967818792848067,6.323932417655453,21.0,1,0.03218120715193251,21.139157427650712,20.5,21.5
830.0,20.719204560556857,20.98494949169553,6.325240096431475,21.0,1,0.01505050830446919,21.156256480170164,20.5,21.5
831.0,20.73632576766403,21.002077026341873,6.326546765979513,21.0,1,-0.0020770263418725676,21.17335237280529,20.5,21.5
832.0,20.753443811863693,21.019201397218485,6.327852425304483,21.0,1,-0.019201397218484573,21.190445105984605,20.5,21.5
833.0,20.77055869358638,21.03632260475648,6.329157073412068,21.0,1,-0.036322604756481525,21.20753468013645,20.5,21.5
834.0,20.787670413262347,21.05344064938668,6.3304607093087215,21.0,1,-0.053440649386679695,21.22462109568866,20.5,21.5
835.0,20.804778971321557,21.070555531539622,6.331763332001668,21.0,1,-0.0705555315396218,21.241704353069043,20.5,21.5
836.0,20.821884368193693,21.087667251645552,6.333064940498905,21.0,1,-0.08766725164555211,21.258784452704855,20.5,21.5
837.0,20.838986604308154,21.10477581013445,6.3343655338091995,21.0,1,-0.10477581013444848,21.275861395023412,20.5,21.5
838.0,20.856085680094054,21.121881207435983,6.335665110942093,21.0,1,-0.12188120743598319,21.29293518045133,20.5,21.5
839.0,20.873181595980224,21.13898344397956,6.3369636709079025,21.0,1,-0.13898344397955853,21.310005809415312,20.5,21.5
840.0,20.89027435239521,21.156082520194285,6.3382612127177165,21.0,1,-0.15608252019428548,21.327073282341555,20.5,21.5
841.0,20.907363949767273,21.173178436509,6.339557735383401,21.0,1,-0.17317843650900144,21.34413759965616,20.5,21.5
842.0,20.924450388524395,21.190271193352253,6.340853237917598,21.0,1,-0.1902711933522525,21.361198761784763,20.5,21.5
843.0,20.941533669094273,21.207360791152293,6.342147719333726,21.0,1,-0.20736079115229344,21.378256769152703,20.5,21.5
844.0,20.95861379190432,21.224447230337113,6.34344117864598,21.0,1,-0.22444723033711256,21.395311622185304,20.5,21.5
845.0,20.975690757381667,21.241530511334407,6.344733614869336,21.0,1,-0.24153051133440684,21.41236332130735,20.5,21.5
846.0,20.992764565953163,21.258610634571586,6.346025027019547,21.0,1,-0.2586106345715855,21.429411866943372,20.5,21.5
847.0,21.009835218045374,21.275687600475784,6.347315414113146,21.0,1,-0.2756876004757842,21.44645725951777,20.5,21.5
848.0,21.02690271408459,21.292761409473844,6.348604775167447,21.0,1,-0.29276140947384377,21.46349949945444,20.5,21.5
849.0,21.043967054496804,21.30983206199234,6.349893109200546,21.0,1,-0.3098320619923385,21.480538587177286,20.5,21.5
850.0,21.061028239707746,21.326899558457555,6.351180415231321,21.0,1,-0.3268995584575549,21.49757452310972,20.5,21.5
851.0,21.07808627014285,21.343963899295492,6.352466692279431,21.0,0,-0.34396389929549187,21.51460730767486,20.5,21.5
852.0,21.075141146227278,21.35702508493187,6.3537519393653215,21.0,0,-0.3570250849318697,21.487636941295648,20.5,21.5
853.0,21.072196868385905,21.36608391579214,6.35503615551022,21.0,0,-0.3660839157921387,21.45667222439483,20.5,21.5
854.0,21.06925343624333,21.371141192141444,6.3563193397361415,21.0,0,-0.3711411921414438,21.421713955634495,20.5,21.5
855.0,21.066310849424028,21.3721977140847,6.357601491065884,21.0,0,-0.3721977140846988,21.38276293351725,20.5,21.5
856.0,21.063369107552354,21.369254281566594,6.358882608523033,21.0,0,-0.3692542815665938,21.339819956385544,20.5,21.5
857.0,21.06042821025255,21.366311694371646,6.360162691131963,21.0,0,-0.366311694371646,21.33688582242217,20.5,21.5
858.0,21.057488157148725,21.36336995212421,6.361441737917835,21.0,0,-0.3633699521242093,21.333952529649842,20.5,21.5
859.0,21.05454894786488,21.36042905444852,6.3627197479066,21.0,0,-0.36042905444852025,21.33102007769163,20.5,21.5
860.0,21.05161058202489,21.357489000968695,6.363996720124997,21.0,0,-0.3574890009686946,21.32808846617044,20.5,21.5
861.0,21.048673059252508,21.354549791308727,6.365272653600556,21.0,0,-0.35454979130872744,21.325157694709056,20.5,21.5
862.0,21.045736379171377,21.351611425092493,6.3665475473615984,21.0,0,-0.3516114250924929,21.322227762930147,20.5,21.5
863.0,21.042800541405015,21.34867390194375,6.367821400437236,21.0,0,-0.3486739019437515,21.319298670456337,20.5,21.5
864.0,21.03986554557682,21.34573722148614,6.3690942118573775,21.0,0,-0.3457372214861394,21.31637041691002,20.5,21.5
865.0,21.036931391310077,21.34280138334318,6.370365980652718,21.0,0,-0.3428013833431791,21.313443001913576,20.5,21.5
866.0,21.033998078227945,21.339866387138265,6.371636705854753,21.0,0,-0.3398663871382652,21.310516425089126,20.5,21.5
867.0,21.031065605953472,21.336932232494682,6.372906386495767,21.0,0,-0.3369322324946822,21.30759068605885,20.5,21.5
868.0,21.02813397410958,21.3339989190356,6.3741750216088455,21.0,0,-0.33399891903560075,21.304665784444786,20.5,21.5
869.0,21.02520318231908,21.33106644638405,6.375442610227868,21.0,0,-0.3310664463840496,21.301741719868538,20.5,21.5
870.0,21.02227323020466,21.32813481416297,6.376709151387508,21.0,0,-0.3281348141629685,21.298818491952158,20.5,21.5
871.0,21.019344117388897,21.325204021995155,6.377974644123241,21.0,0,-0.3252040219951553,21.295896100317023,20.5,21.5
872.0,21.016415843494244,21.32227406950331,6.37923908747134,21.0,0,-0.3222740695033117,21.292974544584876,20.5,21.5
873.0,21.01348840814304,21.319344956310005,6.380502480468874,21.0,0,-0.3193449563100046,21.290053824376933,20.5,21.5
874.0,21.010561810957505,21.31641668203769,6.381764822153716,21.0,0,-0.3164166820376906,21.28713393931455,20.5,21.5
875.0,21.007636051559743,21.31348924630871,6.383026111564538,21.0,0,-0.3134892463087091,21.284214889018894,20.5,21.5
876.0,21.004711129571742,21.31056264874528,6.384286347740813,21.0,0,-0.31056264874527884,21.281296673110976,20.5,21.5
877.0,21.001787044615376,21.307636888969505,6.385545529722816,21.0,0,-0.3076368889695047,21.278379291211763,20.5,21.5
878.0,20.9988637963124,21.304711966603378,6.386803656551626,21.0,0,-0.30471196660337796,21.27546274294211,20.5,21.5
879.0,20.995941384284446,21.301787881268766,6.388060727269123,21.0,0,-0.30178788126876555,21.27254702792264,20.5,21.5
880.0,20.993019808153043,21.298864632587428,6.3893167409179945,21.0,0,-0.2988646325874278,21.26963214577405,20.5,21.5
881.0,20.990099067539596,21.295942220180997,6.3905716965417305,21.0,0,-0.29594222018099714,21.26671809611669,20.5,21.5
882.0,20.987179162065395,21.293020643671003,6.391825593184628,21.0,0,-0.293020643671003,21.26380487857106,20.5,21.5
883.0,20.98426009135162,21.290099902678847,6.393078429891791,21.0,0,-0.2900999026788469,21.260892492757286,20.5,21.5
884.0,20.981341855019327,21.287179996825824,6.394330205709129,21.0,0,-0.28717999682582374,21.257980938295592,20.5,21.5
885.0,20.978424452689463,21.284260925733108,6.39558091968336,21.0,0,-0.2842609257331077,21.255070214805947,20.5,21.5
886.0,20.97550788398286,21.28134268902176,6.3968305708620115,21.0,0,-0.2813426890217592,21.252160321908274,20.5,21.5
887.0,20.972592148520235,21.278425286312725,6.39807915829342,21.0,0,-0.278425286312725,21.249251259222383,20.5,21.5
888.0,20.96967724592219,21.275508717226835,6.39932668102673,21.0,0,-0.2755087172268347,21.24634302636793,20.5,21.5
889.0,20.96676317580921,21.272592981384815,6.400573138111902,21.0,0,-0.2725929813848147,21.243435622964615,20.5,21.5
890.0,20.96384993780167,21.269678078407257,6.401818528599701,21.0,0,-0.26967807840725655,21.240529048631675,20.5,21.5
891.0,20.96093753151983,21.266764007914652,6.403062851541711,21.0,0,-0.26676400791465227,21.23762330298861,20.5,21.5
892.0,20.958025956583832,21.263850769527373,6.404306105990325,21.0,0,-0.2638507695273731,21.23471838565458,20.5,21.5
893.0,20.955115212613713,21.260938362865677,6.40554829099875,21.0,0,-0.2609383628656765,21.23181429624871,20.5,21.5
894.0,20.95220529922939,21.25802678754971,6.406789405621008,21.0,0,-0.25802678754971,21.228911034390045,20.5,21.5
895.0,20.94929621605067,21.25511604319951,6.408029448911937,21.0,0,-0.25511604319951076,21.22600859969752,20.5,21.5
896.0,20.94638796269724,21.25220612943499,6.409268419927189,21.0,0,-0.25220612943499177,21.223106991789802,20.5,21.5
897.0,20.943480538788688,21.249297045875963,6.410506317723235,21.0,0,-0.2492970458759629,21.220206210285674,20.5,21.5
898.0,20.940573943944475,21.246388792142117,6.411743141357362,21.0,0,-0.24638879214211684,21.217306254803656,20.5,21.5
899.0,20.93766817778396,21.24348136785303,6.412978889887674,21.0,0,-0.24348136785302898,21.21440712496215,20.5,21.5
900.0,20.93476323992638,21.24057477262817,6.414213562373095,21.0,0,-0.24057477262817173,21.2115088203796,20.5,21.5
901.0,20.93185912999087,21.237669006086897,6.415447157873368,21.0,0,-0.23766900608689667,21.208611340674146,20.5,21.5
902.0,20.928955847596445,21.234764067848452,6.416679675449058,21.0,0,-0.23476406784845238,21.20571468546401,20.5,21.5
903.0,20.926053392362014,21.23185995753196,6.417911114161547,21.0,0,-0.23185995753195954,21.20281885436703,20.5,21.5
904.0,20.923151763906375,21.22895667475644,6.419141473073042,21.0,0,-0.22895667475643933,21.199923847001237,20.5,21.5
905.0,20.920250961848208,21.226054219140806,6.420370751246571,21.0,0,-0.22605421914080637,21.197029662984477,20.5,21.5
906.0,20.917350985806088,21.22315259030385,6.421598947745985,21.0,0,-0.22315259030385093,21.194136301934297,20.5,21.5
907.0,20.914451835398477,21.22025178786426,6.422826061635959,21.0,0,-0.22025178786426025,21.191243763468353,20.5,21.5
908.0,20.911553510243724,21.2173518114406,6.424052091981993,21.0,0,-0.21735181144060078,21.188352047204006,20.5,21.5
909.0,20.908656009960072,21.21445266065134,6.425277037850411,21.0,0,-0.2144526606513395,21.185461152758727,20.5,21.5
910.0,20.90575933416565,21.21155433511483,6.426500898308364,21.0,0,-0.21155433511482968,21.18257107974973,20.5,21.5
911.0,20.90286348247848,21.208656834449307,6.427723672423827,21.0,0,-0.20865683444930738,21.179681827794084,20.5,21.5
912.0,20.89996845451647,21.205760158272902,6.428945359265606,21.0,0,-0.20576015827290206,21.17679339650885,20.5,21.5
913.0,20.89707424989742,21.20286430620364,6.430165957903335,21.0,0,-0.20286430620364015,21.17390578551102,20.5,21.5
914.0,20.89418086823902,21.19996927785943,6.4313854674074715,21.0,0,-0.19996927785943086,21.171018994417338,20.5,21.5
915.0,20.891288309158853,21.19707507285807,6.432603886849308,21.0,0,-0.1970750728580697,21.168133022844458,20.5,21.5
916.0,20.88839657227439,21.194181690817253,6.4338212153009655,21.0,0,-0.19418169081725267,21.165247870409083,20.5,21.5
917.0,20.885505657202998,21.19128913135456,6.435037451835394,21.0,0,-0.1912891313545586,21.162363536727618,20.5,21.5
918.0,20.882615563561924,21.188397394087463,6.436252595526378,21.0,0,-0.18839739408746325,21.15948002141651,20.5,21.5
919.0,20.879726290968318,21.18550647863332,6.437466645448531,21.0,0,-0.1855064786333216,21.156597324091905,20.5,21.5
920.0,20.876837839039215,21.182616384609396,6.438679600677302,21.0,0,-0.18261638460939622,21.153715444370143,20.5,21.5
921.0,20.87395020739154,21.179727111632825,6.439891460288973,21.0,0,-0.1797271116328254,21.150834381867117,20.5,21.5
922.0,20.87106339564212,21.17683865932065,6.4411022233606605,21.0,0,-0.17683865932065146,21.147954136198912,20.5,21.5
923.0,20.868177403407664,21.1739510272898,6.442311888970315,21.0,0,-0.1739510272897995,21.14507470698128,20.5,21.5
924.0,20.865292230304778,21.171064215157095,6.443520456196724,21.0,0,-0.17106421515709513,21.14219609383005,20.5,21.5
925.0,20.862407875949955,21.16817822253924,6.444727924119511,21.0,0,-0.16817822253923964,21.139318296360685,20.5,21.5
926.0,20.859524339959588,21.16529304905285,6.445934291819136,21.0,0,-0.16529304905284903,21.136441314188943,20.5,21.5
927.0,20.85664162194996,21.162408694314415,6.4471395583768984,21.0,0,-0.16240869431441496,21.133565146930074,20.5,21.5
928.0,20.853759721537248,21.159525157940333,6.4483437228749345,21.0,0,-0.15952515794033317,21.130689794199515,20.5,21.5
929.0,20.850878638337516,21.15664243954688,6.4495467843962215,21.0,0,-0.15664243954687862,21.127815255612333,20.5,21.5
930.0,20.847998371966728,21.153760538750237,6.450748742024575,21.0,0,-0.15376053875023743,21.124941530783826,20.5,21.5
931.0,20.84511892204074,21.150879455166468,6.451949594844653,21.0,0,-0.15087945516646784,21.122068619328772,20.5,21.5
932.0,20.8422402881753,21.147999188411536,6.453149341941952,21.0,0,-0.1479991884115357,21.119196520862214,20.5,21.5
933.0,20.839362469986053,21.145119738101293,6.454347982402814,21.0,0,-0.1451197381012932,21.116325234998868,20.5,21.5
934.0,20.836485467088536,21.142241103851497,6.455545515314421,21.0,0,-0.14224110385149658,21.11345476135353,20.5,21.5
935.0,20.83360927909818,21.13936328527779,6.4567419397648,21.0,0,-0.1393632852777884,21.110585099540707,20.5,21.5
936.0,20.830733905630314,21.136486281995705,6.4579372548428235,21.0,0,-0.13648628199570467,21.107716249174867,20.5,21.5
937.0,20.82785934630016,21.133610093620675,6.459131459638204,21.0,0,-0.13361009362067477,21.104848209870376,20.5,21.5
938.0,20.824985600722826,21.13073471976803,6.460324553241504,21.0,0,-0.13073471976802864,21.101980981241567,20.5,21.5
939.0,20.82211266851333,21.12786016005299,6.461516534744132,21.0,0,-0.1278601600529896,21.0991145629026,20.5,21.5
940.0,20.819240549286576,21.124986414090667,6.4627074032383405,21.0,0,-0.12498641409066735,21.096248954467445,20.5,21.5
941.0,20.816369242657366,21.12211348149608,6.463897157817232,21.0,0,-0.12211348149607915,21.093384155550197,20.5,21.5
942.0,20.8134987482404,21.11924136188413,6.4650857975747575,21.0,0,-0.1192413618841286,21.090520165764623,20.5,21.5
943.0,20.810629065650264,21.116370054869616,6.466273321605715,21.0,0,-0.11637005486961627,21.087656984724493,20.5,21.5
944.0,20.807760194501455,21.113499560067243,6.4674597290057525,21.0,0,-0.11349956006724327,21.084794612043513,20.5,21.5
945.0,20.804892134408355,21.1106298770916,6.468645018871371,21.0,0,-0.11062987709160055,21.081933047335173,20.5,21.5
946.0,20.802024884985247,21.107761005557172,6.46982919029992,21.0,0,-0.1077610055571725,21.079072290212892,20.5,21.5
947.0,20.79915844584631,21.104892945078355,6.471012242389601,21.0,0,-0.10489294507835467,21.076212340290176,20.5,21.5
948.0,20.796292816605618,21.102025695269425,6.472194174239468,21.0,0,-0.1020256952694254,21.073353197180133,20.5,21.5
949.0,20.793427996877146,21.099159255744564,6.47337498494943,21.0,0,-0.09915925574456352,21.070494860495945,20.5,21.5
950.0,20.79056398627476,21.096293626117845,6.474554673620248,21.0,0,-0.09629362611784487,21.06763732985066,20.5,21.5
951.0,20.787700784412227,21.093428806003242,6.475733239353537,21.0,0,-0.09342880600324222,21.064780604857216,20.5,21.5
952.0,20.784838390903214,21.090564795014622,6.476910681251768,21.0,0,-0.09056479501462178,21.061924685128417,20.5,21.5
953.0,20.781976805361285,21.087701592765757,6.478086998418267,21.0,0,-0.0877015927657574,21.059069570277114,20.5,21.5
954.0,20.779116027399898,21.084839198870306,6.47926218995722,21.0,0,-0.08483919887030567,21.05621525991579,20.5,21.5
955.0,20.77625605663241,21.081977612941834,6.4804362549736645,21.0,0,-0.08197761294183437,21.05336175365712,20.5,21.5
956.0,20.77339689267208,21.079116834593805,6.4816091925735,21.0,0,-0.0791168345938047,21.050509051113508,20.5,21.5
957.0,20.770538535132058,21.076256863439575,6.482781001863485,21.0,0,-0.07625686343957483,21.047657151897276,20.5,21.5
958.0,20.767680983625404,21.073397699092396,6.483951681951233,21.0,0,-0.07339769909239635,21.04480605562061,20.5,21.5
959.0,20.76482423776507,21.070539341165432,6.485121231945222,21.0,0,-0.07053934116543203,21.04195576189579,20.5,21.5
960.0,20.761968297163904,21.067681789271727,6.486289650954788,21.0,0,-0.06768178927172741,21.03910627033468,20.5,21.5
961.0,20.759113161434662,21.064825043024246,6.487456938090131,21.0,0,-0.0648250430242463,21.036257580549435,20.5,21.5
962.0,20.756258830189992,21.06196910203583,6.4886230924623085,21.0,0,-0.061969102035831725,21.033409692151686,20.5,21.5
963.0,20.753405303042445,21.05911396591924,6.489788113183244,21.0,0,-0.05911396591924145,21.03056260475334,20.5,21.5
964.0,20.750552579604474,21.056259634287123,6.490951999365724,21.0,0,-0.056259634287123106,21.02771631796594,20.5,21.5
965.0,20.747700659488427,21.05340610675203,6.492114750123399,21.0,0,-0.05340610675202839,21.02487083140108,20.5,21.5
966.0,20.744849542306554,21.050553382926402,6.493276364570782,21.0,0,-0.050553382926402435,21.022026144670143,20.5,21.5
967.0,20.741999227671005,21.047701462422605,6.494436841823255,21.0,0,-0.04770146242260509,21.01918225738463,20.5,21.5
968.0,20.739149715193836,21.044850344852886,6.4955961809970635,21.0,0,-0.04485034485288608,21.016339169155696,20.5,21.5
969.0,20.736301004486997,21.042000029829392,6.49675438120932,21.0,0,-0.042000029829392105,21.013496879594452,20.5,21.5
970.0,20.733453095162343,21.039150516964177,6.497911441578005,21.0,0,-0.039150516964177484,21.01065538831203,20.5,21.5
971.0,20.730605986831627,21.036301805869194,6.4990673612219645,21.0,0,-0.036301805869193515,21.007814694919354,20.5,21.5
972.0,20.727759679106505,21.033453896156296,6.500222139260919,21.0,0,-0.03345389615629557,21.004974799027316,20.5,21.5
973.0,20.724914171598535,21.030606787437232,6.501375774815453,21.0,0,-0.03060678743723244,21.0021357002466,20.5,21.5
974.0,20.722069463919176,21.027760479323668,6.502528267007023,21.0,0,-0.027760479323667653,20.99929739818802,20.5,21.5
975.0,20.719225555679795,21.024914971427158,6.503679614957955,21.0,0,-0.02491497142715815,20.996459892462063,20.5,21.5
976.0,20.71638244649165,21.02207026335916,6.504829817791449,21.0,0,-0.0220702633591614,20.993623182679194,20.5,21.5
977.0,20.71354013596591,21.019226354731043,6.505978874631575,21.0,0,-0.019226354731042505,20.990787268449854,20.5,21.5
978.0,20.710698623713643,21.016383245154067,6.507126784603276,21.0,0,-0.016383245154067083,20.987952149384313,20.5,21.5
979.0,20.707857909345822,21.013540934239394,6.508273546832369,21.0,0,-0.013540934239394176,20.985117825092665,20.5,21.5
980.0,20.70501799247332,21.0106994215981,6.509419160445544,21.0,0,-0.010699421598101111,20.98228429518517,20.5,21.5
981.0,20.702178872706913,21.007858706841155,6.510563624570367,21.0,0,-0.007858706841155083,20.979451559271695,20.5,21.5
982.0,20.699340549657286,21.00501878957943,6.511706938335279,21.0,0,-0.005018789579430916,20.97661961696219,20.5,21.5
983.0,20.696503022935023,21.002179669423708,6.512849100869596,21.0,0,-0.0021796694237075087,20.973788467866473,20.5,21.5
984.0,20.69366629215061,20.999341345984664,6.513990111303513,21.0,0,0.0006586540153357134,20.970958111594232,20.5,21.5
985.0,20.69083035691444,20.99650381887289,6.515129968768099,21.0,0,0.003496181127111697,20.96812854775513,20.5,21.5
986.0,20.68799521683681,20.993667087698867,6.516268672395304,21.0,0,0.006332912301132865,20.965299775958655,20.5,21.5
987.0,20.685160871527923,20.990831152072992,6.517406221317956,21.0,0,0.009168847927007562,20.962471795814245,20.5,21.5
988.0,20.68232732059788,20.987996011605567,6.518542614669761,21.0,0,0.012003988394432952,20.959644606931313,20.5,21.5
989.0,20.679494563656696,20.985161665906784,6.519677851585308,21.0,0,0.014838334093216332,20.95681820891895,20.5,21.5
990.0,20.676662600314284,20.982328114586753,6.520811931200062,21.0,0,0.017671885413246713,20.95399260138645,20.5,21.5
991.0,20.67383143018046,20.97949535725548,6.521944852650374,21.0,0,0.020504642744519685,20.95116778394275,20.5,21.5
992.0,20.671001052864955,20.97666339352289,6.523076615073474,21.0,0,0.023336606477109,20.948343756196998,20.5,21.5
993.0,20.6681714679774,20.973832222998794,6.524207217607476,21.0,0,0.02616777700120565,20.945520517757828,20.5,21.5
994.0,20.665342675127324,20.971001845292918,6.525336659391376,21.0,0,0.028998154707082335,20.94269806823415,20.5,21.5
995.0,20.662514673924175,20.968172260014896,6.526464939565058,21.0,0,0.03182773998510413,20.939876407234678,20.5,21.5
996.0,20.659687463977303,20.965343466774264,6.527592057269285,21.0,0,0.034656533225735586,20.93705553436795,20.5,21.5
997.0,20.65686104489596,20.962515465180466,6.528718011645708,21.0,0,0.03748453481953362,20.934235449242486,20.5,21.5
998.0,20.65403541628931,20.959688254842852,6.529842801836864,21.0,0,0.04031174515714753,20.931416151466713,20.5,21.5
999.0,20.65121057776642,20.95686183537067,6.5309664269861765,21.0,0,0.04313816462932962,20.92859764064885,20.5,21.5
1000.0,20.648386528936264,20.95403620637309,6.532088886237956,21.0,0,0.04596379362691039,20.925779916397282,20.5,21.5
1001.0,20.645563269407724,20.951211367459173,6.533210178737401,21.0,0,0.04878863254082688,20.922962978320008,20.5,21.5
1002.0,20.64274079878959,20.9483873182379,6.534330303630599,21.0,0,0.05161268176210143,20.920146826025153,20.5,21.5
1003.0,20.639919116690557,20.945564058318148,6.535449260064525,21.0,0,0.054435941681852285,20.91733145912064,20.5,21.5
1004.0,20.63709822271923,20.94274158730871,6.536567047187047,21.0,0,0.05725841269129006,20.914516877214332,20.5,21.5
1005.0,20.634278116484126,20.939919904818282,6.537683664146919,21.0,0,0.06008009518171775,20.911703079914005,20.5,21.5
1006.0,20.63145879759366,20.93709901045547,6.53879911009379,21.0,0,0.06290098954453072,20.90889006682734,20.5,21.5
1007.0,20.62864026565616,20.934278903828783,6.539913384178199,21.0,0,0.06572109617121669,20.906077837561924,20.5,21.5
1008.0,20.625822520279865,20.931459584546644,6.541026485551578,21.0,0,0.06854041545335576,20.903266391725253,20.5,21.5
1009.0,20.62300556107292,20.928641052217383,6.542138413366253,21.0,0,0.07135894778261687,20.900455728924772,20.5,21.5
1010.0,20.62018938764338,20.925823306449235,6.54324916677544,21.0,0,0.07417669355076484,20.897645848767755,20.5,21.5
1011.0,20.617373999599206,20.923006346850343,6.544358744933254,21.0,0,0.0769936531496569,20.894836750861423,20.5,21.5
1012.0,20.614559396548273,20.920190173028764,6.545467146994702,21.0,0,0.07980982697123551,20.89202843481298,20.5,21.5
1013.0,20.61174557809836,20.917374784592464,6.546574372115688,21.0,0,0.08262521540753553,20.889220900229464,20.5,21.5
1014.0,20.608932543857165,20.914560181149312,6.5476804194530125,21.0,0,0.08543981885068774,20.88641414671779,20.5,21.5
1015.0,20.606120293432284,20.911746362307092,6.548785288164371,21.0,0,0.08825363769290817,20.883608173884888,20.5,21.5
1016.0,20.60330882643123,20.9089333276735,6.549888977408359,21.0,0,0.09106667232650167,20.880802981337563,20.5,21.5
1017.0,20.600498142461426,20.90612107685613,6.5509914863444685,21.0,0,0.09387892314386903,20.877998568682457,20.5,21.5
1018.0,20.597688241130204,20.903309609462497,6.552092814133092,21.0,0,0.09669039053750339,20.875194935526153,20.5,21.5
1019.0,20.594879122044805,20.900498925100027,6.553192959935519,21.0,0,0.09950107489997251,20.872392081475336,20.5,21.5
1020.0,20.592070784812382,20.897689023376046,6.554291922913942,21.0,0,0.10231097662395428,20.869590006136228,20.5,21.5
1021.0,20.589263229040004,20.894879903897802,6.555389702231452,21.0,0,0.10512009610219764,20.86678870911537,20.5,21.5
1022.0,20.58645645433464,20.892071566272442,6.556486297052041,21.0,0,0.10792843372755812,20.863988190018837,20.5,21.5
1023.0,20.583650460303186,20.88926401010704,6.557581706540608,21.0,0,0.11073598989295874,20.861188448453035,20.5,21.5
1024.0,20.580845246552435,20.886457235008567,6.5586759298629485,21.0,0,0.11354276499143268,20.858389484023828,20.5,21.5
1025.0,20.578040812689096,20.88365124058391,6.559768966185763,21.0,0,0.11634875941609124,20.855591296337323,20.5,21.5
1026.0,20.575237158319794,20.880846026439865,6.560860814676659,21.0,0,0.11915397356013457,20.852793884999432,20.5,21.5
1027.0,20.572434283051066,20.87804159218315,6.561951474504146,21.0,0,0.12195840781685163,20.849997249615978,20.5,21.5
1028.0,20.569632186489358,20.875237937420383,6.5630409448376374,21.0,0,0.12476206257961664,20.847201389792733,20.5,21.5
1029.0,20.566830868241027,20.8724350617581,6.564129224847456,21.0,0,0.12756493824189974,20.84440630513527,20.5,21.5
1030.0,20.56403032791235,20.86963296480275,6.565216313704828,21.0,0,0.13036703519724924,20.841611995249256,20.5,21.5
1031.0,20.561230565109508,20.866831646160694,6.566302210581888,21.0,0,0.1331683538393058,20.83881845974013,20.5,21.5
1032.0,20.5584315794386,20.8640311054382,6.56738691465168,21.0,0,0.13596889456179895,20.83602569821327,20.5,21.5
1033.0,20.555633370505642,20.86123134224146,6.568470425088152,21.0,0,0.13876865775853986,20.83323371027405,20.5,21.5
1034.0,20.55283593791656,20.858432356176568,6.569552741066166,21.0,0,0.14156764382343212,20.830442495527645,20.5,21.5
1035.0,20.55003928127719,20.855634146849535,6.57063386176149,21.0,0,0.14436585315046457,20.82765205357921,20.5,21.5
1036.0,20.547243400193288,20.852836713866292,6.571713786350804,21.0,0,0.14716328613370777,20.82486238403386,20.5,21.5
1037.0,20.54444829427052,20.850040056832675,6.572792514011698,21.0,0,0.14995994316732464,20.822073486496507,20.5,21.5
1038.0,20.541653963114467,20.84724417535444,6.573870043922675,21.0,0,0.1527558246455598,20.81928536057209,20.5,21.5
1039.0,20.538860406330627,20.844449069037257,6.574946375263147,21.0,0,0.1555509309627432,20.816498005865423,20.5,21.5
1040.0,20.536067623524414,20.8416547374867,6.576021507213444,21.0,0,0.1583452625133006,20.813711421981125,20.5,21.5
1041.0,20.53327561430115,20.83886118030827,6.577095438954804,21.0,0,0.16113881969172894,20.810925608523988,20.5,21.5
1042.0,20.53048437826608,20.836068397107383,6.5781681696693814,21.0,0,0.16393160289261743,20.808140565098498,20.5,21.5
1043.0,20.52769391502436,20.833276387489363,6.5792396985402455,21.0,0,0.16672361251063705,20.805356291309167,20.5,21.5
1044.0,20.524904224181064,20.830485151059452,6.58031002475138,21.0,0,0.16951484894054758,20.802572786760347,20.5,21.5
1045.0,20.522115305341178,20.827694687422806,6.581379147487686,21.0,0,0.17230531257719406,20.79979005105634,20.5,21.5
1046.0,20.519327158109608,20.824904996184493,6.58244706593498,21.0,0,0.1750950038155068,20.797008083801366,20.5,21.5
1047.0,20.516539782091172,20.822116076949513,6.583513779279994,21.0,0,0.17788392305048717,20.79422688459971,20.5,21.5
1048.0,20.51375317689061,20.819327929322764,6.584579286710381,21.0,0,0.180672070677236,20.791446453055276,20.5,21.5
1049.0,20.510967342112576,20.816540552909068,6.58564358741471,21.0,0,0.18345944709093231,20.788666788772105,20.5,21.5
1050.0,20.508182277361637,20.81375394731316,6.58670668058247,21.0,0,0.18624605268684036,20.78588789135408,20.5,21.5
1051.0,20.505397982242282,20.810968112139694,6.587768565404069,21.0,0,0.1890318878603061,20.783109760405036,20.5,21.5
1052.0,20.502614456358916,20.808183046993243,6.588829241070837,21.0,0,0.19181695300675727,20.78033239552873,20.5,21.5
1053.0,20.49983169931586,20.805398751478293,6.58988870677502,21.0,0,0.1946012485217068,20.777555796328798,20.5,21.5
1054.0,20.497049710717352,20.802615225199247,6.5909469617097916,21.0,0,0.1973847748007529,20.774779962408786,20.5,21.5
1055.0,20.49426849016755,20.79983246776043,6.592004005069244,21.0,0,0.2001675322395684,20.772004893372277,20.5,21.5
1056.0,20.49148803727053,20.797050478766078,6.5930598360483925,21.0,0,0.20294952123392207,20.76923058882254,20.5,21.5
1057.0,20.488708351630283,20.79426925782035,6.594114453843176,21.0,0,0.20573074217965015,20.76645704836307,20.5,21.5
1058.0,20.485929432850725,20.791488804527322,6.595167857650457,21.0,0,0.2085111954726777,20.763684271597047,20.5,21.5
1059.0,20.483151280535683,20.78870911849099,6.596220046668023,21.0,0,0.21129088150901154,20.76091225812765,20.5,21.5
1060.0,20.48037389428891,20.78593019931526,6.597271020094586,21.0,0,0.21406980068474013,20.758141007557974,20.5,21.5
1061.0,20.47759727371407,20.783152046603966,6.598320777129784,21.0,0,0.2168479533960337,20.75537051949103,20.5,21.5
1062.0,20.474821418414756,20.780374659960863,6.599369316974181,21.0,0,0.21962534003913703,20.75260079352983,20.5,21.5
1063.0,20.472046327994466,20.777598038989616,6.6004166388292695,21.0,0,0.2224019610103838,20.74983182927715,20.5,21.5
1064.0,20.469272002056634,20.774822183293804,6.601462741897467,21.0,0,0.2251778167061964,20.747063626335677,20.5,21.5
1065.0,20.466498440204603,20.772047092476942,6.602507625382121,21.0,0,0.22795290752305775,20.74429618430833,20.5,21.5
1066.0,20.463725642041638,20.769272766142457,6.603551288487508,21.0,0,0.230727233857543,20.741529502797604,20.5,21.5
1067.0,20.46095360717093,20.76649920389369,6.6045937304188325,21.0,0,0.23350079610630914,20.73876358140603,20.5,21.5
1068.0,20.458182335195577,20.76372640533391,6.605634950382229,21.0,0,0.2362735946660912,20.735998419736088,20.5,21.5
1069.0,20.455411825718613,20.760954370066305,6.606674947584764,21.0,0,0.23904562993369538,20.733234017390263,20.5,21.5
1070.0,20.452642078342986,20.75818309769398,6.607713721234434,21.0,0,0.24181690230602015,20.730470373970732,20.5,21.5
1071.0,20.449873092671563,20.75541258781997,6.608751270540169,21.0,0,0.24458741218003155,20.727707489079854,20.5,21.5
1072.0,20.447104868307136,20.75264284004721,6.609787594711828,21.0,0,0.2473571599527915,20.72494536231961,20.5,21.5
1073.0,20.444337404852416,20.749873853978574,6.610822692960206,21.0,0,0.2501261460214259,20.72218399329223,20.5,21.5
1074.0,20.441570701910038,20.747105629216858,6.611856564497032,21.0,0,0.25289437078314236,20.719423381599693,20.5,21.5
1075.0,20.438804759082554,20.744338165364773,6.612889208534965,21.0,0,0.2556618346352266,20.71666352684393,20.5,21.5
1076.0,20.436039575972444,20.741571462024947,6.613920624287604,21.0,0,0.2584285379750533,20.71390442862668,20.5,21.5
1077.0,20.43327515218211,20.738805518799943,6.6149508109694795,21.0,0,0.2611944812000573,20.711146086549903,20.5,21.5
1078.0,20.430511487313865,20.736040335292234,6.615979767796061,21.0,0,0.263959664707766,20.708388500215147,20.5,21.5
1079.0,20.42774858096996,20.73327591110422,6.617007493983752,21.0,0,0.26672408889578136,20.705631669224065,20.5,21.5
1080.0,20.424986432752565,20.73051224583822,6.618033988749895,21.0,0,0.26948775416177995,20.702875593178234,20.5,21.5
1081.0,20.422225042263765,20.727749339096484,6.619059251312769,21.0,0,0.27225066090351646,20.70012027167912,20.5,21.5
1082.0,20.419464409105576,20.72498719048118,6.620083280891592,21.0,0,0.27501280951882023,20.697365704328142,20.5,21.5
1083.0,20.416704532879933,20.722225799594394,6.621106076706521,21.0,0,0.27777420040560585,20.694611890726538,20.5,21.5
1084.0,20.4139454131887,20.71946516603814,6.622127637978653,21.0,0,0.28053483396185896,20.69185883047561,20.5,21.5
1085.0,20.411187049633657,20.716705289414364,6.623147963930025,21.0,0,0.28329471058563627,20.68910652317659,20.5,21.5
1086.0,20.408429441816516,20.713946169324913,6.624167053783612,21.0,0,0.28605383067508683,20.686354968430408,20.5,21.5
1087.0,20.40567258933891,20.711187805371583,6.6251849067633355,21.0,0,0.28881219462841656,20.683604165838286,20.5,21.5
1088.0,20.402916491802394,20.708430197156076,6.626201522094055,21.0,0,0.29156980284392375,20.680854115001004,20.5,21.5
1089.0,20.40016114880845,20.705673344280026,6.627216899001574,21.0,0,0.2943266557199742,20.67810481551952,20.5,21.5
1090.0,20.39740655995849,20.70291724634499,6.628231036712639,21.0,0,0.29708275365500825,20.67535626699465,20.5,21.5
1091.0,20.39465272485384,20.700161902952456,6.629243934454938,21.0,0,0.2998380970475445,20.672608469027093,20.5,21.5
1092.0,20.391899643095762,20.697407313703827,6.630255591457108,21.0,0,0.30259268629617253,20.669861421217547,20.5,21.5
1093.0,20.389147314285434,20.694653478200433,6.631266006948728,21.0,0,0.3053465217995672,20.667115123166486,20.5,21.5
1094.0,20.386395738023968,20.69190039604354,6.63227518016032,21.0,0,0.3080996039564603,20.66436957447461,20.5,21.5
1095.0,20.383644913912395,20.68914806683432,6.633283110323358,21.0,0,0.3108519331656794,20.66162477474213,20.5,21.5
1096.0,20.380894841551676,20.686396490173887,6.634289796670257,21.0,0,0.3136035098261125,20.658880723569556,20.5,21.5
1097.0,20.3781455205427,20.683645665663274,6.635295238434383,21.0,0,0.3163543343367259,20.65613742055714,20.5,21.5
1098.0,20.375396950486277,20.680895592903443,6.636299434850047,21.0,0,0.31910440709655674,20.653394865305135,20.5,21.5
1099.0,20.37264913098315,20.67814627149528,6.637302385152511,21.0,0,0.3218537285047205,20.650653057413642,20.5,21.5
1100.0,20.369902061633983,20.6753977010396,6.638304088577984,21.0,0,0.32460229896040005,20.647911996482804,20.5,21.5
1101.0,20.367155742039373,20.67264988113714,6.639304544363625,21.0,0,0.32735011886286003,20.64517168211254,20.5,21.5
1102.0,20.364410171799836,20.669902811388567,6.640303751747544,21.0,0,0.33009718861143256,20.642432113902842,20.5,21.5
1103.0,20.361665350515825,20.667156491394476,6.641301709968801,21.0,0,0.33284350860552436,20.639693291453558,20.5,21.5
1104.0,20.358921277787715,20.66441092075539,6.6422984182674085,21.0,0,0.3355890792446097,20.636955214364537,20.5,21.5
1105.0,20.356177953215813,20.661666099071756,6.643293875884327,21.0,0,0.33833390092824445,20.634217882235408,20.5,21.5
1106.0,20.353435376400345,20.65892202594395,6.6442880820614745,21.0,0,0.34107797405604856,20.63148129466591,20.5,21.5
1107.0,20.35069354694148,20.656178700972283,6.64528103604172,21.0,0,0.3438212990277165,20.628745451255604,20.5,21.5
1108.0,20.3479524644393,20.65343612375698,6.646272737068884,21.0,0,0.346563876243021,20.626010351603934,20.5,21.5
1109.0,20.345212128493824,20.6506942938982,6.647263184387744,21.0,0,0.34930570610179856,20.623275995310426,20.5,21.5
1110.0,20.342472538705003,20.64795321099604,6.648252377244031,21.0,0,0.35204678900396047,20.62054238197442,20.5,21.5
1111.0,20.33973369467271,20.645212874650515,6.649240314884432,21.0,0,0.3547871253494854,20.617809511195265,20.5,21.5
1112.0,20.33699559599675,20.642473284461566,6.65022699655659,21.0,0,0.35752671553843385,20.615077382572082,20.5,21.5
1113.0,20.334258242276864,20.63973444002908,6.651212421509103,21.0,0,0.36026555997091947,20.612345995704224,20.5,21.5
1114.0,20.33152163311271,20.63699634095286,6.6521965889915275,21.0,0,0.36300365904714127,20.60961535019064,20.5,21.5
1115.0,20.328785768103888,20.634258986832638,6.653179498254377,21.0,0,0.3657410131673622,20.60688544563043,20.5,21.5
1116.0,20.326050646849918,20.631522377268077,6.654161148549123,21.0,0,0.3684776227319233,20.604156281622465,20.5,21.5
1117.0,20.323316268950258,20.62878651185878,6.655141539128198,21.0,0,0.371213488141219,20.601427857765824,20.5,21.5
1118.0,20.320582634004293,20.626051390204264,6.656120669244989,21.0,0,0.3739486097957361,20.598700173659093,20.5,21.5
1119.0,20.31784974161134,20.62331701190399,6.657098538153847,21.0,0,0.376682988096011,20.59597322890124,20.5,21.5
1120.0,20.315117591370647,20.62058337655734,6.658075145110083,21.0,0,0.37941662344265836,20.593247023090868,20.5,21.5
1121.0,20.312386182881394,20.617850483763636,6.659050489369968,21.0,0,0.38214951623636395,20.59052155582658,20.5,21.5
1122.0,20.30965551574269,20.61511833312212,6.6600245701907355,21.0,0,0.38488166687788095,20.58779682670695,20.5,21.5
1123.0,20.30692558955358,20.612386924231977,6.660997386830578,21.0,0,0.38761307576802295,20.585072835330557,20.5,21.5
1124.0,20.304196403913036,20.60965625669232,6.6619689385486565,21.0,0,0.39034374330768173,20.58234958129573,20.5,21.5
1125.0,20.301467958419963,20.60692633010218,6.662939224605091,21.0,0,0.3930736698978201,20.579627064200796,20.5,21.5
1126.0,20.2987402526732,20.604197144060542,6.663908244260965,21.0,0,0.39580285593945774,20.576905283644166,20.5,21.5
1127.0,20.296013286271517,20.601468698166308,6.6648759967783295,21.0,0,0.39853130183369245,20.57418423922396,20.5,21.5
1128.0,20.29328705881362,20.598740992018314,6.665842481420199,21.0,0,0.401259007981686,20.57146393053838,20.5,21.5
1129.0,20.290561569898138,20.596014025215332,6.666807697450553,21.0,0,0.4039859747846677,20.568744357185516,20.5,21.5
1130.0,20.287836819123648,20.593287797356073,6.667771644134336,21.0,0,0.40671220264392716,20.566025518763478,20.5,21.5
1131.0,20.285112806088648,20.59056230803916,6.668734320737463,21.0,0,0.40943769196083935,20.56330741487004,20.5,21.5
1132.0,20.282389530391576,20.587837556863175,6.669695726526813,21.0,0,0.4121624431368254,20.560590045103314,20.5,21.5
1133.0,20.279666991630805,20.585113543426612,6.670655860770234,21.0,0,0.4148864565733881,20.557873409060985,20.5,21.5
1134.0,20.276945189404632,20.582390267327913,6.671614722736541,21.0,0,0.4176097326720871,20.555157506340922,20.5,21.5
1135.0,20.2742241233113,20.57966772816544,6.672572311695519,21.0,0,0.42033227183456034,20.552442336540707,20.5,21.5
1136.0,20.271503792948977,20.57694592553751,6.673528626917923,21.0,0,0.42305407446249177,20.549727899258194,20.5,21.5
1137.0,20.26878419791577,20.574224859042346,6.674483667675478,21.0,0,0.42577514095765423,20.54701419409072,20.5,21.5
1138.0,20.266065337809724,20.571504528278133,6.6754374332408775,21.0,0,0.42849547172186675,20.544301220636008,20.5,21.5
1139.0,20.263347212228812,20.56878493284297,6.676389922887788,21.0,0,0.43121506715703006,20.541588978491337,20.5,21.5
1140.0,20.260629820770944,20.5660660723349,6.677341135890848,21.0,0,0.43393392766510175,20.53887746725418,20.5,21.5
1141.0,20.25791316303397,20.5633479463519,6.678291071525667,21.0,0,0.4366520536480998,20.53616668652192,20.5,21.5
1142.0,20.25519723861567,20.56063055449188,6.679239729068827,21.0,0,0.4393694455081203,20.533456635891675,20.5,21.5
1143.0,20.25248204711376,20.557913896352687,6.680187107797884,21.0,0,0.4420861036473127,20.530747314960763,20.5,21.5
1144.0,20.249767588125895,20.555197971532102,6.681133206991369,21.0,0,0.4448020284678975,20.528038723326254,20.5,21.5
1145.0,20.247053861249668,20.552482779627844,6.682078025928785,21.0,0,0.4475172203721556,20.525330860585264,20.5,21.5
1146.0,20.244340866082602,20.549768320237572,6.6830215638906125,21.0,0,0.45023167976242817,20.522623726334846,20.5,21.5
1147.0,20.241628602222164,20.54705459295887,6.683963820158306,21.0,0,0.4529454070411312,20.51991732017184,20.5,21.5
1148.0,20.238917069265753,20.54434159738927,6.684904794014296,21.0,0,0.4556584026107302,20.51721164169328,20.5,21.5
1149.0,20.236206266810704,20.54162933312623,6.685844484741989,21.0,0,0.45837066687376904,20.514506690495843,20.5,21.5
1150.0,20.23349619445429,20.538917799767155,6.686782891625771,21.0,0,0.46108220023284474,20.5118024661764,20.5,21.5
1151.0,20.230786851793724,20.536206996909378,6.687720013951005,21.0,0,0.4637930030906219,20.509098968331607,20.5,21.5
1152.0,20.228078238426153,20.533496924150175,6.688655851004031,21.0,0,0.4665030758498254,20.50639619655814,20.5,21.5
1153.0,20.22537035394867,20.53078758108676,6.689590402072167,21.0,0,0.4692124189132407,20.503694150452606,20.5,21.5
1154.0,20.222663197958294,20.528078967316276,6.690523666443712,21.0,0,0.4719210326837242,20.50099282961144,20.5,21.5
1155.0,20.21995677005199,20.525371082435818,6.691455643407947,21.0,1,0.474628917564182,20.49829223363124,20.5,21.5
1156.0,20.237251069826662,20.526663926042406,6.692386332255128,21.0,1,0.4733360739575936,20.53959236210829,20.5,21.5
1157.0,20.25454209687915,20.531956697733005,6.693315732276497,21.0,1,0.4680433022669952,20.58488441463899,20.5,21.5
1158.0,20.271829851606228,20.541248597264516,6.6942438427642745,21.0,1,0.45875140273548354,20.634167592579633,20.5,21.5
1159.0,20.28911433440446,20.55453882455375,6.695170663011664,21.0,1,0.4454611754462512,20.687441097446072,20.5,21.5
1160.0,20.30639554567018,20.571826579677385,6.696096192312852,21.0,1,0.4281734203226151,20.744704130913746,20.5,21.5
1161.0,20.32367348579951,20.589111062871957,6.697020429963008,21.0,1,0.41088893712804264,20.76195589481768,20.5,21.5
1162.0,20.340948155188343,20.606392274533796,6.697943375258283,21.0,1,0.3936077254662038,20.779204391152184,20.5,21.5
1163.0,20.358219554232356,20.623670215059022,6.698865027495816,21.0,1,0.37632978494097813,20.79644962031128,20.5,21.5
1164.0,20.37548768332701,20.64094488484353,6.699785385973728,21.0,1,0.35905511515646893,20.813691582688623,20.5,21.5
1165.0,20.392752542867537,20.658216284283004,6.700704449991125,21.0,1,0.3417837157169963,20.83093027867773,20.5,21.5
1166.0,20.41001413324896,20.675484413772892,6.701622218848103,21.0,1,0.32451558622710763,20.84816570867178,20.5,21.5
1167.0,20.42727245486608,20.69274927370844,6.702538691845737,21.0,1,0.30725072629156003,20.865397873063916,20.5,21.5
1168.0,20.444527508113477,20.710010864484666,6.703453868286095,21.0,1,0.28998913551533434,20.882626772246923,20.5,21.5
1169.0,20.46177929338551,20.727269186496365,6.704367747472231,21.0,1,0.27273081350363526,20.899852406613356,20.5,21.5
1170.0,20.479027811076328,20.744524240138126,6.705280328708184,21.0,1,0.25547575986187354,20.917074776555744,20.5,21.5
1171.0,20.496273061579856,20.761776025804302,6.706191611298986,21.0,1,0.23822397419569796,20.934293882466058,20.5,21.5
1172.0,20.5135150452898,20.779024543889047,6.707101594550655,21.0,1,0.2209754561109527,20.9515097247365,20.5,21.5
1173.0,20.53075376259965,20.796269794786284,6.708010277770198,21.0,1,0.20373020521371643,20.968722303758646,20.5,21.5
1174.0,20.547989213902685,20.81351177888972,6.708917660265615,21.0,1,0.18648822111028096,20.985931619924074,20.5,21.5
1175.0,20.56522139959196,20.830750496592845,6.709823741345893,21.0,1,0.16924950340715483,21.003137673624106,20.5,21.5
1176.0,20.58245032006031,20.847985948288937,6.710728520321013,21.0,1,0.1520140517110633,21.020340465249852,20.5,21.5
1177.0,20.59967597570036,20.865218134371048,6.711631996501946,21.0,1,0.1347818656289519,21.037539995192162,20.5,21.5
1178.0,20.616898366904522,20.88244705523202,6.712534169200657,21.0,1,0.11755294476797928,21.054736263841747,20.5,21.5
1179.0,20.63411749406498,20.89967271126448,6.713435037730099,21.0,1,0.10032728873552088,21.071929271589063,20.5,21.5
1180.0,20.651333357573712,20.91689510286083,6.714334601404225,21.0,1,0.0831048971391688,21.089119018824352,20.5,21.5
1181.0,20.668545957822477,20.934114230413265,6.715232859537975,21.0,1,0.06588576958673542,21.1063055059376,20.5,21.5
1182.0,20.68575529520282,20.951330094313754,6.716129811447289,21.0,1,0.048669905686246295,21.123488733318645,20.5,21.5
1183.0,20.70296137010607,20.968542694954067,6.717025456449098,21.0,1,0.031457305045933026,21.1406687013572,20.5,21.5
1184.0,20.720164182923337,20.98575203272574,6.717919793861329,21.0,1,0.014247967274261697,21.15784541044245,20.5,21.5
1185.0,20.737363734045523,21.002958108020103,6.718812823002906,21.0,1,-0.0029581080201026566,21.175018860963746,20.5,21.5
1186.0,20.754560023863316,21.020160921228268,6.719704543193747,21.0,1,-0.020160921228267625,21.192189053309917,20.5,21.5
1187.0,20.77175305276718,21.03736047274114,6.72059495375477,21.0,1,-0.037360472741138295,21.209355987869845,20.5,21.5
1188.0,20.78894282114738,21.054556762949403,6.721484054007887,21.0,1,-0.05455676294940304,21.22651966503205,20.5,21.5
1189.0,20.80612932939395,21.071749792243526,6.722371843276012,21.0,1,-0.0717497922435264,21.24368008518476,20.5,21.5
1190.0,20.823312577896726,21.088939561013767,6.723258320883051,21.0,1,-0.08893956101376688,21.26083724871617,20.5,21.5
1191.0,20.840492567045324,21.106126069650166,6.724143486153917,21.0,1,-0.10612606965016624,21.27799115601416,20.5,21.5
1192.0,20.857669297229144,21.12330931854256,6.725027338414515,21.0,1,-0.12330931854256022,21.2951418074665,20.5,21.5
1193.0,20.874842768837382,21.14048930808056,6.7259098769917545,21.0,1,-0.1404893080805607,21.312289203460566,20.5,21.5
1194.0,20.892012982259015,21.157666038653574,6.726791101213543,21.0,1,-0.15766603865357354,21.329433344383702,20.5,21.5
1195.0,20.909179937882804,21.17483951065079,6.727671010408791,21.0,1,-0.1748395106507914,21.34657423062297,20.5,21.5
1196.0,20.92634363609731,21.192009724461187,6.7285496039074095,21.0,1,-0.1920097244611867,21.36371186256514,20.5,21.5
1197.0,20.94350407729087,21.20917668047353,6.72942688104031,21.0,1,-0.20917668047352933,21.380846240596956,20.5,21.5
1198.0,20.960661261851623,21.22634037907638,6.730302841139409,21.0,1,-0.2263403790763796,21.397977365104882,20.5,21.5
1199.0,20.97781519016748,21.24350082065807,6.731177483537624,21.0,1,-0.24350082065807044,21.41510523647498,20.5,21.5
1200.0,20.994965862626152,21.26065800560674,6.732050807568877,21.0,1,-0.26065800560673935,21.43222985509343,20.5,21.5
1201.0,21.01211327961514,21.277811934310307,6.732922812568094,21.0,1,-0.27781193431030715,21.449351221345985,20.5,21.5
1202.0,21.02925744152173,21.29496260715648,6.733793497871206,21.0,1,-0.2949626071564815,21.466469335618225,20.5,21.5
1203.0,21.046398348733,21.312110024532757,6.734662862815146,21.0,1,-0.3121100245327568,21.48358419829551,20.5,21.5
1204.0,21.063536001635818,21.329254186826425,6.735530906737857,21.0,0,-0.32925418682642515,21.50069580976311,20.5,21.5
1205.0,21.06067040061684,21.342395094424564,6.736397628978285,21.0,0,-0.34239509442456395,21.473804170405952,20.5,21.5
1206.0,21.05780554606251,21.351533547714034,6.737263028876383,21.0,0,-0.351533547714034,21.442918080608734,20.5,21.5
1207.0,21.054941437559073,21.3566703469215,6.738127105773111,21.0,0,-0.3566703469215007,21.408038338996167,20.5,21.5
1208.0,21.052078074692716,21.357806292113445,6.738989859010438,21.0,0,-0.3578062921134446,21.369165744032884,20.5,21.5
1209.0,21.04921545704958,21.354942183196197,6.739851287931339,21.0,0,-0.3549421831961972,21.326301094023723,20.5,21.5
1210.0,21.04635358421576,21.35207881991598,6.740711391879799,21.0,0,-0.352078819915981,21.32344518711382,20.5,21.5
1211.0,21.04349245577729,21.34921620185894,6.741570170200811,21.0,0,-0.3492162018589404,21.320590021288535,20.5,21.5
1212.0,21.040632071320175,21.346354328611163,6.7424276222403785,21.0,0,-0.346354328611163,21.31773559613339,20.5,21.5
1213.0,21.03777243043036,21.34349319975869,6.743283747345514,21.0,0,-0.3434931997586901,21.31488191123396,20.5,21.5
1214.0,21.034913532693743,21.34063281488752,6.744138544864241,21.0,0,-0.3406328148875204,21.312028966175824,20.5,21.5
1215.0,21.032055377696178,21.337773173583606,6.744992014145594,21.0,0,-0.3377731735836065,21.309176760544467,20.5,21.5
1216.0,21.029197965023467,21.33491427543284,6.745844154539619,21.0,0,-0.33491427543284047,21.30632529392518,20.5,21.5
1217.0,21.02634129426137,21.33205612002108,6.746694965397374,21.0,0,-0.332056120021079,21.303474565903464,20.5,21.5
1218.0,21.023485364995597,21.329198706934125,6.747544446070931,21.0,0,-0.32919870693412534,21.30062457606459,20.5,21.5
1219.0,21.020630176811814,21.32634203575774,6.74839259591337,21.0,0,-0.32634203575774023,21.29777532399389,20.5,21.5
1220.0,21.017775729295636,21.32348610607763,6.749239414278792,21.0,0,-0.32348610607763106,21.29492680927654,20.5,21.5
1221.0,21.014922022032632,21.320630917479463,6.750084900522305,21.0,0,-0.3206309174794626,21.292079031497778,20.5,21.5
1222.0,21.01206905460833,21.317776469548853,6.750929054000036,21.0,0,-0.3177764695488534,21.28923199024276,20.5,21.5
1223.0,21.009216826608206,21.31492276187138,6.751771874069124,21.0,0,-0.31492276187137946,21.28638568509664,20.5,21.5
1224.0,21.006365337617698,21.312069794032556,6.752613360087727,21.0,0,-0.3120697940325563,21.283540115644325,20.5,21.5
1225.0,21.003514587222192,21.309217565617868,6.753453511415016,21.0,0,-0.3092175656178675,21.28069528147098,20.5,21.5
1226.0,21.00066457500703,21.306366076212747,6.754292327411178,21.0,0,-0.3063660762127469,21.27785118216154,20.5,21.5
1227.0,20.99781530055751,21.303515325402586,6.755129807437418,21.0,0,-0.30351532540258574,21.275007817300974,20.5,21.5
1228.0,20.994966763458883,21.300665312772722,6.755965950855961,21.0,0,-0.3006653127727219,21.272165186474083,20.5,21.5
1229.0,20.992118963296363,21.297816037908454,6.756800757030046,21.0,0,-0.29781603790845423,21.269323289265778,20.5,21.5
1230.0,20.989271899655108,21.29496750039504,6.7576342253239305,21.0,0,-0.29496750039503894,21.266482125260886,20.5,21.5
1231.0,20.986425572120243,21.292119699817682,6.758466355102894,21.0,0,-0.2921196998176825,21.263641694044118,20.5,21.5
1232.0,20.98357998027684,21.289272635761545,6.759297145733233,21.0,0,-0.28927263576154516,21.260801995200172,20.5,21.5
1233.0,20.98073512370993,21.286426307811755,6.760126596582264,21.0,0,-0.28642630781175527,21.257963028313856,20.5,21.5
1234.0,20.977891002004505,21.283580715553384,6.760954707018324,21.0,0,-0.28358071555338427,21.255124792969674,20.5,21.5
1235.0,20.975047614745506,21.280735858571465,6.761781476410771,21.0,0,-0.28073585857146455,21.252287288752267,20.5,21.5
1236.0,20.97220496151784,21.277891736450982,6.762606904129984,21.0,0,-0.2778917364509823,21.24945051524616,20.5,21.5
1237.0,20.969363041906362,21.275048348776885,6.7634309895473645,21.0,0,-0.27504834877688467,21.24661447203591,20.5,21.5
1238.0,20.96652185549589,21.27220569513408,6.7642537320353355,21.0,0,-0.27220569513407966,21.24377915870603,20.5,21.5
1239.0,20.9636814018712,21.269363775107415,6.765075130967342,21.0,0,-0.26936377510741494,21.240944574840768,20.5,21.5
1240.0,20.96084168061702,21.26652258828172,6.765895185717854,21.0,0,-0.2665225882817204,21.238110720024775,20.5,21.5
1241.0,20.95800269131804,21.26368213424176,6.766713895662363,21.0,0,-0.26368213424175835,21.235277593842138,20.5,21.5
1242.0,20.95516443355891,21.26084241257227,6.767531260177387,21.0,0,-0.2608424125722699,21.232445195877386,20.5,21.5
1243.0,20.952326906924235,21.25800342285794,6.768347278640467,21.0,0,-0.2580034228579393,21.229613525714633,20.5,21.5
1244.0,20.94949011099858,21.255165164683415,6.769161950430168,21.0,0,-0.2551651646834152,21.226782582938174,20.5,21.5
1245.0,20.946654045366465,21.252327637633307,6.769975274926083,21.0,0,-0.25232763763330723,21.223952367132227,20.5,21.5
1246.0,20.943818709612376,21.249490841292175,6.770787251508832,21.0,0,-0.24949084129217525,21.221122877880855,20.5,21.5
1247.0,20.940984103320755,21.246654775244544,6.771597879560057,21.0,0,-0.2466547752445436,21.218294114768227,20.5,21.5
1248.0,20.938150226076004,21.243819439074894,6.772407158462429,21.0,0,-0.243819439074894,21.215466077378398,20.5,21.5
1249.0,20.935317077462482,21.240984832367676,6.77321508759965,21.0,0,-0.2409848323676762,21.212638765295498,20.5,21.5
1250.0,20.93248465706451,21.238150954707287,6.774021666356443,21.0,0,-0.23815095470728664,21.20981217810339,20.5,21.5
1251.0,20.929652964466367,21.235317805678086,6.774826894118567,21.0,0,-0.23531780567808624,21.206986315386082,20.5,21.5
1252.0,20.926821999252297,21.232485384864393,6.7756307702728025,21.0,0,-0.2324853848643933,21.204161176727464,20.5,21.5
1253.0,20.9239917610065,21.229653691850494,6.776433294206965,21.0,0,-0.2296536918504941,21.201336761711502,20.5,21.5
1254.0,20.92116224931314,21.226822726220625,6.777234465309897,21.0,0,-0.22682272622062527,21.198513069921937,20.5,21.5
1255.0,20.91833346375634,21.22399248755899,6.778034282971473,21.0,0,-0.22399248755899137,21.195690100942652,20.5,21.5
1256.0,20.915505403920182,21.221162975449754,6.778832746582595,21.0,0,-0.22116297544975438,21.192867854357385,20.5,21.5
1257.0,20.912678069388715,21.21833418947704,6.7796298555352,21.0,0,-0.21833418947704075,21.190046329749904,20.5,21.5
1258.0,20.909851459745944,21.215506129224927,6.780425609222253,21.0,0,-0.21550612922492718,21.18722552670379,20.5,21.5
1259.0,20.90702557457584,21.21267879427747,6.781220007037755,21.0,0,-0.21267879427746905,21.184405444802888,20.5,21.5
1260.0,20.904200413462334,21.20985218421867,6.782013048376736,21.0,0,-0.20985218421866847,21.181586083630663,20.5,21.5
1261.0,20.901375975989318,21.207026298632496,6.7828047326352605,21.0,0,-0.20702629863249555,21.178767442770766,20.5,21.5
1262.0,20.898552261740647,21.20420113710288,6.783595059210428,21.0,0,-0.20420113710288135,21.17594952180674,20.5,21.5
1263.0,20.89572927030014,21.20137669921372,6.784384027500369,21.0,0,-0.20137669921372137,21.17313232032212,20.5,21.5
1264.0,20.89290700125158,21.198552984548872,6.785171636904251,21.0,0,-0.19855298454887205,21.17031583790038,20.5,21.5
1265.0,20.89008545417871,21.195729992692147,6.785957886822274,21.0,0,-0.1957299926921472,21.1675000741249,20.5,21.5
1266.0,20.88726462866524,21.19290772322733,6.786742776655675,21.0,0,-0.19290772322732863,21.164685028579143,20.5,21.5
1267.0,20.88444452429484,21.190086175738166,6.787526305806726,21.0,0,-0.19008617573816622,21.161870700846542,20.5,21.5
1268.0,20.881625140651142,21.187265349808364,6.788308473678736,21.0,0,-0.18726534980836362,21.159057090510338,20.5,21.5
1269.0,20.87880647731775,21.1844452450216,6.78908927967605,21.0,0,-0.18444524502159965,21.15624419715396,20.5,21.5
1270.0,20.87598853387822,21.1816258609615,6.78986872320405,21.0,0,-0.1816258609614998,21.1534320203605,20.5,21.5
1271.0,20.873171309916085,21.178807197211672,6.790646803669156,21.0,0,-0.17880719721167182,21.150620559713392,20.5,21.5
1272.0,20.870354805014834,21.17598925335567,6.791423520478825,21.0,0,-0.17598925335567017,21.147809814795654,20.5,21.5
1273.0,20.867539018757927,21.173172028977028,6.7921988730415555,21.0,0,-0.173172028977028,21.144999785190606,20.5,21.5
1274.0,20.864723950728784,21.170355523659236,6.792972860766881,21.0,0,-0.17035552365923579,21.142190470481314,20.5,21.5
1275.0,20.861909600510792,21.167539736985752,6.7937454830653765,21.0,0,-0.16753973698575209,21.139381870250915,20.5,21.5
1276.0,20.859095967687303,21.164724668539996,6.794516739348657,21.0,0,-0.16472466853999634,21.13657398408244,20.5,21.5
1277.0,20.856283051841636,21.161910317905356,6.795286629029377,21.0,0,-0.16191031790535604,21.133766811558953,20.5,21.5
1278.0,20.853470852557074,21.159096684665183,6.796055151521231,21.0,0,-0.15909668466518312,21.130960352263454,20.5,21.5
1279.0,20.850659369416867,21.1562837684028,6.7968223062389574,21.0,0,-0.15628376840280112,21.12815460577898,20.5,21.5
1280.0,20.84784860200423,21.153471568701487,6.797588092598334,21.0,0,-0.15347156870148737,21.12534957168835,20.5,21.5
1281.0,20.84503854990235,21.150660085144498,6.798352510016181,21.0,0,-0.1506600851444979,21.122545249574603,20.5,21.5
1282.0,20.84222921269437,21.147849317315043,6.799115557910361,21.0,0,-0.14784931731504258,21.11974163902049,20.5,21.5
1283.0,20.839420589963414,21.145039264796313,6.79987723569978,21.0,0,-0.14503926479631346,21.116938739609022,20.5,21.5
1284.0,20.83661268129256,21.14222992717145,6.800637542804387,21.0,0,-0.14222992717144933,21.114136550922808,20.5,21.5
1285.0,20.833805486264865,21.13942130402358,6.8013964786451755,21.0,0,-0.13942130402357833,21.11133507254487,20.5,21.5
1286.0,20.83099900446334,21.13661339493577,6.802154042644183,21.0,0,-0.13661339493577174,21.108534304057706,20.5,21.5
1287.0,20.828193235470977,21.133806199491094,6.802910234224491,21.0,0,-0.13380619949109374,21.105734245044314,20.5,21.5
1288.0,20.82538817887073,21.130999717272555,6.803665052810228,21.0,0,-0.13099971727255522,21.10293489508717,20.5,21.5
1289.0,20.822583834245517,21.128193947863146,6.804418497826564,21.0,0,-0.12819394786314575,21.10013625376905,20.5,21.5
1290.0,20.819780201178233,21.12538889084582,6.805170568699721,21.0,0,-0.1253888908458194,21.097338320672556,20.5,21.5
1291.0,20.816977279251738,21.122584545803498,6.805921264856963,21.0,0,-0.1225845458034982,21.094541095380286,20.5,21.5
1292.0,20.814175068048858,21.11978091231908,6.806670585726602,21.0,0,-0.11978091231907939,21.09174457747489,20.5,21.5
1293.0,20.811373567152394,21.116977989975414,6.807418530737997,21.0,0,-0.11697798997541398,21.08894876653876,20.5,21.5
1294.0,20.808572776145112,21.11417577835533,6.808165099321556,21.0,0,-0.11417577835533166,21.08615366215451,20.5,21.5
1295.0,20.805772694609747,21.111374277041637,6.808910290908736,21.0,0,-0.11137427704163727,21.083359263904693,20.5,21.5
1296.0,20.802973322129006,21.10857348561709,6.809654104932039,21.0,0,-0.10857348561708946,21.08056557137161,20.5,21.5
1297.0,20.800174658285567,21.105773403664433,6.810396540825019,21.0,0,-0.10577340366443266,21.077772584137865,20.5,21.5
1298.0,20.797376702662074,21.10297403076637,6.811137598022279,21.0,0,-0.10297403076636868,21.07498030178573,20.5,21.5
1299.0,20.794579454841145,21.100175366505574,6.811877275959471,21.0,0,-0.10017536650557446,21.072188723897632,20.5,21.5
1300.0,20.791782914405367,21.097377410464695,6.8126155740733,21.0,0,-0.09737741046469495,21.0693978500559,20.5,21.5
1301.0,20.7889870809373,21.094580162226357,6.813352491801518,21.0,0,-0.09458016222635734,21.06660767984298,20.5,21.5
1302.0,20.786191954019472,21.091783621373136,6.81408802858293,21.0,0,-0.09178362137313556,21.063818212840918,20.5,21.5
1303.0,20.783397533234385,21.0889877874876,6.814822183857394,21.0,0,-0.08898778748759995,21.061029448632244,20.5,21.5
1304.0,20.78060381816451,21.08619266015227,6.815554957065817,21.0,0,-0.08619266015227112,21.058241386798983,20.5,21.5
1305.0,20.777810808392292,21.083398238949655,6.816286347650163,21.0,0,-0.08339823894965548,21.0554540269235,20.5,21.5
1306.0,20.775018503500142,21.080604523462224,6.817016355053443,21.0,0,-0.08060452346222391,21.052667368587908,20.5,21.5
1307.0,20.772226903070454,21.077811513272422,6.817744978719728,21.0,0,-0.07781151327242242,21.049881411374407,20.5,21.5
1308.0,20.769436006685584,21.07501920796266,6.818472218094137,21.0,0,-0.07501920796266148,21.047096154865052,20.5,21.5
1309.0,20.766645813927866,21.07222760711533,6.8191980726228465,21.0,0,-0.07222760711533027,21.044311598642018,20.5,21.5
1310.0,20.763856324379606,21.069436710312793,6.819922541753087,21.0,0,-0.06943671031279308,21.04152774228742,20.5,21.5
1311.0,20.76106753762308,21.06664651713738,6.820645624933142,21.0,0,-0.06664651713737868,21.038744585383235,20.5,21.5
1312.0,20.758279453240544,21.063857027171398,6.821367321612354,21.0,0,-0.06385702717139807,21.035962127511592,20.5,21.5
1313.0,20.755492070814217,21.061068239997127,6.82208763124112,21.0,0,-0.06106823999712674,21.033180368254413,20.5,21.5
1314.0,20.7527053899263,21.058280155196815,6.82280655327089,21.0,0,-0.058280155196815286,21.0303993071937,20.5,21.5
1315.0,20.74991941015897,21.055492772352686,6.823524087154177,21.0,0,-0.055492772352685904,21.027618943911392,20.5,21.5
1316.0,20.74713413109437,21.052706091046947,6.824240232344546,21.0,0,-0.05270609104694657,21.024839277989553,20.5,21.5
1317.0,20.74434955231462,21.049920110861763,6.824954988296621,21.0,0,-0.04992011086176262,21.022060309009923,20.5,21.5
1318.0,20.741565673401816,21.04713483137928,6.825668354466085,21.0,0,-0.04713483137928165,21.019282036554472,20.5,21.5
1319.0,20.73878249393803,21.044350252181626,6.8263803303096795,21.0,0,-0.04435025218162636,21.016504460205073,20.5,21.5
1320.0,20.736000013505304,21.041566372850895,6.8270909152852015,21.0,0,-0.041566372850894595,21.013727579543577,20.5,21.5
1321.0,20.73321823168566,21.038783192969156,6.827800108851512,21.0,0,-0.03878319296915578,21.010951394151768,20.5,21.5
1322.0,20.730437148061096,21.036000712118447,6.828507910468527,21.0,0,-0.03600071211844735,21.008175903611363,20.5,21.5
1323.0,20.727656762213577,21.0332189298808,6.829214319597227,21.0,0,-0.033218929880799664,21.005401107504323,20.5,21.5
1324.0,20.724877073725054,21.030437845838204,6.82991933569965,21.0,0,-0.03043784583820397,21.002627005412247,20.5,21.5
1325.0,20.72209808217745,21.027657459572634,6.830622958238894,21.0,0,-0.02765745957263377,20.99985359691693,20.5,21.5
1326.0,20.719319787152664,21.024877770666034,6.831325186679122,21.0,0,-0.024877770666034138,20.997080881600038,20.5,21.5
1327.0,20.71654218823257,21.02209877870033,6.832026020485555,21.0,0,-0.022098778700328836,20.994308859043276,20.5,21.5
1328.0,20.71376528499902,21.019320483257417,6.832725459124479,21.0,0,-0.019320483257416754,20.991537528828296,20.5,21.5
1329.0,20.710989077033844,21.016542883919175,6.833423502063241,21.0,0,-0.016542883919175466,20.988766890536763,20.5,21.5
1330.0,20.70821356391885,21.013765980267454,6.834120148770248,21.0,0,-0.013765980267454125,20.98599694375024,20.5,21.5
1331.0,20.70543874523582,21.010989771884084,6.8348153987149765,21.0,0,-0.01098977188408412,20.983227688050384,20.5,21.5
1332.0,20.702664620566516,21.008214258350876,6.835509251367962,21.0,0,-0.008214258350875525,20.98045912301879,20.5,21.5
1333.0,20.699891189492675,21.005439439249606,6.836201706200806,21.0,0,-0.005439439249606437,20.977691248236916,20.5,21.5
1334.0,20.697118451596015,21.00266531416204,6.836892762686174,21.0,0,-0.002665314162040744,20.974924063286384,20.5,21.5
1335.0,20.694346406458234,20.99989188266992,6.837582420297797,21.0,0,0.00010811733007898283,20.972157567748724,20.5,21.5
1336.0,20.691575053661,20.997119144354954,6.838270678510469,21.0,0,0.002880855645045699,20.969391761205287,20.5,21.5
1337.0,20.688804392785972,20.994347098798848,6.838957536800052,21.0,0,0.0056529012011523605,20.96662664323778,20.5,21.5
1338.0,20.686034423414775,20.99157574558327,6.839642994643475,21.0,0,0.008424254416731003,20.963862213427483,20.5,21.5
1339.0,20.68326514512902,20.98880508428987,6.840327051518731,21.0,0,0.011194915710131426,20.961098471355864,20.5,21.5
1340.0,20.6804965575103,20.98603511450028,6.841009706904881,21.0,0,0.013964885499721191,20.95833541660438,20.5,21.5
1341.0,20.67772866014018,20.983265835796118,6.841690960282053,21.0,0,0.016734164203882074,20.95557304875451,20.5,21.5
1342.0,20.674961452600208,20.98049724775897,6.842370811131442,21.0,0,0.019502752241031374,20.952811367387476,20.5,21.5
1343.0,20.672194934471914,20.977729349970396,6.843049258935315,21.0,0,0.022270650029604155,20.950050372084668,20.5,21.5
1344.0,20.669429105336807,20.974962142011954,6.843726303177001,21.0,0,0.02503785798804614,20.947290062427534,20.5,21.5
1345.0,20.666663964776376,20.972195623465165,6.844401943340904,21.0,0,0.02780437653483503,20.944530437997276,20.5,21.5
1346.0,20.66389951237209,20.969429793911548,6.8450761789124925,21.0,0,0.030570206088452068,20.941771498375378,20.5,21.5
1347.0,20.661135747705398,20.966664652932586,6.845749009378308,21.0,0,0.033335347067414034,20.939013243142966,20.5,21.5
1348.0,20.658372670357732,20.963900200109748,6.846420434225962,21.0,0,0.036099799890251916,20.93625567188137,20.5,21.5
1349.0,20.655610279910505,20.961136435024486,6.847090452944133,21.0,0,0.038863564975514464,20.93349878417186,20.5,21.5
1350.0,20.65284857594511,20.958373357258232,6.847759065022574,21.0,0,0.041626642741768194,20.930742579595695,20.5,21.5
1351.0,20.650087558042927,20.9556109663924,6.848426269952107,21.0,0,0.044389033607600936,20.92798705773407,20.5,21.5
1352.0,20.647327225785308,20.95284926200838,6.8490920672246265,21.0,0,0.047150737991618286,20.925232218168208,20.5,21.5
1353.0,20.644567578753595,20.950088243687553,6.849756456333099,21.0,0,0.04991175631244715,20.922478060479264,20.5,21.5
1354.0,20.64180861652911,20.94732791101128,6.850419436771564,21.0,0,0.052672088988721555,20.919724584248534,20.5,21.5
1355.0,20.63905033869316,20.94456826356089,6.851081008035132,21.0,0,0.055431736439111035,20.916971789056994,20.5,21.5
1356.0,20.636292744827028,20.941809300917708,6.85174116961999,21.0,0,0.05819069908229224,20.914219674485896,20.5,21.5
1357.0,20.633535834511985,20.939051022663044,6.852399921023393,21.0,0,0.060948977336956034,20.911468240116406,20.5,21.5
1358.0,20.630779607329288,20.936293428378185,6.8530572617436745,21.0,0,0.06370657162181459,20.9087174855296,20.5,21.5
1359.0,20.62802406286017,20.933536517644395,6.853713191280241,21.0,0,0.06646348235560495,20.90596741030649,20.5,21.5
1360.0,20.625269200685853,20.930780290042936,6.854367709133575,21.0,0,0.06921970995706417,20.903218014028344,20.5,21.5
1361.0,20.622515020387542,20.92802474515504,6.85502081480523,21.0,0,0.07197525484496126,20.900469296276068,20.5,21.5
1362.0,20.619761521546426,20.925269882561928,6.8556725077978395,21.0,0,0.07473011743807234,20.897721256630817,20.5,21.5
1363.0,20.617008703743675,20.92251570184481,6.856322787615111,21.0,0,0.07748429815519131,20.89497389467362,20.5,21.5
1364.0,20.61425656656045,20.919762202584863,6.856971653761827,21.0,0,0.08023779741513692,20.892227209985407,20.5,21.5
1365.0,20.61150510957789,20.91700938436327,6.857619105743849,21.0,0,0.08299061563673149,20.889481202147323,20.5,21.5
1366.0,20.608754332377124,20.914257246761185,6.858265143068112,21.0,0,0.08574275323881508,20.88673587074035,20.5,21.5
1367.0,20.606004234539263,20.91150578935975,6.8589097652426325,21.0,0,0.0884942106402491,20.88399121534541,20.5,21.5
1368.0,20.603254815645403,20.908755011740094,6.859552971776503,21.0,0,0.09124498825990557,20.88124723554353,20.5,21.5
1369.0,20.60050607527663,20.906004913483333,6.860194762179892,21.0,0,0.09399508651666721,20.878503930915716,20.5,21.5
1370.0,20.597758013014012,20.90325549417056,6.860835135964049,21.0,0,0.09674450582944161,20.875761301042814,20.5,21.5
1371.0,20.5950106284386,20.90050675338285,6.861474092641302,21.0,0,0.09949324661715053,20.87301934550576,20.5,21.5
1372.0,20.59226392113144,20.897758690701288,6.862111631725057,21.0,0,0.10224130929871222,20.87027806388567,20.5,21.5
1373.0,20.58951789067356,20.89501130570692,6.8627477527298,21.0,0,0.10498869429308044,20.867537455763237,20.5,21.5
1374.0,20.58677253664597,20.892264597980784,6.863382455171098,21.0,0,0.10773540201921605,20.864797520719428,20.5,21.5
1375.0,20.584027858629675,20.889518567103917,6.864015738565596,21.0,0,0.11048143289608348,20.862058258335242,20.5,21.5
1376.0,20.581283856205662,20.886773212657328,6.864647602431024,21.0,0,0.113226787342672,20.859319668191443,20.5,21.5
1377.0,20.578540528954907,20.884028534222022,6.865278046286188,21.0,0,0.11597146577797801,20.856581749868962,20.5,21.5
1378.0,20.575797876458374,20.881284531378988,6.865907069650978,21.0,0,0.11871546862101212,20.853844502948647,20.5,21.5
1379.0,20.573055898297014,20.878541203709194,6.866534672046365,21.0,0,0.12145879629080625,20.851107927011252,20.5,21.5
1380.0,20.570314594051762,20.87579855079361,6.867160852994403,21.0,0,0.12420144920638876,20.848372021637786,20.5,21.5
1381.0,20.567573963303552,20.873056572213187,6.867785612018229,21.0,0,0.1269434277868129,20.845636786408946,20.5,21.5
1382.0,20.564834005633294,20.870315267548865,6.868408948642059,21.0,0,0.12968473245113543,20.84290222090564,20.5,21.5
1383.0,20.562094720621896,20.86757463638157,6.869030862391197,21.0,0,0.13242536361843094,20.840168324708614,20.5,21.5
1384.0,20.55935610785025,20.864834678292215,6.869651352792029,21.0,0,0.1351653217077846,20.83743509739868,20.5,21.5
1385.0,20.556618166899238,20.86209539286171,6.870270419372023,21.0,0,0.13790460713828878,20.83470253855667,20.5,21.5
1386.0,20.553880897349732,20.859356779670946,6.870888061659734,21.0,0,0.14064322032905352,20.8319706477633,20.5,21.5
1387.0,20.551144298782592,20.856618838300808,6.871504279184801,21.0,0,0.14338116169919246,20.829239424599418,20.5,21.5
1388.0,20.548408370778674,20.853881568332163,6.872119071477947,21.0,0,0.146118431667837,20.826508868645718,20.5,21.5
1389.0,20.545673112918813,20.851144969345874,6.8727324380709796,21.0,0,0.14885503065412564,20.823778979482988,20.5,21.5
1390.0,20.542938524783843,20.848409040922796,6.873344378496795,21.0,0,0.151590959077204,20.821049756692013,20.5,21.5
1391.0,20.540204605954585,20.845673782643768,6.873954892289374,21.0,0,0.15432621735623187,20.81832119985349,20.5,21.5
1392.0,20.537471356011853,20.84293919408962,6.874563978983783,21.0,0,0.15706080591037974,20.81559330854814,20.5,21.5
1393.0,20.534738774536446,20.840205274841175,6.875171638116177,21.0,0,0.1597947251588252,20.81286608235672,20.5,21.5
1394.0,20.532006861109164,20.837472024479247,6.875777869223795,21.0,0,0.16252797552075293,20.81013952085997,20.5,21.5
1395.0,20.529275615310787,20.834739442584635,6.8763826718449685,21.0,0,0.16526055741536538,20.80741362363851,20.5,21.5
1396.0,20.526545036722094,20.83200752873814,6.876986045519112,21.0,0,0.16799247126186145,20.804688390273178,20.5,21.5
1397.0,20.523815124923853,20.82927628252054,6.877587989786731,21.0,0,0.17072371747946136,20.80196382034454,20.5,21.5
1398.0,20.521085879496827,20.826545703512615,6.878188504189418,21.0,0,0.1734542964873853,20.799239913433375,20.5,21.5
1399.0,20.518357300021766,20.823815791295136,6.878787588269857,21.0,0,0.17618420870486418,20.796516669120347,20.5,21.5
1400.0,20.515629386079414,20.82108654544886,6.879385241571817,21.0,0,0.1789134545511395,20.793794086986107,20.5,21.5
1401.0,20.512902137250514,20.818357965554547,6.87998146364016,21.0,0,0.1816420344454528,20.791072166611414,20.5,21.5
1402.0,20.51017555311579,20.815630051192933,6.880576254020838,21.0,0,0.18436994880706692,20.788350907576792,20.5,21.5
1403.0,20.50744963325597,20.812902801944762,6.881169612260891,21.0,0,0.1870971980552376,20.785630309463055,20.5,21.5
1404.0,20.504724377251772,20.81017621739076,6.881761537908451,21.0,0,0.18982378260923838,20.782910371850754,20.5,21.5
1405.0,20.501999784683903,20.80745029711166,6.882352030512742,21.0,0,0.19254970288833917,20.780191094320653,20.5,21.5
1406.0,20.499275855133067,20.80472504068817,6.882941089624076,21.0,0,0.19527495931183125,20.777472476453248,20.5,21.5
1407.0,20.496552588179966,20.802000447701005,6.883528714793861,21.0,0,0.19799955229899524,20.774754517829365,20.5,21.5
1408.0,20.493829983405288,20.799276517730867,6.884114905574593,21.0,0,0.20072348226913306,20.77203721802949,20.5,21.5
1409.0,20.491108040389722,20.79655325035846,6.884699661519864,21.0,0,0.20344674964153953,20.769320576634396,20.5,21.5
1410.0,20.488386758713947,20.79383064516447,6.885282982184357,21.0,0,0.20616935483553078,20.766604593224557,20.5,21.5
1411.0,20.485666137958642,20.791108701729588,6.885864867123846,21.0,0,0.2088912982704123,20.763889267380772,20.5,21.5
1412.0,20.482946177704473,20.78838741963449,6.886445315895202,21.0,0,0.2116125803655109,20.761174598683503,20.5,21.5
1413.0,20.48022687753211,20.785666798459854,6.887024328056388,21.0,0,0.21433320154014623,20.7584605867135,20.5,21.5
1414.0,20.477508237022217,20.78294683778635,6.887601903166459,21.0,0,0.21705316221364868,20.755747231051327,20.5,21.5
1415.0,20.474790255755448,20.78022753719465,6.888178040785569,21.0,0,0.21977246280534857,20.753034531277653,20.5,21.5
1416.0,20.472072933312454,20.777508896265413,6.888752740474962,21.0,0,0.22249110373458691,20.75032248697303,20.5,21.5
1417.0,20.469356269273888,20.774790914579295,6.889326001796981,21.0,0,0.22520908542070472,20.747611097718117,20.5,21.5
1418.0,20.46664026322039,20.772073591716953,6.889897824315062,21.0,0,0.22792640828304656,20.744900363093535,20.5,21.5
1419.0,20.463924914732612,20.769356927259032,6.890468207593736,21.0,0,0.23064307274096763,20.74219028267982,20.5,21.5
1420.0,20.461210223391184,20.76664092078618,6.891037151198633,21.0,0,0.2333590792138196,20.73948085605766,20.5,21.5
1421.0,20.458496188776746,20.763925571879035,6.8916046546964775,21.0,0,0.2360744281209648,20.736772082807583,20.5,21.5
1422.0,20.45578281046993,20.761210880118245,6.892170717655091,21.0,0,0.23878911988175489,20.734063962510344,20.5,21.5
1423.0,20.45307008805137,20.75849684508444,6.892735339643391,21.0,0,0.2415031549155593,20.731356494746397,20.5,21.5
1424.0,20.45035802110169,20.755783466358256,6.893298520231393,21.0,0,0.2442165336417439,20.72864967909641,20.5,21.5
1425.0,20.447646609201517,20.75307074352032,6.893860258990211,21.0,0,0.24692925647968167,20.72594351514094,20.5,21.5
1426.0,20.444935851931476,20.750358676151265,6.894420555492058,21.0,0,0.24964132384873494,20.723238002460732,20.5,21.5
1427.0,20.442225748872186,20.747647263831716,6.894979409310242,21.0,0,0.2523527361682838,20.720533140636228,20.5,21.5
1428.0,20.439516299604275,20.744936506142295,6.895536820019172,21.0,0,0.25506349385770477,20.717828929248086,20.5,21.5
1429.0,20.43680750370836,20.74222640266363,6.8960927871943545,21.0,0,0.25777359733637084,20.71512536787697,20.5,21.5
1430.0,20.434099360765057,20.739516952976338,6.896647310412399,21.0,0,0.2604830470236621,20.712422456103425,20.5,21.5
1431.0,20.431391870354986,20.73680815666104,6.897200389251009,21.0,0,0.2631918433389586,20.709720193508076,20.5,21.5
1432.0,20.428685032058766,20.734100013298356,6.897752023288993,21.0,0,0.26589998670164405,20.7070185796715,20.5,21.5
1433.0,20.425978845457013,20.731392522468905,6.898302212106257,21.0,0,0.26860747753109493,20.704317614174396,20.5,21.5
1434.0,20.423273310130345,20.7286856837533,6.898850955283807,21.0,0,0.27131431624669844,20.701617296597266,20.5,21.5
1435.0,20.420568425659376,20.725979496732165,6.8993982524037545,21.0,0,0.27402050326783467,20.698917626520803,20.5,21.5
1436.0,20.417864191624723,20.723273960986113,6.899944103049305,21.0,0,0.27672603901388726,20.696218603525587,20.5,21.5
1437.0,20.415160607607007,20.720569076095764,6.900488506804772,21.0,0,0.2794309239042363,20.693520227192273,20.5,21.5
1438.0,20.412457673186847,20.717864841641727,6.901031463255567,21.0,0,0.2821351583582725,20.690822497101365,20.5,21.5
1439.0,20.40975538794486,20.71516125720463,6.901572971988207,21.0,0,0.2848387427953689,20.688125412833667,20.5,21.5
1440.0,20.407053751461667,20.712458322365087,6.902113032590307,21.0,0,0.2875416776349127,20.68542897396965,20.5,21.5
1441.0,20.404352763317892,20.70975603670372,6.9026516446505894,21.0,0,0.2902439632962803,20.682733180090043,20.5,21.5
1442.0,20.40165242309416,20.70705439980115,6.903188807758877,21.0,0,0.2929456001988484,20.68003803077547,20.5,21.5
1443.0,20.398952730371093,20.704353411238,6.903724521506096,21.0,0,0.29564658876200056,20.677343525606478,20.5,21.5
1444.0,20.39625368472932,20.701653070594894,6.904258785484277,21.0,0,0.2983469294051062,20.674649664163837,20.5,21.5
1445.0,20.39355528574947,20.69895337745245,6.904791599286557,21.0,0,0.301046622547549,20.671956446028023,20.5,21.5
1446.0,20.390857533012177,20.69625433139131,6.905322962507173,21.0,0,0.30374566860869123,20.669263870779886,20.5,21.5
1447.0,20.388160426098075,20.693555931992094,6.905852874741469,21.0,0,0.3064440680079059,20.666571937999947,20.5,21.5
1448.0,20.385463964587803,20.690858178835438,6.906381335585894,21.0,0,0.30914182116456246,20.663880647268872,20.5,21.5
1449.0,20.382768148062002,20.688161071501973,6.906908344638003,21.0,0,0.31183892849802675,20.66118999816733,20.5,21.5
1450.0,20.380072976101317,20.685464609572342,6.907433901496454,21.0,0,0.31453539042765755,20.658499990276034,20.5,21.5
1451.0,20.377378448286397,20.68276879262719,6.907958005761014,21.0,0,0.3172312073728101,20.655810623175665,20.5,21.5
1452.0,20.374684564197892,20.68007362024715,6.908480657032554,21.0,0,0.3199263797528502,20.65312189644675,20.5,21.5
1453.0,20.37199132341646,20.67737909201288,6.909001854913052,21.0,0,0.32262090798711895,20.650433809670194,20.5,21.5
1454.0,20.369298725522757,20.674685207505036,6.909521599005595,21.0,0,0.3253147924949644,20.64774636242658,20.5,21.5
1455.0,20.366606770097455,20.671991966304265,6.910039888914373,21.0,0,0.3280080336957347,20.645059554296562,20.5,21.5
1456.0,20.36391545672122,20.669299367991233,6.910556724244687,21.0,0,0.3307006320087673,20.642373384860907,20.5,21.5
1457.0,20.361224784974723,20.666607412146597,6.911072104602944,21.0,0,0.3333925878534032,20.639687853700238,20.5,21.5
1458.0,20.35853475443865,20.663916098351034,6.91158602959666,21.0,0,0.3360839016489656,20.63700296039541,20.5,21.5
1459.0,20.355845364693682,20.66122542618522,6.9120984988344585,21.0,0,0.3387745738147814,20.63431870452706,20.5,21.5
1460.0,20.35315661532051,20.658535395229826,6.912609511926071,21.0,0,0.3414646047701737,20.631635085675903,20.5,21.5
1461.0,20.350468505899833,20.655846005065552,6.91311906848234,21.0,0,0.3441539949344481,20.628952103422808,20.5,21.5
1462.0,20.34778103601235,20.65315725527308,6.913627168115215,21.0,0,0.34684274472692067,20.626269757348354,20.5,21.5
1463.0,20.34509420523877,20.6504691454331,6.9141338104377565,21.0,0,0.3495308545669005,20.6235880470333,20.5,21.5
1464.0,20.342408013159808,20.64778167512633,6.914638995064134,21.0,0,0.35221832487367166,20.620906972058616,20.5,21.5
1465.0,20.33972245935619,20.645094843933464,6.915142721609628,21.0,0,0.35490515606653616,20.61822653200482,20.5,21.5
1466.0,20.337037543408638,20.642408651435225,6.91564498969063,21.0,0,0.3575913485647746,20.61554672645284,20.5,21.5
1467.0,20.334353264897896,20.639723097212332,6.916145798924639,21.0,0,0.36027690278766755,20.612867554983403,20.5,21.5
1468.0,20.3316696234047,20.63703818084552,6.916645148930266,21.0,0,0.36296181915448145,20.61018901717738,20.5,21.5
1469.0,20.328986618509806,20.634353901915517,6.917143039327238,21.0,0,0.3656460980844827,20.607511112615505,20.5,21.5
1470.0,20.32630424979397,20.631670260003073,6.917639469736386,21.0,0,0.368329739996927,20.60483384087863,20.5,21.5
1471.0,20.323622516837958,20.628987254688937,6.918134439779659,21.0,0,0.371012745311063,20.602157201547577,20.5,21.5
1472.0,20.320941419222546,20.626304885553868,6.918627949080115,21.0,0,0.37369511444613224,20.599481194203175,20.5,21.5
1473.0,20.31826095652852,20.62362315217863,6.919119997261925,21.0,0,0.37637684782136915,20.59680581842626,20.5,21.5
1474.0,20.315581128336667,20.620942054144002,6.919610583950374,21.0,0,0.3790579458559975,20.59413107379772,20.5,21.5
1475.0,20.31290193422779,20.618261591030766,6.920099708771858,21.0,0,0.38173840896923394,20.5914569598984,20.5,21.5
1476.0,20.310223373782698,20.615581762419716,6.920587371353886,21.0,0,0.3844182375802845,20.58878347630921,20.5,21.5
1477.0,20.30754544658221,20.612902567891645,6.921073571325084,21.0,0,0.3870974321083551,20.58611062261094,20.5,21.5
1478.0,20.30486815220716,20.610224007027377,6.921558308315188,21.0,0,0.38977599297262344,20.583438398384693,20.5,21.5
1479.0,20.302191490238382,20.60754607940772,6.922041581955051,21.0,0,0.39245392059228124,20.58076680321114,20.5,21.5
1480.0,20.299515460256725,20.604868784613505,6.922523391876638,21.0,0,0.3951312153864954,20.578095836671363,20.5,21.5
1481.0,20.29684006184305,20.602192122225574,6.92300373771303,21.0,0,0.39780787777442583,20.57542549834627,20.5,21.5
1482.0,20.294165294578224,20.59951609182478,6.923482619098422,21.0,0,0.4004839081752216,20.57275578781682,20.5,21.5
1483.0,20.29149115804313,20.59684069299197,6.923960035668127,21.0,0,0.4031593070080284,20.570086704663904,20.5,21.5
1484.0,20.288817651818654,20.594165925308026,6.924435987058571,21.0,0,0.40583407469197397,20.56741824846857,20.5,21.5
1485.0,20.286144775485702,20.591491788353824,6.924910472907294,21.0,0,0.40850821164617557,20.56475041881181,20.5,21.5
1486.0,20.283472528625186,20.58881828171025,6.925383492852958,21.0,0,0.41118171828975036,20.5620832152745,20.5,21.5
1487.0,20.28080091081803,20.58614540495821,6.925855046535334,21.0,0,0.4138545950417907,20.559416637437806,20.5,21.5
1488.0,20.278129921645174,20.58347315767862,6.926325133595316,21.0,0,0.4165268423213817,20.556750684882708,20.5,21.5
1489.0,20.275459560687565,20.580801539452402,6.926793753674912,21.0,0,0.419198460547598,20.55408535719024,20.5,21.5
1490.0,20.272789827526164,20.578130549860493,6.927260906417246,21.0,0,0.42186945013950705,20.551420653941403,20.5,21.5
1491.0,20.270120721741943,20.575460188483845,6.927726591466562,21.0,0,0.42453981151615494,20.548756574717366,20.5,21.5
1492.0,20.267452242915887,20.57279045490342,6.92819080846822,21.0,0,0.4272095450965807,20.54609311909916,20.5,21.5
1493.0,20.264784390628996,20.570121348700184,6.928653557068699,21.0,0,0.4298786512998163,20.543430286667828,20.5,21.5
1494.0,20.262117164462286,20.567452869455128,6.929114836915597,21.0,0,0.43254713054487226,20.540768077004568,20.5,21.5
1495.0,20.259450563996776,20.564785016749248,6.929574647657626,21.0,0,0.43521498325075214,20.53810648969045,20.5,21.5
1496.0,20.25678458881351,20.562117790163562,6.930032988944623,21.0,0,0.4378822098364381,20.535445524306702,20.5,21.5
1497.0,20.254119238493537,20.559451189279095,6.9304898604275404,21.0,0,0.44054881072090524,20.532785180434423,20.5,21.5
1498.0,20.251454512617922,20.55678521367688,6.93094526175845,21.0,0,0.4432147863231215,20.530125457654716,20.5,21.5
1499.0,20.24879041076775,20.554119862937974,6.931399192590545,21.0,0,0.44588013706202645,20.527466355548924,20.5,21.5
1500.0,20.246126932524113,20.55145513664344,6.931851652578136,21.0,0,0.44854486335655963,20.52480787369811,20.5,21.5
1501.0,20.243464077468126,20.548791034374364,6.932302641376657,21.0,0,0.4512089656256357,20.522150011683603,20.5,21.5
1502.0,20.240801845180908,20.546127555711838,6.932752158642659,21.0,0,0.4538724442881623,20.519492769086572,20.5,21.5
1503.0,20.2381402352436,20.543464700236974,6.933200204033815,21.0,0,0.45653529976302565,20.51683614548834,20.5,21.5
1504.0,20.235479247237357,20.540802467530895,6.933646777208919,21.0,0,0.4591975324691049,20.514180140470103,20.5,21.5
1505.0,20.232818880743352,20.538140857174742,6.934091877827886,21.0,0,0.46185914282525786,20.511524753613212,20.5,21.5
1506.0,20.23015913534277,20.53547986874967,6.934535505551754,21.0,0,0.46452013125033176,20.50886998449893,20.5,21.5
1507.0,20.22750001061681,20.532819501836848,6.934977660042679,21.0,0,0.46718049816315244,20.50621583270864,20.5,21.5
1508.0,20.224841506146696,20.53015975601747,6.935418340963942,21.0,0,0.46984024398253155,20.503562297823677,20.5,21.5
1509.0,20.222183621513658,20.52750063087273,6.935857547979946,21.0,0,0.4724993691272701,20.500909379425345,20.5,21.5
1510.0,20.21952635629895,20.52484212598385,6.936295280756216,21.0,1,0.4751578740161513,20.498257077095037,20.5,21.5
1511.0,20.23686971008384,20.52618424093206,6.936731538959397,21.0,1,0.47381575906793927,20.53960539041418,20.5,21.5
1512.0,20.254209682449616,20.53152617529862,6.937166322257262,21.0,1,0.46847382470138044,20.584945518964208,20.5,21.5
1513.0,20.271546273777577,20.540867128824797,6.9375996303187035,21.0,1,0.4591328711752034,20.634276664086567,20.5,21.5
1514.0,20.288879484448884,20.554206301411842,6.938031462813739,21.0,1,0.4457936985881581,20.687598027282295,20.5,21.5
1515.0,20.30620931484456,20.571542893120963,6.938461819413509,21.0,1,0.42845710687903704,20.744908810212173,20.5,21.5
1516.0,20.323535765345472,20.588876104173288,6.938890699790278,21.0,1,0.41112389582671227,20.762208214696535,20.5,21.5
1517.0,20.340858836332362,20.606205934949838,6.939318103617435,21.0,1,0.39379406505016235,20.779504242715337,20.5,21.5
1518.0,20.35817852818582,20.62353238583149,6.939744030569494,21.0,1,0.3764676141685115,20.796796894647997,20.5,21.5
1519.0,20.375494841286297,20.64085545719897,6.940168480322091,21.0,1,0.3591445428010296,20.81408617087379,20.5,21.5
1520.0,20.392807776014106,20.65817514943288,6.940591452551993,21.0,1,0.34182485056712153,20.83137207177196,20.5,21.5
1521.0,20.41011733274941,20.675491462913662,6.941012946937085,21.0,1,0.32450853708633787,20.8486545977215,20.5,21.5
1522.0,20.42742351187225,20.69280439802164,6.941432963156382,21.0,1,0.3071956019783606,20.865933749101412,20.5,21.5
1523.0,20.444726313762505,20.710113955136972,6.941851500890023,21.0,1,0.28988604486302805,20.883209526290297,20.5,21.5
1524.0,20.46202573879993,20.7274201346397,6.942268559819272,21.0,1,0.2725798653602993,20.900481929666988,20.5,21.5
1525.0,20.479321787364135,20.744722936909707,6.942684139626523,21.0,1,0.2552770630902934,20.917750959609766,20.5,21.5
1526.0,20.49661445983459,20.76202236232674,6.943098239995292,21.0,1,0.23797763767326074,20.935016616497066,20.5,21.5
1527.0,20.513903756590622,20.779318411270417,6.943510860610225,21.0,1,0.2206815887295832,20.952278900707192,20.5,21.5
1528.0,20.531189678011426,20.7966110841202,6.943922001157093,21.0,1,0.20338891587979901,20.969537812618043,20.5,21.5
1529.0,20.548472224476054,20.813900381255426,6.944331661322793,21.0,1,0.18609961874457426,20.986793352607673,20.5,21.5
1530.0,20.565751396363424,20.831186303055283,6.944739840795354,21.0,1,0.16881369694471715,21.004045521053854,20.5,21.5
1531.0,20.58302719405231,20.848468849898826,6.945146539263926,21.0,1,0.15153115010117446,21.021294318334252,20.5,21.5
1532.0,20.60029961792135,20.865748022164972,6.9455517564187925,21.0,1,0.13425197783502796,21.038539744826437,20.5,21.5
1533.0,20.61756866834905,20.883023820232495,6.945955491951364,21.0,1,0.11697617976750507,21.055781800907724,20.5,21.5
1534.0,20.63483434571377,20.90029624448004,6.9463577455541765,21.0,1,0.09970375551996113,21.07302048695548,20.5,21.5
1535.0,20.652096650393737,20.917565295286103,6.946758516920897,21.0,1,0.08243470471389713,21.090255803346743,20.5,21.5
1536.0,20.669355582767043,20.934830973029044,6.94715780574632,21.0,1,0.06516902697095617,21.107487750458453,20.5,21.5
1537.0,20.68661114321164,20.9520932780871,6.947555611726371,21.0,1,0.047906721912898576,21.124716328667677,20.5,21.5
1538.0,20.703863332105342,20.96935221083836,6.947951934558104,21.0,1,0.030647789161641015,21.141941538350935,20.5,21.5
1539.0,20.72111214982583,20.986607771660772,6.948346773939699,21.0,1,0.01339222833922804,21.1591633798849,20.5,21.5
1540.0,20.738357596750653,21.003859960932154,6.948740129570471,21.0,1,-0.003859960932153683,21.17638185364597,20.5,21.5
1541.0,20.755599673257215,21.021108779030193,6.949132001150861,21.0,1,-0.021108779030193148,21.193596960010588,20.5,21.5
1542.0,20.772838379722796,21.038354226332423,6.9495223883824435,21.0,1,-0.038354226332423025,21.210808699354722,20.5,21.5
1543.0,20.790073716524528,21.05559630321626,6.94991129096792,21.0,1,-0.05559630321625875,21.228017072054616,20.5,21.5
1544.0,20.807305684039417,21.072835010058974,6.950298708611126,21.0,1,-0.07283501005897364,21.245222078486123,20.5,21.5
1545.0,20.824534282644333,21.09007034723771,6.950684641017025,21.0,1,-0.09007034723770957,21.26242371902507,20.5,21.5
1546.0,20.841759512716006,21.107302315129466,6.951069087891713,21.0,1,-0.10730231512946631,21.279621994047034,20.5,21.5
1547.0,20.858981374631043,21.124530914111116,6.951452048942417,21.0,1,-0.12453091411111572,21.29681690392761,20.5,21.5
1548.0,20.876199868765905,21.14175614455939,6.951833523877495,21.0,1,-0.14175614455939112,21.314008449042145,20.5,21.5
1549.0,20.893414995496926,21.158978006850894,6.952213512406438,21.0,1,-0.15897800685089436,21.331196629765927,20.5,21.5
1550.0,20.91062675520031,21.17619650136209,6.952592014239867,21.0,1,-0.17619650136208875,21.348381446474033,20.5,21.5
1551.0,20.927835148252115,21.19341162846931,6.952969029089537,21.0,1,-0.1934116284693097,21.36556289954152,20.5,21.5
1552.0,20.945040175028282,21.210623388548758,6.953344556668336,21.0,1,-0.21062338854875762,21.382740989343237,20.5,21.5
1553.0,20.96224183590461,21.227831781976498,6.9537185966902815,21.0,1,-0.2278317819764979,21.3999157162539,20.5,21.5
1554.0,20.979440131256766,21.245036809128468,6.954091148870527,21.0,1,-0.24503680912846804,21.41708708064817,20.5,21.5
1555.0,20.99663506146029,21.262238470380463,6.954462212925358,21.0,1,-0.26223847038046344,21.434255082900417,20.5,21.5
1556.0,21.01382662689058,21.279436766108155,6.954831788572192,21.0,1,-0.27943676610815515,21.451419723385072,20.5,21.5
1557.0,21.031014827922917,21.296631696687083,6.955199875529582,21.0,1,-0.2966316966870828,21.46858100247636,20.5,21.5
1558.0,21.048199664932437,21.31382326249265,6.955566473517212,21.0,1,-0.3138232624926509,21.485738920548332,20.5,21.5
1559.0,21.065381138294153,21.33101146390013,6.9559315822559045,21.0,0,-0.33101146390012914,21.50289347797491,20.5,21.5
1560.0,21.062559248382946,21.344196301284658,6.956295201467611,21.0,0,-0.34419630128465784,21.476044675129945,20.5,21.5
1561.0,21.059737995573563,21.353378575021253,6.956657330875421,21.0,0,-0.353378575021253,21.445201312387205,20.5,21.5
1562.0,21.056917379440623,21.358559085324796,6.957017970203557,21.0,0,-0.35855908532479575,21.410364188360223,20.5,21.5
1563.0,21.054097399558774,21.359738632250064,6.957377119177376,21.0,0,-0.35973863225006397,21.371534101502746,20.5,21.5
1564.0,21.0512780555027,21.35691801569177,6.95773477752337,21.0,0,-0.35691801569177173,21.32871185010885,20.5,21.5
1565.0,21.048459346847103,21.354098035384602,6.958090944969168,21.0,0,-0.3540980353846024,21.32589823231291,20.5,21.5
1566.0,21.045641273166726,21.351278690903236,6.9584456212435315,21.0,0,-0.3512786909032357,21.32308524608957,20.5,21.5
1567.0,21.04282383403634,21.34845998182238,6.95879880607636,21.0,0,-0.3484599818223799,21.320272891013822,20.5,21.5
1568.0,21.04000702903075,21.34564190771677,6.959150499198688,21.0,0,-0.3456419077167716,21.31746116666069,20.5,21.5
1569.0,21.037190857724784,21.342824468161187,6.959500700342685,21.0,0,-0.3428244681611865,21.314650072605335,20.5,21.5
1570.0,21.034375319693307,21.340007662730425,6.959849409241659,21.0,0,-0.34000766273042515,21.31183960842281,20.5,21.5
1571.0,21.031560414511215,21.337191490999324,6.9601966256300525,21.0,0,-0.33719149099932366,21.30902977368831,20.5,21.5
1572.0,21.02874614175344,21.334375952542743,6.960542349243443,21.0,0,-0.334375952542743,21.306220567976936,20.5,21.5
1573.0,21.025932500994937,21.331561046935583,6.960886579818551,21.0,0,-0.3315610469355832,21.303411990863985,20.5,21.5
1574.0,21.023119491810704,21.328746773752766,6.961229317093226,21.0,0,-0.3287467737527656,21.30060404192459,20.5,21.5
1575.0,21.02030711377576,21.325933132569254,6.961570560806461,21.0,0,-0.32593313256925427,21.29779672073414,20.5,21.5
1576.0,21.017495366465166,21.323120122960045,6.961910310698383,21.0,0,-0.3231201229600451,21.294990026867954,20.5,21.5
1577.0,21.014684249454014,21.320307744500163,6.962248566510258,21.0,0,-0.32030774450016253,21.292183959901337,20.5,21.5
1578.0,21.011873762317425,21.317495996764656,6.96258532798449,21.0,0,-0.3174959967646558,21.28937851940959,20.5,21.5
1579.0,21.00906390463056,21.31468487932863,6.96292059486462,21.0,0,-0.314684879328631,21.286573704968383,20.5,21.5
1580.0,21.006254675968606,21.311874391767198,6.9632543668953275,21.0,0,-0.3118743917671978,21.283769516152866,20.5,21.5
1581.0,21.00344607590679,21.309064533655523,6.963586643822431,21.0,0,-0.30906453365552267,21.28096595253877,20.5,21.5
1582.0,21.000638104020375,21.306255304568793,6.9639174253928875,21.0,0,-0.30625530456879346,21.2781630137015,20.5,21.5
1583.0,20.99783075988465,21.30344670408224,6.964246711354791,21.0,0,-0.3034467040822406,21.275360699216712,20.5,21.5
1584.0,20.995024043074945,21.300638731771116,6.964574501457378,21.0,0,-0.3006387317711159,21.27255900865987,20.5,21.5
1585.0,20.992217953166623,21.29783138721072,6.964900795451019,21.0,0,-0.2978313872107208,21.26975794160677,20.5,21.5
1586.0,20.98941248973508,21.295024669976378,6.96522559308723,21.0,0,-0.2950246699763781,21.26695749763295,20.5,21.5
1587.0,20.98660765235575,21.292218579643453,6.965548894118663,21.0,0,-0.2922185796434533,21.264157676314206,20.5,21.5
1588.0,20.983803440604103,21.289413115787347,6.965870698299108,21.0,0,-0.2894131157873474,21.26135847722629,20.5,21.5
1589.0,20.980999854055643,21.286608277983483,6.9661910053835,21.0,0,-0.28660827798348265,21.258559899944835,20.5,21.5
1590.0,20.978196892285908,21.283804065807338,6.966509815127909,21.0,0,-0.2838040658073382,21.255761944045894,20.5,21.5
1591.0,20.975394554870476,21.281000478834418,6.966827127289549,21.0,0,-0.28100047883441803,21.252964609105216,20.5,21.5
1592.0,20.97259284138496,21.278197516640258,6.967142941626772,21.0,0,-0.27819751664025816,21.25016789469866,20.5,21.5
1593.0,20.96979175140501,21.27539517880044,6.967457257899071,21.0,0,-0.27539517880044073,21.247371800402266,20.5,21.5
1594.0,20.966991284506307,21.27259346489057,6.967770075867083,21.0,0,-0.27259346489056924,21.244576325791854,20.5,21.5
1595.0,20.964191440264578,21.269792374486308,6.9680813952925815,21.0,0,-0.26979237448630755,21.24178147044369,20.5,21.5
1596.0,20.961392218255583,21.266991907163327,6.9683912159384835,21.0,0,-0.26699190716332666,21.238987233933518,20.5,21.5
1597.0,20.95859361805512,21.264192062497358,6.968699537568848,21.0,0,-0.26419206249735794,21.23619361583767,20.5,21.5
1598.0,20.95579563923902,21.26139284006416,6.969006359948873,21.0,0,-0.2613928400641612,21.233400615732194,20.5,21.5
1599.0,20.952998281383163,21.25859423943953,6.969311682844902,21.0,0,-0.25859423943953175,21.230608233193237,20.5,21.5
1600.0,20.950201544063454,21.255796260199308,6.969615506024416,21.0,0,-0.25579626019930757,21.227816467797066,20.5,21.5
1601.0,20.947405426855845,21.252998901919362,6.969917829256042,21.0,0,-0.25299890191936214,21.225025319119908,20.5,21.5
1602.0,20.944609929336323,21.2502021641756,6.970218652309548,21.0,0,-0.2502021641756009,21.22223478673799,20.5,21.5
1603.0,20.94181505108092,21.24740604654398,6.970517974955843,21.0,0,-0.24740604654397913,21.21944487022776,20.5,21.5
1604.0,20.939020791665694,21.244610548600484,6.97081579696698,21.0,0,-0.24461054860048392,21.216655569165532,20.5,21.5
1605.0,20.936227150666756,21.241815669921145,6.971112118116156,21.0,0,-0.24181566992114512,21.213866883127757,20.5,21.5
1606.0,20.933434127660245,21.239021410082024,6.971406938177707,21.0,0,-0.2390214100820245,21.211078811690818,20.5,21.5
1607.0,20.930641722222347,21.23622776865923,6.971700256927117,21.0,0,-0.23622776865923,21.208291354431285,20.5,21.5
1608.0,20.927849933929288,21.233434745228905,6.97199207414101,21.0,0,-0.23343474522890517,21.205504510925657,20.5,21.5
1609.0,20.92505876235733,21.230642339367233,6.972282389597154,21.0,0,-0.23064233936723255,21.202718280750506,20.5,21.5
1610.0,20.92226820708278,21.227850550650437,6.972571203074462,21.0,0,-0.22785055065043736,21.199932663482485,20.5,21.5
1611.0,20.919478267681978,21.225059378654784,6.972858514352991,21.0,0,-0.22505937865478387,21.19714765869825,20.5,21.5
1612.0,20.916688943731312,21.222268822956575,6.973144323213939,21.0,0,-0.22226882295657546,21.19436326597449,20.5,21.5
1613.0,20.91390023480721,21.21947888313216,6.973428629439651,21.0,0,-0.21947888313216168,21.191579484888024,20.5,21.5
1614.0,20.911112140486136,21.21668955875792,6.973711432813614,21.0,0,-0.2166895587579205,21.18879631501551,20.5,21.5
1615.0,20.9083246603446,21.213900849410287,6.973992733120464,21.0,0,-0.21390084941028675,21.18601375593395,20.5,21.5
1616.0,20.905537793959155,21.21111275466572,6.974272530145976,21.0,0,-0.2111127546657201,21.183231807220054,20.5,21.5
1617.0,20.902751540906394,21.208325274100737,6.974550823677073,21.0,0,-0.2083252741007371,21.180450468450907,20.5,21.5
1618.0,20.899965900762947,21.205538407291883,6.974827613501823,21.0,0,-0.20553840729188266,21.17766973920334,20.5,21.5
1619.0,20.897180873105494,21.202752153815755,6.975102899409437,21.0,0,-0.20275215381575507,21.17488961905448,20.5,21.5
1620.0,20.894396457510755,21.199966513248985,6.9753766811902755,21.0,0,-0.1999665132489845,21.17211010758128,20.5,21.5
1621.0,20.89161265355549,21.19718148516825,6.975648958635839,21.0,0,-0.19718148516825096,21.169331204360915,20.5,21.5
1622.0,20.888829460816506,21.194397069150277,6.975919731538778,21.0,0,-0.194397069150277,21.166552908970537,20.5,21.5
1623.0,20.88604687887065,21.191613264771817,6.976188999692887,21.0,0,-0.19161326477181717,21.16377522098722,20.5,21.5
1624.0,20.883264907294816,21.18883007160968,6.976456762893106,21.0,0,-0.18883007160967935,21.1609981399883,20.5,21.5
1625.0,20.880483545665935,21.186047489240718,6.9767230209355215,21.0,0,-0.18604748924071757,21.1582216655511,20.5,21.5
1626.0,20.87770279356099,21.183265517241818,6.976987773617367,21.0,0,-0.18326551724181783,21.15544579725282,20.5,21.5
1627.0,20.874922650557,21.180484155189916,6.977251020737022,21.0,0,-0.1804841551899159,21.152670534670897,20.5,21.5
1628.0,20.872143116231037,21.177703402661994,6.977512762094012,21.0,0,-0.1777034026619937,21.14989587738277,20.5,21.5
1629.0,20.86936419016021,21.174923259235072,6.977772997489009,21.0,0,-0.17492325923507224,21.147121824965858,20.5,21.5
1630.0,20.866585871921675,21.172143724486222,6.978031726723834,21.0,0,-0.17214372448622228,21.144348376997723,20.5,21.5
1631.0,20.863808161092635,21.16936479799255,6.978288949601452,21.0,0,-0.1693647979925501,21.14157553305583,20.5,21.5
1632.0,20.861031057250337,21.166586479331222,6.978544665925977,21.0,0,-0.1665864793312224,21.138803292717945,20.5,21.5
1633.0,20.85825455997207,21.163808768079427,6.97879887550267,21.0,0,-0.16380876807942713,21.136031655561474,20.5,21.5
1634.0,20.855478668835175,21.16103166381442,6.9790515781379385,21.0,0,-0.1610316638144198,21.133260621164347,20.5,21.5
1635.0,20.852703383417037,21.15825516611349,6.979302773639341,21.0,0,-0.15825516611349144,21.130490189104208,20.5,21.5
1636.0,20.84992870329508,21.15547927455398,6.979552461815578,21.0,0,-0.15547927455397925,21.127720358958857,20.5,21.5
1637.0,20.847154628046784,21.152703988713267,6.979800642476503,21.0,0,-0.15270398871326663,21.12495113030614,20.5,21.5
1638.0,20.84438115724967,21.149929308168787,6.980047315433115,21.0,0,-0.1499293081687867,21.122182502723987,20.5,21.5
1639.0,20.841608290481307,21.147155232498015,6.980292480497562,21.0,0,-0.1471552324980152,21.1194144757903,20.5,21.5
1640.0,20.83883602731931,21.144381761278474,6.98053613748314,21.0,0,-0.14438176127847413,21.116647049083063,20.5,21.5
1641.0,20.836064367341343,21.141608894087728,6.980778286204295,21.0,0,-0.14160889408772803,21.113880222180267,20.5,21.5
1642.0,20.833293310125114,21.13883663050339,6.981018926476618,21.0,0,-0.13883663050339123,21.111113994660023,20.5,21.5
1643.0,20.830522855248386,21.136064970103135,6.981258058116851,21.0,0,-0.1360649701031349,21.10834836610057,20.5,21.5
1644.0,20.82775300228896,21.133293912464666,6.981495680942887,21.0,0,-0.1332939124646657,21.105583336079974,20.5,21.5
1645.0,20.824983750824693,21.130523457165744,6.981731794773765,21.0,0,-0.13052345716574365,21.102818904176523,20.5,21.5
1646.0,20.822215100433482,21.127753603784168,6.981966399429672,21.0,0,-0.12775360378416778,21.10005506996841,20.5,21.5
1647.0,20.81944705069328,21.1249843518978,6.982199494731949,21.0,0,-0.1249843518978011,21.097291833034134,20.5,21.5
1648.0,20.816679601182088,21.122215701084542,6.982431080503083,21.0,0,-0.12221570108454216,21.094529192951953,20.5,21.5
1649.0,20.81391275147795,21.119447650922343,6.982661156566712,21.0,0,-0.11944765092234277,21.09176714930035,20.5,21.5
1650.0,20.81114650115897,21.116680200989197,6.982889722747621,21.0,0,-0.1166802009891974,21.089005701657744,20.5,21.5
1651.0,20.80838084980329,21.11391335086316,6.983116778871748,21.0,0,-0.1139133508631609,21.086244849602796,20.5,21.5
1652.0,20.805615796989102,21.111147100122324,6.9833423247661806,21.0,0,-0.11114710012232365,21.08348459271395,20.5,21.5
1653.0,20.80285134229466,21.108381448344836,6.983566360259156,21.0,0,-0.10838144834483643,21.080724930569964,20.5,21.5
1654.0,20.800087485298253,21.1056163951089,6.98378888518006,21.0,0,-0.10561639510889975,21.077965862749533,20.5,21.5
1655.0,20.79732422557823,21.102851939992753,6.98400989935943,21.0,0,-0.10285193999275322,21.075207388831288,20.5,21.5
1656.0,20.794561562712985,21.10008808257469,6.984229402628955,21.0,0,-0.10008808257468971,21.072449508394055,20.5,21.5
1657.0,20.79179949628097,21.097324822433063,6.9844473948214745,21.0,0,-0.09732482243306251,21.06969222101679,20.5,21.5
1658.0,20.789038025860677,21.094562159146268,6.984663875770977,21.0,0,-0.09456215914626753,21.066935526278318,20.5,21.5
1659.0,20.78627715103066,21.09180009229275,6.984878845312603,21.0,0,-0.09180009229275043,21.06417942375758,20.5,21.5
1660.0,20.783516871369518,21.089038621451003,6.985092303282644,21.0,0,-0.08903862145100305,21.06142391303353,20.5,21.5
1661.0,20.7807571864559,21.08627774619959,6.985304249518542,21.0,0,-0.08627774619958828,21.05866899368544,20.5,21.5
1662.0,20.777998095868515,21.083517466117097,6.9855146838588915,21.0,0,-0.08351746611709743,21.05591466529219,20.5,21.5
1663.0,20.77523959918611,21.080757780782186,6.985723606143436,21.0,0,-0.08075778078218576,21.05316092743307,20.5,21.5
1664.0,20.7724816959875,21.07799868977356,6.985931016213074,21.0,0,-0.07799868977355828,21.050407779687283,20.5,21.5
1665.0,20.769724385851546,21.075240192669963,6.986136913909853,21.0,0,-0.07524019266996262,21.047655221634006,20.5,21.5
1666.0,20.766967668357157,21.072482289050217,6.986341299076972,21.0,0,-0.07248228905021747,21.044903252852766,20.5,21.5
1667.0,20.764211543083302,21.069724978493173,6.986544171558784,21.0,0,-0.0697249784931735,21.042151872922734,20.5,21.5
1668.0,20.761456009609,21.06696826057775,6.986745531200793,21.0,0,-0.06696826057774885,21.039401081423502,20.5,21.5
1669.0,20.758701067513318,21.06421213488291,6.986945377849654,21.0,0,-0.06421213488291144,21.036650877934537,20.5,21.5
1670.0,20.755946716375384,21.06145660098768,6.987143711353175,21.0,0,-0.06145660098767891,21.033901262035354,20.5,21.5
1671.0,20.75319295577438,21.058701658471126,6.987340531560317,21.0,0,-0.05870165847112574,21.031152233305594,20.5,21.5
1672.0,20.750439785289537,21.055947306912373,6.987535838321193,21.0,0,-0.055947306912372596,21.02840379132484,20.5,21.5
1673.0,20.747687204500142,21.0531935458906,6.987729631487067,21.0,0,-0.053193545890600546,21.02565593567288,20.5,21.5
1674.0,20.74493521298554,21.050440374985044,6.98792191091036,21.0,0,-0.050440374985043945,21.022908665929478,20.5,21.5
1675.0,20.742183810325123,21.04768779377499,6.988112676444639,21.0,0,-0.04768779377499044,21.020161981674455,20.5,21.5
1676.0,20.739432996098348,21.044935801839788,6.988301927944631,21.0,0,-0.04493580183978807,21.017415882487764,20.5,21.5
1677.0,20.736682769884716,21.042184398758824,6.9884896652662105,21.0,0,-0.04218439875882396,21.014670367949183,20.5,21.5
1678.0,20.733933131263793,21.039433584111556,6.9886758882664095,21.0,0,-0.039433584111556286,21.01192543763888,20.5,21.5
1679.0,20.731184079815193,21.036683357477486,6.988860596803409,21.0,0,-0.036683357477485856,21.00918109113678,20.5,21.5
1680.0,20.728435615118592,21.03393371843618,6.989043790736547,21.0,0,-0.03393371843618098,21.006437328023132,20.5,21.5
1681.0,20.725687736753716,21.031184666567253,6.989225469926312,21.0,0,-0.031184666567252606,21.00369414787797,20.5,21.5
1682.0,20.722940444300352,21.028436201450383,6.989405634234348,21.0,0,-0.028436201450382725,21.000951550281684,20.5,21.5
1683.0,20.720193737338338,21.02568832266529,6.9895842835234525,21.0,0,-0.025688322665288865,20.99820953481435,20.5,21.5
1684.0,20.717447615447576,21.022941029791767,6.989761417657577,21.0,0,-0.02294102979176671,20.995468101056545,20.5,21.5
1685.0,20.714702078208017,21.02019432240965,6.989937036501823,21.0,0,-0.020194322409651022,20.992727248588494,20.5,21.5
1686.0,20.711957125199675,21.01744820009884,6.990111139922453,21.0,0,-0.017448200098840516,20.989986976990735,20.5,21.5
1687.0,20.709212756002618,21.014702662439294,6.990283727786877,21.0,0,-0.0147026624392943,20.987247285843832,20.5,21.5
1688.0,20.706468970196976,21.01195770901102,6.990454799963662,21.0,0,-0.011957709011021223,20.98450817472829,20.5,21.5
1689.0,20.70372576736293,21.009213339394094,6.990624356322531,21.0,0,-0.009213339394094078,20.981769643224823,20.5,21.5
1690.0,20.70098314708072,21.006469553168635,6.990792396734357,21.0,0,-0.0064695531686354,20.97903169091405,20.5,21.5
1691.0,20.698241108930652,21.00372634991483,6.990958921071172,21.0,0,-0.0037263499148316725,20.976294317376794,20.5,21.5
1692.0,20.69549965249308,21.000983729212926,6.99112392920616,21.0,0,-0.000983729212926221,20.97355752219387,20.5,21.5
1693.0,20.692758777348423,20.998241690643216,6.991287421013659,21.0,0,0.0017583093567843378,20.97082130494611,20.5,21.5
1694.0,20.690018483077157,20.99550023378606,6.991449396369164,21.0,0,0.004499766213939438,20.96808566521451,20.5,21.5
1695.0,20.687278769259816,20.992759358221882,6.991609855149323,21.0,0,0.007240641778118118,20.965350602580095,20.5,21.5
1696.0,20.684539635476995,20.990019063531147,6.9917687972319404,21.0,0,0.00998093646885323,20.962616116623796,20.5,21.5
1697.0,20.681801081309345,20.9872793492944,6.991926222495975,21.0,0,0.012720650705599468,20.959882206926938,20.5,21.5
1698.0,20.679063106337583,20.98454021509223,6.992082130821539,21.0,0,0.015459784907768892,20.957148873070537,20.5,21.5
1699.0,20.67632571014248,20.981801660505294,6.992236522089903,21.0,0,0.01819833949470606,20.954416114635922,20.5,21.5
1700.0,20.673588892304867,20.979063685114305,6.992389396183491,21.0,0,0.02093631488569514,20.951683931204414,20.5,21.5
1701.0,20.670852652405642,20.976326288500033,6.9925407529858825,21.0,0,0.023673711499967,20.948952322357314,20.5,21.5
1702.0,20.66811699002576,20.97358947024332,6.992690592381813,21.0,0,0.026410529756681456,20.946221287676174,20.5,21.5
1703.0,20.66538190474623,20.970853229925048,6.992838914257173,21.0,0,0.029146770074952144,20.94349082674234,20.5,21.5
1704.0,20.66264739614813,20.96811756712618,6.992985718499009,21.0,0,0.03188243287382164,20.940760939137483,20.5,21.5
1705.0,20.6599134638126,20.965382481427724,6.993131004995523,21.0,0,0.034617518572275685,20.938031624443184,20.5,21.5
1706.0,20.657180107320837,20.962647972410764,6.993274773636073,21.0,0,0.03735202758923606,20.93530288224116,20.5,21.5
1707.0,20.6544473262541,20.959914039656432,6.9934170243111735,21.0,0,0.040085960343567706,20.932574712113116,20.5,21.5
1708.0,20.65171512019371,20.95718068274593,6.9935577569124945,21.0,0,0.04281931725407162,20.92984711364089,20.5,21.5
1709.0,20.648983488721054,20.954447901260515,6.993696971332861,21.0,0,0.04555209873948485,20.927120086406383,20.5,21.5
1710.0,20.646252431417576,20.95171569478151,6.993834667466256,21.0,0,0.04828430521849114,20.924393629991446,20.5,21.5
1711.0,20.643521947864787,20.9489840628903,6.9939708452078175,21.0,0,0.05101593710969965,20.921667743978215,20.5,21.5
1712.0,20.640792037644257,20.946253005168334,6.994105504453841,21.0,0,0.05374699483166623,20.918942427948668,20.5,21.5
1713.0,20.63806270033762,20.943522521197117,6.994238645101776,21.0,0,0.056477478802882786,20.91621768148495,20.5,21.5
1714.0,20.635333935526575,20.94079261055822,6.994370267050232,21.0,0,0.05920738944178083,20.91349350416924,20.5,21.5
1715.0,20.63260574279288,20.93806327283328,6.994500370198971,21.0,0,0.06193672716672083,20.91076989558388,20.5,21.5
1716.0,20.62987812171836,20.935334507603994,6.994628954448916,21.0,0,0.06466549239600639,20.908046855311138,20.5,21.5
1717.0,20.627151071884906,20.932606314452123,6.994756019702144,21.0,0,0.06739368554787717,20.905324382933415,20.5,21.5
1718.0,20.62442459287447,20.929878692959495,6.994881565861888,21.0,0,0.07012130704050534,20.902602478033213,20.5,21.5
1719.0,20.621698684269067,20.927151642707994,6.99500559283254,21.0,0,0.07284835729200623,20.899881140192985,20.5,21.5
1720.0,20.61897334565078,20.924425163279572,6.995128100519649,21.0,0,0.07557483672042764,20.89716036899536,20.5,21.5
1721.0,20.616248576601752,20.921699254256254,6.995249088829918,21.0,0,0.07830074574374635,20.894440164023067,20.5,21.5
1722.0,20.6135243767042,20.918973915220114,6.995368557671211,21.0,0,0.08102608477988582,20.89172052485872,20.5,21.5
1723.0,20.61080074554039,20.916249145753298,6.995486506952545,21.0,0,0.08375085424670203,20.889001451085136,20.5,21.5
1724.0,20.608077682692674,20.91352494543802,6.9956029365841,21.0,0,0.0864750545619799,20.88628294228524,20.5,21.5
1725.0,20.605355187743452,20.910801313856552,6.995717846477207,21.0,0,0.0891986861434475,20.883564998041876,20.5,21.5
1726.0,20.602633260275198,20.908078250591238,6.995831236544358,21.0,0,0.09192174940876185,20.880847617938095,20.5,21.5
1727.0,20.599911899870452,20.90535575522449,6.995943106699201,21.0,0,0.09464424477550892,20.87813080155702,20.5,21.5
1728.0,20.59719110611182,20.902633827338775,6.996053456856544,21.0,0,0.09736617266122494,20.875414548481615,20.5,21.5
1729.0,20.594470878581966,20.899912466516632,6.996162286932347,21.0,0,0.10008753348336796,20.8726988582952,20.5,21.5
1730.0,20.591751216863635,20.89719167234067,6.996269596843733,21.0,0,0.10280832765932857,20.869983730581065,20.5,21.5
1731.0,20.58903212053963,20.89447144439356,6.996375386508983,21.0,0,0.10552855560644048,20.86726916492244,20.5,21.5
1732.0,20.586313589192827,20.891751782258034,6.996479655847531,21.0,0,0.10824821774196636,20.864555160902775,20.5,21.5
1733.0,20.583595622406158,20.889032685516902,6.996582404779971,21.0,0,0.11096731448309782,20.861841718105588,20.5,21.5
1734.0,20.58087821976263,20.886314153753037,6.996683633228057,21.0,0,0.11368584624696254,20.85912883611439,20.5,21.5
1735.0,20.578161380845323,20.883596186549376,6.996783341114698,21.0,0,0.11640381345062423,20.85641651451276,20.5,21.5
1736.0,20.575445105237378,20.880878783488924,6.9968815283639625,21.0,0,0.11912121651107554,20.85370475288441,20.5,21.5
1737.0,20.572729392522003,20.878161944154762,6.996978194901076,21.0,0,0.1218380558452381,20.850993550813136,20.5,21.5
1738.0,20.57001424228248,20.875445668130023,6.997073340652424,21.0,0,0.12455433186997666,20.848282907882638,20.5,21.5
1739.0,20.567299654102154,20.87272995499793,6.9971669655455475,21.0,0,0.12727004500207073,20.84557282367699,20.5,21.5
1740.0,20.564585627564444,20.87001480434175,6.9972590695091474,21.0,0,0.12998519565825006,20.842863297779957,20.5,21.5
1741.0,20.561872162252833,20.86730021574484,6.997349652473083,21.0,0,0.13269978425515916,20.84015432977575,20.5,21.5
1742.0,20.559159257750878,20.864586188790618,6.997438714368372,21.0,0,0.13541381120938212,20.83744591924839,20.5,21.5
1743.0,20.5564469136422,20.86187272306256,6.997526255127189,21.0,0,0.1381272769374391,20.83473806578199,20.5,21.5
1744.0,20.5537351295105,20.859159818144228,6.997612274682868,21.0,0,0.14084018185577207,20.832030768960898,20.5,21.5
1745.0,20.551023904939534,20.856447473619248,6.997696772969901,21.0,0,0.143552526380752,20.82932402836945,20.5,21.5
1746.0,20.54831323951314,20.85373568907131,6.99777974992394,21.0,0,0.1462643109286894,20.826617843591936,20.5,21.5
1747.0,20.54560313281522,20.851024464084183,6.997861205481794,21.0,0,0.1489755359158167,20.82391221421291,20.5,21.5
1748.0,20.542893584429752,20.84831379824169,6.997941139581429,21.0,0,0.15168620175830938,20.821207139816764,20.5,21.5
1749.0,20.540184593940783,20.84560369112775,6.998019552161975,21.0,0,0.15439630887225064,20.818502619988337,20.5,21.5
1750.0,20.537476160932428,20.842894142326326,6.998096443163716,21.0,0,0.1571058576736739,20.815798654312093,20.5,21.5
1751.0,20.534768284988875,20.840185151421473,6.998171812528096,21.0,0,0.15981484857852735,20.81309524237294,20.5,21.5
1752.0,20.532060965694384,20.837476717997305,6.998245660197717,21.0,0,0.16252328200269517,20.810392383755627,20.5,21.5
1753.0,20.529354202633286,20.83476884163801,6.9983179861163425,21.0,0,0.16523115836199054,20.807690078045056,20.5,21.5
1754.0,20.526647995389983,20.832061521927848,6.998388790228892,21.0,0,0.167938478072152,20.804988324826233,20.5,21.5
1755.0,20.52394234354895,20.829354758451153,6.998458072481446,21.0,0,0.17064524154884708,20.802287123684202,20.5,21.5
1756.0,20.521237246694735,20.82664855079232,6.998525832821242,21.0,0,0.1733514492076793,20.799586474204,20.5,21.5
1757.0,20.51853270441196,20.82394289853584,6.998592071196679,21.0,0,0.17605710146415987,20.796886375971035,20.5,21.5
1758.0,20.515828716285316,20.821237801266243,6.998656787557312,21.0,0,0.17876219873375732,20.79418682857027,20.5,21.5
1759.0,20.51312528189957,20.818533258568163,6.998719981853858,21.0,0,0.18146674143183716,20.791487831587364,20.5,21.5
1760.0,20.51042240083956,20.815829270026285,6.998781654038192,21.0,0,0.1841707299737152,20.788789384607504,20.5,21.5
1761.0,20.507720072690198,20.813125835225378,6.998841804063346,21.0,0,0.18687416477462193,20.78609148721631,20.5,21.5
1762.0,20.50501829703647,20.81042295375028,6.998900431883515,21.0,0,0.18957704624972038,20.783394138999295,20.5,21.5
1763.0,20.50231707346344,20.8077206251859,6.99895753745405,21.0,0,0.19227937481409896,20.780697339542115,20.5,21.5
1764.0,20.49961640155624,20.805018849117236,6.999013120731464,21.0,0,0.19498115088276435,20.77800108843058,20.5,21.5
1765.0,20.496916280900074,20.80231762512934,6.999067181673426,21.0,0,0.19768237487065932,20.77530538525039,20.5,21.5
1766.0,20.494216711080227,20.799616952807344,6.9991197202387685,21.0,0,0.20038304719265554,20.772610229587382,20.5,21.5
1767.0,20.49151769168206,20.79691683173646,6.999170736387479,21.0,0,0.20308316826353945,20.76991562102762,20.5,21.5
1768.0,20.488819222291,20.794217261501974,6.9992202300807085,21.0,0,0.20578273849802642,20.767221559157104,20.5,21.5
1769.0,20.486121302492556,20.79151824168924,6.999268201280764,21.0,0,0.20848175831076077,20.764528043561896,20.5,21.5
1770.0,20.483423931872313,20.788819771883684,6.999314649951114,21.0,0,0.21118022811631576,20.761835073828134,20.5,21.5
1771.0,20.480727110015927,20.786121851670824,6.999359576056387,21.0,0,0.21387814832917584,20.759142649542223,20.5,21.5
1772.0,20.478030836509134,20.78342448063624,6.999402979562366,21.0,0,0.21657551936376152,20.75645077029038,20.5,21.5
1773.0,20.475335110937745,20.78072765836559,6.999444860436001,21.0,0,0.21927234163441156,20.753759435659088,20.5,21.5
1774.0,20.472639932887645,20.778031384444606,6.999485218645397,21.0,0,0.2219686155553937,20.751068645234785,20.5,21.5
1775.0,20.469945301944797,20.775335658459102,6.999524054159818,21.0,0,0.22466434154089754,20.748378398604064,20.5,21.5
1776.0,20.46725121769524,20.772640479994966,6.999561366949691,21.0,0,0.22735952000503445,20.745688695353596,20.5,21.5
1777.0,20.46455767972509,20.769945848638155,6.999597156986599,21.0,0,0.23005415136184482,20.74299953507005,20.5,21.5
1778.0,20.46186468762054,20.767251763974716,6.999631424243288,21.0,0,0.23274823602528372,20.740310917340327,20.5,21.5
1779.0,20.459172240967863,20.764558225590758,6.999664168693662,21.0,0,0.2354417744092423,20.737622841751172,20.5,21.5
1780.0,20.45648033935341,20.761865233072477,6.999695390312782,21.0,0,0.2381347669275229,20.73493530788967,20.5,21.5
1781.0,20.4537889823636,20.75917278600615,6.9997250890768745,21.0,0,0.24082721399384965,20.732248315342883,20.5,21.5
1782.0,20.451098169584945,20.75648088397812,6.999753264963321,21.0,0,0.24351911602187926,20.729561863697825,20.5,21.5
1783.0,20.44840790060402,20.753789526574817,6.999779917950665,21.0,0,0.2462104734251831,20.72687595254178,20.5,21.5
1784.0,20.44571817500749,20.751098713382742,6.999805048018608,21.0,0,0.24890128661725797,20.724190581461993,20.5,21.5
1785.0,20.44302899238209,20.748408443988478,6.999828655148014,21.0,0,0.2515915560115225,20.721505750045832,20.5,21.5
1786.0,20.440340352314642,20.745718717978686,6.9998507393209035,21.0,0,0.2542812820213136,20.718821457880775,20.5,21.5
1787.0,20.437652254392045,20.743029534940106,6.99987130052046,21.0,0,0.2569704650598936,20.716137704554306,20.5,21.5
1788.0,20.43496469820127,20.740340894459557,6.999890338731024,21.0,0,0.25965910554044314,20.71345448965406,20.5,21.5
1789.0,20.432277683329374,20.737652796123932,6.9999078539380974,21.0,0,0.26234720387606814,20.710771812767682,20.5,21.5
1790.0,20.429591209363497,20.734965239520214,6.999923846128342,21.0,0,0.2650347604797858,20.708089673483038,20.5,21.5
1791.0,20.42690527589085,20.73227822423545,6.9999383152895795,21.0,0,0.26772177576454936,20.705408071387815,20.5,21.5
1792.0,20.42421988249873,20.729591749856787,6.999951261410789,21.0,0,0.27040825014321257,20.702727006070155,20.5,21.5
1793.0,20.42153502877451,20.72690581597144,6.999962684482114,21.0,0,0.27309418402856167,20.700046477117947,20.5,21.5
1794.0,20.418850714305652,20.72422042216669,6.999972584494854,21.0,0,0.2757795778333083,20.697366484119225,20.5,21.5
1795.0,20.41616693867969,20.72153556802993,6.999980961441469,21.0,0,0.27846443197007176,20.694687026662294,20.5,21.5
1796.0,20.413483701484243,20.718851253148607,6.999987815315581,21.0,0,0.2811487468513931,20.692008104335393,20.5,21.5
1797.0,20.410801002307007,20.716167477110265,6.9999931461119695,21.0,0,0.2838325228897354,20.689329716726842,20.5,21.5
1798.0,20.408118840735767,20.713484239502513,6.999996953826575,21.0,0,0.28651576049748684,20.686651863425,20.5,21.5
1799.0,20.405437216358386,20.710801539913064,6.999999238456499,21.0,0,0.2891984600869364,20.683974544018568,20.5,21.5
1800.0,20.402756128762807,20.708119377929687,7.0,21.0,0,0.2918806220703125,20.681297758095926,20.5,21.5
1801.0,20.400075577537056,20.705437753140252,6.999999238456499,21.0,0,0.29456224685974775,20.6786215052459,20.5,21.5
1802.0,20.39739556226924,20.702756665132696,6.999996953826575,21.0,0,0.2972433348673036,20.675945785057138,20.5,21.5
1803.0,20.39471608254755,20.70007611349505,6.9999931461119695,21.0,0,0.29992388650494917,20.673270597118595,20.5,21.5
1804.0,20.392037137960262,20.697396097815428,6.999987815315581,21.0,0,0.3026039021845719,20.6705959410192,20.5,21.5
1805.0,20.389358728095733,20.694716617682012,6.999980961441469,21.0,0,0.30528338231798813,20.66792181634785,20.5,21.5
1806.0,20.3866808525424,20.692037672683078,6.999972584494854,21.0,0,0.30796232731692186,20.66524822269374,20.5,21.5
1807.0,20.384003510888792,20.68935926240699,6.999962684482114,21.0,0,0.31064073759300825,20.662575159646128,20.5,21.5
1808.0,20.381326702723513,20.68668138644218,6.999951261410789,21.0,0,0.31331861355781854,20.65990262679408,20.5,21.5
1809.0,20.37865042763525,20.68400404437718,6.9999383152895795,21.0,0,0.3159959556228209,20.657230623727155,20.5,21.5
1810.0,20.375974685212782,20.681327235800588,6.999923846128342,21.0,0,0.3186727641994125,20.65455915003467,20.5,21.5
1811.0,20.373299475044966,20.6786509603011,6.9999078539380974,21.0,0,0.3213490396989016,20.651888205306207,20.5,21.5
1812.0,20.370624796720744,20.67597521746749,6.999890338731024,21.0,0,0.3240247825325113,20.64921778913139,20.5,21.5
1813.0,20.367950649829147,20.673300006888617,6.999871300520461,21.0,0,0.326699993111383,20.6465479010999,20.5,21.5
1814.0,20.365277033959284,20.670625328153424,6.9998507393209035,21.0,0,0.3293746718465762,20.64387854080149,20.5,21.5
1815.0,20.362603948700357,20.667951180850938,6.999828655148014,21.0,0,0.3320488191490618,20.641209707826082,20.5,21.5
1816.0,20.35993139364165,20.665277564570275,6.999805048018608,21.0,0,0.33472243542972535,20.63854140176364,20.5,21.5
1817.0,20.357259368372524,20.66260447890063,6.999779917950665,21.0,0,0.33739552109937065,20.635873622204176,20.5,21.5
1818.0,20.35458787248244,20.659931923431287,6.999753264963321,21.0,0,0.34006807656871274,20.633206368737866,20.5,21.5
1819.0,20.351916905560937,20.65725989775162,6.9997250890768745,21.0,0,0.34274010224838136,20.630539640954932,20.5,21.5
1820.0,20.34924646719764,20.654588401451075,6.999695390312782,21.0,0,0.34541159854892456,20.627873438445643,20.5,21.5
1821.0,20.346576556982264,20.651917434119202,6.999664168693662,21.0,0,0.348082565880798,20.625207760800468,20.5,21.5
1822.0,20.343907174504604,20.649246995345617,6.999631424243288,21.0,0,0.35075300465438275,20.62254260760977,20.5,21.5
1823.0,20.341238319354552,20.646577084720043,6.999597156986599,21.0,0,0.35342291527995684,20.619877978464302,20.5,21.5
1824.0,20.33856999112208,20.64390770183227,6.999561366949691,21.0,0,0.3560922981677308,20.61721387295453,20.5,21.5
1825.0,20.335902189397245,20.64123884627219,6.999524054159818,21.0,0,0.3587611537278086,20.614550290671414,20.5,21.5
1826.0,20.333234913770198,20.638570517629777,6.999485218645397,21.0,0,0.3614294823702231,20.611887231205632,20.5,21.5
1827.0,20.330568163831174,20.63590271549509,6.999444860436001,21.0,0,0.3640972845049113,20.609224694148207,20.5,21.5
1828.0,20.327901939170495,20.63323543945828,6.999402979562366,21.0,0,0.36676456054172135,20.606562679090178,20.5,21.5
1829.0,20.325236239378572,20.630568689109573,6.999359576056387,21.0,0,0.3694313108904268,20.60390118562252,20.5,21.5
1830.0,20.322571064045906,20.62790246403931,6.999314649951114,21.0,0,0.37209753596069106,20.601240213336666,20.5,21.5
1831.0,20.31990641276309,20.625236763837886,6.999268201280764,21.0,0,0.3747632361621136,20.59857976182366,20.5,21.5
1832.0,20.31724228512079,20.622571588095813,6.9992202300807085,21.0,0,0.3774284119041873,20.595919830675076,20.5,21.5
1833.0,20.314578680709783,20.61990693640367,6.999170736387479,21.0,0,0.38009306359633044,20.593260419482238,20.5,21.5
1834.0,20.31191559912092,20.617242808352138,6.9991197202387685,21.0,0,0.3827571916478618,20.590601527836824,20.5,21.5
1835.0,20.309253039945144,20.614579203531985,6.999067181673426,21.0,0,0.38542079646801497,20.587943155330453,20.5,21.5
1836.0,20.30659100277349,20.611916121534065,6.999013120731464,21.0,0,0.3880838784659346,20.58528530155487,20.5,21.5
1837.0,20.30392948719708,20.609253561949323,6.99895753745405,21.0,0,0.39074643805067666,20.582627966101903,20.5,21.5
1838.0,20.301268492807132,20.606591524368792,6.998900431883515,21.0,0,0.3934084756312082,20.579971148563477,20.5,21.5
1839.0,20.298608019194948,20.6039300083836,6.998841804063346,21.0,0,0.39606999161640033,20.577314848531678,20.5,21.5
1840.0,20.295948065951922,20.601269013584954,6.998781654038192,21.0,0,0.3987309864150461,20.574659065598496,20.5,21.5
1841.0,20.29328863266954,20.59860853956416,6.998719981853858,21.0,0,0.40139146043583906,20.57200379935623,20.5,21.5
1842.0,20.29062971893938,20.595948585912623,6.998656787557312,21.0,0,0.40405141408737677,20.569349049397246,20.5,21.5
1843.0,20.2879713243531,20.593289152221818,6.998592071196679,21.0,0,0.4067108477781822,20.566694815313763,20.5,21.5
1844.0,20.28531344850247,20.59063023808332,6.998525832821242,21.0,0,0.40936976191667895,20.564041096698354,20.5,21.5
1845.0,20.282656090979334,20.587971843088802,6.998458072481446,21.0,0,0.4120281569111981,20.56138789314361,20.5,21.5
1846.0,20.279999251375635,20.58531396683002,6.998388790228892,21.0,0,0.41468603316997843,20.55873520424222,20.5,21.5
1847.0,20.277342929283407,20.582656608898827,6.9983179861163425,21.0,0,0.41734339110117347,20.556083029586876,20.5,21.5
1848.0,20.274687124294772,20.57999976888716,6.998245660197717,21.0,0,0.4200002311128408,20.553431368770486,20.5,21.5
1849.0,20.272031836001954,20.577343446387054,6.998171812528096,21.0,0,0.42265655361294563,20.550780221386006,20.5,21.5
1850.0,20.269377063997258,20.57468764099064,6.998096443163716,21.0,0,0.4253123590093608,20.548129587026487,20.5,21.5
1851.0,20.26672280787309,20.57203235229013,6.998019552161975,21.0,0,0.4279676477098704,20.545479465285034,20.5,21.5
1852.0,20.26406906722195,20.56937757987784,6.99794113958143,21.0,0,0.4306224201221589,20.542829855754956,20.5,21.5
1853.0,20.26141584163642,20.56672332334617,6.997861205481794,21.0,0,0.4332766766538292,20.540180758029468,20.5,21.5
1854.0,20.25876313070919,20.56406958228762,6.99777974992394,21.0,0,0.43593041771238106,20.5375321717021,20.5,21.5
1855.0,20.256110934033035,20.561416356294774,6.997696772969901,21.0,0,0.4385836437052255,20.53488409636633,20.5,21.5
1856.0,20.253459251200823,20.55876364496032,6.997612274682869,21.0,0,0.44123635503968117,20.532236531615762,20.5,21.5
1857.0,20.25080808180552,20.556111447877036,6.997526255127189,21.0,0,0.44388855212296363,20.52958947704421,20.5,21.5
1858.0,20.248157425440183,20.553459764637786,6.997438714368372,21.0,0,0.4465402353622139,20.526942932245284,20.5,21.5
1859.0,20.245507281697968,20.55080859483554,6.997349652473083,21.0,0,0.4491914051644592,20.524296896813087,20.5,21.5
1860.0,20.242857650172123,20.548157938063362,6.9972590695091474,21.0,0,0.4518420619366381,20.521651370341573,20.5,21.5
1861.0,20.24020853045599,20.545507793914396,6.9971669655455475,21.0,0,0.4544922060856038,20.51900635242474,20.5,21.5
1862.0,20.23755992214301,20.542858161981894,6.997073340652424,21.0,0,0.4571418380181065,20.516361842656867,20.5,21.5
1863.0,20.23491182482671,20.5402090418592,6.996978194901076,21.0,0,0.4597909581408004,20.51371784063226,20.5,21.5
1864.0,20.232264238100726,20.537560433139753,6.9968815283639625,21.0,0,0.46243956686024745,20.511074345945282,20.5,21.5
1865.0,20.229617161558778,20.534912335417083,6.996783341114698,21.0,0,0.46508766458291717,20.508431358190386,20.5,21.5
1866.0,20.22697059479469,20.53226474828482,6.996683633228057,21.0,0,0.4677352517151796,20.505788876962196,20.5,21.5
1867.0,20.224324537402378,20.529617671336695,6.996582404779971,21.0,0,0.4703823286633053,20.503146901855438,20.5,21.5
1868.0,20.221678988975853,20.526971104166524,6.996479655847531,21.0,0,0.47302889583347607,20.500505432464816,20.5,21.5
1869.0,20.219033949109228,20.524325046368226,6.9963753865089835,21.0,1,0.47567495363177414,20.497864468385245,20.5,21.5
1870.0,20.23638941739671,20.525679497535812,6.996269596843734,21.0,1,0.4743205024641881,20.539224009211672,20.5,21.5
1871.0,20.2537413934326,20.531033657263393,6.996162286932347,21.0,1,0.4689663427366071,20.584575254539203,20.5,21.5
1872.0,20.2710898776113,20.540386725305176,6.996053456856544,21.0,1,0.45961327469482427,20.633917405723004,20.5,21.5
1873.0,20.288434870327148,20.55373790157544,6.995943106699201,21.0,1,0.44626209842456177,20.687249664278063,20.5,21.5
1874.0,20.30577637197442,20.571086386148476,6.995831236544358,21.0,1,0.42891361385152393,20.744571231878854,20.5,21.5
1875.0,20.323114382947335,20.5884313792586,6.995717846477207,21.0,1,0.41156862074139866,20.761881310359854,20.5,21.5
1876.0,20.34044890364004,20.60577288130009,6.9956029365841,21.0,1,0.39422711869990934,20.779187901714984,20.5,21.5
1877.0,20.35777993444663,20.623110892667157,6.995486506952545,21.0,1,0.3768891073328433,20.796491006337817,20.5,21.5
1878.0,20.37510747576113,20.64044541375395,6.995368557671211,21.0,1,0.3595545862460483,20.8137906246219,20.5,21.5
1879.0,20.39243152797751,20.657776444954568,6.995249088829918,21.0,1,0.34222355504543245,20.831086756960726,20.5,21.5
1880.0,20.409752091489683,20.67510398666304,6.995128100519649,21.0,1,0.3248960133369607,20.848379403747757,20.5,21.5
1881.0,20.42706916669149,20.69242803927333,6.99500559283254,21.0,1,0.30757196072666915,20.865668565376247,20.5,21.5
1882.0,20.44438275397672,20.70974860317935,6.994881565861888,21.0,1,0.2902513968206506,20.882954242239535,20.5,21.5
1883.0,20.461692853739095,20.72706567877494,6.994756019702144,21.0,1,0.27293432122505834,20.900236434730864,20.5,21.5
1884.0,20.478999466372287,20.744379266453898,6.994628954448916,21.0,1,0.2556207335461025,20.917515143243456,20.5,21.5
1885.0,20.496302592269902,20.761689366609943,6.994500370198971,21.0,1,0.2383106333900571,20.934790368170397,20.5,21.5
1886.0,20.513602231825487,20.77899597963674,6.994370267050232,21.0,1,0.22100402036326017,20.95206210990471,20.5,21.5
1887.0,20.530898385432533,20.796299105927904,6.994238645101776,21.0,1,0.2037008940720959,20.969330368839547,20.5,21.5
1888.0,20.548191053484466,20.81359874587698,6.994105504453841,21.0,1,0.18640125412301956,20.986595145367744,20.5,21.5
1889.0,20.56548023637466,20.830894899877457,6.9939708452078175,21.0,1,0.1691051001225432,21.00385643988222,20.5,21.5
1890.0,20.58276593449643,20.84818756832276,6.993834667466256,21.0,1,0.15181243167723935,21.0211142527758,20.5,21.5
1891.0,20.600048148243022,20.86547675160627,6.993696971332861,21.0,1,0.1345232483937302,21.03836858444136,20.5,21.5
1892.0,20.617326878007642,20.88276245012129,6.9935577569124945,21.0,1,0.11723754987870905,21.055619435271502,20.5,21.5
1893.0,20.634602124183424,20.90004466426108,6.9934170243111735,21.0,1,0.0999553357389189,21.072866805658983,20.5,21.5
1894.0,20.65187388716345,20.91732339441884,6.993274773636073,21.0,1,0.08267660558115963,21.090110695996433,20.5,21.5
1895.0,20.669142167340745,20.934598640987705,6.993131004995523,21.0,1,0.06540135901229505,21.10735110667635,20.5,21.5
1896.0,20.686406965108276,20.951870404360754,6.992985718499009,21.0,1,0.04812959563924579,21.124588038091247,20.5,21.5
1897.0,20.703668280858952,20.969138684931018,6.992838914257173,21.0,1,0.030861315068982265,21.141821490633653,20.5,21.5
1898.0,20.720926114985634,20.98640348309146,6.992690592381813,21.0,1,0.013596516908538803,21.159051464695896,20.5,21.5
1899.0,20.73818046788111,21.00366479923499,6.9925407529858825,21.0,1,-0.0036647992349898573,21.176277960670276,20.5,21.5
1900.0,20.75543133993813,21.02092263375447,6.992389396183491,21.0,1,-0.0209226337544699,21.19350097894927,20.5,21.5
1901.0,20.77267873154938,21.038176987042693,6.992236522089903,21.0,1,-0.0381769870426929,21.210720519924923,20.5,21.5
1902.0,20.789922643107488,21.055427859492397,6.992082130821539,21.0,1,-0.05542785949239715,21.22793658398944,20.5,21.5
1903.0,20.807163075005032,21.072675251496275,6.991926222495975,21.0,1,-0.07267525149627474,21.24514917153505,20.5,21.5
1904.0,20.824400027634532,21.08991916344696,6.9917687972319404,21.0,1,-0.08991916344696094,21.262358282953823,20.5,21.5
1905.0,20.84163350138845,21.107159595737027,6.991609855149323,21.0,1,-0.10715959573702705,21.279563918637688,20.5,21.5
1906.0,20.858863496659204,21.124396548758995,6.991449396369164,21.0,1,-0.12439654875899464,21.29676607897867,20.5,21.5
1907.0,20.876090013839146,21.141630022905325,6.991287421013659,21.0,1,-0.1416300229053249,21.313964764368627,20.5,21.5
1908.0,20.893313053320583,21.158860018568436,6.99112392920616,21.0,1,-0.15886001856843635,21.33115997519955,20.5,21.5
1909.0,20.91053261549576,21.17608653614068,6.990958921071172,21.0,1,-0.17608653614068004,21.348351711863117,20.5,21.5
1910.0,20.927748700756876,21.193309576014364,6.990792396734358,21.0,1,-0.19330957601436438,21.365539974751208,20.5,21.5
1911.0,20.944961309496072,21.21052913858174,6.990624356322531,21.0,1,-0.21052913858174094,21.382724764255506,20.5,21.5
1912.0,20.96217044210544,21.227745224235,6.990454799963662,21.0,1,-0.22774522423500088,21.3999060807676,20.5,21.5
1913.0,20.97937609897701,21.244957833366286,6.990283727786877,21.0,1,-0.24495783336628563,21.417083924679133,20.5,21.5
1914.0,20.99657828050277,21.262166966367687,6.990111139922453,21.0,1,-0.2621669663676869,21.4342582963817,20.5,21.5
1915.0,21.013776987074653,21.27937262363124,6.989937036501823,21.0,1,-0.2793726236312395,21.451429196266766,20.5,21.5
1916.0,21.03097221908454,21.296574805548936,6.989761417657577,21.0,1,-0.29657480554893567,21.468596624725897,20.5,21.5
1917.0,21.048163976924254,21.313773512512697,6.9895842835234525,21.0,1,-0.3137735125126966,21.485760582150306,20.5,21.5
1918.0,21.065352260985573,21.330968744914408,6.989405634234348,21.0,0,-0.33096874491440786,21.50292106893152,20.5,21.5
1919.0,21.062537071660223,21.344160503145897,6.989225469926312,21.0,0,-0.34416050314589697,21.476078085460788,20.5,21.5
1920.0,21.059722409339876,21.353349587598945,6.989043790736547,21.0,0,-0.3533495875989452,21.445240432129427,20.5,21.5
1921.0,21.056908273616155,21.358536798505263,6.988860596803409,21.0,0,-0.35853679850526277,21.41040890756844,20.5,21.5
1922.0,21.054094664080793,21.359722935936574,6.9886758882664095,21.0,0,-0.3597229359365741,21.371584310249688,20.5,21.5
1923.0,21.05128158032563,21.356908799804582,6.988489665266211,21.0,0,-0.35690879980458234,21.328767438484665,20.5,21.5
1924.0,21.048469021942616,21.354095189861063,6.988301927944631,21.0,0,-0.3540951898610629,21.32595909042587,20.5,21.5
1925.0,21.045656988523817,21.351282105697848,6.988112676444639,21.0,0,-0.3512821056978481,21.3231512640657,20.5,21.5
1926.0,21.042845479661402,21.348469546906895,6.98792191091036,21.0,0,-0.3484695469068946,21.32034395899736,20.5,21.5
1927.0,21.04003449494765,21.34565751308027,6.987729631487068,21.0,0,-0.34565751308026904,21.317537174814014,20.5,21.5
1928.0,21.037224033974958,21.34284600381013,6.987535838321193,21.0,0,-0.34284600381013064,21.314730911108747,20.5,21.5
1929.0,21.034414096335826,21.340035018688774,6.987340531560317,21.0,0,-0.3400350186887735,21.311925167475202,20.5,21.5
1930.0,21.03160468162287,21.33722455730858,6.987143711353175,21.0,0,-0.3372245573085806,21.30911994350665,20.5,21.5
1931.0,21.028795789428816,21.334414619262066,6.986945377849654,21.0,0,-0.3344146192620663,21.306315238796923,20.5,21.5
1932.0,21.0259874193465,21.331605204141834,6.986745531200793,21.0,0,-0.3316052041418338,21.30351105293951,20.5,21.5
1933.0,21.02317957096887,21.328796311540618,6.986544171558784,21.0,0,-0.32879631154061784,21.300707385528458,20.5,21.5
1934.0,21.02037224388899,21.32598794105125,6.986341299076972,21.0,0,-0.32598794105124895,21.29790423615756,20.5,21.5
1935.0,21.017565437700025,21.323180092266682,6.986136913909853,21.0,0,-0.3231800922666821,21.295101604421014,20.5,21.5
1936.0,21.014759151995268,21.32037276477997,6.985931016213074,21.0,0,-0.3203727647799717,21.292299489912867,20.5,21.5
1937.0,21.011953386368113,21.317565958184296,6.985723606143436,21.0,0,-0.31756595818429645,21.289497892227544,20.5,21.5
1938.0,21.00914814041207,21.31475967207293,6.9855146838588915,21.0,0,-0.3147596720729311,21.286696810959278,20.5,21.5
1939.0,21.00634341372076,21.311953906039285,6.985304249518542,21.0,0,-0.3119539060392853,21.283896245702827,20.5,21.5
1940.0,21.00353920588792,21.309148659676865,6.985092303282644,21.0,0,-0.30914865967686467,21.28109619605266,20.5,21.5
1941.0,21.000735516507397,21.30634393257929,6.984878845312603,21.0,0,-0.3063439325792885,21.278296661603527,20.5,21.5
1942.0,20.997932345173158,21.3035397243403,6.984663875770977,21.0,0,-0.3035397243403004,21.27549764195042,20.5,21.5
1943.0,20.995129691479278,21.30073603455374,6.9844473948214745,21.0,0,-0.30073603455374,21.272699136688136,20.5,21.5
1944.0,20.992327555019948,21.297932862813575,6.984229402628956,21.0,0,-0.2979328628135747,21.26990114541192,20.5,21.5
1945.0,20.98952593538947,21.295130208713886,6.98400989935943,21.0,0,-0.2951302087138856,21.267103667716995,20.5,21.5
1946.0,20.986724832182265,21.29232807184886,6.98378888518006,21.0,0,-0.29232807184886056,21.26430670319861,20.5,21.5
1947.0,20.983924244992863,21.289526451812797,6.983566360259156,21.0,0,-0.28952645181279735,21.261510251452165,20.5,21.5
1948.0,20.981124173415918,21.28672534820013,6.9833423247661806,21.0,0,-0.28672534820012885,21.258714312073444,20.5,21.5
1949.0,20.978324617046187,21.283924760605377,6.983116778871748,21.0,0,-0.28392476060537675,21.255918884657856,20.5,21.5
1950.0,20.975525575478553,21.28112468862319,6.982889722747621,21.0,0,-0.2811246886231906,21.25312396880133,20.5,21.5
1951.0,20.972727048308005,21.27832513184834,6.982661156566712,21.0,0,-0.27832513184834085,21.250329564099843,20.5,21.5
1952.0,20.969929035129656,21.275526089875697,6.982431080503083,21.0,0,-0.27552608987569727,21.24753567014926,20.5,21.5
1953.0,20.96713153553873,21.272727562300258,6.982199494731949,21.0,0,-0.27272756230025763,21.24474228654586,20.5,21.5
1954.0,20.96433454913057,21.269929548717137,6.981966399429672,21.0,0,-0.2699295487171369,21.24194941288593,20.5,21.5
1955.0,20.96153807550063,21.26713204872155,6.981731794773765,21.0,0,-0.2671320487215496,21.239157048765676,20.5,21.5
1956.0,20.958742114244487,21.264335061908845,6.981495680942887,21.0,0,-0.26433506190884515,21.2363651937818,20.5,21.5
1957.0,20.955946664957825,21.26153858787448,6.981258058116851,21.0,0,-0.2615385878744796,21.233573847530824,20.5,21.5
1958.0,20.953151727236456,21.258742626214023,6.981018926476618,21.0,0,-0.25874262621402266,21.230783009609453,20.5,21.5
1959.0,20.950357300676306,21.255947176523172,6.980778286204295,21.0,0,-0.255947176523172,21.227992679614665,20.5,21.5
1960.0,20.947563384873412,21.25315223839773,6.98053613748314,21.0,0,-0.25315223839772827,21.22520285714329,20.5,21.5
1961.0,20.944769979423935,21.25035781143362,6.980292480497562,21.0,0,-0.25035781143362,21.222413541792537,20.5,21.5
1962.0,20.94197708392415,21.247563895226886,6.980047315433115,21.0,0,-0.24756389522688593,21.219624733159545,20.5,21.5
1963.0,20.939184697970454,21.244770489373686,6.979800642476503,21.0,0,-0.2447704893736855,21.21683643084168,20.5,21.5
1964.0,20.936392821159355,21.241977593470295,6.979552461815578,21.0,0,-0.24197759347029546,21.214048634436395,20.5,21.5
1965.0,20.933601453087487,21.23918520711311,6.979302773639341,21.0,0,-0.23918520711310975,21.211261343541253,20.5,21.5
1966.0,20.930810593351598,21.236393329898643,6.979051578137939,21.0,0,-0.23639332989864315,21.208474557753977,20.5,21.5
1967.0,20.928020241548555,21.233601961423524,6.97879887550267,21.0,0,-0.23360196142352407,21.205688276672333,20.5,21.5
1968.0,20.925230397275346,21.230811101284498,6.978544665925977,21.0,0,-0.23081110128449822,21.20290249989424,20.5,21.5
1969.0,20.922441060129078,21.228020749078443,6.978288949601452,21.0,0,-0.22802074907844272,21.200117227017888,20.5,21.5
1970.0,20.919652229706973,21.225230904402338,6.978031726723834,21.0,0,-0.22523090440233773,21.197332457641288,20.5,21.5
1971.0,20.916863905606377,21.22244156685329,6.9777729974890095,21.0,0,-0.2224415668532913,21.194548191362827,20.5,21.5
1972.0,20.914076087424753,21.21965273602853,6.977512762094012,21.0,0,-0.21965273602852875,21.191764427780903,20.5,21.5
1973.0,20.911288774759687,21.2168644115254,6.977251020737022,21.0,0,-0.2168644115253997,21.18898116649411,20.5,21.5
1974.0,20.90850196720888,21.21407659294136,6.976987773617367,21.0,0,-0.2140765929413604,21.186198407100967,20.5,21.5
1975.0,20.905715664370163,21.211289279873995,6.9767230209355215,21.0,0,-0.21128927987399493,21.18341614920034,20.5,21.5
1976.0,20.902929865841475,21.208502471921015,6.976456762893106,21.0,0,-0.20850247192101534,21.18063439239122,20.5,21.5
1977.0,20.900144571220885,21.20571616868024,6.976188999692887,21.0,0,-0.20571616868024023,21.17785313627249,20.5,21.5
1978.0,20.89735978010658,21.202930369749616,6.975919731538778,21.0,0,-0.2029303697496161,21.175072380443375,20.5,21.5
1979.0,20.894575492096866,21.200145074727214,6.975648958635839,21.0,0,-0.20014507472721377,21.17229212450319,20.5,21.5
1980.0,20.891791706790173,21.197360283211218,6.9753766811902755,21.0,0,-0.1973602832112178,21.169512368051258,20.5,21.5
1981.0,20.889008423785054,21.19457599479993,6.975102899409437,21.0,0,-0.19457599479992993,21.16673311068705,20.5,21.5
1982.0,20.886225642680177,21.191792209091787,6.974827613501823,21.0,0,-0.19179220909178696,21.163954352010357,20.5,21.5
1983.0,20.883443363074342,21.18900892568534,6.974550823677073,21.0,0,-0.18900892568533934,21.161176091620863,20.5,21.5
1984.0,20.88066158456646,21.186226144179262,6.974272530145976,21.0,0,-0.18622614417926187,21.158398329118487,20.5,21.5
1985.0,20.87788030675558,21.183443864172343,6.973992733120464,21.0,0,-0.18344386417234304,21.155621064103155,20.5,21.5
1986.0,20.875099529240853,21.180662085263503,6.973711432813614,21.0,0,-0.1806620852635028,21.1528442961751,20.5,21.5
1987.0,20.872319251621565,21.177880807051782,6.973428629439651,21.0,0,-0.1778808070517819,21.150068024934573,20.5,21.5
1988.0,20.869539473497127,21.17510002913634,6.973144323213939,21.0,0,-0.17510002913633826,21.147292249981902,20.5,21.5
1989.0,20.86676019446707,21.172319751116458,6.972858514352991,21.0,0,-0.1723197511164578,21.144516970917653,20.5,21.5
1990.0,20.863981414131047,21.16953997259155,6.972571203074462,21.0,0,-0.16953997259155074,21.14174218734248,20.5,21.5
1991.0,20.861203132088836,21.166760693161145,6.972282389597154,21.0,0,-0.1667606931611445,21.138967898857082,20.5,21.5
1992.0,20.858425347940337,21.1639819124249,6.97199207414101,21.0,0,-0.16398191242490157,21.136194105062472,20.5,21.5
1993.0,20.855648061285578,21.16120362998259,6.971700256927117,21.0,0,-0.16120362998259097,21.133420805559485,20.5,21.5
1994.0,20.852871271724705,21.158425845434117,6.971406938177707,21.0,0,-0.15842584543411675,21.130647999949375,20.5,21.5
1995.0,20.850094978857996,21.155648558379507,6.971112118116156,21.0,0,-0.1556485583795073,21.127875687833413,20.5,21.5
1996.0,20.847319182285847,21.15287176841891,6.97081579696698,21.0,0,-0.15287176841890826,21.125103868812918,20.5,21.5
1997.0,20.844543881608782,21.150095475152597,6.970517974955843,21.0,0,-0.1500954751525967,21.12233254248948,20.5,21.5
1998.0,20.84176907642745,21.14731967818097,6.970218652309548,21.0,0,-0.14731967818097047,21.11956170846471,20.5,21.5
1999.0,20.838994766342626,21.14454437710456,6.969917829256042,21.0,0,-0.14454437710455892,21.116791366340443,20.5,21.5
2000.0,20.83622095095521,21.141769571524,6.969615506024416,21.0,0,-0.1417695715240015,21.114021515718427,20.5,21.5
2001.0,20.83344762986622,21.138995261040076,6.969311682844902,21.0,0,-0.1389952610400762,21.111252156200823,20.5,21.5
2002.0,20.830674802676818,21.136221445253685,6.969006359948873,21.0,0,-0.1362214452536854,21.108483287389777,20.5,21.5
2003.0,20.82790246898827,21.13344812376585,6.968699537568848,21.0,0,-0.1334481237658487,21.10571490888748,20.5,21.5
2004.0,20.825130628401986,21.13067529617772,6.9683912159384835,21.0,0,-0.13067529617772067,21.10294702029644,20.5,21.5
2005.0,20.822359280519493,21.127902962090577,6.9680813952925815,21.0,0,-0.12790296209057672,21.100179621219137,20.5,21.5
2006.0,20.81958842494245,21.12513112110582,6.967770075867083,21.0,0,-0.12513112110582014,21.097412711258254,20.5,21.5
2007.0,20.816818061272635,21.122359772824986,6.967457257899071,21.0,0,-0.12235977282498567,21.09464629001664,20.5,21.5
2008.0,20.81404818911196,21.119588916849725,6.967142941626772,21.0,0,-0.11958891684972528,21.09188035709712,20.5,21.5
2009.0,20.811278808062465,21.11681855278182,6.966827127289549,21.0,0,-0.11681855278181885,21.089114912102755,20.5,21.5
2010.0,20.80850991772631,21.114048680223185,6.9665098151279095,21.0,0,-0.11404868022318482,21.086349954636844,20.5,21.5
2011.0,20.80574151770579,21.11127929877585,6.9661910053835,21.0,0,-0.11127929877585174,21.08358548430252,20.5,21.5
2012.0,20.802973607603327,21.10851040804199,6.965870698299108,21.0,0,-0.1085104080419903,21.080821500703376,20.5,21.5
2013.0,20.800206187021466,21.105742007623896,6.965548894118663,21.0,0,-0.10574200762389552,21.078058003442948,20.5,21.5
2014.0,20.797439255562885,21.10297409712398,6.96522559308723,21.0,0,-0.10297409712397965,21.07529499212482,20.5,21.5
2015.0,20.79467281283039,21.100206676144797,6.964900795451019,21.0,0,-0.10020667614479706,21.07253246635297,20.5,21.5
2016.0,20.791906858426916,21.09743974428902,6.964574501457378,21.0,0,-0.09743974428901936,21.069770425731242,20.5,21.5
2017.0,20.78914139195552,21.094673301159457,6.964246711354791,21.0,0,-0.09467330115945671,21.06700886986383,20.5,21.5
2018.0,20.7863764130194,21.091907346359044,6.9639174253928875,21.0,0,-0.09190734635904363,21.064247798354913,20.5,21.5
2019.0,20.783611921221876,21.08914187949084,6.963586643822431,21.0,0,-0.08914187949083896,21.061487210808792,20.5,21.5
2020.0,20.780847916166397,21.08637690015804,6.9632543668953275,21.0,0,-0.08637690015804012,21.05872710683005,20.5,21.5
2021.0,20.778084397456542,21.083612407963965,6.96292059486462,21.0,0,-0.0836124079639653,21.055967486023217,20.5,21.5
2022.0,20.775321364696023,21.080848402512068,6.96258532798449,21.0,0,-0.08084840251206771,21.053208347993092,20.5,21.5
2023.0,20.77255881748868,21.07808488340592,6.962248566510258,21.0,0,-0.07808488340592135,21.050449692344458,20.5,21.5
2024.0,20.769796755438485,21.075321850249246,6.961910310698383,21.0,0,-0.07532185024924587,21.04769151868249,20.5,21.5
2025.0,20.767035178149538,21.072559302645875,6.961570560806461,21.0,0,-0.07255930264587462,21.044933826612162,20.5,21.5
2026.0,20.76427408522607,21.06979724019978,6.961229317093226,21.0,0,-0.06979724019977951,21.04217661573883,20.5,21.5
2027.0,20.761513476272444,21.06703566251506,6.960886579818551,21.0,0,-0.06703566251506032,21.03941988566787,20.5,21.5
2028.0,20.758753350893155,21.064274569195955,6.960542349243443,21.0,0,-0.06427456919595542,21.036663636004906,20.5,21.5
2029.0,20.755993708692824,21.061513959846824,6.9601966256300525,21.0,0,-0.06151395984682395,21.03390786635551,20.5,21.5
2030.0,20.75323454927621,21.058753834072157,6.959849409241659,21.0,0,-0.05875383407215651,21.031152576325482,20.5,21.5
2031.0,20.750475872248206,21.055994191476586,6.959500700342685,21.0,0,-0.0559941914765858,21.02839776552088,20.5,21.5
2032.0,20.747717677213824,21.05323503166486,6.959150499198688,21.0,0,-0.053235031664861765,21.02564343354762,20.5,21.5
2033.0,20.74495996377822,21.050476354241873,6.95879880607636,21.0,0,-0.05047635424187291,21.022889580011984,20.5,21.5
2034.0,20.74220273154668,21.047718158812646,6.9584456212435315,21.0,0,-0.047718158812646294,21.02013620452038,20.5,21.5
2035.0,20.739445980124618,21.04496044498233,6.958090944969168,21.0,0,-0.04496044498232976,21.017383306679164,20.5,21.5
2036.0,20.736689709117588,21.042203212356206,6.95773477752337,21.0,0,-0.042203212356206166,21.01463088609497,20.5,21.5
2037.0,20.733933918131267,21.039446460539697,6.957377119177376,21.0,0,-0.039446460539696915,21.011878942374604,20.5,21.5
2038.0,20.731178606771476,21.036690189138348,6.957017970203557,21.0,0,-0.03669018913834776,21.009127475124856,20.5,21.5
2039.0,20.728423774644163,21.033934397757843,6.956657330875421,21.0,0,-0.033934397757843016,21.006376483952796,20.5,21.5
2040.0,20.72566942135541,21.031179086004006,6.956295201467611,21.0,0,-0.03117908600400554,21.00362596846563,20.5,21.5
2041.0,20.72291554651143,21.028424253482775,6.9559315822559045,21.0,0,-0.02842425348277544,21.000875928270474,20.5,21.5
2042.0,20.72016214971858,21.025669899800235,6.955566473517212,21.0,0,-0.02566989980023493,20.99812636297483,20.5,21.5
2043.0,20.71740923058334,21.02291602456261,6.955199875529582,21.0,0,-0.022916024562608328,20.995377272186342,20.5,21.5
2044.0,20.71465678871233,21.02016262737624,6.954831788572192,21.0,0,-0.02016262737624075,20.992628655512565,20.5,21.5
2045.0,20.711904823712302,21.017409707847616,6.954462212925358,21.0,0,-0.017409707847615863,20.989880512561367,20.5,21.5
2046.0,20.709153335190145,21.01465726558336,6.9540911488705275,21.0,0,-0.014657265583359447,20.987132842940795,20.5,21.5
2047.0,20.70640232275288,21.01190530019022,6.9537185966902815,21.0,0,-0.011905300190221624,20.984385646258843,20.5,21.5
2048.0,20.70365178600767,21.009153811275088,6.953344556668336,21.0,0,-0.00915381127508752,20.981638922123746,20.5,21.5
2049.0,20.7009017245618,21.00640279844498,6.952969029089537,21.0,0,-0.006402798444980817,20.978892670143914,20.5,21.5
2050.0,20.698152138022703,21.00365226130706,6.952592014239867,21.0,0,-0.0036522613070602006,20.976146889927854,20.5,21.5
2051.0,20.695403025997948,21.00090219946862,6.952213512406438,21.0,0,-0.000902199468619358,20.97340158108421,20.5,21.5
2052.0,20.692654388095228,20.99815261253709,6.951833523877495,21.0,0,0.0018473874629094666,20.970656743221802,20.5,21.5
2053.0,20.689906223922385,20.995403500120037,6.951452048942417,21.0,0,0.004596499879962579,20.967912375949506,20.5,21.5
2054.0,20.687158533087388,20.992654861825155,6.951069087891713,21.0,0,0.007345138174844834,20.965168478876333,20.5,21.5
2055.0,20.68441131519835,20.989906697260285,6.950684641017025,21.0,0,0.010093302739715426,20.96242505161158,20.5,21.5
2056.0,20.681664569863514,20.987159006033398,6.950298708611126,21.0,0,0.012840993966602099,20.95968209376453,20.5,21.5
2057.0,20.678918296691265,20.984411787752602,6.949911290967921,21.0,0,0.015588212247397593,20.956939604944647,20.5,21.5
2058.0,20.67617249529012,20.98166504202615,6.9495223883824435,21.0,0,0.018334957973848987,20.954197584761637,20.5,21.5
2059.0,20.67342716526874,20.97891876846242,6.949132001150861,21.0,0,0.021081231537579015,20.95145603282512,20.5,21.5
2060.0,20.670682306235918,20.976172966669935,6.948740129570471,21.0,0,0.02382703333006475,20.948714948745078,20.5,21.5
2061.0,20.667937917800586,20.973427636257348,6.948346773939699,21.0,0,0.026572363742651817,20.945974332131478,20.5,21.5
2062.0,20.665193999571812,20.97068277683346,6.947951934558104,21.0,0,0.029317223166540174,20.943234182594576,20.5,21.5
2063.0,20.66245055115881,20.967938388007195,6.947555611726371,21.0,0,0.03206161199280544,20.940494499744542,20.5,21.5
2064.0,20.659707572170923,20.965194469387633,6.94715780574632,21.0,0,0.03480553061236691,20.93775528319202,20.5,21.5
2065.0,20.656965062217637,20.962451020583977,6.946758516920897,21.0,0,0.03754897941602309,20.935016532547415,20.5,21.5
2066.0,20.654223020908578,20.959708041205573,6.9463577455541765,21.0,0,0.04029195879442682,20.932278247421536,20.5,21.5
2067.0,20.651481447853506,20.956965530861915,6.945955491951364,21.0,0,0.043034469138085285,20.92954042742533,20.5,21.5
2068.0,20.648740342662325,20.954223489162615,6.945551756418793,21.0,0,0.045776510837384876,20.92680307216962,20.5,21.5
2069.0,20.645999704945076,20.951481915717444,6.945146539263926,21.0,0,0.04851808428255566,20.924066181265736,20.5,21.5
2070.0,20.64325953431194,20.948740810136307,6.944739840795354,21.0,0,0.05125918986369271,20.921329754324937,20.5,21.5
2071.0,20.640519830373236,20.946000172029237,6.944331661322793,21.0,0,0.05399982797076319,20.918593790958532,20.5,21.5
2072.0,20.637780592739425,20.943260001006422,6.943922001157093,21.0,0,0.056739998993577956,20.915858290778274,20.5,21.5
2073.0,20.635041821021108,20.94052029667818,6.943510860610225,21.0,0,0.059479703321819954,20.91312325339576,20.5,21.5
2074.0,20.632303514829026,20.93778105865497,6.943098239995292,21.0,0,0.06221894134503003,20.91038867842287,20.5,21.5
2075.0,20.62956567377406,20.935042286547393,6.942684139626523,21.0,0,0.06495771345260692,20.907654565471624,20.5,21.5
2076.0,20.62682829746723,20.932303979966196,6.942268559819272,21.0,0,0.0676960200338037,20.90492091415423,20.5,21.5
2077.0,20.6240913855197,20.92956613852225,6.941851500890023,21.0,0,0.0704338614777491,20.902187724082797,20.5,21.5
2078.0,20.621354937542776,20.926828761826584,6.941432963156382,21.0,0,0.07317123817341553,20.89945499486992,20.5,21.5
2079.0,20.618618953147898,20.92409184949036,6.941012946937085,21.0,0,0.07590815050964039,20.89672272612811,20.5,21.5
2080.0,20.615883431946656,20.921355401124877,6.940591452551993,21.0,0,0.07864459887512254,20.893990917470056,20.5,21.5
2081.0,20.61314837355078,20.918619416341585,6.940168480322092,21.0,0,0.08138058365841516,20.89125956850866,20.5,21.5
2082.0,20.610413777572134,20.91588389475207,6.939744030569494,21.0,0,0.08411610524792934,20.88852867885693,20.5,21.5
2083.0,20.607679643622735,20.913148835968062,6.939318103617435,21.0,0,0.0868511640319376,20.88579824812798,20.5,21.5
2084.0,20.604945971314734,20.91041423960143,6.938890699790278,21.0,0,0.08958576039857036,20.883068275935102,20.5,21.5
2085.0,20.60221276026043,20.907680105264184,6.938461819413509,21.0,0,0.09231989473581592,20.88033876189173,20.5,21.5
2086.0,20.59948001007226,20.90494643256848,6.938031462813739,21.0,0,0.09505356743152049,20.877609705611434,20.5,21.5
2087.0,20.596747720362806,20.902213221126615,6.9375996303187035,21.0,0,0.0977867788733846,20.874881106707974,20.5,21.5
2088.0,20.594015890744796,20.899480470551026,6.937166322257262,21.0,0,0.1005195294489738,20.872152964795134,20.5,21.5
2089.0,20.5912845208311,20.896748180454303,6.936731538959397,21.0,0,0.10325181954569729,20.869425279487068,20.5,21.5
2090.0,20.588553610234726,20.89401635044916,6.936295280756216,21.0,0,0.10598364955083994,20.866698050397734,20.5,21.5
2091.0,20.58582315856883,20.891284980148477,6.935857547979946,21.0,0,0.10871501985152321,20.863971277141644,20.5,21.5
2092.0,20.583093165446712,20.888554069165256,6.935418340963943,21.0,0,0.11144593083474419,20.861244959333046,20.5,21.5
2093.0,20.580363630481816,20.88582361711266,6.934977660042679,21.0,0,0.11417638288734011,20.8585190965867,20.5,21.5
2094.0,20.57763455328773,20.883093623603987,6.934535505551754,21.0,0,0.1169063763960132,20.855793688517256,20.5,21.5
2095.0,20.57490593347818,20.880364088252676,6.934091877827886,21.0,0,0.11963591174732358,20.853068734739573,20.5,21.5
2096.0,20.57217777066705,20.87763501067232,6.933646777208919,21.0,0,0.12236498932767859,20.85034423486877,20.5,21.5
2097.0,20.56945006446836,20.874906390476653,6.933200204033815,21.0,0,0.12509360952334703,20.84762018851997,20.5,21.5
2098.0,20.566722814496273,20.872178227279544,6.932752158642659,21.0,0,0.12782177272045558,20.84489659530846,20.5,21.5
2099.0,20.563996020365103,20.86945052069502,6.932302641376657,21.0,0,0.13054947930498173,20.842173454849757,20.5,21.5
2100.0,20.561269681689303,20.866723270337246,6.931851652578136,21.0,0,0.13327672966275372,20.839450766759526,20.5,21.5
2101.0,20.55854379808348,20.86399647582053,6.931399192590545,21.0,0,0.13600352417946837,20.836728530653385,20.5,21.5
2102.0,20.55581836916238,20.861270136759334,6.93094526175845,21.0,0,0.13872986324066616,20.834006746147356,20.5,21.5
2103.0,20.553093394540902,20.85854425276826,6.9304898604275404,21.0,0,0.14145574723173837,20.83128541285754,20.5,21.5
2104.0,20.550368873834078,20.855818823462055,6.930032988944623,21.0,0,0.14418117653794482,20.82856453039999,20.5,21.5
2105.0,20.5476448066571,20.853093848455615,6.929574647657626,21.0,0,0.14690615154438547,20.825844098391208,20.5,21.5
2106.0,20.5449211926253,20.85036932736398,6.929114836915597,21.0,0,0.1496306726360217,20.823124116447616,20.5,21.5
2107.0,20.542198031354157,20.847645259802334,6.928653557068699,21.0,0,0.1523547401976657,20.820404584185894,20.5,21.5
2108.0,20.5394753224593,20.844921645386012,6.92819080846822,21.0,0,0.15507835461398756,20.817685501222794,20.5,21.5
2109.0,20.5367530655565,20.8421984837305,6.927726591466562,21.0,0,0.157801516269501,20.814966867175364,20.5,21.5
2110.0,20.53403126026168,20.839475774451415,6.927260906417246,21.0,0,0.1605242255485848,20.812248681660577,20.5,21.5
2111.0,20.531309906190913,20.83675351716454,6.926793753674912,21.0,0,0.1632464828354614,20.809530944295773,20.5,21.5
2112.0,20.52858900296041,20.83403171148579,6.926325133595316,21.0,0,0.16596828851421108,20.806813654698292,20.5,21.5
2113.0,20.525868550186537,20.831310357031235,6.925855046535334,21.0,0,0.16868964296876499,20.804096812485696,20.5,21.5
2114.0,20.523148547485807,20.828589453417095,6.925383492852958,21.0,0,0.171410546582905,20.801380417275695,20.5,21.5
2115.0,20.52042899447488,20.825869000259736,6.924910472907294,21.0,0,0.1741309997402638,20.798664468686148,20.5,21.5
2116.0,20.517709890770565,20.823148997175668,6.924435987058571,21.0,0,0.17685100282433197,20.795948966334986,20.5,21.5
2117.0,20.51499123598982,20.82042944378155,6.923960035668127,21.0,0,0.17957055621845086,20.79323390984036,20.5,21.5
2118.0,20.512273029749757,20.817710339694194,6.923482619098422,21.0,0,0.1822896603058055,20.790519298820648,20.5,21.5
2119.0,20.509555271667626,20.81499168453056,6.92300373771303,21.0,0,0.18500831546943886,20.787805132894228,20.5,21.5
2120.0,20.506837961360834,20.81227347790775,6.922523391876638,21.0,0,0.1877265220922517,20.78509141167962,20.5,21.5
2121.0,20.504121098446937,20.809555719443022,6.922041581955051,21.0,0,0.19044428055697793,20.78237813479576,20.5,21.5
2122.0,20.50140468254364,20.806838408753787,6.921558308315188,21.0,0,0.1931615912462128,20.77966530186144,20.5,21.5
2123.0,20.498688713268795,20.804121545457598,6.921073571325084,21.0,0,0.19587845454240238,20.7769529124957,20.5,21.5
2124.0,20.495973190240406,20.80140512917215,6.920587371353886,21.0,0,0.19859487082785066,20.774240966317667,20.5,21.5
2125.0,20.493258113076628,20.798689159515312,6.920099708771858,21.0,0,0.2013108404846875,20.771529462946944,20.5,21.5
2126.0,20.49054348139577,20.795973636105078,6.919610583950374,21.0,0,0.204026363894922,20.768818402002733,20.5,21.5
2127.0,20.48782929481628,20.793258558559604,6.919119997261925,21.0,0,0.2067414414403963,20.76610778310486,20.5,21.5
2128.0,20.485115552956767,20.790543926497197,6.918627949080115,21.0,0,0.20945607350280326,20.763397605873127,20.5,21.5
2129.0,20.482402255435993,20.787829739536313,6.918134439779659,21.0,0,0.2121702604636866,20.76068786992748,20.5,21.5
2130.0,20.47968940187286,20.78511599729556,6.917639469736386,21.0,0,0.21488400270444075,20.757978574888018,20.5,21.5
2131.0,20.476976991886435,20.782402699393693,6.917143039327238,21.0,0,0.21759730060630744,20.755269720375026,20.5,21.5
2132.0,20.474265025095924,20.779689845449624,6.916645148930266,21.0,0,0.22031015455037561,20.752561306008943,20.5,21.5
2133.0,20.47155350112069,20.776977435082408,6.916145798924639,21.0,0,0.2230225649175921,20.749853331410243,20.5,21.5
2134.0,20.468842419580252,20.77426546791126,6.91564498969063,21.0,0,0.22573453208874028,20.747145796199778,20.5,21.5
2135.0,20.466131780094273,20.771553943555542,6.915142721609629,21.0,0,0.22844605644445792,20.744438699998366,20.5,21.5
2136.0,20.463421582282574,20.768842861634774,6.914638995064134,21.0,0,0.23115713836522644,20.74173204242709,20.5,21.5
2137.0,20.46071182576513,20.76613222176861,6.9141338104377565,21.0,0,0.2338677782313887,20.73902582310699,20.5,21.5
2138.0,20.458002510162064,20.763422023576886,6.913627168115215,21.0,0,0.2365779764231135,20.73632004165964,20.5,21.5
2139.0,20.455293635093653,20.76071226667957,6.91311906848234,21.0,0,0.23928773332043107,20.733614697706393,20.5,21.5
2140.0,20.45258520018033,20.75800295069678,6.912609511926071,21.0,0,0.24199704930321886,20.730909790868903,20.5,21.5
2141.0,20.44987720504268,20.755294075248802,6.9120984988344585,21.0,0,0.244705924751198,20.72820532076901,20.5,21.5
2142.0,20.447169649301436,20.752585639956063,6.91158602959666,21.0,0,0.2474143600439369,20.725501287028674,20.5,21.5
2143.0,20.444462532577496,20.749877644439152,6.911072104602945,21.0,0,0.2501223555608476,20.722797689270045,20.5,21.5
2144.0,20.441755854491902,20.747170088318803,6.910556724244687,21.0,0,0.2528299116811965,20.720094527115315,20.5,21.5
2145.0,20.43904961466585,20.744462971215903,6.9100398889143735,21.0,0,0.25553702878409723,20.717391800186896,20.5,21.5
2146.0,20.4363438127207,20.74175629275151,6.909521599005595,21.0,0,0.25824370724848933,20.71468950810759,20.5,21.5
2147.0,20.433638448277957,20.739050052546812,6.909001854913052,21.0,0,0.260949947453188,20.711987650499825,20.5,21.5
2148.0,20.430933520959286,20.73634425022317,6.908480657032554,21.0,0,0.2636557497768308,20.70928622698674,20.5,21.5
2149.0,20.4282290303865,20.73363888540209,6.907958005761014,21.0,0,0.2663611145979097,20.7065852371913,20.5,21.5
2150.0,20.425524976181574,20.730933957705236,6.907433901496454,21.0,0,0.2690660422947637,20.703884680736696,20.5,21.5
2151.0,20.422821357966637,20.72822946675442,6.906908344638002,21.0,0,0.2717705332455793,20.701184557246265,20.5,21.5
2152.0,20.42011817536397,20.725525412171624,6.906381335585894,21.0,0,0.27447458782837586,20.69848486634366,20.5,21.5
2153.0,20.417415427996016,20.72282179357897,6.905852874741469,21.0,0,0.27717820642103064,20.69578560765242,20.5,21.5
2154.0,20.414713115485366,20.720118610598742,6.905322962507173,21.0,0,0.2798813894012575,20.693086780796474,20.5,21.5
2155.0,20.41201123745477,20.717415862853382,6.904791599286557,21.0,0,0.28258413714661756,20.690388385399782,20.5,21.5
2156.0,20.409309793527136,20.714713549965484,6.904258785484277,21.0,0,0.2852864500345156,20.687690421086504,20.5,21.5
2157.0,20.406608783325527,20.712011671557793,6.903724521506096,21.0,0,0.2879883284422071,20.684992887480877,20.5,21.5
2158.0,20.403908206473165,20.70931022725322,6.903188807758877,21.0,0,0.29068977274678076,20.682295784207483,20.5,21.5
2159.0,20.401208062593422,20.70660921667483,6.9026516446505894,21.0,0,0.29339078332516877,20.67959911089095,20.5,21.5
2160.0,20.398508351309832,20.703908639445846,6.902113032590307,21.0,0,0.2960913605541542,20.67690286715599,20.5,21.5
2161.0,20.395809072246088,20.701208495189636,6.901572971988207,21.0,0,0.29879150481036376,20.67420705262754,20.5,21.5
2162.0,20.393110225026035,20.698508783529736,6.901031463255567,21.0,0,0.30149121647026433,20.67151166693073,20.5,21.5
2163.0,20.39041180927368,20.69580950408984,6.900488506804772,21.0,0,0.30419049591015934,20.66881670969089,20.5,21.5
2164.0,20.387713824613186,20.693110656493793,6.899944103049306,21.0,0,0.30688934350620656,20.66612218053332,20.5,21.5
2165.0,20.385016270668874,20.6904122403656,6.8993982524037545,21.0,0,0.30958775963440033,20.663428079083662,20.5,21.5
2166.0,20.38231914706522,20.687714255329425,6.898850955283808,21.0,0,0.3122857446705751,20.660734404967677,20.5,21.5
2167.0,20.379622453426865,20.68501670100959,6.898302212106257,21.0,0,0.3149832989904091,20.65804115781125,20.5,21.5
2168.0,20.3769261893786,20.682319577030576,6.8977520232889935,21.0,0,0.3176804229694241,20.655348337240426,20.5,21.5
2169.0,20.374230354545382,20.679622883017014,6.89720038925101,21.0,0,0.32037711698298565,20.6526559428814,20.5,21.5
2170.0,20.371534948552323,20.676926618593704,6.896647310412399,21.0,0,0.3230733814062958,20.649963974360602,20.5,21.5
2171.0,20.368839971024695,20.6742307833856,6.896092787194355,21.0,0,0.3257692166144004,20.647272431304554,20.5,21.5
2172.0,20.36614542158793,20.67153537701781,6.895536820019172,21.0,0,0.3284646229821888,20.644581313339927,20.5,21.5
2173.0,20.363451299867616,20.668840399115616,6.894979409310242,21.0,0,0.33115960088438356,20.64189062009367,20.5,21.5
2174.0,20.360757605489503,20.66614584930444,6.894420555492058,21.0,0,0.33385415069556146,20.63920035119266,20.5,21.5
2175.0,20.358064338079505,20.663451727209875,6.893860258990212,21.0,0,0.3365482727901252,20.636510506264237,20.5,21.5
2176.0,20.355371497263686,20.66075803245767,6.893298520231393,21.0,0,0.3392419675423284,20.63382108493564,20.5,21.5
2177.0,20.35267908266828,20.658064764673746,6.892735339643391,21.0,0,0.3419352353262539,20.63113208683449,20.5,21.5
2178.0,20.349987093919676,20.655371923484157,6.892170717655091,21.0,0,0.3446280765158427,20.62844351158827,20.5,21.5
2179.0,20.347295530644423,20.652679508515142,6.8916046546964775,21.0,0,0.347320491484858,20.62575535882499,20.5,21.5
2180.0,20.344604392469233,20.649987519393086,6.891037151198634,21.0,0,0.3500124806069138,20.623067628172528,20.5,21.5
2181.0,20.34191367902098,20.647295955744543,6.890468207593736,21.0,0,0.3527040442554572,20.62038031925911,20.5,21.5
2182.0,20.339223389926694,20.644604817196225,6.889897824315062,21.0,0,0.35539518280377536,20.617693431713043,20.5,21.5
2183.0,20.33653352481357,20.641914103375004,6.889326001796981,21.0,0,0.35808589662499557,20.615006965162802,20.5,21.5
2184.0,20.333844083308968,20.63922381390791,6.888752740474962,21.0,0,0.36077618609208884,20.61232091923698,20.5,21.5
2185.0,20.331155065040402,20.636533948422148,6.888178040785569,21.0,0,0.36346605157785206,20.609635293564516,20.5,21.5
2186.0,20.32846646963555,20.633844506545064,6.887601903166459,21.0,0,0.3661554934549365,20.60695008777422,20.5,21.5
2187.0,20.325778296722255,20.631155487904174,6.887024328056388,21.0,0,0.36884451209582636,20.604265301495275,20.5,21.5
2188.0,20.323090545928522,20.628466892127165,6.886445315895202,21.0,0,0.37153310787283544,20.601580934357074,20.5,21.5
2189.0,20.320403216882514,20.625778718841875,6.885864867123846,21.0,0,0.3742212811581247,20.598896985988983,20.5,21.5
2190.0,20.317716309212564,20.62309096767631,6.885282982184357,21.0,0,0.37690903232369166,20.59621345602064,20.5,21.5
2191.0,20.315029822547157,20.62040363825863,6.884699661519864,21.0,0,0.37959636174137046,20.59353034408184,20.5,21.5
2192.0,20.312343756514952,20.617716730217168,6.884114905574593,21.0,0,0.3822832697828318,20.590847649802555,20.5,21.5
2193.0,20.309658110744763,20.615030243180417,6.883528714793861,21.0,0,0.3849697568195829,20.588165372812906,20.5,21.5
2194.0,20.306972884865573,20.612344176777025,6.882941089624076,21.0,0,0.38765582322297476,20.585483512743107,20.5,21.5
2195.0,20.304288078506524,20.60965853063582,6.882352030512742,21.0,0,0.3903414693641807,20.58280206922376,20.5,21.5
2196.0,20.301603691296926,20.60697330438577,6.881761537908451,21.0,0,0.3930266956142283,20.580121041885295,20.5,21.5
2197.0,20.29891972286625,20.604288497656036,6.881169612260891,21.0,0,0.3957115023439641,20.577440430358678,20.5,21.5
2198.0,20.29623617284413,20.601604110075908,6.880576254020838,21.0,0,0.3983958899240925,20.574760234274624,20.5,21.5
2199.0,20.293553040860363,20.598920141274867,6.87998146364016,21.0,0,0.40107985872513296,20.572080453264462,20.5,21.5
2200.0,20.29087032654492,20.596236590882548,6.879385241571817,21.0,0,0.40376340911745245,20.569401086959353,20.5,21.5
2201.0,20.288188029527923,20.593553458528746,6.878787588269857,21.0,0,0.40644654147125436,20.566722134990727,20.5,21.5
2202.0,20.285506149439673,20.590870743843432,6.878188504189419,21.0,0,0.40912925615656803,20.564043596990295,20.5,21.5
2203.0,20.282824685910622,20.58818844645673,6.877587989786731,21.0,0,0.41181155354327004,20.56136547258971,20.5,21.5
2204.0,20.2801436385714,20.585506565998934,6.8769860455191125,21.0,0,0.4144934340010664,20.55868776142097,20.5,21.5
2205.0,20.277463007052788,20.582825102100507,6.8763826718449685,21.0,0,0.4171748978994927,20.556010463116245,20.5,21.5
2206.0,20.274782790985746,20.580144054392072,6.875777869223795,21.0,0,0.41985594560792805,20.55333357730772,20.5,21.5
2207.0,20.272102990001393,20.577463422504415,6.875171638116177,21.0,0,0.4225365774955847,20.55065710362785,20.5,21.5
2208.0,20.269423603731017,20.574783206068496,6.874563978983783,21.0,0,0.42521679393150436,20.5479810417093,20.5,21.5
2209.0,20.266744631806066,20.57210340471543,6.873954892289374,21.0,0,0.4278965952845688,20.545305391184787,20.5,21.5
2210.0,20.264066073858164,20.569424018076507,6.873344378496795,21.0,0,0.4305759819234929,20.542630151687266,20.5,21.5
2211.0,20.261387929519092,20.566745045783176,6.8727324380709796,21.0,0,0.4332549542168245,20.53995532284986,20.5,21.5
2212.0,20.258710198420804,20.56406648746706,6.872119071477947,21.0,0,0.4359335125329409,20.537280904305895,20.5,21.5
2213.0,20.256032880195416,20.561388342759937,6.871504279184801,21.0,0,0.4386116572400631,20.534606895688714,20.5,21.5
2214.0,20.253355974475213,20.558710611293765,6.870888061659734,21.0,0,0.4412893887062346,20.53193329663205,20.5,21.5
2215.0,20.25067948089265,20.556033292700665,6.870270419372023,21.0,0,0.4439667072993352,20.52926010676966,20.5,21.5
2216.0,20.248003399080346,20.553356386612915,6.869651352792029,21.0,0,0.446643613387085,20.526587325735417,20.5,21.5
2217.0,20.24532772867109,20.55067989266297,6.869030862391197,21.0,0,0.4493201073370301,20.52391495316352,20.5,21.5
2218.0,20.242652469297834,20.548003810483454,6.86840894864206,21.0,0,0.45199618951654585,20.521242988688297,20.5,21.5
2219.0,20.239977620593702,20.545328139707152,6.867785612018229,21.0,0,0.4546718602928479,20.51857143194413,20.5,21.5
2220.0,20.237303182191987,20.54265287996702,6.867160852994403,21.0,0,0.4573471200329813,20.515900282565685,20.5,21.5
2221.0,20.234629153726146,20.53997803089618,6.866534672046365,21.0,0,0.46002196910382054,20.513229540187787,20.5,21.5
2222.0,20.23195553482981,20.537303592127927,6.865907069650978,21.0,0,0.4626964078720732,20.5105592044454,20.5,21.5
2223.0,20.229282325136776,20.534629563295717,6.865278046286188,21.0,0,0.46537043670428346,20.507889274973614,20.5,21.5
2224.0,20.226609524281006,20.53195594403318,6.864647602431024,21.0,0,0.4680440559668213,20.5052197514078,20.5,21.5
2225.0,20.223937131896637,20.529282733974107,6.864015738565597,21.0,0,0.47071726602589337,20.502550633383386,20.5,21.5
2226.0,20.22126514761797,20.52660993275247,6.863382455171098,21.0,1,0.47339006724752863,20.49988192053612,20.5,21.5
2227.0,20.23859357107948,20.527937540002405,6.8627477527298,21.0,1,0.4720624599975949,20.541213612501743,20.5,21.5
2228.0,20.25591840191581,20.53326475535821,6.862111631725057,21.0,1,0.4667352446417894,20.586536908916266,20.5,21.5
2229.0,20.273239640561773,20.54259077861436,6.861474092641302,21.0,1,0.4574092213856389,20.635851011175866,20.5,21.5
2230.0,20.290557287452188,20.555914809725472,6.860835135964049,21.0,1,0.444085190274528,20.68915512083658,20.5,21.5
2231.0,20.30787134302189,20.573236048806255,6.860194762179892,21.0,1,0.42676395119374533,20.74644843961408,20.5,21.5
2232.0,20.32518180770572,20.5905536961315,6.859552971776503,21.0,1,0.40944630386849923,20.76373016938396,20.5,21.5
2233.0,20.342488681938537,20.60786775213605,6.8589097652426325,21.0,1,0.39213224786395173,20.781008312181523,20.5,21.5
2234.0,20.359791966155196,20.625178217254735,6.858265143068112,21.0,1,0.3748217827452649,20.798282868441603,20.5,21.5
2235.0,20.37709166079058,20.642485091922413,6.857619105743849,21.0,1,0.35751490807758657,20.815553838599197,20.5,21.5
2236.0,20.39438776627957,20.65978837657395,6.856971653761827,21.0,1,0.3402116234260504,20.83282122308931,20.5,21.5
2237.0,20.411680283057066,20.677088071644214,6.856322787615111,21.0,1,0.3229119283557864,20.850085022346853,20.5,21.5
2238.0,20.428969211557977,20.694384177568104,6.8556725077978395,21.0,1,0.30561582243189633,20.867345236807004,20.5,21.5
2239.0,20.446254552217226,20.71167669478051,6.85502081480523,21.0,1,0.2883233052194889,20.884601866904585,20.5,21.5
2240.0,20.463536305469745,20.72896562371634,6.854367709133575,21.0,1,0.2710343762836587,20.901854913074644,20.5,21.5
2241.0,20.480814471750477,20.74625096481052,6.853713191280241,21.0,1,0.2537490351894789,20.91910437575232,20.5,21.5
2242.0,20.498089051494382,20.763532718497988,6.8530572617436745,21.0,1,0.23646728150201213,20.936350255372655,20.5,21.5
2243.0,20.515360045136433,20.780810885213675,6.852399921023393,21.0,1,0.21918911478632452,20.95359255237055,20.5,21.5
2244.0,20.53262745311161,20.798085465392553,6.85174116961999,21.0,1,0.20191453460744668,20.97083126718133,20.5,21.5
2245.0,20.54989127585491,20.81535645946959,6.851081008035133,21.0,1,0.1846435405304092,20.988066400239966,20.5,21.5
2246.0,20.567151513801345,20.832623867879764,6.850419436771564,21.0,1,0.1673761321202356,21.0052979519815,20.5,21.5
2247.0,20.584408167385938,20.849887691058075,6.8497564563330995,21.0,1,0.1501123089419245,21.022525922841186,20.5,21.5
2248.0,20.60166123704373,20.867147929439533,6.8490920672246265,21.0,1,0.13285207056046744,21.039750313254103,20.5,21.5
2249.0,20.618910723209765,20.884404583459165,6.848426269952107,21.0,1,0.1155954165408346,21.056971123655494,20.5,21.5
2250.0,20.636156626319114,20.901657653552004,6.847759065022574,21.0,1,0.09834234644799622,21.074188354480388,20.5,21.5
2251.0,20.653398946806853,20.918907140153106,6.847090452944133,21.0,1,0.08109285984689407,21.091402006164127,20.5,21.5
2252.0,20.67063768510808,20.936153043697534,6.846420434225962,21.0,1,0.0638469563024664,21.10861207914181,20.5,21.5
2253.0,20.687872841657903,20.95339536462037,6.845749009378308,21.0,1,0.04660463537963011,21.125818573848733,20.5,21.5
2254.0,20.705104416891448,20.97063410335671,6.8450761789124925,21.0,1,0.029365896643291478,21.143021490720095,20.5,21.5
2255.0,20.72233241124385,20.987869260341654,6.844401943340904,21.0,1,0.012130739658346101,21.160220830191108,20.5,21.5
2256.0,20.73955682515027,21.005100836010335,6.843726303177001,21.0,1,-0.005100836010335286,21.17741659269715,20.5,21.5
2257.0,20.756777659045877,21.022328830797896,6.843049258935315,21.0,1,-0.02232883079789616,21.194608778673505,20.5,21.5
2258.0,20.773994913365854,21.039553245139487,6.842370811131443,21.0,1,-0.0395532451394871,21.211797388555397,20.5,21.5
2259.0,20.79120858854541,21.05677407947028,6.841690960282053,21.0,1,-0.056774079470280014,21.22898242277821,20.5,21.5
2260.0,20.808418685019756,21.07399133422546,6.841009706904881,21.0,1,-0.073991334225461,21.24616388177727,20.5,21.5
2261.0,20.825625203224135,21.09120500984023,6.840327051518731,21.0,1,-0.09120500984023039,21.263341765987924,20.5,21.5
2262.0,20.842828143593795,21.108415106749817,6.839642994643476,21.0,1,-0.10841510674981691,21.280516075845682,20.5,21.5
2263.0,20.860027506564006,21.12562162538945,6.838957536800052,21.0,1,-0.12562162538944932,21.297686811785773,20.5,21.5
2264.0,20.877223292570054,21.142824566194378,6.838270678510469,21.0,1,-0.14282456619437767,21.31485397424366,20.5,21.5
2265.0,20.89441550204724,21.160023929599873,6.837582420297797,21.0,1,-0.16002392959987333,21.33201756365483,20.5,21.5
2266.0,20.911604135430892,21.177219716041225,6.836892762686174,21.0,1,-0.17721971604122544,21.349177580454747,20.5,21.5
2267.0,20.928789193156344,21.194411925953734,6.836201706200806,21.0,1,-0.1944119259537338,21.366334025078817,20.5,21.5
2268.0,20.945970675658952,21.211600559772723,6.835509251367963,21.0,1,-0.21160055977272307,21.383486897962616,20.5,21.5
2269.0,20.963148583374092,21.22878561793353,6.8348153987149765,21.0,1,-0.22878561793352858,21.400636199541584,20.5,21.5
2270.0,20.980322916737162,21.245967100871514,6.834120148770248,21.0,1,-0.24596710087151408,21.41778193025137,20.5,21.5
2271.0,20.99749367618357,21.263145009022047,6.833423502063241,21.0,1,-0.26314500902204685,21.434924090527375,20.5,21.5
2272.0,21.014660862148745,21.280319342820526,6.832725459124479,21.0,1,-0.2803193428205262,21.45206268080532,20.5,21.5
2273.0,21.031824475068138,21.297490102702362,6.832026020485555,21.0,1,-0.297490102702362,21.46919770152072,20.5,21.5
2274.0,21.04898451537722,21.31465728910299,6.8313251866791225,21.0,1,-0.31465728910298907,21.48632915310926,20.5,21.5
2275.0,21.06614098351148,21.331820902457856,6.830622958238894,21.0,0,-0.33182090245785645,21.50345703600653,20.5,21.5
2276.0,21.063293879906425,21.344980943202426,6.82991933569965,21.0,0,-0.344980943202426,21.47658135064812,20.5,21.5
2277.0,21.060447204997583,21.35413821177219,6.829214319597227,21.0,0,-0.3541382117721916,21.445710897469848,20.5,21.5
2278.0,21.057600958420505,21.359293508442665,6.828507910468527,21.0,0,-0.35929350844266494,21.410846475147398,20.5,21.5
2279.0,21.054755139810915,21.360447633329404,6.827800108851512,21.0,0,-0.36044763332940377,21.371988882196792,20.5,21.5
2280.0,21.05190974880472,21.35760138638805,6.8270909152852015,21.0,0,-0.35760138638805117,21.329138916974525,20.5,21.5
2281.0,21.049064785038016,21.354755567414372,6.8263803303096795,21.0,0,-0.3547555674143723,21.326297377677584,20.5,21.5
2282.0,21.04622024814707,21.351910176044267,6.825668354466085,21.0,0,-0.35191017604426733,21.323456262343218,20.5,21.5
2283.0,21.043376137768334,21.349065211913835,6.824954988296621,21.0,0,-0.3490652119138353,21.320615570609515,20.5,21.5
2284.0,21.04053245353844,21.34622067465934,6.824240232344546,21.0,0,-0.3462206746593388,21.317775302114374,20.5,21.5
2285.0,21.037689195094202,21.343376563917236,6.823524087154177,21.0,0,-0.3433765639172357,21.314935456496205,20.5,21.5
2286.0,21.034846362072614,21.340532879324154,6.82280655327089,21.0,0,-0.34053287932415444,21.312096033393342,20.5,21.5
2287.0,21.032003954110852,21.337689620516915,6.82208763124112,21.0,0,-0.3376896205169153,21.309257032444524,20.5,21.5
2288.0,21.02916197084628,21.334846787132506,6.821367321612354,21.0,0,-0.3348467871325056,21.30641845328841,20.5,21.5
2289.0,21.02632041191643,21.332004378808104,6.820645624933142,21.0,0,-0.3320043788081044,21.303580295564092,20.5,21.5
2290.0,21.023479276959034,21.329162395181072,6.819922541753087,21.0,0,-0.32916239518107204,21.30074255891075,20.5,21.5
2291.0,21.020638565611993,21.32632083588895,6.8191980726228465,21.0,0,-0.32632083588895,21.29790524296773,20.5,21.5
2292.0,21.017798277513396,21.323479700569457,6.818472218094137,21.0,0,-0.3234797005694574,21.29506834737453,20.5,21.5
2293.0,21.014958412301514,21.3206389888605,6.817744978719729,21.0,0,-0.3206389888605017,21.292231871770944,20.5,21.5
2294.0,21.012118969614797,21.31779870040018,6.817016355053443,21.0,0,-0.31779870040017855,21.289395815796947,20.5,21.5
2295.0,21.009279949091884,21.314958834826747,6.816286347650163,21.0,0,-0.31495883482674714,21.286560179092433,20.5,21.5
2296.0,21.006441350371595,21.31211939177867,6.815554957065817,21.0,0,-0.3121193917786691,21.28372496129789,20.5,21.5
2297.0,21.003603173092934,21.309280370894577,6.814822183857394,21.0,0,-0.3092803708945766,21.28089016205365,20.5,21.5
2298.0,21.000765416895085,21.30644177181329,6.81408802858293,21.0,0,-0.30644177181329013,21.278055781000425,20.5,21.5
2299.0,20.997928081417424,21.303603594173815,6.813352491801518,21.0,0,-0.3036035941738149,21.275221817779062,20.5,21.5
2300.0,20.9950911662995,21.300765837615337,6.8126155740733,21.0,0,-0.30076583761533726,21.27238827203056,20.5,21.5
2301.0,20.992254671181055,21.29792850177723,6.811877275959472,21.0,0,-0.2979285017772284,21.26955514339614,20.5,21.5
2302.0,20.98941859570201,21.295091586299044,6.811137598022279,21.0,0,-0.2950915862990442,21.266722431517202,20.5,21.5
2303.0,20.986582939502473,21.292255090820518,6.810396540825019,21.0,0,-0.29225509082051815,21.263890136035258,20.5,21.5
2304.0,20.983747702222736,21.289419014981583,6.809654104932039,21.0,0,-0.28941901498158273,21.26105825659223,20.5,21.5
2305.0,20.98091288350328,21.286583358422337,6.808910290908736,21.0,0,-0.2865833584223374,21.258226792829884,20.5,21.5
2306.0,20.97807848298476,21.28374812078308,6.808165099321557,21.0,0,-0.28374812078308054,21.255395744390512,20.5,21.5
2307.0,20.975244500308026,21.28091330170428,6.807418530737998,21.0,0,-0.2809133017042811,21.252565110916287,20.5,21.5
2308.0,20.972410935114112,21.278078900826607,6.806670585726602,21.0,0,-0.2780789008266069,21.249734892049865,20.5,21.5
2309.0,20.969577787044233,21.275244917790907,6.805921264856963,21.0,0,-0.2752449177909071,21.24690508743391,20.5,21.5
2310.0,20.966745055739796,21.27241135223821,6.8051705686997215,21.0,0,-0.27241135223820834,21.24407569671122,20.5,21.5
2311.0,20.96391274084239,21.269578203809733,6.804418497826565,21.0,0,-0.26957820380973274,21.241246719524977,20.5,21.5
2312.0,20.961080841993784,21.266745472146887,6.803665052810228,21.0,0,-0.26674547214688715,21.23841815551843,20.5,21.5
2313.0,20.958249358835946,21.263913156891252,6.802910234224491,21.0,0,-0.2639131568912525,21.235590004334906,20.5,21.5
2314.0,20.955418291011025,21.261081257684612,6.802154042644183,21.0,0,-0.2610812576846122,21.23276226561821,20.5,21.5
2315.0,20.95258763816135,21.258249774168924,6.8013964786451755,21.0,0,-0.2582497741689238,21.22993493901204,20.5,21.5
2316.0,20.949757399929446,21.255418705986337,6.800637542804387,21.0,0,-0.25541870598633665,21.227108024160465,20.5,21.5
2317.0,20.94692757595802,21.25258805277918,6.79987723569978,21.0,0,-0.2525880527791813,21.224281520707628,20.5,21.5
2318.0,20.94409816588997,21.249757814189984,6.799115557910361,21.0,0,-0.24975781418998366,21.221455428298007,20.5,21.5
2319.0,20.941269169368372,21.246927989861454,6.798352510016181,21.0,0,-0.24692798986145448,21.218629746576163,20.5,21.5
2320.0,20.938440586036503,21.244098579436486,6.7975880925983345,21.0,0,-0.2440985794364856,21.215804475186797,20.5,21.5
2321.0,20.935612415537815,21.241269582558157,6.7968223062389574,21.0,0,-0.24126958255815723,21.212979613774873,20.5,21.5
2322.0,20.932784657515956,21.238440998869745,6.796055151521231,21.0,0,-0.2384409988697449,21.21015516198562,20.5,21.5
2323.0,20.929957311614757,21.235612828014702,6.795286629029377,21.0,0,-0.23561282801470185,21.20733111946427,20.5,21.5
2324.0,20.92713037747824,21.23278506963668,6.794516739348657,21.0,0,-0.23278506963668022,21.204507485856464,20.5,21.5
2325.0,20.92430385475061,21.229957723379503,6.7937454830653765,21.0,0,-0.2299577233795027,21.201684260807728,20.5,21.5
2326.0,20.921477743076274,21.227130788887195,6.792972860766881,21.0,0,-0.2271307888871945,21.198861443964113,20.5,21.5
2327.0,20.91865204209981,21.224304265803966,6.7921988730415555,21.0,0,-0.22430426580396556,21.196039034971676,20.5,21.5
2328.0,20.915826751466,21.221478153774214,6.791423520478826,21.0,0,-0.2214781537742141,21.1932170334767,20.5,21.5
2329.0,20.9130018708198,21.21865245244253,6.790646803669156,21.0,0,-0.21865245244253018,21.19039543912569,20.5,21.5
2330.0,20.910177399806372,21.21582716145368,6.78986872320405,21.0,0,-0.21582716145368153,21.187574251565195,20.5,21.5
2331.0,20.90735333807105,21.213002280452635,6.78908927967605,21.0,0,-0.2130022804526348,21.184753470442168,20.5,21.5
2332.0,20.904529685259373,21.21017780908455,6.788308473678736,21.0,0,-0.21017780908454853,21.181933095403686,20.5,21.5
2333.0,20.90170644101706,21.20735374699476,6.787526305806726,21.0,0,-0.20735374699475884,21.179113126096862,20.5,21.5
2334.0,20.898883604990015,21.2045300938288,6.786742776655675,21.0,0,-0.20453009382880083,21.17629356216922,20.5,21.5
2335.0,20.896061176824347,21.201706849232394,6.785957886822274,21.0,0,-0.20170684923239435,21.17347440326833,20.5,21.5
2336.0,20.893239156166345,21.198884012851455,6.785171636904251,21.0,0,-0.19888401285145463,21.170655649042057,20.5,21.5
2337.0,20.890417542662494,21.196061584332078,6.784384027500369,21.0,0,-0.1960615843320781,21.167837299138313,20.5,21.5
2338.0,20.88759633595946,21.19323956332056,6.783595059210429,21.0,0,-0.19323956332056014,21.16501935320538,20.5,21.5
2339.0,20.88477553570411,21.19041794946338,6.782804732635261,21.0,0,-0.19041794946338086,21.162201810891588,20.5,21.5
2340.0,20.881955141543497,21.187596742407212,6.782013048376736,21.0,0,-0.18759674240721225,21.159384671845526,20.5,21.5
2341.0,20.879135153124864,21.184775941798915,6.781220007037755,21.0,0,-0.18477594179891454,21.156567935715938,20.5,21.5
2342.0,20.876315570095645,21.181955547285547,6.780425609222253,21.0,0,-0.18195554728554697,21.15375160215187,20.5,21.5
2343.0,20.87349639210347,21.17913555851435,6.7796298555352,21.0,0,-0.17913555851434992,21.15093567080238,20.5,21.5
2344.0,20.870677618796154,21.17631597513276,6.778832746582595,21.0,0,-0.1763159751327592,21.148120141316852,20.5,21.5
2345.0,20.867859249821713,21.173496796788402,6.778034282971473,21.0,0,-0.17349679678840246,21.145305013344835,20.5,21.5
2346.0,20.865041284828344,21.1706780231291,6.777234465309897,21.0,0,-0.1706780231290992,21.142490286536066,20.5,21.5
2347.0,20.86222372346444,21.167859653802857,6.776433294206965,21.0,0,-0.16785965380285717,21.139675960540437,20.5,21.5
2348.0,20.85940656537859,21.16504168845788,6.7756307702728025,21.0,0,-0.1650416884578796,21.136862035008104,20.5,21.5
2349.0,20.856589810219567,21.162224126742565,6.774826894118567,21.0,0,-0.16222412674256503,21.13404850958942,20.5,21.5
2350.0,20.853773457636347,21.15940696830549,6.774021666356443,21.0,0,-0.15940696830548973,21.131235383934737,20.5,21.5
2351.0,20.850957507278093,21.15659021279544,6.77321508759965,21.0,0,-0.1565902127954395,21.128422657694937,20.5,21.5
2352.0,20.848141958794155,21.15377385986138,6.772407158462429,21.0,0,-0.15377385986138137,21.1256103305208,20.5,21.5
2353.0,20.845326811834088,21.15095790915248,6.771597879560057,21.0,0,-0.1509579091524813,21.12279840206348,20.5,21.5
2354.0,20.842512066047632,21.148142360318094,6.770787251508832,21.0,0,-0.14814236031809358,21.119986871974216,20.5,21.5
2355.0,20.839697721084725,21.145327213007768,6.769975274926084,21.0,0,-0.14532721300776785,21.11717573990451,20.5,21.5
2356.0,20.836883776595492,21.14251246687125,6.769161950430168,21.0,0,-0.1425124668712492,21.114365005506063,20.5,21.5
2357.0,20.83407023223026,21.13969812155847,6.768347278640467,21.0,0,-0.13969812155847094,21.11155466843069,20.5,21.5
2358.0,20.831257087639543,21.13688417671956,6.767531260177387,21.0,0,-0.13688417671955833,21.108744728330432,20.5,21.5
2359.0,20.82844434247405,21.134070632004843,6.766713895662363,21.0,0,-0.1340706320048426,21.105935184857685,20.5,21.5
2360.0,20.825631996384686,21.131257487064836,6.765895185717854,21.0,0,-0.1312574870648362,21.103126037664772,20.5,21.5
2361.0,20.822820049022553,21.128444741550247,6.765075130967342,21.0,0,-0.128444741550247,21.100317286404355,20.5,21.5
2362.0,20.82000850003894,21.12563239511198,6.7642537320353355,21.0,0,-0.12563239511198177,21.09750893072933,20.5,21.5
2363.0,20.81719734908534,21.122820447401143,6.7634309895473645,21.0,0,-0.12282044740114273,21.094700970292752,20.5,21.5
2364.0,20.81438659581343,21.120008898069017,6.762606904129985,21.0,0,-0.12000889806901682,21.091893404747758,20.5,21.5
2365.0,20.811576239875095,21.117197746767097,6.761781476410771,21.0,0,-0.11719774676709704,21.0890862337479,20.5,21.5
2366.0,20.808766280922402,21.114386993147072,6.760954707018324,21.0,0,-0.11438699314707179,21.08627945694682,20.5,21.5
2367.0,20.80595671860762,21.111576636860804,6.760126596582264,21.0,0,-0.11157663686080355,21.08347307399812,20.5,21.5
2368.0,20.803147552583216,21.108766677560375,6.759297145733233,21.0,0,-0.10876667756037506,21.08066708455609,20.5,21.5
2369.0,20.800338782501846,21.10595711489806,6.758466355102895,21.0,0,-0.10595711489806092,21.07786148827492,20.5,21.5
2370.0,20.797530408016367,21.103147948526317,6.7576342253239305,21.0,0,-0.10314794852631692,21.075056284808877,20.5,21.5
2371.0,20.794722428779828,21.1003391780978,6.756800757030046,21.0,0,-0.10033917809780135,21.072251473812646,20.5,21.5
2372.0,20.79191484444548,21.097530803265375,6.755965950855961,21.0,0,-0.097530803265375,21.06944705494111,20.5,21.5
2373.0,20.78910765466676,21.094722823682083,6.755129807437418,21.0,0,-0.0947228236820834,21.066643027849167,20.5,21.5
2374.0,20.786300859097317,21.091915239001175,6.754292327411178,21.0,0,-0.0919152390011746,21.063839392192087,20.5,21.5
2375.0,20.78349445739098,21.0891080488761,6.753453511415016,21.0,0,-0.08910804887609913,21.061036147625344,20.5,21.5
2376.0,20.780688449201783,21.08630125296049,6.752613360087727,21.0,0,-0.08630125296048874,21.058233293804385,20.5,21.5
2377.0,20.77788283418396,21.08349485090819,6.751771874069124,21.0,0,-0.08349485090818831,21.055430830385184,20.5,21.5
2378.0,20.775077611991936,21.08068884237322,6.750929054000036,21.0,0,-0.08068884237322038,21.05262875702354,20.5,21.5
2379.0,20.772272782280336,21.077883227009824,6.750084900522305,21.0,0,-0.0778832270098242,21.049827073375862,20.5,21.5
2380.0,20.769468344703984,21.075078004472424,6.749239414278792,21.0,0,-0.07507800447242374,21.04702577909842,20.5,21.5
2381.0,20.7666642989179,21.072273174415646,6.748392595913371,21.0,0,-0.07227317441564551,21.044224873847863,20.5,21.5
2382.0,20.7638606445773,21.069468736494315,6.747544446070931,21.0,0,-0.06946873649431495,21.04142435728101,20.5,21.5
2383.0,20.761057381337597,21.06666469036345,6.746694965397374,21.0,0,-0.06666469036344935,21.038624229054793,20.5,21.5
2384.0,20.75825450885441,21.063861035678265,6.745844154539619,21.0,0,-0.06386103567826495,21.03582448882642,20.5,21.5
2385.0,20.755452026783548,21.06105777209418,6.744992014145594,21.0,0,-0.06105777209418051,21.033025136253336,20.5,21.5
2386.0,20.75264993478102,21.058254899266807,6.744138544864241,21.0,0,-0.0582548992668066,21.030226170993068,20.5,21.5
2387.0,20.749848232503034,21.055452416851953,6.743283747345514,21.0,0,-0.05545241685195279,21.027427592703415,20.5,21.5
2388.0,20.747046919606003,21.052650324505635,6.742427622240379,21.0,0,-0.05265032450563467,21.024629401042453,20.5,21.5
2389.0,20.744245995746528,21.04984862188406,6.741570170200812,21.0,0,-0.049848621884059696,21.02183159566831,20.5,21.5
2390.0,20.74144546058142,21.047047308643634,6.740711391879799,21.0,0,-0.04704730864363427,21.01903417623938,20.5,21.5
2391.0,20.73864531376768,21.04424638444097,6.739851287931339,21.0,0,-0.04424638444097084,21.016237142414337,20.5,21.5
2392.0,20.735845554962513,21.041445848932867,6.738989859010438,21.0,0,-0.041445848932866625,21.013440493851824,20.5,21.5
2393.0,20.733046183823323,21.03864570177633,6.738127105773111,21.0,0,-0.03864570177632842,21.010644230210946,20.5,21.5
2394.0,20.730247200007714,21.035845942628566,6.737263028876383,21.0,0,-0.03584594262856555,21.007848351150937,20.5,21.5
2395.0,20.72744860317349,21.03304657114698,6.736397628978285,21.0,0,-0.033046571146979176,21.005052856331115,20.5,21.5
2396.0,20.72465039297865,21.030247586989173,6.735530906737857,21.0,0,-0.03024758698917296,21.00225774541111,20.5,21.5
2397.0,20.721852569081403,21.02744898981295,6.734662862815146,21.0,0,-0.02744898981294952,20.999463018050715,20.5,21.5
2398.0,20.71905513114015,21.024650779276318,6.733793497871206,21.0,0,-0.024650779276317536,20.996668673909998,20.5,21.5
2399.0,20.716258078813496,21.021852955037474,6.732922812568095,21.0,0,-0.021852955037473976,20.99387471264904,20.5,21.5
2400.0,20.713461411760246,21.019055516754825,6.732050807568878,21.0,0,-0.01905551675482542,20.99108113392834,20.5,21.5
2401.0,20.71066512963941,21.01625846408698,6.731177483537624,21.0,0,-0.01625846408698095,20.988287937408536,20.5,21.5
2402.0,20.707869232110188,21.013461796692734,6.730302841139409,21.0,0,-0.013461796692734396,20.98549512275027,20.5,21.5
2403.0,20.705073718831994,21.010665514231103,6.72942688104031,21.0,0,-0.010665514231103401,20.982702689614793,20.5,21.5
2404.0,20.702278589464434,21.007869616361294,6.7285496039074095,21.0,0,-0.007869616361293907,20.9799106376632,20.5,21.5
2405.0,20.699483843667323,21.005074102742707,6.727671010408791,21.0,0,-0.005074102742707254,20.97711896655684,20.5,21.5
2406.0,20.696689481100673,21.00227897303496,6.726791101213544,21.0,0,-0.0022789730349614956,20.974327675957504,20.5,21.5
2407.0,20.693895501424695,20.999484226897863,6.7259098769917545,21.0,0,0.0005157731021370182,20.971536765526878,20.5,21.5
2408.0,20.69110190429981,20.996689863991428,6.725027338414515,21.0,0,0.0033101360085723286,20.968746234927075,20.5,21.5
2409.0,20.688308689386634,20.993895883975867,6.724143486153917,21.0,0,0.006104116024133077,20.96595608382026,20.5,21.5
2410.0,20.685515856345987,20.991102286511598,6.723258320883052,21.0,0,0.008897713488401848,20.96316631186891,20.5,21.5
2411.0,20.682723404838892,20.988309071259245,6.722371843276012,21.0,0,0.011690928740755169,20.96037691873571,20.5,21.5
2412.0,20.67993133452658,20.98551623787962,6.721484054007887,21.0,0,0.014483762120381272,20.957587904083358,20.5,21.5
2413.0,20.677139645070476,20.982723786033752,6.72059495375477,21.0,0,0.017276213966248122,20.954799267575083,20.5,21.5
2414.0,20.674348336132212,20.979931715382868,6.719704543193747,21.0,0,0.020068284617131837,20.95201100887403,20.5,21.5
2415.0,20.671557407373623,20.977140025588394,6.718812823002906,21.0,0,0.022859974411606032,20.949223127643652,20.5,21.5
2416.0,20.66876685845675,20.974348716311965,6.717919793861329,21.0,0,0.02565128368803471,20.94643562354768,20.5,21.5
2417.0,20.66597668904383,20.971557787215414,6.7170254564490985,21.0,0,0.028442212784586474,20.943648496249896,20.5,21.5
2418.0,20.66318689879731,20.968767237960783,6.7161298114472885,21.0,0,0.031232762039216766,20.94086174541448,20.5,21.5
2419.0,20.66039748737984,20.965977068210307,6.715232859537975,21.0,0,0.034022931789692734,20.938075370705548,20.5,21.5
2420.0,20.65760845445427,20.96318727762644,6.714334601404225,21.0,0,0.03681272237356126,20.935289371787754,20.5,21.5
2421.0,20.654819799683658,20.96039786587182,6.7134350377300995,21.0,0,0.03960213412818092,20.932503748325622,20.5,21.5
2422.0,20.652031522731267,20.95760883260931,6.712534169200657,21.0,0,0.04239116739069004,20.92971849998422,20.5,21.5
2423.0,20.64924362326056,20.95482017750196,6.711631996501946,21.0,0,0.045179822498038646,20.926933626428475,20.5,21.5
2424.0,20.646456100935207,20.952031900213036,6.710728520321013,21.0,0,0.04796809978696359,20.924149127323787,20.5,21.5
2425.0,20.643668955419084,20.949244000405997,6.709823741345893,21.0,0,0.05075599959400279,20.921365002335605,20.5,21.5
2426.0,20.64088218637627,20.94645647774452,6.708917660265614,21.0,0,0.05354352225548098,20.918581251129737,20.5,21.5
2427.0,20.63809579347105,20.943669331892476,6.708010277770199,21.0,0,0.05633066810752396,20.915797873372046,20.5,21.5
2428.0,20.635309776367908,20.94088256251395,6.707101594550655,21.0,0,0.05911743748605147,20.913014868728673,20.5,21.5
2429.0,20.632524134731543,20.938096169273216,6.706191611298986,21.0,0,0.06190383072678429,20.910232236865888,20.5,21.5
2430.0,20.629738868226855,20.93531015183477,6.705280328708184,21.0,0,0.06468984816523005,20.907449977450312,20.5,21.5
2431.0,20.62695397651895,20.932524509863306,6.704367747472231,21.0,0,0.06747549013669385,20.904668090148668,20.5,21.5
2432.0,20.62416945927314,20.929739243023725,6.703453868286095,21.0,0,0.07026075697627476,20.901886574627916,20.5,21.5
2433.0,20.621385316154942,20.926954350981134,6.702538691845737,21.0,0,0.07304564901886579,20.899105430555224,20.5,21.5
2434.0,20.61860154683008,20.92416983340084,6.701622218848103,21.0,0,0.07583016659916098,20.896324657597887,20.5,21.5
2435.0,20.615818150964486,20.921385689948362,6.700704449991126,21.0,0,0.07861431005163766,20.893544255423596,20.5,21.5
2436.0,20.61303512822429,20.918601920289433,6.699785385973728,21.0,0,0.08139807971056712,20.89076422370014,20.5,21.5
2437.0,20.61025247827584,20.91581852408997,6.698865027495816,21.0,0,0.08418147591002878,20.887984562095355,20.5,21.5
2438.0,20.607470200785684,20.913035501016118,6.6979433752582835,21.0,0,0.08696449898388181,20.885205270277588,20.5,21.5
2439.0,20.60468829542058,20.910252850734217,6.697020429963008,21.0,0,0.08974714926578287,20.882426347915207,20.5,21.5
2440.0,20.601906761847488,20.907470572910817,6.696096192312853,21.0,0,0.09252942708918255,20.87964779467682,20.5,21.5
2441.0,20.59912559973358,20.904688667212675,6.695170663011664,21.0,0,0.0953113327873254,20.876869610231246,20.5,21.5
2442.0,20.596344808746235,20.901907133306757,6.6942438427642745,21.0,0,0.0980928666932428,20.874091794247583,20.5,21.5
2443.0,20.593564388553038,20.899125970860226,6.6933157322764965,21.0,0,0.10087402913977428,20.87131434639491,20.5,21.5
2444.0,20.59078433882178,20.896345179540464,6.692386332255128,21.0,0,0.10365482045953556,20.86853726634285,20.5,21.5
2445.0,20.588004659220466,20.89356475901506,6.691455643407947,21.0,0,0.10643524098493984,20.865760553761017,20.5,21.5
2446.0,20.585225349417303,20.890784708951806,6.690523666443712,21.0,0,0.10921529104819427,20.86298420831926,20.5,21.5
2447.0,20.58244640908071,20.888005029018704,6.689590402072167,21.0,0,0.1119949709812964,20.860208229687682,20.5,21.5
2448.0,20.57966783787931,20.88522571888396,6.688655851004031,21.0,0,0.11477428111604127,20.85743261753651,20.5,21.5
2449.0,20.576889635481933,20.88244677821599,6.687720013951005,21.0,0,0.11755322178401073,20.854657371536295,20.5,21.5
2450.0,20.574111801557628,20.879668206683423,6.686782891625771,21.0,0,0.12033179331657706,20.85188249135776,20.5,21.5
2451.0,20.571334335775642,20.87689000395509,6.685844484741988,21.0,0,0.12310999604491002,20.84910797667176,20.5,21.5
2452.0,20.568557237805436,20.874112169700034,6.684904794014295,21.0,0,0.1258878302999662,20.846333827149472,20.5,21.5
2453.0,20.565780507316678,20.871334703587507,6.683963820158305,21.0,0,0.12866529641249258,20.843560042462244,20.5,21.5
2454.0,20.563004143979246,20.868557605286973,6.6830215638906125,21.0,0,0.13144239471302654,20.840786622281634,20.5,21.5
2455.0,20.560228147463228,20.865780874468093,6.682078025928785,21.0,0,0.1342191255319065,20.838013566279294,20.5,21.5
2456.0,20.55745251743892,20.863004510800746,6.681133206991369,21.0,0,0.1369954891992542,20.83524087412727,20.5,21.5
2457.0,20.55467725357683,20.86022851395503,6.6801871077978845,21.0,0,0.13977148604497103,20.83246854549786,20.5,21.5
2458.0,20.551902355547675,20.85745288360123,6.679239729068827,21.0,0,0.14254711639877016,20.82969658006324,20.5,21.5
2459.0,20.549127823022378,20.854677619409852,6.678291071525666,21.0,0,0.14532238059014801,20.826924977496073,20.5,21.5
2460.0,20.54635365567208,20.851902721051623,6.677341135890849,21.0,0,0.1480972789483772,20.82415373746933,20.5,21.5
2461.0,20.543579853168122,20.84912818819746,6.676389922887788,21.0,0,0.1508718118025385,20.82138285965585,20.5,21.5
2462.0,20.540806415182065,20.84635402051851,6.6754374332408775,21.0,0,0.15364597948148884,20.818612343729008,20.5,21.5
2463.0,20.538033341385677,20.84358021768611,6.674483667675478,21.0,0,0.15641978231388975,20.8158421893621,20.5,21.5
2464.0,20.535260631450935,20.84080677937182,6.673528626917923,21.0,0,0.15919322062817898,20.81307239622893,20.5,21.5
2465.0,20.53248828505003,20.838033705247412,6.672572311695519,21.0,0,0.16196629475258817,20.81030296400332,20.5,21.5
2466.0,20.52971630185536,20.835260994984857,6.671614722736541,21.0,0,0.16473900501514294,20.80753389235931,20.5,21.5
2467.0,20.526944681539536,20.83248864825635,6.670655860770234,21.0,0,0.16751135174364862,20.804765180971295,20.5,21.5
2468.0,20.524173423775384,20.829716664734292,6.669695726526814,21.0,0,0.17028333526570805,20.801996829513698,20.5,21.5
2469.0,20.521402528235935,20.826945044091293,6.668734320737463,21.0,0,0.17305495590870734,20.7992288376613,20.5,21.5
2470.0,20.518631994594436,20.824173786000173,6.667771644134336,21.0,0,0.17582621399982656,20.79646120508898,20.5,21.5
2471.0,20.515861822524343,20.82140289013397,6.666807697450553,21.0,0,0.17859710986602906,20.793693931471946,20.5,21.5
2472.0,20.513092011699328,20.818632356165928,6.665842481420199,21.0,0,0.1813676438340721,20.790927016485497,20.5,21.5
2473.0,20.510322561793274,20.815862183769504,6.6648759967783295,21.0,0,0.1841378162304963,20.788160459805262,20.5,21.5
2474.0,20.50755347248027,20.813092372618367,6.663908244260965,21.0,0,0.18690762738163258,20.785394261107005,20.5,21.5
2475.0,20.504784743434627,20.810322922386405,6.66293922460509,21.0,0,0.1896770776135952,20.78262842006678,20.5,21.5
2476.0,20.50201637433086,20.807553832747708,6.6619689385486565,21.0,0,0.19244616725229235,20.779862936360736,20.5,21.5
2477.0,20.499248364843705,20.804785103376584,6.660997386830578,21.0,0,0.1952148966234155,20.777097809665353,20.5,21.5
2478.0,20.496480714648104,20.80201673394755,6.6600245701907355,21.0,0,0.1979832660524501,20.774333039657204,20.5,21.5
2479.0,20.493713423419212,20.79924872413534,6.659050489369968,21.0,0,0.20075127586466124,20.771568626013227,20.5,21.5
2480.0,20.490946490832403,20.796481073614892,6.658075145110083,21.0,0,0.20351892638510805,20.768804568410424,20.5,21.5
2481.0,20.488179916563258,20.79371378206137,6.657098538153847,21.0,0,0.20628621793862933,20.766040866526158,20.5,21.5
2482.0,20.485413700287577,20.790946849150146,6.656120669244989,21.0,0,0.20905315084985432,20.763277520037896,20.5,21.5
2483.0,20.482647841681366,20.7881802745568,6.655141539128198,21.0,0,0.21181972544319905,20.760514528623354,20.5,21.5
2484.0,20.479882340420854,20.785414057957126,6.654161148549123,21.0,0,0.2145859420428735,20.757751891960382,20.5,21.5
2485.0,20.47711719618248,20.782648199027143,6.653179498254377,21.0,0,0.21735180097285678,20.75498960972731,20.5,21.5
2486.0,20.474352408642893,20.77988269744307,6.6521965889915275,21.0,0,0.22011730255692896,20.75222768160235,20.5,21.5
2487.0,20.471587977478965,20.777117552881347,6.651212421509103,21.0,0,0.22288244711865346,20.7494661072641,20.5,21.5
2488.0,20.46882390236777,20.774352765018627,6.65022699655659,21.0,0,0.2256472349813734,20.746704886391427,20.5,21.5
2489.0,20.46606018298661,20.771588333531778,6.649240314884433,21.0,0,0.2284116664682223,20.74394401866329,20.5,21.5
2490.0,20.46329681901299,20.76882425809788,6.648252377244032,21.0,0,0.23117574190212054,20.741183503758897,20.5,21.5
2491.0,20.460533810124634,20.766060538394225,6.647263184387744,21.0,0,0.23393946160577528,20.738423341357677,20.5,21.5
2492.0,20.457771155999488,20.76329717409833,6.646272737068884,21.0,0,0.2367028259016699,20.735663531139384,20.5,21.5
2493.0,20.4550088563157,20.760534164887915,6.64528103604172,21.0,0,0.2394658351120853,20.73290407278376,20.5,21.5
2494.0,20.452246910751647,20.757771510440925,6.644288082061475,21.0,0,0.24222848955907494,20.73014496597103,20.5,21.5
2495.0,20.44948531898591,20.75500921043551,6.643293875884328,21.0,0,0.24499078956448983,20.72738621038136,20.5,21.5
2496.0,20.44672408069729,20.75224726455004,6.6422984182674085,21.0,0,0.24775273544996068,20.72462780569533,20.5,21.5
2497.0,20.443963195564805,20.749485672463102,6.641301709968801,21.0,0,0.25051432753689795,20.72186975159373,20.5,21.5
2498.0,20.441202663267685,20.746724433853498,6.640303751747544,21.0,0,0.2532755661465025,20.719112047757452,20.5,21.5
2499.0,20.43844248348538,20.743963548400245,6.639304544363625,21.0,0,0.25603645159975486,20.71635469386772,20.5,21.5
2500.0,20.43568265589756,20.741203015782578,6.638304088577984,21.0,0,0.2587969842174225,20.7135976896059,20.5,21.5
2501.0,20.432923180184094,20.738442835679937,6.637302385152511,21.0,0,0.26155716432006315,20.71084103465353,20.5,21.5
2502.0,20.430164056025088,20.735683007771993,6.636299434850047,21.0,0,0.2643169922280073,20.70808472869255,20.5,21.5
2503.0,20.427405283100853,20.732923531738628,6.635295238434383,21.0,0,0.2670764682613722,20.70532877140498,20.5,21.5
2504.0,20.42464686109192,20.730164407259934,6.634289796670258,21.0,0,0.2698355927400655,20.702573162473,20.5,21.5
2505.0,20.421888789679034,20.72740563401623,6.633283110323358,21.0,0,0.27259436598377107,20.699817901579173,20.5,21.5
2506.0,20.419131068543162,20.724647211688044,6.63227518016032,21.0,0,0.275352788311956,20.697062988406195,20.5,21.5
2507.0,20.416373697365486,20.721889139956126,6.631266006948728,21.0,0,0.2781108600438742,20.694308422636944,20.5,21.5
2508.0,20.413616675827402,20.719131418501437,6.630255591457108,21.0,0,0.280868581498563,20.69155420395455,20.5,21.5
2509.0,20.410860003610527,20.71637404700516,6.629243934454938,21.0,0,0.2836259529948393,20.688800332042398,20.5,21.5
2510.0,20.408103680396696,20.713617025148693,6.628231036712639,21.0,0,0.2863829748513069,20.686046806584017,20.5,21.5
2511.0,20.40534770586796,20.710860352613654,6.627216899001574,21.0,0,0.2891396473863459,20.683293627263264,20.5,21.5
2512.0,20.402592079706587,20.708104029081873,6.626201522094055,21.0,0,0.2918959709181266,20.680540793764067,20.5,21.5
2513.0,20.399836801595065,20.705348054235408,6.6251849067633355,21.0,0,0.29465194576459197,20.677788305770754,20.5,21.5
2514.0,20.3970818712161,20.70259242775652,6.624167053783612,21.0,0,0.297407572243479,20.67503616296765,20.5,21.5
2515.0,20.39432728825261,20.699837149327703,6.623147963930025,21.0,0,0.3001628506722973,20.67228436503952,20.5,21.5
2516.0,20.39157305238775,20.69708221863166,6.622127637978653,21.0,0,0.3029177813683397,20.669532911671237,20.5,21.5
2517.0,20.388819163304866,20.694327635351318,6.621106076706521,21.0,0,0.3056723646486823,20.66678180254789,20.5,21.5
2518.0,20.386065620687546,20.691573399169812,6.620083280891592,21.0,0,0.30842660083018814,20.664031037354754,20.5,21.5
2519.0,20.383312424219586,20.68881950977051,6.619059251312769,21.0,0,0.31118049022948924,20.6612806157775,20.5,21.5
2520.0,20.380559573585003,20.68606596683699,6.618033988749895,21.0,0,0.3139340331630116,20.658530537501765,20.5,21.5
2521.0,20.377807068468037,20.683312770053046,6.617007493983753,21.0,0,0.31668722994695386,20.655780802213624,20.5,21.5
2522.0,20.37505490855314,20.6805599191027,6.615979767796061,21.0,0,0.31944008089730147,20.653031409599222,20.5,21.5
2523.0,20.372303093524987,20.677807413670187,6.61495081096948,21.0,0,0.3221925863298125,20.650282359345077,20.5,21.5
2524.0,20.369551623068475,20.675055253439968,6.613920624287604,21.0,0,0.3249447465600319,20.647533651137774,20.5,21.5
2525.0,20.36680049686872,20.672303438096712,6.612889208534965,21.0,0,0.3276965619032879,20.644785284664152,20.5,21.5
2526.0,20.364049714611053,20.66955196732531,6.611856564497032,21.0,0,0.33044803267468836,20.642037259611307,20.5,21.5
2527.0,20.36129927598103,20.66680084081089,6.610822692960206,21.0,0,0.33319915918911036,20.63928957566667,20.5,21.5
2528.0,20.358549180664426,20.66405005823878,6.609787594711828,21.0,0,0.3359499417612213,20.63654223251767,20.5,21.5
2529.0,20.355799428347236,20.66129961929453,6.60875127054017,21.0,0,0.33870038070546826,20.633795229852062,20.5,21.5
2530.0,20.353050018715674,20.658549523663922,6.607713721234434,21.0,0,0.34145047633607817,20.631048567357823,20.5,21.5
2531.0,20.350300951456177,20.655799771032946,6.606674947584764,21.0,0,0.34420022896705404,20.628302244723187,20.5,21.5
2532.0,20.347552226255402,20.65305036108782,6.605634950382229,21.0,0,0.34694963891217867,20.625556261636575,20.5,21.5
2533.0,20.34480384280023,20.650301293514982,6.6045937304188325,21.0,0,0.3496987064850181,20.622810617786588,20.5,21.5
2534.0,20.342055800777754,20.647552568001085,6.603551288487509,21.0,0,0.3524474319989146,20.62006531286212,20.5,21.5
2535.0,20.339308099875296,20.64480418423301,6.602507625382121,21.0,0,0.3551958157669901,20.617320346552255,20.5,21.5
2536.0,20.3365607397804,20.642056141897857,6.601462741897467,21.0,0,0.3579438581021428,20.61457571854633,20.5,21.5
2537.0,20.33381372018082,20.639308440682942,6.6004166388292695,21.0,0,0.36069155931705765,20.611831428533794,20.5,21.5
2538.0,20.33106704076455,20.636561080275804,6.599369316974181,21.0,0,0.36343891972419584,20.609087476204422,20.5,21.5
2539.0,20.328320701219795,20.633814060364212,6.598320777129784,21.0,0,0.3661859396357876,20.606343861248295,20.5,21.5
2540.0,20.325574701234977,20.63106738063615,6.5972710200945865,21.0,0,0.36893261936385,20.603600583355526,20.5,21.5
2541.0,20.32282904049875,20.62832104077982,6.596220046668023,21.0,0,0.3716789592201799,20.60085764221652,20.5,21.5
2542.0,20.320083718699983,20.625575040483653,6.595167857650457,21.0,0,0.3744249595163467,20.598115037521985,20.5,21.5
2543.0,20.317338735527773,20.622829379436297,6.594114453843176,21.0,0,0.3771706205637031,20.595372768962733,20.5,21.5
2544.0,20.314594090671438,20.620084057326626,6.5930598360483925,21.0,0,0.3799159426733745,20.59263083622991,20.5,21.5
2545.0,20.311849783820513,20.61733907384373,6.592004005069244,21.0,0,0.38266092615626945,20.58988923901478,20.5,21.5
2546.0,20.30910581466476,20.614594428676934,6.5909469617097916,21.0,0,0.38540557132306574,20.58714797700897,20.5,21.5
2547.0,20.30636218289417,20.611850121515772,6.58988870677502,21.0,0,0.3881498784842279,20.58440704990415,20.5,21.5
2548.0,20.303618888198944,20.60910615205001,6.588829241070837,21.0,0,0.3908938479499895,20.581666457392394,20.5,21.5
2549.0,20.30087593026952,20.60636251996963,6.587768565404069,21.0,0,0.393637480030371,20.578926199165814,20.5,21.5
2550.0,20.298133308796547,20.603619224964834,6.58670668058247,21.0,0,0.39638077503516556,20.57618627491689,20.5,21.5
2551.0,20.295391023470906,20.600876266726065,6.58564358741471,21.0,0,0.39912373327393524,20.573446684338368,20.5,21.5
2552.0,20.292649073983693,20.598133644943967,6.584579286710381,21.0,0,0.40186635505603263,20.570707427122993,20.5,21.5
2553.0,20.28990746002624,20.595391359309428,6.583513779279995,21.0,0,0.40460864069057223,20.567968502964032,20.5,21.5
2554.0,20.28716618129009,20.59264940951354,6.58244706593498,21.0,0,0.40735059048645894,20.565229911554674,20.5,21.5
2555.0,20.28442523746702,20.589907795247633,6.581379147487687,21.0,0,0.41009220475236674,20.562491652588555,20.5,21.5
2556.0,20.281684628249025,20.587166516203258,6.580310024751381,21.0,0,0.41283348379674223,20.559753725759503,20.5,21.5
2557.0,20.278944353328324,20.584425572072185,6.5792396985402455,21.0,0,0.4155744279278153,20.557016130761454,20.5,21.5
2558.0,20.276204412397366,20.58168496254641,6.5781681696693814,21.0,0,0.41831503745358845,20.55427886728868,20.5,21.5
2559.0,20.27346480514882,20.578944687318156,6.577095438954804,21.0,0,0.42105531268184393,20.5515419350356,20.5,21.5
2560.0,20.27072553127558,20.57620474607987,6.576021507213444,21.0,0,0.4237952539201295,20.548805333697015,20.5,21.5
2561.0,20.26798659047077,20.57346513852422,6.574946375263147,21.0,0,0.4265348614757798,20.546069062967717,20.5,21.5
2562.0,20.265247982427727,20.570725864344098,6.573870043922675,21.0,0,0.429274135655902,20.543333122542876,20.5,21.5
2563.0,20.262509706840028,20.56798692323263,6.572792514011699,21.0,0,0.4320130767673689,20.540597512117962,20.5,21.5
2564.0,20.259771763401464,20.565248314883164,6.571713786350804,21.0,0,0.4347516851168365,20.537862231388488,20.5,21.5
2565.0,20.257034151806053,20.562510038989256,6.570633861761491,21.0,0,0.4374899610107441,20.53512728005018,20.5,21.5
2566.0,20.254296871748043,20.559772095244714,6.569552741066166,21.0,0,0.44022790475528595,20.532392657799296,20.5,21.5
2567.0,20.251559922921906,20.55703448334355,6.568470425088153,21.0,0,0.4429655166564501,20.529658364331908,20.5,21.5
2568.0,20.248823305022338,20.554297202980013,6.56738691465168,21.0,0,0.4457027970199867,20.526924399344647,20.5,21.5
2569.0,20.246087017744262,20.55156025384857,6.566302210581888,21.0,0,0.4484397461514291,20.524190762534147,20.5,21.5
2570.0,20.243351060782828,20.548823635643927,6.565216313704828,21.0,0,0.45117636435607267,20.521457453597492,20.5,21.5
2571.0,20.240615433833412,20.546087348061,6.564129224847456,21.0,0,0.45391265193899955,20.51872447223173,20.5,21.5
2572.0,20.237880136591613,20.543351390794943,6.5630409448376374,21.0,0,0.45664860920505745,20.515991818134363,20.5,21.5
2573.0,20.235145168753263,20.540615763541126,6.561951474504146,21.0,0,0.45938423645887383,20.513259491002962,20.5,21.5
2574.0,20.232410530014413,20.53788046599516,6.560860814676659,21.0,0,0.4621195340048416,20.51052749053548,20.5,21.5
2575.0,20.229676220071344,20.53514549785286,6.559768966185763,21.0,0,0.46485450214714064,20.50779581642987,20.5,21.5
2576.0,20.226942238620566,20.53241085881029,6.5586759298629485,21.0,0,0.46758914118970907,20.505064468384607,20.5,21.5
2577.0,20.224208585358813,20.52967654856373,6.557581706540608,21.0,0,0.4703234514362684,20.502333446098138,20.5,21.5
2578.0,20.22147525998305,20.526942566809687,6.556486297052042,21.0,1,0.4730574331903128,20.499602749269243,20.5,21.5
2579.0,20.238742262190463,20.5282089132449,6.555389702231452,21.0,1,0.4717910867551005,20.540872377597022,20.5,21.5
2580.0,20.25600559167847,20.533474787566327,6.554291922913942,21.0,1,0.4665252124336732,20.5861335307806,20.5,21.5
2581.0,20.273265248944718,20.54273938963116,6.55319295993552,21.0,1,0.45726061036884147,20.635385410279476,20.5,21.5
2582.0,20.290521234486917,20.556001919456776,6.552092814133092,21.0,1,0.4439980805432242,20.68862721771295,20.5,21.5
2583.0,20.307773548802846,20.573261577220734,6.5509914863444685,21.0,1,0.4267384227792661,20.745858154860315,20.5,21.5
2584.0,20.325022192390353,20.59051756326071,6.549888977408359,21.0,1,0.40948243673928886,20.763077423660484,20.5,21.5
2585.0,20.342267165747355,20.60776987807449,6.548785288164371,21.0,1,0.3922301219255111,20.780293026212266,20.5,21.5
2586.0,20.35950846937184,20.625018522159912,6.5476804194530125,21.0,1,0.3749814778400875,20.79750496301415,20.5,21.5
2587.0,20.376746103761857,20.642263496014902,6.546574372115688,21.0,1,0.35773650398509815,20.814713234564795,20.5,21.5
2588.0,20.393980069415527,20.659504800137437,6.545467146994702,21.0,1,0.3404951998625627,20.83191784136279,20.5,21.5
2589.0,20.411210366831043,20.676742435025574,6.544358744933254,21.0,1,0.32325756497442626,20.84911878390694,20.5,21.5
2590.0,20.42843699650666,20.693976401177434,6.543249166775441,21.0,1,0.30602359882256636,20.866316062696033,20.5,21.5
2591.0,20.445659958940716,20.71120669909121,6.542138413366253,21.0,1,0.2887933009087895,20.88350967822898,20.5,21.5
2592.0,20.462879254631602,20.728433329265158,6.541026485551578,21.0,1,0.27156667073484186,20.900699631004635,20.5,21.5
2593.0,20.480094884077786,20.74565629219761,6.539913384178199,21.0,1,0.25434370780239135,20.917885921522114,20.5,21.5
2594.0,20.497306847777807,20.76287558838696,6.53879911009379,21.0,1,0.23712441161303843,20.93506855028049,20.5,21.5
2595.0,20.51451514623027,20.780091218331684,6.537683664146919,21.0,1,0.21990878166831607,20.952247517778908,20.5,21.5
2596.0,20.53171977993385,20.79730318253031,6.536567047187047,21.0,1,0.2026968174696897,20.969422824516574,20.5,21.5
2597.0,20.548920749387303,20.814511481481453,6.535449260064525,21.0,1,0.18548851851854664,20.986594470992884,20.5,21.5
2598.0,20.56611805508944,20.831716115683783,6.5343303036305995,21.0,1,0.16828388431621732,21.003762457707076,20.5,21.5
2599.0,20.58331169753915,20.848917085636053,6.533210178737401,21.0,1,0.15108291436394694,21.020926785158757,20.5,21.5
2600.0,20.60050167723539,20.86611439183708,6.532088886237956,21.0,1,0.13388560816292028,21.038087453847346,20.5,21.5
2601.0,20.61768799467719,20.88330803478575,6.5309664269861765,21.0,1,0.11669196521425107,21.05524446427244,20.5,21.5
2602.0,20.634870650363652,20.900498014981018,6.529842801836864,21.0,1,0.099501985018982,21.07239781693371,20.5,21.5
2603.0,20.652049644793948,20.917684332921915,6.528718011645708,21.0,1,0.08231566707808469,21.08954751233089,20.5,21.5
2604.0,20.66922497846732,20.934866989107555,6.527592057269285,21.0,1,0.0651330108924455,21.106693550963946,20.5,21.5
2605.0,20.68639665188308,20.952045984037092,6.526464939565058,21.0,1,0.04795401596290816,21.123835933332465,20.5,21.5
2606.0,20.703564665540615,20.969221318209772,6.525336659391377,21.0,1,0.03077868179022758,21.140974659936578,20.5,21.5
2607.0,20.720729019939384,20.98639299212492,6.524207217607476,21.0,1,0.013607007875080512,21.15810973127639,20.5,21.5
2608.0,20.737889715578916,21.003561006281913,6.5230766150734745,21.0,1,-0.003561006281913137,21.17524114785185,20.5,21.5
2609.0,20.755046752958815,21.02072536118021,6.521944852650374,21.0,1,-0.02072536118021162,21.192368910163196,20.5,21.5
2610.0,20.772200132578753,21.037886057319348,6.520811931200062,21.0,1,-0.0378860573193478,21.20949301871071,20.5,21.5
2611.0,20.78934985493848,21.05504309519892,6.519677851585308,21.0,1,-0.05504309519891848,21.226613473994625,20.5,21.5
2612.0,20.80649592053781,21.072196475318606,6.518542614669761,21.0,1,-0.07219647531860574,21.24373027651548,20.5,21.5
2613.0,20.823638329876637,21.089346198178152,6.517406221317957,21.0,1,-0.08934619817815204,21.260843426773615,20.5,21.5
2614.0,20.840777083454924,21.10649226427737,6.516268672395305,21.0,1,-0.10649226427737091,21.27795292526956,20.5,21.5
2615.0,20.85791218177271,21.123634674116165,6.515129968768099,21.0,1,-0.12363467411616469,21.295058772504103,20.5,21.5
2616.0,20.87504362533011,21.140773428194493,6.513990111303513,21.0,1,-0.14077342819449257,21.31216096897777,20.5,21.5
2617.0,20.892171414627306,21.157908527012392,6.512849100869596,21.0,1,-0.15790852701239189,21.329259515191385,20.5,21.5
2618.0,20.909295550164554,21.175039971069975,6.51170693833528,21.0,1,-0.1750399710699746,21.3463544116458,20.5,21.5
2619.0,20.926416032442187,21.192167760867427,6.510563624570367,21.0,1,-0.19216776086742726,21.363445658841954,20.5,21.5
2620.0,20.943532861960612,21.209291896905007,6.509419160445544,21.0,1,-0.2092918969050075,21.38053325728081,20.5,21.5
2621.0,20.96064603922031,21.226412379683048,6.508273546832369,21.0,1,-0.2264123796830475,21.397617207463448,20.5,21.5
2622.0,20.977755564721832,21.24352920970195,6.507126784603276,21.0,1,-0.24352920970195058,21.41469750989098,20.5,21.5
2623.0,20.99486143896581,21.2606423874622,6.505978874631575,21.0,1,-0.2606423874622017,21.431774165064713,20.5,21.5
2624.0,21.011963662452942,21.27775191346435,6.50482981779145,21.0,1,-0.2777519134643498,21.44884717348583,20.5,21.5
2625.0,21.02906223568401,21.29485778820903,6.503679614957955,21.0,1,-0.2948577882090291,21.465916535655822,20.5,21.5
2626.0,21.046157159159865,21.311960012196938,6.502528267007023,21.0,1,-0.3119600121969377,21.482982252076024,20.5,21.5
2627.0,21.063248433381435,21.32905858592886,6.501375774815453,21.0,0,-0.32905858592885906,21.500044323248073,20.5,21.5
2628.0,21.06033605884972,21.34215350990564,6.500222139260918,21.0,0,-0.3421535099056392,21.47310274967344,20.5,21.5
2629.0,21.057424036065804,21.351245584628213,6.499067361221965,21.0,0,-0.351245584628213,21.44216633185395,20.5,21.5
2630.0,21.054512364730837,21.356335610437583,6.497911441578005,21.0,0,-0.3563356104375828,21.40723586853128,20.5,21.5
2631.0,21.051601044546207,21.35742438751485,6.49675438120932,21.0,0,-0.3574243875148504,21.368312158287527,20.5,21.5
2632.0,21.04869007521354,21.35451271588127,6.4955961809970635,21.0,0,-0.3545127158812704,21.32539599954547,20.5,21.5
2633.0,21.045779456434694,21.351601395398262,6.494436841823256,21.0,0,-0.3516013953982622,21.32248819056818,20.5,21.5
2634.0,21.042869187911773,21.34869042576745,6.493276364570782,21.0,0,-0.348690425767451,21.31958072945934,20.5,21.5
2635.0,21.039959269347104,21.345779806690704,6.492114750123399,21.0,0,-0.34577980669070385,21.316673615923232,20.5,21.5
2636.0,21.03704970044326,21.342869537870115,6.490951999365724,21.0,0,-0.342869537870115,21.313766849664226,20.5,21.5
2637.0,21.034140480903044,21.339959619008017,6.489788113183245,21.0,0,-0.33995961900801674,21.310860430387034,20.5,21.5
2638.0,21.0312316104295,21.33705004980698,6.488623092462308,21.0,0,-0.3370500498069795,21.307954357796607,20.5,21.5
2639.0,21.02832308872591,21.334140829969808,6.48745693809013,21.0,0,-0.3341408299698081,21.305048631598094,20.5,21.5
2640.0,21.02541491549578,21.331231959199545,6.486289650954789,21.0,0,-0.3312319591995454,21.30214325149692,20.5,21.5
2641.0,21.022507090442872,21.328323437199465,6.4851212319452225,21.0,0,-0.3283234371994652,21.299238217198663,20.5,21.5
2642.0,21.019599613271172,21.32541526367309,6.483951681951233,21.0,0,-0.32541526367309004,21.29633352840934,20.5,21.5
2643.0,21.016692483684906,21.322507438324173,6.482781001863485,21.0,0,-0.3225074383241733,21.293429184835006,20.5,21.5
2644.0,21.013785701388542,21.3195999608567,6.481609192573501,21.0,0,-0.3195999608566993,21.29052518618196,20.5,21.5
2645.0,21.01087926608678,21.316692830974894,6.480436254973664,21.0,0,-0.316692830974894,21.28762153215684,20.5,21.5
2646.0,21.007973177484555,21.313786048383232,6.47926218995722,21.0,0,-0.313786048383232,21.284718222466612,20.5,21.5
2647.0,21.00506743528705,21.310879612786408,6.478086998418268,21.0,0,-0.3108796127864082,21.28181525681817,20.5,21.5
2648.0,21.002162039199675,21.307973523889363,6.476910681251768,21.0,0,-0.3079735238893626,21.278912634918907,20.5,21.5
2649.0,20.999256988928085,21.305067781397273,6.475733239353537,21.0,0,-0.3050677813972733,21.27601035647638,20.5,21.5
2650.0,20.99635228417817,21.30216238501555,6.474554673620248,21.0,0,-0.30216238501554926,21.27310842119831,20.5,21.5
2651.0,20.993447924656056,21.299257334449848,6.473374984949431,21.0,0,-0.29925733444984814,21.270206828792837,20.5,21.5
2652.0,20.990543910068116,21.296352629406062,6.472194174239469,21.0,0,-0.2963526294060621,21.2673055789682,20.5,21.5
2653.0,20.98764024012095,21.293448269590318,6.471012242389601,21.0,0,-0.2934482695903178,21.264404671432874,20.5,21.5
2654.0,20.984736914521402,21.290544254708983,6.4698291902999205,21.0,0,-0.2905442547089834,21.26150410589564,20.5,21.5
2655.0,20.981833932976556,21.287640584468658,6.468645018871371,21.0,0,-0.28764058446865803,21.258603882065405,20.5,21.5
2656.0,20.978931295193735,21.284737258576193,6.4674597290057525,21.0,0,-0.28473725857619314,21.255703999651544,20.5,21.5
2657.0,20.976029000880498,21.28183427673867,6.4662733216057156,21.0,0,-0.281834276738671,21.25280445836345,20.5,21.5
2658.0,20.973127049744644,21.27893163866341,6.4650857975747575,21.0,0,-0.2789316386634084,21.249905257910783,20.5,21.5
2659.0,20.97022544149421,21.276029344057967,6.463897157817232,21.0,0,-0.2760293440579673,21.247006398003556,20.5,21.5
2660.0,20.967324175837476,21.27312739263015,6.462707403238341,21.0,0,-0.2731273926301512,21.24410787835199,20.5,21.5
2661.0,20.964423252482955,21.270225784087994,6.461516534744132,21.0,0,-0.27022578408799447,21.241209698666427,20.5,21.5
2662.0,20.96152267113941,21.267324518139777,6.460324553241505,21.0,0,-0.26732451813977676,21.2383118586576,20.5,21.5
2663.0,20.95862243151583,21.264423594494012,6.459131459638204,21.0,0,-0.2644235944940121,21.235414358036365,20.5,21.5
2664.0,20.955722533321456,21.261523012859463,6.4579372548428235,21.0,0,-0.2615230128594632,21.232517196513975,20.5,21.5
2665.0,20.95282297626576,21.258622772945124,6.4567419397648,21.0,0,-0.2586227729451238,21.22962037380173,20.5,21.5
2666.0,20.94992376005846,21.255722874460226,6.455545515314421,21.0,0,-0.25572287446022557,21.226723889611243,20.5,21.5
2667.0,20.94702488440951,21.252823317114245,6.454347982402814,21.0,0,-0.2528233171142453,21.223827743654443,20.5,21.5
2668.0,20.944126349029112,21.2499241006169,6.453149341941952,21.0,0,-0.2499241006169015,21.220931935643463,20.5,21.5
2669.0,20.941228153627694,21.24702522467815,6.451949594844653,21.0,0,-0.24702522467815058,21.21803646529064,20.5,21.5
2670.0,20.938330297915936,21.244126689008187,6.450748742024576,21.0,0,-0.24412668900818701,21.21514133230855,20.5,21.5
2671.0,20.935432781604757,21.241228493317443,6.4495467843962215,21.0,0,-0.24122849331744334,21.212246536410007,20.5,21.5
2672.0,20.932535604405317,21.238330637316604,6.4483437228749345,21.0,0,-0.2383306373166043,21.209352077308214,20.5,21.5
2673.0,20.92963876602901,21.235433120716586,6.447139558376899,21.0,0,-0.23543312071658562,21.2064579547164,20.5,21.5
2674.0,20.926742266187482,21.232535943228545,6.445934291819137,21.0,0,-0.23253594322854454,21.203564168348134,20.5,21.5
2675.0,20.92384610459261,21.22963910456388,6.444727924119511,21.0,0,-0.22963910456387993,21.200670717917234,20.5,21.5
2676.0,20.920950280956514,21.22674260443423,6.443520456196724,21.0,0,-0.22674260443422867,21.197777603137716,20.5,21.5
2677.0,20.918054794991562,21.22384644255148,6.442311888970316,21.0,0,-0.2238464425514799,21.194884823723992,20.5,21.5
2678.0,20.91515964641036,21.220950618627747,6.4411022233606605,21.0,0,-0.22095061862774656,21.191992379390413,20.5,21.5
2679.0,20.91226483492575,21.2180551323754,6.439891460288974,21.0,0,-0.21805513237540097,21.189100269851945,20.5,21.5
2680.0,20.909370360250822,21.215159983507043,6.438679600677303,21.0,0,-0.2151599835070428,21.18620849482346,20.5,21.5
2681.0,20.906476222098906,21.21226517173552,6.437466645448531,21.0,0,-0.2122651717355204,21.183317054020296,20.5,21.5
2682.0,20.903582420183575,21.209370696773924,6.436252595526378,21.0,0,-0.20937069677392373,21.180425947157957,20.5,21.5
2683.0,20.900688954218644,21.206476558335584,6.435037451835394,21.0,0,-0.20647655833558431,21.17753517395219,20.5,21.5
2684.0,20.897795823918166,21.203582756134068,6.4338212153009655,21.0,0,-0.20358275613406818,21.174644734118907,20.5,21.5
2685.0,20.894903028996442,21.20068928988319,6.432603886849309,21.0,0,-0.20068928988319001,21.17175462737441,20.5,21.5
2686.0,20.89201056916801,21.197796159297013,6.4313854674074715,21.0,0,-0.19779615929701322,21.168864853435245,20.5,21.5
2687.0,20.88911844414766,21.19490336408983,6.430165957903335,21.0,0,-0.19490336408982856,21.165975412017982,20.5,21.5
2688.0,20.88622665365041,21.19201090397618,6.428945359265606,21.0,0,-0.19201090397617904,21.163086302839684,20.5,21.5
2689.0,20.883335197391535,21.189118778670853,6.427723672423827,21.0,0,-0.1891187786708528,21.16019752561759,20.5,21.5
2690.0,20.88044407508654,21.186226987888876,6.426500898308364,21.0,0,-0.18622698788887604,21.15730908006911,20.5,21.5
2691.0,20.877553286451185,21.183335531345513,6.425277037850411,21.0,0,-0.18333553134551295,21.154420965911882,20.5,21.5
2692.0,20.874662831201466,21.180444408756273,6.424052091981993,21.0,0,-0.18044440875627288,21.151533182863872,20.5,21.5
2693.0,20.871772709053623,21.177553619836917,6.422826061635959,21.0,0,-0.17755361983691742,21.148645730643363,20.5,21.5
2694.0,20.86888291972414,21.17466316430344,6.421598947745984,21.0,0,-0.1746631643034391,21.145758608968656,20.5,21.5
2695.0,20.865993462929744,21.17177304187208,6.420370751246571,21.0,0,-0.1717730418720791,21.14287181755848,20.5,21.5
2696.0,20.86310433838741,21.168883252259327,6.419141473073042,21.0,0,-0.16888325225932732,21.13998535613181,20.5,21.5
2697.0,20.860215545814345,21.1659937951819,6.417911114161547,21.0,0,-0.16599379518190105,21.13709922440764,20.5,21.5
2698.0,20.857327084928013,21.16310467035678,6.416679675449058,21.0,0,-0.16310467035678045,21.134213422105574,20.5,21.5
2699.0,20.854438955446117,21.160215877501177,6.415447157873368,21.0,0,-0.1602158775011766,21.131327948945138,20.5,21.5
2700.0,20.851551157086604,21.157327416332546,6.414213562373095,21.0,0,-0.15732741633254577,21.128442804646237,20.5,21.5
2701.0,20.848663689567662,21.154439286568596,6.412978889887674,21.0,0,-0.1544392865685964,21.125557988929103,20.5,21.5
2702.0,20.845776552607727,21.151551487927275,6.411743141357363,21.0,0,-0.15155148792727502,21.12267350151406,20.5,21.5
2703.0,20.842889745925476,21.148664020126766,6.410506317723236,21.0,0,-0.14866402012676616,21.119789342121678,20.5,21.5
2704.0,20.840003269239837,21.145776882885514,6.409268419927189,21.0,0,-0.14577688288551371,21.11690551047299,20.5,21.5
2705.0,20.837117122269973,21.14289007592219,6.408029448911936,21.0,0,-0.14289007592218894,21.11402200628894,20.5,21.5
2706.0,20.8342313047353,21.14000359895572,6.406789405621009,21.0,0,-0.1400035989557189,21.11113882929102,20.5,21.5
2707.0,20.831345816355476,21.13711745170527,6.40554829099875,21.0,0,-0.13711745170526868,21.108255979200766,20.5,21.5
2708.0,20.828460656850407,21.134231633890256,6.404306105990325,21.0,0,-0.1342316338902556,21.105373455740125,20.5,21.5
2709.0,20.825575825940234,21.13134614523033,6.403062851541712,21.0,0,-0.1313461452303315,21.10249125863109,20.5,21.5
2710.0,20.822691323345353,21.128460985445408,6.401818528599701,21.0,0,-0.12846098544540752,21.099609387596168,20.5,21.5
2711.0,20.819807148786403,21.12557615425563,6.400573138111902,21.0,0,-0.1255761542556293,21.096727842357847,20.5,21.5
2712.0,20.816923301984268,21.122691651381388,6.399326681026731,21.0,0,-0.1226916513813876,21.09384662263897,20.5,21.5
2713.0,20.814039782660075,21.119807476543322,6.39807915829342,21.0,0,-0.11980747654332191,21.090965728162665,20.5,21.5
2714.0,20.8111565905352,21.116923629462313,6.3968305708620115,21.0,0,-0.11692362946231327,21.088085158652227,20.5,21.5
2715.0,20.80827372533127,21.1140401098595,6.39558091968336,21.0,0,-0.11404010985949853,21.08520491383135,20.5,21.5
2716.0,20.805391186770137,21.111156917456245,6.394330205709129,21.0,0,-0.11115691745624545,21.082324993423715,20.5,21.5
2717.0,20.802508974573925,21.108274051974174,6.3930784298917915,21.0,0,-0.10827405197417406,21.07944539715346,20.5,21.5
2718.0,20.799627088464987,21.105391513135157,6.391825593184629,21.0,0,-0.1053915131351566,21.076566124744982,20.5,21.5
2719.0,20.796745528165932,21.102509300661303,6.390571696541731,21.0,0,-0.10250930066130337,21.07368717592277,20.5,21.5
2720.0,20.793864293399608,21.09962741427497,6.3893167409179945,21.0,0,-0.0996274142749698,21.070808550411634,20.5,21.5
2721.0,20.790983383889113,21.096745853698767,6.388060727269123,21.0,0,-0.09674585369876709,21.06793024793674,20.5,21.5
2722.0,20.78810279935779,21.09386461865554,6.386803656551626,21.0,0,-0.09386461865554097,21.06505226822328,20.5,21.5
2723.0,20.78522253952923,21.09098370886839,6.385545529722817,21.0,0,-0.09098370886838936,21.062174610996873,20.5,21.5
2724.0,20.78234260412727,21.088103124060655,6.384286347740813,21.0,0,-0.08810312406065535,21.059297275983315,20.5,21.5
2725.0,20.77946299287599,21.08522286395593,6.383026111564539,21.0,0,-0.0852228639559307,21.056420262908684,20.5,21.5
2726.0,20.77658370549973,21.082342928278056,6.381764822153717,21.0,0,-0.0823429282780559,21.053543571499308,20.5,21.5
2727.0,20.77370474172306,21.07946331675111,6.3805024804688735,21.0,0,-0.0794633167511094,21.050667201481644,20.5,21.5
2728.0,20.770826101270806,21.07658402909943,6.3792390874713405,21.0,0,-0.07658402909942907,21.047791152582626,20.5,21.5
2729.0,20.767947783868046,21.073705065047584,6.377974644123242,21.0,0,-0.07370506504758367,21.04491542452913,20.5,21.5
2730.0,20.765069789240098,21.07082642432041,6.376709151387508,21.0,0,-0.07082642432040842,21.042040017048656,20.5,21.5
2731.0,20.762192117112527,21.067948106642966,6.375442610227868,21.0,0,-0.06794810664296591,21.03916492986854,20.5,21.5
2732.0,20.75931476721115,21.065070111740585,6.3741750216088455,21.0,0,-0.06507011174058519,21.036290162716778,20.5,21.5
2733.0,20.75643773926203,21.06219243933883,6.372906386495767,21.0,0,-0.062192439338829786,21.033415715321276,20.5,21.5
2734.0,20.753561032991477,21.059315089163515,6.371636705854753,21.0,0,-0.059315089163515466,21.030541587410372,20.5,21.5
2735.0,20.75068464812605,21.056438060940707,6.370365980652719,21.0,0,-0.05643806094070669,21.02766777871262,20.5,21.5
2736.0,20.747808584392555,21.053561354396713,6.3690942118573775,21.0,0,-0.05356135439671306,21.024794288956777,20.5,21.5
2737.0,20.744932841518047,21.050684969258093,6.367821400437236,21.0,0,-0.05068496925809285,21.02192111787189,20.5,21.5
2738.0,20.74205741922983,21.04780890525165,6.3665475473615984,21.0,0,-0.04780890525164949,21.019048265187216,20.5,21.5
2739.0,20.739182317255455,21.044933162104446,6.365272653600557,21.0,0,-0.044933162104445756,21.01617573063241,20.5,21.5
2740.0,20.736307535322723,21.04205773954378,6.363996720124997,21.0,0,-0.042057739543778894,21.01330351393711,20.5,21.5
2741.0,20.733433073159684,21.039182637297206,6.362719747906601,21.0,0,-0.0391826372972055,21.01043161483147,20.5,21.5
2742.0,20.730558930494634,21.036307855092524,6.361441737917836,21.0,0,-0.036307855092523766,21.007560033045706,20.5,21.5
2743.0,20.727685107056118,21.033433392657777,6.360162691131963,21.0,0,-0.033433392657777006,21.00468876831031,20.5,21.5
2744.0,20.724811602572935,21.030559249721275,6.358882608523032,21.0,0,-0.030559249721274995,21.001817820356255,20.5,21.5
2745.0,20.721938416774126,21.027685426011555,6.357601491065884,21.0,0,-0.02768542601155488,20.998947188914354,20.5,21.5
2746.0,20.719065549388983,21.024811921257417,6.356319339736142,21.0,0,-0.024811921257416714,20.996076873716035,20.5,21.5
2747.0,20.71619300014705,21.0219387351879,6.35503615551022,21.0,0,-0.021938735187898573,20.993206874492717,20.5,21.5
2748.0,20.713320768778125,21.0190658675323,6.3537519393653215,21.0,0,-0.01906586753230144,20.99033719097633,20.5,21.5
2749.0,20.710448855012242,21.016193318020164,6.352466692279431,21.0,0,-0.016193318020164327,20.987467822898793,20.5,21.5
2750.0,20.707577258579697,21.01332108638128,6.351180415231321,21.0,0,-0.01332108638127849,20.98459876999242,20.5,21.5
2751.0,20.704705979211028,21.010449172345687,6.349893109200546,21.0,0,-0.01044917234568743,20.981730031989777,20.5,21.5
2752.0,20.701835016637027,21.007577575643683,6.3486047751674475,21.0,0,-0.007577575643683332,20.978861608623642,20.5,21.5
2753.0,20.698964370588733,21.004706296005804,6.347315414113146,21.0,0,-0.004706296005803523,20.975993499627005,20.5,21.5
2754.0,20.696094040797437,21.00183533316284,6.346025027019547,21.0,0,-0.001835333162841124,20.973125704733217,20.5,21.5
2755.0,20.69322402699468,20.998964686845838,6.344733614869336,21.0,0,0.0010353131541620542,20.970258223675806,20.5,21.5
2756.0,20.690354328912257,20.996094356786084,6.343441178645981,21.0,0,0.0039056432139155106,20.96739105618855,20.5,21.5
2757.0,20.687484946282204,20.99322434271512,6.342147719333726,21.0,0,0.0067756572848800545,20.964524202005475,20.5,21.5
2758.0,20.684615878836816,20.990354644364736,6.340853237917599,21.0,0,0.009645355635264252,20.961657660860894,20.5,21.5
2759.0,20.681747126308633,20.987485261466976,6.339557735383401,21.0,0,0.012514738533024428,20.958791432489374,20.5,21.5
2760.0,20.678878688430448,20.98461619375413,6.3382612127177165,21.0,0,0.015383806245871767,20.955925516625655,20.5,21.5
2761.0,20.676010564935304,20.98174744095874,6.3369636709079025,21.0,0,0.018252559041261662,20.95305991300484,20.5,21.5
2762.0,20.673142755556498,20.978879002813596,6.335665110942093,21.0,0,0.021120997186404367,20.95019462136217,20.5,21.5
2763.0,20.670275260027577,20.97601087905175,6.3343655338091995,21.0,0,0.023989120948250786,20.947329641433285,20.5,21.5
2764.0,20.66740807808233,20.973143069406486,6.333064940498905,21.0,0,0.026856930593513795,20.944464972953856,20.5,21.5
2765.0,20.664541209454814,20.97027557361136,6.331763332001668,21.0,0,0.029724426388639813,20.9416006156601,20.5,21.5
2766.0,20.661674653879324,20.967408391400163,6.3304607093087215,21.0,0,0.03259160859983723,20.93873656928819,20.5,21.5
2767.0,20.65880841109041,20.96454152250695,6.329157073412068,21.0,0,0.03545847749305153,20.935872833574805,20.5,21.5
2768.0,20.655942480822873,20.961674966666006,6.327852425304483,21.0,0,0.03832503333399373,20.933009408256584,20.5,21.5
2769.0,20.65307686281177,20.958808723611895,6.326546765979514,21.0,0,0.041191276388104825,20.930146293070784,20.5,21.5
2770.0,20.650211556792403,20.955942793079412,6.325240096431475,21.0,0,0.04405720692058779,20.927283487754583,20.5,21.5
2771.0,20.64734656250033,20.953077174803614,6.323932417655453,21.0,0,0.04692282519638624,20.92442099204563,20.5,21.5
2772.0,20.644481879671364,20.9502118685198,6.3226237306473045,21.0,0,0.04978813148019867,20.921558805681677,20.5,21.5
2773.0,20.64161750804156,20.94734687396354,6.321314036403647,21.0,0,0.05265312603646066,20.91869692840092,20.5,21.5
2774.0,20.63875344734723,20.944482190870634,6.320003335921873,21.0,0,0.055517809129366213,20.91583535994158,20.5,21.5
2775.0,20.635889697324945,20.941617818977143,6.318691630200138,21.0,0,0.05838218102285708,20.912974100042234,20.5,21.5
2776.0,20.63302625771152,20.93875375801938,6.317378920237361,21.0,0,0.06124624198061923,20.91011314844176,20.5,21.5
2777.0,20.630163128244025,20.93589000773391,6.316065207033229,21.0,0,0.06410999226608993,20.907252504879203,20.5,21.5
2778.0,20.627300308659784,20.933026567857556,6.3147504915881925,21.0,0,0.06697343214244356,20.90439216909402,20.5,21.5
2779.0,20.62443779869637,20.930163438127387,6.313434774903462,21.0,0,0.06983656187261289,20.901532140825694,20.5,21.5
2780.0,20.62157559809161,20.927300618280718,6.3121180579810146,21.0,0,0.07269938171928203,20.898672419814027,20.5,21.5
2781.0,20.618713706583588,20.924438108055135,6.310800341823588,21.0,0,0.07556189194486507,20.895813005799305,20.5,21.5
2782.0,20.615852123910635,20.92157590718846,6.30948162743468,21.0,0,0.07842409281154161,20.892953898521693,20.5,21.5
2783.0,20.61299084981134,20.918714015418768,6.308161915818548,21.0,0,0.08128598458123193,20.890095097721865,20.5,21.5
2784.0,20.61012988402454,20.915852432484403,6.306841207980211,21.0,0,0.08414756751559693,20.887236603140753,20.5,21.5
2785.0,20.607269226289333,20.912991158123948,6.305519504925446,21.0,0,0.0870088418760524,20.884378414519393,20.5,21.5
2786.0,20.604408876345058,20.91013019207624,6.304196807660784,21.0,0,0.08986980792375832,20.881520531599183,20.5,21.5
2787.0,20.60154883393132,20.907269534080378,6.302873117193521,21.0,0,0.09273046591962242,20.878662954121737,20.5,21.5
2788.0,20.598689098787975,20.904409183875703,6.301548434531702,21.0,0,0.09559081612429665,20.87580568182896,20.5,21.5
2789.0,20.595829670655124,20.90154914120182,6.300222760684132,21.0,0,0.09845085879818072,20.87294871446298,20.5,21.5
2790.0,20.59297054927313,20.89868940579858,6.298896096660368,21.0,0,0.10131059420141852,20.870092051766203,20.5,21.5
2791.0,20.590111734382607,20.895829977406088,6.297568443470722,21.0,0,0.10417002259391239,20.86723569348115,20.5,21.5
2792.0,20.587253225724425,20.89297085576471,6.296239802126262,21.0,0,0.10702914423529108,20.864379639350922,20.5,21.5
2793.0,20.584395023039704,20.890112040615055,6.294910173638804,21.0,0,0.10988795938494533,20.861523889118512,20.5,21.5
2794.0,20.581537126069826,20.887253531697997,6.29357955902092,21.0,0,0.11274646830200297,20.85866844252742,20.5,21.5
2795.0,20.578679534556414,20.884395328754653,6.292247959285929,21.0,0,0.11560467124534668,20.855813299321216,20.5,21.5
2796.0,20.57582224824136,20.881537431526404,6.290915375447901,21.0,0,0.11846256847359626,20.852958459243908,20.5,21.5
2797.0,20.5729652668668,20.878679839754877,6.28958180852166,21.0,0,0.12132016024512282,20.85010392203961,20.5,21.5
2798.0,20.57010859017513,20.875822553181965,6.288247259522773,21.0,0,0.12417744681803455,20.847249687452848,20.5,21.5
2799.0,20.567252217909,20.8729655715498,6.286911729467557,21.0,0,0.12703442845020163,20.844395755228128,20.5,21.5
2800.0,20.564396149811312,20.87010889460078,6.285575219373079,21.0,0,0.12989110539922066,20.84154212511059,20.5,21.5
2801.0,20.561540385625225,20.86725252207755,6.284237730257146,21.0,0,0.13274747792245023,20.838688796845254,20.5,21.5
2802.0,20.558684925094152,20.86439645372302,6.282899263138316,21.0,0,0.1356035462769789,20.835835770177734,20.5,21.5
2803.0,20.55582976796176,20.861540689280346,6.2815598190358894,21.0,0,0.13845931071965367,20.8329830448536,20.5,21.5
2804.0,20.552974913971976,20.85868522849294,6.280219398969911,21.0,0,0.14131477150705862,20.830130620618892,20.5,21.5
2805.0,20.550120362868977,20.855830071104474,6.27887800396117,21.0,0,0.1441699288955256,20.827278497219805,20.5,21.5
2806.0,20.547266114397196,20.85297521685887,6.277535635031196,21.0,0,0.14702478314113065,20.82442667440282,20.5,21.5
2807.0,20.544412168301324,20.850120665500302,6.276192293202261,21.0,0,0.1498793344996976,20.821575151914633,20.5,21.5
2808.0,20.541558524326305,20.84726641677321,6.2748479794973795,21.0,0,0.15273358322679087,20.818723929502276,20.5,21.5
2809.0,20.53870518221734,20.84441247042228,6.273502694940304,21.0,0,0.15558752957771915,20.815873006912998,20.5,21.5
2810.0,20.535852141719882,20.84155882619246,6.272156440555528,21.0,0,0.15844117380753886,20.813022383894264,20.5,21.5
2811.0,20.532999402579648,20.838705483828953,6.270809217368282,21.0,0,0.16129451617104706,20.81017206019387,20.5,21.5
2812.0,20.530146964542606,20.835852443077208,6.269461026404536,21.0,0,0.16414755692279215,20.807322035559757,20.5,21.5
2813.0,20.52729482735498,20.832999703682944,6.268111868690994,21.0,0,0.16700029631705604,20.804472309740305,20.5,21.5
2814.0,20.524442990763244,20.830147265392124,6.266761745255101,21.0,0,0.16985273460787553,20.80162288248393,20.5,21.5
2815.0,20.521591454514144,20.82729512795098,6.265410657125033,21.0,0,0.17270487204902096,20.798773753539525,20.5,21.5
2816.0,20.518740218354665,20.824443291105982,6.264058605329702,21.0,0,0.17555670889401753,20.795924922656017,20.5,21.5
2817.0,20.51588928203206,20.821591754603872,6.262705590898756,21.0,0,0.17840824539612754,20.793076389582772,20.5,21.5
2818.0,20.513038645293832,20.818740518191643,6.261351614862573,21.0,0,0.1812594818083575,20.790228154069343,20.5,21.5
2819.0,20.510188307887745,20.815889581616542,6.259996678252264,21.0,0,0.1841104183834581,20.787380215865536,20.5,21.5
2820.0,20.507338269561817,20.813038944626076,6.258640782099675,21.0,0,0.18696105537392427,20.784532574721414,20.5,21.5
2821.0,20.504488530064325,20.810188606968005,6.257283927437378,21.0,0,0.18981139303199512,20.781685230387296,20.5,21.5
2822.0,20.5016390891438,20.807338568390357,6.255926115298676,21.0,0,0.19266143160964333,20.778838182613875,20.5,21.5
2823.0,20.49878994654903,20.804488828641396,6.254567346717604,21.0,0,0.19551117135860352,20.775991431151795,20.5,21.5
2824.0,20.495941102029064,20.80163938746966,6.2532076227289215,21.0,0,0.19836061253034032,20.77314497575229,20.5,21.5
2825.0,20.493092555333206,20.798790244623937,6.251846944368118,21.0,0,0.20120975537606256,20.770298816166715,20.5,21.5
2826.0,20.490244306211014,20.795941399853273,6.25048531267141,21.0,0,0.20405860014672683,20.76745295214663,20.5,21.5
2827.0,20.487396354412308,20.793092852906973,6.249122728675739,21.0,0,0.20690714709302682,20.764607383443973,20.5,21.5
2828.0,20.48454869968716,20.7902446035346,6.247759193418773,21.0,0,0.20975539646540042,20.761762109810864,20.5,21.5
2829.0,20.481701341785907,20.78739665148597,6.246394707938901,21.0,0,0.21260334851402973,20.758917130999677,20.5,21.5
2830.0,20.47885428045914,20.784548996511155,6.2450292732752395,21.0,0,0.2154510034888446,20.756072446763007,20.5,21.5
2831.0,20.476007515457702,20.781701638360495,6.2436628904676255,21.0,0,0.2182983616395049,20.753228056853892,20.5,21.5
2832.0,20.473161046532706,20.778854576784575,6.24229556055662,21.0,0,0.2211454232154253,20.75038396102537,20.5,21.5
2833.0,20.47031487343551,20.776007811534242,6.240927284583505,21.0,0,0.22399218846575764,20.74754015903092,20.5,21.5
2834.0,20.467468995917738,20.77316134236061,6.23955806359028,21.0,0,0.22683865763939082,20.744696650624277,20.5,21.5
2835.0,20.46462341373127,20.770315169015035,6.238187898619668,21.0,0,0.22968483098496506,20.741853435559293,20.5,21.5
2836.0,20.46177812662825,20.767469291249142,6.236816790715109,21.0,0,0.23253070875085768,20.739010513590216,20.5,21.5
2837.0,20.458933134361068,20.764623708814817,6.23544474092076,21.0,0,0.2353762911851831,20.736167884471563,20.5,21.5
2838.0,20.45608843668238,20.76177842146419,6.2340717502814975,21.0,0,0.2382215785358106,20.733325547957914,20.5,21.5
2839.0,20.453244033345097,20.75893342894966,6.2326978198429135,21.0,0,0.24106657105033946,20.730483503804372,20.5,21.5
2840.0,20.450399924102395,20.756088731023887,6.231322950651316,21.0,0,0.24391126897611315,20.72764175176615,20.5,21.5
2841.0,20.447556108707705,20.753244327439774,6.229947143753729,21.0,0,0.24675567256022646,20.72480029159864,20.5,21.5
2842.0,20.444712586914715,20.750400217950503,6.228570400197886,21.0,0,0.24959978204949707,20.721959123057797,20.5,21.5
2843.0,20.441869358477373,20.747556402309502,6.227192721032241,21.0,0,0.2524435976904975,20.719118245899498,20.5,21.5
2844.0,20.439026423149883,20.74471288027046,6.225814107305954,21.0,0,0.255287119729541,20.716277659880024,20.5,21.5
2845.0,20.436183780686715,20.741869651587322,6.224434560068899,21.0,0,0.2581303484126778,20.713437364755954,20.5,21.5
2846.0,20.433341430842592,20.7390267160143,6.2230540803716625,21.0,0,0.26097328398569886,20.71059736028409,20.5,21.5
2847.0,20.4304993733725,20.736184073305857,6.22167266926554,21.0,0,0.2638159266941429,20.707757646221417,20.5,21.5
2848.0,20.427657608031677,20.733341723216718,6.220290327802536,21.0,0,0.26665827678328213,20.704918222325325,20.5,21.5
2849.0,20.424816134575632,20.73049966550187,6.218907057035362,21.0,0,0.2695003344981295,20.702079088353397,20.5,21.5
2850.0,20.421974952760124,20.72765789991655,6.217522858017442,21.0,0,0.27234210008344917,20.699240244063354,20.5,21.5
2851.0,20.419134062341175,20.724816426216268,6.216137731802901,21.0,0,0.2751835737837318,20.69640168921344,20.5,21.5
2852.0,20.416293463075068,20.72197524415678,6.214751679446573,21.0,0,0.2780247558432194,20.693563423561905,20.5,21.5
2853.0,20.413453154718344,20.719134353494116,6.213364702003999,21.0,0,0.28086564650588386,20.69072544686747,20.5,21.5
2854.0,20.410613137027802,20.71629375398455,6.211976800531422,21.0,0,0.28370624601544847,20.687887758888905,20.5,21.5
2855.0,20.4077734097605,20.713453445384626,6.210587976085789,21.0,0,0.2865465546153736,20.685050359385375,20.5,21.5
2856.0,20.404933972673767,20.710613427451147,6.20919822972475,21.0,0,0.28938657254885314,20.68221324811635,20.5,21.5
2857.0,20.40209482552518,20.707773699941168,6.207807562506657,21.0,0,0.2922263000588323,20.679376424841376,20.5,21.5
2858.0,20.399255968072577,20.704934262612017,6.2064159754905655,21.0,0,0.2950657373879828,20.676539889320512,20.5,21.5
2859.0,20.39641740007406,20.70209511522127,6.2050234697362265,21.0,0,0.2979048847787311,20.673703641313786,20.5,21.5
2860.0,20.393579121287992,20.699256257526766,6.203630046304096,21.0,0,0.30074374247323377,20.67086768058174,20.5,21.5
2861.0,20.390741131472996,20.696417689286612,6.202235706255328,21.0,0,0.3035823107133879,20.66803200688507,20.5,21.5
2862.0,20.387903430387954,20.693579410259165,6.200840450651768,21.0,0,0.30642058974083497,20.665196619984695,20.5,21.5
2863.0,20.385066017792006,20.69074142020305,6.199444280555968,21.0,0,0.3092585797969498,20.6623615196419,20.5,21.5
2864.0,20.38222889344456,20.687903718877152,6.198047197031172,21.0,0,0.31209628112284804,20.65952670561817,20.5,21.5
2865.0,20.379392057105274,20.685066306040607,6.196649201141318,21.0,0,0.31493369395939297,20.656692177675158,20.5,21.5
2866.0,20.376555508534082,20.682229181452822,6.195250293951043,21.0,0,0.3177708185471779,20.653857935574973,20.5,21.5
2867.0,20.373719247491167,20.679392344873463,6.193850476525673,21.0,0,0.3206076551265369,20.651023979079874,20.5,21.5
2868.0,20.370883273736972,20.676555796062456,6.192449749931232,21.0,0,0.32344420393754447,20.64819030795238,20.5,21.5
2869.0,20.368047587032212,20.673719534779988,6.191048115234433,21.0,0,0.3262804652200124,20.645356921955308,20.5,21.5
2870.0,20.365212187137853,20.670883560786503,6.189645573502682,21.0,0,0.32911643921349665,20.64252382085166,20.5,21.5
2871.0,20.362377073815125,20.668047873842713,6.188242125804077,21.0,0,0.33195212615728664,20.639691004404813,20.5,21.5
2872.0,20.359542246825523,20.665212473709584,6.186837773207403,21.0,0,0.3347875262904161,20.63685847237829,20.5,21.5
2873.0,20.3567077059308,20.662377360148348,6.185432516782136,21.0,0,0.3376226398516522,20.634026224535987,20.5,21.5
2874.0,20.35387345089297,20.6595425329205,6.184026357598439,21.0,0,0.3404574670794993,20.63119426064203,20.5,21.5
2875.0,20.35103948147431,20.65670799178779,6.1826192967271645,21.0,0,0.3432920082122095,20.62836258046069,20.5,21.5
2876.0,20.34820579743736,20.65387373651224,6.18121133523985,21.0,0,0.3461262634877613,20.62553118375672,20.5,21.5
2877.0,20.34537239854492,20.65103976685612,6.179802474208722,21.0,0,0.348960233143881,20.622700070294922,20.5,21.5
2878.0,20.342539284560054,20.64820608258197,6.178392714706685,21.0,0,0.35179391741802846,20.619869239840497,20.5,21.5
2879.0,20.339706455246084,20.645372683452592,6.176982057807334,21.0,0,0.35462731654740764,20.6170386921588,20.5,21.5
2880.0,20.336873910366595,20.64253956923105,6.175570504584947,21.0,0,0.35746043076894907,20.614208427015637,20.5,21.5
2881.0,20.33404164968544,20.63970673968067,6.174158056114481,21.0,0,0.36029326031933095,20.61137844417685,20.5,21.5
2882.0,20.331209672966725,20.636874194565028,6.1727447134715785,21.0,0,0.3631258054349722,20.608548743408615,20.5,21.5
2883.0,20.328377979974825,20.634041933647982,6.171330477732562,21.0,0,0.3659580663520181,20.605719324477523,20.5,21.5
2884.0,20.325546570474376,20.63120995669364,6.169915349974431,21.0,0,0.36879004330635823,20.60289018715024,20.5,21.5
2885.0,20.322715444230276,20.62837826346638,6.168499331274869,21.0,0,0.3716217365336192,20.60006133119377,20.5,21.5
2886.0,20.319884601007686,20.625546853730828,6.167082422712235,21.0,0,0.3744531462691718,20.597232756375302,20.5,21.5
2887.0,20.317054040572028,20.622715727251887,6.165664625365567,21.0,0,0.3772842727481134,20.59440446246247,20.5,21.5
2888.0,20.314223762688986,20.619884883794718,6.164245940314579,21.0,0,0.3801151162052818,20.591576449223034,20.5,21.5
2889.0,20.31139376712451,20.617054323124744,6.162826368639662,21.0,0,0.3829456768752557,20.588748716425005,20.5,21.5
2890.0,20.30856405364481,20.614224045007653,6.1614059114218795,21.0,0,0.3857759549923472,20.585921263836738,20.5,21.5
2891.0,20.305734622016367,20.611394049209387,6.159984569742974,21.0,0,0.38860595079061255,20.583094091226734,20.5,21.5
2892.0,20.30290547200591,20.608564335496165,6.1585623446853575,21.0,0,0.3914356645038346,20.580267198363945,20.5,21.5
2893.0,20.300076603380447,20.60573490363446,6.157139237332117,21.0,0,0.3942650963655403,20.577440585017403,20.5,21.5
2894.0,20.297248015907236,20.602905753391006,6.155715248767011,21.0,0,0.39709424660899373,20.574614250956472,20.5,21.5
2895.0,20.294419709353807,20.600076884532804,6.1542903800744675,21.0,0,0.39992311546719606,20.57178819595078,20.5,21.5
2896.0,20.29159168348795,20.597248296827118,6.152864632339586,21.0,0,0.402751703172882,20.56896241977026,20.5,21.5
2897.0,20.28876393807772,20.59441999004148,6.151438006648138,21.0,0,0.40558000995851984,20.566136922185102,20.5,21.5
2898.0,20.285936472891436,20.591591963943678,6.1500105040865565,21.0,0,0.40840803605632203,20.563311702965656,20.5,21.5
2899.0,20.283109287697673,20.588764218301765,6.148582125741951,21.0,0,0.4112357816982346,20.56048676188264,20.5,21.5
2900.0,20.28028238226528,20.58593675288406,6.147152872702093,21.0,0,0.41406324711594067,20.557662098707,20.5,21.5
2901.0,20.277455756363366,20.583109567459143,6.1457227460554185,21.0,0,0.4168904325408569,20.55483771320998,20.5,21.5
2902.0,20.274629409761303,20.58028266179586,6.1442917468910325,21.0,0,0.4197173382041406,20.552013605163022,20.5,21.5
2903.0,20.27180334222873,20.57745603566332,6.1428598762987034,21.0,0,0.42254396433667907,20.549189774337936,20.5,21.5
2904.0,20.268977553535542,20.574629688830896,6.141427135368863,21.0,0,0.42537031116910384,20.54636622050665,20.5,21.5
2905.0,20.26615204345191,20.57180362106822,6.139993525192606,21.0,0,0.42819637893178,20.54354294344146,20.5,21.5
2906.0,20.263326811748257,20.5689778321452,6.138559046861689,21.0,0,0.43102216785479897,20.54071994291501,20.5,21.5
2907.0,20.26050185819528,20.566152321831996,6.1371237014685285,21.0,0,0.4338476781680036,20.53789721869995,20.5,21.5
2908.0,20.257677182563935,20.563327089899037,6.135687490106202,21.0,0,0.4366729101009632,20.53507477056944,20.5,21.5
2909.0,20.25485278462544,20.560502136117016,6.1342504138684495,21.0,0,0.43949786388298406,20.532252598296807,20.5,21.5
2910.0,20.25202866415129,20.55767746025689,6.1328124738496665,21.0,0,0.44232253974310964,20.529430701655635,20.5,21.5
2911.0,20.249204820913228,20.554853062089887,6.131373671144904,21.0,0,0.4451469379101134,20.52660908041985,20.5,21.5
2912.0,20.246381254683275,20.552028941387483,6.129934006849876,21.0,0,0.4479710586125165,20.523787734363452,20.5,21.5
2913.0,20.24355796523371,20.54920509792144,6.128493482060948,21.0,0,0.45079490207855955,20.52096666326101,20.5,21.5
2914.0,20.240734952337075,20.54638153146377,6.1270520978751435,21.0,0,0.4536184685362308,20.518145866887057,20.5,21.5
2915.0,20.237912215766183,20.543558241786748,6.125609855390136,21.0,0,0.45644175821325206,20.515325345016535,20.5,21.5
2916.0,20.23508975529411,20.54073522866292,6.124166755704262,21.0,0,0.45926477133707877,20.512505097424654,20.5,21.5
2917.0,20.23226757069419,20.537912491865104,6.122722799916499,21.0,0,0.4620875081348963,20.50968512388693,20.5,21.5
2918.0,20.229445661740034,20.53509003116637,6.121277989126483,21.0,0,0.46490996883363067,20.506865424179026,20.5,21.5
2919.0,20.22662402820551,20.532267846340055,6.119832324434503,21.0,0,0.467732153659945,20.50404599807691,20.5,21.5
2920.0,20.223802669864757,20.52944593715977,6.118385806941494,21.0,0,0.47055406284022894,20.501226845356932,20.5,21.5
2921.0,20.220981586492172,20.52662430339938,6.116938437749042,21.0,1,0.47337569660061973,20.498407965795472,20.5,21.5
2922.0,20.238160777862422,20.52780294483303,6.115490217959381,21.0,1,0.4721970551669692,20.539589359169536,20.5,21.5
2923.0,20.255336243750442,20.532981061235112,6.114041148675394,21.0,1,0.46701893876488754,20.58476222525593,20.5,21.5
2924.0,20.272507984731426,20.5421578525403,6.112591231000609,21.0,1,0.45784214745970075,20.633925765592167,20.5,21.5
2925.0,20.28967600138068,20.555332518843482,6.111140466039204,21.0,1,0.4446674811565181,20.68707918187531,20.5,21.5
2926.0,20.306840294273613,20.57250426039977,6.109688854895999,21.0,1,0.4274957396002286,20.744221675962667,20.5,21.5
2927.0,20.324000863985738,20.589672277624437,6.108236398676458,21.0,1,0.4103277223755626,20.761352449871097,20.5,21.5
2928.0,20.341157711092677,20.60683657109288,6.106783098486688,21.0,1,0.3931634289071191,20.778479505777316,20.5,21.5
2929.0,20.358310836170155,20.623997141380627,6.105328955433444,21.0,1,0.37600285861937266,20.79560284425809,20.5,21.5
2930.0,20.37546023979401,20.64115398906329,6.103873970624116,21.0,1,0.3588460109367091,20.812722465889927,20.5,21.5
2931.0,20.392605922540174,20.658307114716603,6.10241814516674,21.0,1,0.3416928852833969,20.829838371249725,20.5,21.5
2932.0,20.4097478849847,20.675456518916395,6.100961480169992,21.0,1,0.3245434810836052,20.846950560914312,20.5,21.5
2933.0,20.42688612770374,20.692602202238607,6.099503976743182,21.0,1,0.30739779776139287,20.86405903546073,20.5,21.5
2934.0,20.444020651273547,20.709744165259284,6.098045635996264,21.0,1,0.2902558347407158,20.881163795466055,20.5,21.5
2935.0,20.461151456270493,20.72688240855458,6.096586459039828,21.0,1,0.2731175914454198,20.89826484150754,20.5,21.5
2936.0,20.478278543271045,20.744016932700752,6.0951264469851,21.0,1,0.2559830672992476,20.915362174162475,20.5,21.5
2937.0,20.49540191285179,20.761147738274172,6.093665600943944,21.0,1,0.23885226172582819,20.932455794008366,20.5,21.5
2938.0,20.51252156558941,20.778274825851305,6.092203922028858,21.0,1,0.22172517414869475,20.94954570162264,20.5,21.5
2939.0,20.529637502060698,20.795398196008737,6.0907414113529725,21.0,1,0.20460180399126315,20.966631897583053,20.5,21.5
2940.0,20.546749722842556,20.81251784932315,6.089278070030055,21.0,1,0.1874821506768498,20.983714382467284,20.5,21.5
2941.0,20.563858228511993,20.82963378637134,6.0878138991745,21.0,1,0.170366213628661,21.000793156853227,20.5,21.5
2942.0,20.580963019646127,20.846746007730207,6.086348899901341,21.0,1,0.15325399226979286,21.01786822131889,20.5,21.5
2943.0,20.598064096822178,20.86385451397676,6.084883073326238,21.0,1,0.1361454860232385,21.034939576442305,20.5,21.5
2944.0,20.61516146061748,20.880959305688116,6.08341642056548,21.0,1,0.11904069431188447,21.052007222801656,20.5,21.5
2945.0,20.632255111609467,20.898060383441496,6.081948942735988,21.0,1,0.10193961655850359,21.069071160975305,20.5,21.5
2946.0,20.649345050375693,20.915157747814238,6.08048064095531,21.0,1,0.08484225218576213,21.086131391541652,20.5,21.5
2947.0,20.66643127749381,20.932251399383773,6.079011516341621,21.0,1,0.0677486006162269,21.103187915079126,20.5,21.5
2948.0,20.68351379354158,20.949341338727653,6.077541570013726,21.0,1,0.050658661272347416,21.120240732166447,20.5,21.5
2949.0,20.700592599096872,20.96642756642353,6.076070803091051,21.0,1,0.03357243357647022,21.1372898433823,20.5,21.5
2950.0,20.71766769473767,20.983510083049172,6.074599216693648,21.0,1,0.016489916950828132,21.154335249305593,20.5,21.5
2951.0,20.73473908104206,21.000588889182445,6.0731268119421955,21.0,1,-0.0005888891824454845,21.17137695051518,20.5,21.5
2952.0,20.75180675858824,21.01766398540133,6.071653589957993,21.0,1,-0.01766398540133096,21.188414947590186,20.5,21.5
2953.0,20.768870727954514,21.03473537228392,6.070179551862965,21.0,1,-0.034735372283918764,21.205449241109797,20.5,21.5
2954.0,20.785930989719297,21.051803050408402,6.068704698779653,21.0,1,-0.051803050408402385,21.22247983165324,20.5,21.5
2955.0,20.80298754446111,21.068867020353093,6.067229031831223,21.0,1,-0.06886702035309256,21.239506719799994,20.5,21.5
2956.0,20.820040392758585,21.085927282696396,6.06575255214146,21.0,1,-0.08592728269639593,21.25652990612943,20.5,21.5
2957.0,20.83708953519046,21.102983838016844,6.0642752608347665,21.0,1,-0.10298383801684352,21.27354939122132,20.5,21.5
2958.0,20.85413497233559,21.120036686893055,6.062797159036165,21.0,1,-0.12003668689305513,21.29056517565517,20.5,21.5
2959.0,20.87117670477293,21.137085829903782,6.061318247871295,21.0,1,-0.13708582990378204,21.30757726001105,20.5,21.5
2960.0,20.88821473308155,21.154131267627868,6.059838528466411,21.0,1,-0.15413126762786789,21.324585644868726,20.5,21.5
2961.0,20.905249057840628,21.17117300064428,6.058358001948381,21.0,1,-0.17117300064428065,21.34159033080841,20.5,21.5
2962.0,20.92227967962945,21.188211029532077,6.056876669444694,21.0,1,-0.18821102953207713,21.358591318410042,20.5,21.5
2963.0,20.939306599027415,21.205245354870442,6.055394532083449,21.0,1,-0.20524535487044204,21.37558860825409,20.5,21.5
2964.0,20.956329816614026,21.22227597723866,6.053911590993355,21.0,1,-0.22227597723865955,21.392582200920835,20.5,21.5
2965.0,20.9733493329689,21.23930289721613,6.05242784730374,21.0,1,-0.23930289721613107,21.409572096990846,20.5,21.5
2966.0,20.990365148671767,21.256326115382358,6.050943302144536,21.0,1,-0.2563261153823575,21.426558297044622,20.5,21.5
2967.0,21.007377264302463,21.27334563231696,6.04945795664629,21.0,1,-0.2733456323169605,21.44354080166299,20.5,21.5
2968.0,21.024385680440933,21.290361448599665,6.047971811940158,21.0,1,-0.29036144859966484,21.460519611426708,20.5,21.5
2969.0,21.041390397667232,21.30737356481031,6.046484869157903,21.0,1,-0.30737356481030886,21.47749472691675,20.5,21.5
2970.0,21.05839141656153,21.324381981528834,6.044997129431897,21.0,1,-0.324381981528834,21.494466148714086,20.5,21.5
2971.0,21.075388737704106,21.341386699335303,6.04350859389512,21.0,0,-0.3413866993353025,21.511433877399988,20.5,21.5
2972.0,21.072382361675345,21.354387718809882,6.042019263681153,21.0,0,-0.35438771880988185,21.484397913555675,20.5,21.5
2973.0,21.069376289055747,21.36338584053284,6.040529139924188,21.0,0,-0.36338584053283896,21.45336705776241,20.5,21.5
2974.0,21.06637051962592,21.36838186492458,6.039038223759018,21.0,0,-0.36838186492457936,21.418342108841983,20.5,21.5
2975.0,21.06336505316675,21.369376592245622,6.037546516321043,21.0,0,-0.36937659224562225,21.37932386545605,20.5,21.5
2976.0,21.06035988945938,21.36637082259668,6.0360540187462615,21.0,0,-0.36637082259667864,21.336313126107243,20.5,21.5
2977.0,21.057355028285237,21.363365355918656,6.034560732171274,21.0,0,-0.36336535591865626,21.333310689138433,20.5,21.5
2978.0,21.054350469426012,21.36036019199271,6.033066657733284,21.0,0,-0.3603601919927115,21.330308552733264,20.5,21.5
2979.0,21.051346212663674,21.357355330600264,6.031571796570095,21.0,0,-0.3573553306002637,21.327306716675785,20.5,21.5
2980.0,21.048342257780455,21.354350771523002,6.030076149820108,21.0,0,-0.3543507715230021,21.324305180750386,20.5,21.5
2981.0,21.04533860455886,21.3513465145429,6.028579718622324,21.0,0,-0.3513465145429002,21.32130394474188,20.5,21.5
2982.0,21.042335252781672,21.348342559442187,6.027082504116341,21.0,0,-0.3483425594421874,21.31830300843506,20.5,21.5
2983.0,21.03933220223194,21.34533890600337,6.025584507442351,21.0,0,-0.34533890600337,21.315302371615196,20.5,21.5
2984.0,21.036329452692982,21.34233555400923,6.024085729741143,21.0,0,-0.34233555400923166,21.312302034067848,20.5,21.5
2985.0,21.03332700394839,21.33933250324282,6.022586172154105,21.0,0,-0.3393325032428187,21.30930199557869,20.5,21.5
2986.0,21.03032485578203,21.33632975348745,6.021085835823212,21.0,0,-0.3363297534874512,21.306302255933776,20.5,21.5
2987.0,21.027323007978037,21.333327304526723,6.019584721891037,21.0,0,-0.33332730452672266,21.303302814919437,20.5,21.5
2988.0,21.02432146032082,21.330325156144497,6.018082831500743,21.0,0,-0.33032515614449665,21.300303672322237,20.5,21.5
2989.0,21.021320212595057,21.32732330812491,6.016580165796086,21.0,0,-0.3273233081249103,21.297304827929047,20.5,21.5
2990.0,21.0183192645857,21.32432176025237,6.015076725921408,21.0,0,-0.3243217602523707,21.294306281526975,20.5,21.5
2991.0,21.015318616077966,21.32132051231156,6.013572513021648,21.0,0,-0.32132051231155856,21.291308032903437,20.5,21.5
2992.0,21.012318266857356,21.318319564087425,6.012067528242327,21.0,0,-0.31831956408742457,21.288310081846085,20.5,21.5
2993.0,21.009318216709634,21.315318915365186,6.0105617727295595,21.0,0,-0.31531891536518586,21.2853124281428,20.5,21.5
2994.0,21.006318465420836,21.312318565930344,6.009055247630039,21.0,0,-0.3123185659303438,21.282315071581923,20.5,21.5
2995.0,21.00331901277728,21.30931851556866,6.007547954091053,21.0,0,-0.3093185155686591,21.279318011951812,20.5,21.5
2996.0,21.000319858565543,21.306318764066173,6.00603989326047,21.0,0,-0.3063187640661731,21.276321249041313,20.5,21.5
2997.0,20.997321002572484,21.3033193112092,6.004531066286745,21.0,0,-0.30331931120920075,21.273324782639477,20.5,21.5
2998.0,20.994322444585226,21.300320156784316,6.003021474318915,21.0,0,-0.30032015678431634,21.270328612535472,20.5,21.5
2999.0,20.99132418439117,21.297321300578385,6.0015111185066,21.0,0,-0.29732130057838546,21.267332738519077,20.5,21.5
3000.0,20.988326221777996,21.29432274237853,6.0,21.0,0,-0.2943227423785295,21.26433716037997,20.5,21.5
3001.0,20.98532855653364,21.291324481972147,5.9984881199499,21.0,0,-0.291324481972147,21.261341877908322,20.5,21.5
3002.0,20.982331188446324,21.288326519146914,5.996975479507661,21.0,0,-0.28832651914691354,21.25834689089458,20.5,21.5
3003.0,20.979334117304536,21.28532885369078,5.995462079825224,21.0,0,-0.2853288536907783,21.255352199129426,20.5,21.5
3004.0,20.97633734289704,21.28233148539195,5.993947922055111,21.0,0,-0.28233148539194985,21.252357802403665,20.5,21.5
3005.0,20.973340865012872,21.279334414038924,5.992433007350417,21.0,0,-0.27933441403892445,21.24936370050867,20.5,21.5
3006.0,20.97034468344134,21.276337639420465,5.990917336864816,21.0,0,-0.27633763942046485,21.24636989323587,20.5,21.5
3007.0,20.967348797972026,21.273341161325604,5.989400911752556,21.0,0,-0.2733411613256038,21.243376380376993,20.5,21.5
3008.0,20.964353208394783,21.270344979543655,5.987883733168462,21.0,0,-0.2703449795436548,21.240383161724164,20.5,21.5
3009.0,20.96135791449974,21.267349093864194,5.986365802267932,21.0,0,-0.26734909386419403,21.237390237069587,20.5,21.5
3010.0,20.95836291607729,21.26435350407708,5.984847120206934,21.0,0,-0.2643535040770786,21.234397606205924,20.5,21.5
3011.0,20.955368212918117,21.261358209972435,5.983327688142014,21.0,0,-0.2613582099724354,21.231405268926004,20.5,21.5
3012.0,20.952373804813163,21.25836321134066,5.981807507230282,21.0,0,-0.25836321134066154,21.228413225022923,20.5,21.5
3013.0,20.94937969155365,21.255368507972438,5.980286578629423,21.0,0,-0.25536850797243815,21.225421474290204,20.5,21.5
3014.0,20.946385872931064,21.252374099658702,5.978764903497693,21.0,0,-0.2523740996587023,21.222430016521344,20.5,21.5
3015.0,20.943392348737177,21.249379986190682,5.97724248299391,21.0,0,-0.24937998619068225,21.219438851510482,20.5,21.5
3016.0,20.940399118764027,21.246386167359866,5.975719318277466,21.0,0,-0.24638616735986574,21.2164479790517,20.5,21.5
3017.0,20.93740618280393,21.243392642958018,5.974195410508315,21.0,0,-0.24339264295801755,21.213457398939536,20.5,21.5
3018.0,20.93441354064947,21.24039941277718,5.972670760846981,21.0,0,-0.24039941277717958,21.2104671109688,20.5,21.5
3019.0,20.93142119209351,21.23740647660967,5.9711453704545505,21.0,0,-0.23740647660967085,21.207477114934584,20.5,21.5
3020.0,20.928429136929182,21.23441383424807,5.9696192404926745,21.0,0,-0.23441383424806972,21.20448741063206,20.5,21.5
3021.0,20.925437374949894,21.231421485485242,5.968092372123567,21.0,0,-0.23142148548524233,21.20149799785697,20.5,21.5
3022.0,20.922445905949328,21.228429430114325,5.966564766510006,21.0,0,-0.22842943011432482,21.19850887640515,20.5,21.5
3023.0,20.91945472972144,21.225437667928716,5.9650364248153265,21.0,0,-0.22543766792871622,21.19552004607263,20.5,21.5
3024.0,20.91646384606046,21.222446198722107,5.96350734820343,21.0,0,-0.2224461987221069,21.192531506656014,20.5,21.5
3025.0,20.913473254760888,21.21945502228845,5.961977537838775,21.0,0,-0.21945502228845015,21.189543257951883,20.5,21.5
3026.0,20.910482955617503,21.216464138421973,5.960446994886379,21.0,0,-0.21646413842197276,21.1865552997572,20.5,21.5
3027.0,20.907492948425357,21.21347354691718,5.958915720511813,21.0,0,-0.21347354691717868,21.183567631869238,20.5,21.5
3028.0,20.904503232979774,21.210483247568845,5.957383715881214,21.0,0,-0.2104832475688454,21.180580254085513,20.5,21.5
3029.0,20.901513809076356,21.207493240172024,5.955850982161268,21.0,0,-0.20749324017202397,21.17759316620381,20.5,21.5
3030.0,20.898524676510974,21.204503524522043,5.954317520519217,21.0,0,-0.20450352452204257,21.17460636802223,20.5,21.5
3031.0,20.895535835079777,21.201514100414496,5.952783332122862,21.0,0,-0.2015141004144958,21.171619859339028,20.5,21.5
3032.0,20.892547284579184,21.198524967645263,5.951248418140551,21.0,0,-0.1985249676452625,21.16863363995293,20.5,21.5
3033.0,20.889559024805894,21.195536126010488,5.949712779741189,21.0,0,-0.19553612601048798,21.165647709662743,20.5,21.5
3034.0,20.88657105555688,21.19254757530659,5.948176418094232,21.0,0,-0.19254757530659106,21.162662068267622,20.5,21.5
3035.0,20.88358337662939,21.189559315330275,5.946639334369687,21.0,0,-0.1895593153302748,21.159676715567112,20.5,21.5
3036.0,20.880595987820936,21.186571345878505,5.945101529738108,21.0,0,-0.1865713458785052,21.15669165136081,20.5,21.5
3037.0,20.87760888892932,21.183583666748536,5.943563005370602,21.0,0,-0.183583666748536,21.153706875448844,20.5,21.5
3038.0,20.87462207975261,21.18059627773788,5.94202376243882,21.0,0,-0.18059627773788023,21.150722387631323,20.5,21.5
3039.0,20.871635560089146,21.17760917864433,5.940483802114965,21.0,0,-0.17760917864433168,21.147738187708846,20.5,21.5
3040.0,20.86864932973755,21.174622369265965,5.9389431255717815,21.0,0,-0.17462236926596475,21.144754275482295,20.5,21.5
3041.0,20.865663388496717,21.17163584940112,5.937401733982563,21.0,0,-0.1716358494011203,21.141770650752676,20.5,21.5
3042.0,20.862677736165814,21.168649618848423,5.935859628521148,21.0,0,-0.16864961884842344,21.138787313321455,20.5,21.5
3043.0,20.859692372544284,21.16566367740676,5.934316810361912,21.0,0,-0.16566367740675858,21.13580426299011,20.5,21.5
3044.0,20.856707297431846,21.162678024875298,5.932773280679783,21.0,0,-0.16267802487529792,21.13282149956069,20.5,21.5
3045.0,20.853722510628497,21.15969266105349,5.931229040650223,21.0,0,-0.15969266105349078,21.12983902283542,20.5,21.5
3046.0,20.850738011934503,21.15670758574105,5.929684091449239,21.0,0,-0.15670758574104937,21.126856832616635,20.5,21.5
3047.0,20.847753801150407,21.153722798737967,5.928138434253378,21.0,0,-0.15372279873796657,21.12387492870714,20.5,21.5
3048.0,20.844769878077027,21.150738299844512,5.926592070239725,21.0,0,-0.15073829984451237,21.12089331090997,20.5,21.5
3049.0,20.84178624251546,21.147754088861237,5.9250450005859,21.0,0,-0.14775408886123742,21.117911979028488,20.5,21.5
3050.0,20.838802894267076,21.14477016558895,5.923497226470068,21.0,0,-0.14477016558895173,21.114930932866095,20.5,21.5
3051.0,20.835819833133517,21.141786529828753,5.921948749070925,21.0,0,-0.14178652982875306,21.111950172226766,20.5,21.5
3052.0,20.832837058916706,21.138803181382013,5.920399569567704,21.0,0,-0.13880318138201275,21.10896969691461,20.5,21.5
3053.0,20.829854571418835,21.135820120050376,5.918849689140171,21.0,0,-0.1358201200503757,21.105989506734005,20.5,21.5
3054.0,20.82687237044238,21.132837345635757,5.91729910896863,21.0,0,-0.13283734563575678,21.103009601489568,20.5,21.5
3055.0,20.823890455790085,21.129854857940362,5.915747830233914,21.0,0,-0.12985485794036222,21.100029980986417,20.5,21.5
3056.0,20.820908827264972,21.126872656766654,5.914195854117388,21.0,0,-0.12687265676665405,21.097050645029572,20.5,21.5
3057.0,20.817927484670342,21.123890741917382,5.912643181800951,21.0,0,-0.12389074191738203,21.094071593424662,20.5,21.5
3058.0,20.81494642780977,21.12090911319557,5.911089814467031,21.0,0,-0.12090911319556952,21.091092825977444,20.5,21.5
3059.0,20.8119656564871,21.117927770404513,5.909535753298584,21.0,0,-0.11792777040451341,21.088114342493952,20.5,21.5
3060.0,20.808985170506464,21.114946713347788,5.9079809994790935,21.0,0,-0.11494671334778772,21.08513614278053,20.5,21.5
3061.0,20.80600496967226,21.111965941829247,5.906425554192575,21.0,0,-0.11196594182924713,21.08215822664384,20.5,21.5
3062.0,20.803025053789163,21.10898545565301,5.904869418623566,21.0,0,-0.10898545565300921,21.07918059389063,20.5,21.5
3063.0,20.80004542266213,21.106005254623483,5.903312593957131,21.0,0,-0.10600525462348287,21.07620324432822,20.5,21.5
3064.0,20.79706607609639,21.10302533854534,5.901755081378862,21.0,0,-0.1030253385453399,21.07322617776391,20.5,21.5
3065.0,20.794087013897446,21.100045707223536,5.900196882074871,21.0,0,-0.10004570722353634,21.0702493940055,20.5,21.5
3066.0,20.791108235871082,21.097066360463298,5.898637997231793,21.0,0,-0.0970663604632982,21.067272892860917,20.5,21.5
3067.0,20.788129741823354,21.094087298070136,5.89707842803679,21.0,0,-0.09408729807013572,21.06429667413851,20.5,21.5
3068.0,20.785151531560597,21.09110851984983,5.895518175677539,21.0,0,-0.09110851984982915,21.061320737646763,20.5,21.5
3069.0,20.782173604889422,21.088130025608432,5.893957241342242,21.0,0,-0.0881300256084323,21.058345083194464,20.5,21.5
3070.0,20.77919596161671,21.085151815152283,5.892395626219618,21.0,0,-0.0851518151522832,21.055369710590792,20.5,21.5
3071.0,20.776218601549633,21.082173888287997,5.890833331498904,21.0,0,-0.08217388828799699,21.052394619645135,20.5,21.5
3072.0,20.773241524495624,21.07919624482245,5.889270358369855,21.0,0,-0.07919624482245169,21.049419810167,20.5,21.5
3073.0,20.7702647302624,21.076218884562813,5.887706708022744,21.0,0,-0.07621888456281312,21.046445281966427,20.5,21.5
3074.0,20.767288218657953,21.07324180731652,5.88614238164836,21.0,0,-0.07324180731652064,21.043471034853596,20.5,21.5
3075.0,20.76431198949055,21.070265012891287,5.884577380438003,21.0,0,-0.07026501289128717,21.040497068638953,20.5,21.5
3076.0,20.76133604256874,21.067288501095106,5.883011705583491,21.0,0,-0.06728850109510631,21.037523383133298,20.5,21.5
3077.0,20.758360377701344,21.06431227173625,5.881445358277153,21.0,0,-0.06431227173624876,21.034549978147673,20.5,21.5
3078.0,20.755384994697458,21.061336324623262,5.879878339711831,21.0,0,-0.06133632462326233,21.031576853493398,20.5,21.5
3079.0,20.752409893366462,21.05836065956496,5.878310651080876,21.0,0,-0.05836065956496128,21.02860400898195,20.5,21.5
3080.0,20.749435073518004,21.055385276370455,5.876742293578155,21.0,0,-0.05538527637045476,21.02563144442539,20.5,21.5
3081.0,20.746460534962015,21.052410174849108,5.875173268398038,21.0,0,-0.052410174849107705,21.022659159635637,20.5,21.5
3082.0,20.7434862775087,21.04943535481058,5.873603576735405,21.0,0,-0.04943535481057992,21.019687154425302,20.5,21.5
3083.0,20.740512300968547,21.046460816064798,5.872033219785646,21.0,0,-0.04646081606479768,21.016715428606975,20.5,21.5
3084.0,20.73753860515231,21.043486558421968,5.870462198744655,21.0,0,-0.043486558421967914,21.01374398199367,20.5,21.5
3085.0,20.734565189871027,21.04051258169257,5.868890514808834,21.0,0,-0.040512581692571104,21.010772814398603,20.5,21.5
3086.0,20.731592054936016,21.037538885687372,5.867318169175089,21.0,0,-0.03753888568737196,21.00780192563538,20.5,21.5
3087.0,20.728619200158864,21.0345654702174,5.865745163040828,21.0,0,-0.03456547021740164,21.0048313155177,20.5,21.5
3088.0,20.72564662535144,21.031592335093983,5.864171497603965,21.0,0,-0.031592335093982626,21.001860983859792,20.5,21.5
3089.0,20.72267433032589,21.0286194801287,5.8625971740629135,21.0,0,-0.028619480128700303,20.998890930475877,20.5,21.5
3090.0,20.719702314894636,21.02564690513342,5.8610221936165905,21.0,0,-0.025646905133420717,20.995921155180625,20.5,21.5
3091.0,20.71673057887038,21.022674609920294,5.859446557464411,21.0,0,-0.02267460992029413,20.99295165778903,20.5,21.5
3092.0,20.713759122066097,21.01970259430174,5.857870266806293,21.0,0,-0.019702594301740817,20.989982438116208,20.5,21.5
3093.0,20.710787944295046,21.01673085809046,5.856293322842646,21.0,0,-0.01673085809046171,20.98701349597767,20.5,21.5
3094.0,20.707817045370756,21.013759401099435,5.854715726774385,21.0,0,-0.013759401099434854,20.984044831189166,20.5,21.5
3095.0,20.704846425107036,21.010788223141912,5.853137479802917,21.0,0,-0.010788223141911857,20.981076443566682,20.5,21.5
3096.0,20.701876083317973,21.00781732403143,5.851558583130145,21.0,0,-0.00781732403142854,20.978108332926595,20.5,21.5
3097.0,20.698906019817937,21.004846703581798,5.8499790379584695,21.0,0,-0.00484670358179784,20.97514049908549,20.5,21.5
3098.0,20.695936234421566,21.0018763616071,5.848398845490781,21.0,0,-0.0018763616070991418,20.972172941860112,20.5,21.5
3099.0,20.69296672694378,20.998906297921703,5.846818006930464,21.0,0,0.0010937020782968432,20.969205661067743,20.5,21.5
3100.0,20.689997497199776,20.995936512340254,5.8452365234813985,21.0,0,0.004063487659745846,20.966238656525764,20.5,21.5
3101.0,20.68702854500503,20.992967004677666,5.843654396347952,21.0,0,0.007032995322333591,20.96327192805179,20.5,21.5
3102.0,20.6840598701753,20.98999777474914,5.842071626734981,21.0,0,0.010002225250861585,20.96030547546386,20.5,21.5
3103.0,20.681091472526614,20.98702882237015,5.840488215847838,21.0,0,0.012971177629850672,20.95733929858026,20.5,21.5
3104.0,20.67812335187528,20.984060147356452,5.838904164892355,21.0,0,0.015939852643548136,20.954373397219477,20.5,21.5
3105.0,20.675155508037882,20.981091749524072,5.837319475074857,21.0,0,0.0189082504759277,20.951407771200277,20.5,21.5
3106.0,20.67218794083129,20.978123628689325,5.835734147602153,21.0,0,0.021876371310675324,20.94844242034185,20.5,21.5
3107.0,20.669220650072642,20.975155784668793,5.834148183681542,21.0,0,0.024844215331206954,20.945477344463477,20.5,21.5
3108.0,20.666253635579363,20.972188217279342,5.832561584520803,21.0,0,0.027811782720657874,20.942512543384833,20.5,21.5
3109.0,20.66328689716915,20.969220926338117,5.830974351328199,21.0,0,0.030779073661882705,20.93954801692587,20.5,21.5
3110.0,20.660320434659983,20.966253911662534,5.829386485312479,21.0,0,0.03374608833746606,20.9365837649067,20.5,21.5
3111.0,20.657354247870114,20.9632871730703,5.82779798768287,21.0,0,0.03671282692970124,20.933619787147947,20.5,21.5
3112.0,20.654388336618076,20.960320710379385,5.826208859649083,21.0,0,0.039679289620615066,20.930656083470247,20.5,21.5
3113.0,20.651422700722684,20.95735452340805,5.82461910242131,21.0,0,0.04264547659195017,20.9276926536947,20.5,21.5
3114.0,20.648457340003024,20.954388611974828,5.823028717210218,21.0,0,0.04561138802517206,20.92472949764261,20.5,21.5
3115.0,20.645492254278466,20.95142297589852,5.821437705226955,21.0,0,0.04857702410147979,20.921766615135443,20.5,21.5
3116.0,20.642527443368657,20.94845761499823,5.819846067683145,21.0,0,0.05154238500177044,20.918804005995323,20.5,21.5
3117.0,20.63956290709352,20.94549252909332,5.818253805790892,21.0,0,0.05450747090668173,20.915841670044205,20.5,21.5
3118.0,20.63659864527326,20.942527718003433,5.81666092076277,21.0,0,0.057472281996567176,20.91287960710458,20.5,21.5
3119.0,20.633634657728358,20.9395631815485,5.815067413811832,21.0,0,0.06043681845149962,20.909917816999176,20.5,21.5
3120.0,20.630670944279576,20.93659891954872,5.813473286151601,21.0,0,0.06340108045127835,20.906956299550934,20.5,21.5
3121.0,20.62770750474795,20.933634931824578,5.811878538996076,21.0,0,0.06636506817542198,20.90399505458314,20.5,21.5
3122.0,20.624744338954798,20.930671218196835,5.810283173559725,21.0,0,0.06932878180316493,20.901034081919406,20.5,21.5
3123.0,20.62178144672172,20.92770777848653,5.80868719105749,21.0,0,0.07229222151347159,20.898073381383462,20.5,21.5
3124.0,20.618818827870587,20.924744612514974,5.80709059270478,21.0,0,0.0752553874850257,20.895112952799433,20.5,21.5
3125.0,20.615856482223553,20.92178172010377,5.805493379717475,21.0,0,0.07821827989623031,20.892152795991723,20.5,21.5
3126.0,20.61289440960305,20.918819101074792,5.8038955533119205,21.0,0,0.08118089892520786,20.889192910785017,20.5,21.5
3127.0,20.60993260983179,20.915856755250193,5.802297114704932,21.0,0,0.08414324474980717,20.8862332970042,20.5,21.5
3128.0,20.606971082732766,20.9128946824524,5.80069806511379,21.0,0,0.08710531754759998,20.883273954474472,20.5,21.5
3129.0,20.604009828129243,20.90993288250413,5.79909840575624,21.0,0,0.09006711749587026,20.880314883021427,20.5,21.5
3130.0,20.60104884584477,20.906971355228375,5.797498137850493,21.0,0,0.09302864477162487,20.87735608247083,20.5,21.5
3131.0,20.59808813570317,20.9040101004484,5.795897262615221,21.0,0,0.09598989955160064,20.87439755264864,20.5,21.5
3132.0,20.59512769752855,20.901049117987753,5.794295781269561,21.0,0,0.09895088201224667,20.871439293381293,20.5,21.5
3133.0,20.5921675311453,20.89808840767026,5.792693695033112,21.0,0,0.10191159232973845,20.868481304495344,20.5,21.5
3134.0,20.589207636378077,20.895127969320026,5.79109100512593,21.0,0,0.10487203067997442,20.865523585817666,20.5,21.5
3135.0,20.586248013051826,20.89216780276144,5.789487712768534,21.0,0,0.10783219723856163,20.862566137175566,20.5,21.5
3136.0,20.58328866099177,20.889207907819156,5.787883819181903,21.0,0,0.11079209218084429,20.85960895839633,20.5,21.5
3137.0,20.580329580023406,20.88624828431813,5.7862793255874685,21.0,0,0.1137517156818717,20.856652049307854,20.5,21.5
3138.0,20.577370769972518,20.88328893208357,5.784674233207123,21.0,0,0.11671106791643027,20.853695409737984,20.5,21.5
3139.0,20.574412230665164,20.88032985094099,5.783068543263215,21.0,0,0.11967014905901152,20.850739039515176,20.5,21.5
3140.0,20.571453961927684,20.877371040716163,5.781462256978547,21.0,0,0.12262895928383699,20.84778293846791,20.5,21.5
3141.0,20.568495963586695,20.87441250123515,5.7798553755763775,21.0,0,0.1255874987648511,20.844827106425008,20.5,21.5
3142.0,20.565538235469095,20.871454232324282,5.778247900280412,21.0,0,0.12854576767571757,20.841871543215618,20.5,21.5
3143.0,20.562580777402058,20.86849623381019,5.776639832314818,21.0,0,0.13150376618980886,20.83891624866928,20.5,21.5
3144.0,20.55962358921304,20.865538505519766,5.775031172904207,21.0,0,0.13446149448023448,20.83596122261551,20.5,21.5
3145.0,20.55666667072978,20.862581047280184,5.773421923273641,21.0,0,0.1374189527198162,20.833006464884367,20.5,21.5
3146.0,20.553710021780287,20.8596238589189,5.771812084648637,21.0,0,0.14037614108109864,20.830051975306077,20.5,21.5
3147.0,20.55075364219286,20.856666940263654,5.770201658255157,21.0,0,0.1433330597363458,20.827097753711183,20.5,21.5
3148.0,20.54779753179607,20.853710291142455,5.768590645319607,21.0,0,0.14628970885754455,20.824143799930468,20.5,21.5
3149.0,20.544841690418775,20.850753911383602,5.766979047068848,21.0,0,0.14924608861639754,20.821190113795073,20.5,21.5
3150.0,20.541886117890105,20.847797800815666,5.76536686473018,21.0,0,0.15220219918433386,20.818236695136303,20.5,21.5
3151.0,20.53893081403947,20.844841959267505,5.763754099531349,21.0,0,0.15515804073249484,20.815283543785895,20.5,21.5
3152.0,20.53597577869657,20.841886386568248,5.762140752700549,21.0,0,0.1581136134317518,20.81233065957568,20.5,21.5
3153.0,20.53302101169137,20.838931082547308,5.76052682546641,21.0,0,0.1610689174526918,20.809378042337908,20.5,21.5
3154.0,20.530066512854127,20.83597604703438,5.758912319058011,21.0,0,0.16402395296562133,20.806425691905083,20.5,21.5
3155.0,20.527112282015366,20.83302127985943,5.757297234704866,21.0,0,0.1669787201405697,20.803473608109947,20.5,21.5
3156.0,20.524158319005906,20.830066780852714,5.7556815736369344,21.0,0,0.16993321914728554,20.800521790785556,20.5,21.5
3157.0,20.521204623656832,20.82711254984477,5.7540653370846115,21.0,0,0.17288745015522977,20.797570239765328,20.5,21.5
3158.0,20.518251195799518,20.8241585866664,5.752448526278731,21.0,0,0.17584141333360037,20.794618954882694,20.5,21.5
3159.0,20.515298035265612,20.821204891148696,5.750831142450567,21.0,0,0.178795108851304,20.79166793597166,20.5,21.5
3160.0,20.51234514188705,20.818251463123033,5.749213186831825,21.0,0,0.18174853687696668,20.788717182866407,20.5,21.5
3161.0,20.50939251549604,20.815298302421063,5.747594660654649,21.0,0,0.18470169757893729,20.785766695401357,20.5,21.5
3162.0,20.50644015592507,20.812345408874712,5.745975565151618,21.0,0,0.1876545911252876,20.78281647341121,20.5,21.5
3163.0,20.503488063006916,20.809392782316188,5.744355901555744,21.0,0,0.19060721768381228,20.77986651673094,20.5,21.5
3164.0,20.500536236574625,20.806440422577992,5.742735671100471,21.0,0,0.19355957742200758,20.77691682519604,20.5,21.5
3165.0,20.497584676461532,20.803488329492886,5.741114875019672,21.0,0,0.19651167050711393,20.773967398641823,20.5,21.5
3166.0,20.494633382501245,20.800536502893927,5.739493514547659,21.0,0,0.19946349710607336,20.771018236904332,20.5,21.5
3167.0,20.491682354527654,20.797584942614442,5.737871590919164,21.0,0,0.20241505738555787,20.768069339819597,20.5,21.5
3168.0,20.488731592374933,20.79463364848805,5.736249105369356,21.0,0,0.2053663515119517,20.76512070722411,20.5,21.5
3169.0,20.48578109587753,20.791682620348627,5.734626059133826,21.0,0,0.20831737965137265,20.762172338954418,20.5,21.5
3170.0,20.48283086487018,20.788731858030353,5.733002453448595,21.0,0,0.21126814196964716,20.759224234847608,20.5,21.5
3171.0,20.479880899187897,20.785781361367686,5.731378289550109,21.0,0,0.21421863863231394,20.75627639474102,20.5,21.5
3172.0,20.47693119866597,20.78283113019535,5.729753568675239,21.0,0,0.21716886980464878,20.753328818472003,20.5,21.5
3173.0,20.47398176313997,20.77988116434836,5.728128292061283,21.0,0,0.2201188356516397,20.75038150587845,20.5,21.5
3174.0,20.471032592445756,20.776931463662002,5.726502460945958,21.0,0,0.2230685363379976,20.747434456798423,20.5,21.5
3175.0,20.468083686419455,20.77398202797186,5.724876076567403,21.0,0,0.22601797202813856,20.744487671070452,20.5,21.5
3176.0,20.465135044897483,20.771032857113777,5.723249140164185,21.0,0,0.22896714288622277,20.741541148532935,20.5,21.5
3177.0,20.462186667716537,20.76808395092389,5.721621652975284,21.0,0,0.23191604907610852,20.738594889025034,20.5,21.5
3178.0,20.45923855471359,20.765135309238616,5.719993616240102,21.0,0,0.23486469076138405,20.73564889238586,20.5,21.5
3179.0,20.456290705725895,20.762186931894643,5.718365031198462,21.0,0,0.23781306810535696,20.732703158454914,20.5,21.5
3180.0,20.45334312059099,20.75923881872895,5.716735899090601,21.0,0,0.24076118127105062,20.729757687072013,20.5,21.5
3181.0,20.45039579914669,20.75629096957879,5.715106221157173,21.0,0,0.24370903042121128,20.726812478077182,20.5,21.5
3182.0,20.447448741231092,20.7533433842817,5.71347599863925,21.0,0,0.246656615718301,20.723867531310802,20.5,21.5
3183.0,20.444501946682575,20.7503960626755,5.711845232778318,21.0,0,0.24960393732450115,20.720922846613497,20.5,21.5
3184.0,20.441555415339796,20.74744900459828,5.710213924816274,21.0,0,0.25255099540171955,20.717978423826096,20.5,21.5
3185.0,20.438609147041692,20.744502209888424,5.708582075995432,21.0,0,0.25549779011157625,20.715034262789857,20.5,21.5
3186.0,20.435663141627483,20.741555678384582,5.706949687558515,21.0,0,0.25844432161541775,20.712090363346167,20.5,21.5
3187.0,20.43271739893667,20.738609409925697,5.705316760748657,21.0,0,0.26139059007430276,20.709146725336847,20.5,21.5
3188.0,20.429771918809035,20.73566340435099,5.703683296809404,21.0,0,0.26433659564900935,20.706203348603925,20.5,21.5
3189.0,20.426826701084636,20.732717661499958,5.702049296984709,21.0,0,0.267282338500042,20.70326023298963,20.5,21.5
3190.0,20.423881745603815,20.729772181212383,5.700414762518935,21.0,0,0.2702278187876175,20.700317378336628,20.5,21.5
3191.0,20.420937052207197,20.726826963328328,5.69877969465685,21.0,0,0.2731730366716718,20.697374784487785,20.5,21.5
3192.0,20.41799262073569,20.72388200768813,5.6971440946436305,21.0,0,0.27611799231187106,20.694432451286136,20.5,21.5
3193.0,20.41504845103047,20.720937314132417,5.6955079637248565,21.0,0,0.27906268586758287,20.6914903785753,20.5,21.5
3194.0,20.412104542933008,20.71799288250209,5.693871303146511,21.0,0,0.2820071174979084,20.688548566198836,20.5,21.5
3195.0,20.40916089628505,20.71504871263834,5.692234114154986,21.0,0,0.2849512873616611,20.685607014000812,20.5,21.5
3196.0,20.406217510928627,20.712104804382626,5.69059639799707,21.0,0,0.28789519561737364,20.6826657218255,20.5,21.5
3197.0,20.40327438670604,20.709161157576695,5.688958155919955,21.0,0,0.29083884242330527,20.67972468951738,20.5,21.5
3198.0,20.400331523459883,20.70621777206258,5.687319389171233,21.0,0,0.29378222793742026,20.67678391692143,20.5,21.5
3199.0,20.397388921033027,20.703274647682584,5.685680098998897,21.0,0,0.2967253523174165,20.67384340388262,20.5,21.5
3200.0,20.39444657926862,20.700331784279296,5.684040286651338,21.0,0,0.299668215720704,20.67090315024642,20.5,21.5
3201.0,20.391504498010097,20.69738918169559,5.6823999533773435,21.0,0,0.3026108183044087,20.667963155858544,20.5,21.5
3202.0,20.38856267710117,20.694446839774617,5.6807591004261,21.0,0,0.3055531602253829,20.665023420564875,20.5,21.5
3203.0,20.385621116385835,20.691504758359805,5.679117729047189,21.0,0,0.3084952416401947,20.662083944211687,20.5,21.5
3204.0,20.382679815708368,20.688562937294876,5.677475840490582,21.0,0,0.3114370627051244,20.65914472664558,20.5,21.5
3205.0,20.379738774913324,20.685621376423814,5.675833436006654,21.0,0,0.31437862357618584,20.6562057677132,20.5,21.5
3206.0,20.376797993845543,20.682680075590902,5.674190516846164,21.0,0,0.31731992440909806,20.65326706726178,20.5,21.5
3207.0,20.373857472350142,20.679739034640694,5.672547084260269,21.0,0,0.3202609653593065,20.65032862513861,20.5,21.5
3208.0,20.370917210272523,20.67679825341803,5.67090313950051,21.0,0,0.32320174658196876,20.64739044119141,20.5,21.5
3209.0,20.36797720745837,20.67385773176803,5.669258683818827,21.0,0,0.326142268231969,20.64445251526803,20.5,21.5
3210.0,20.36503746375364,20.670917469536096,5.667613718467543,21.0,0,0.32908253046390357,20.64151484721675,20.5,21.5
3211.0,20.362097979004584,20.667977466567905,5.665968244699369,21.0,0,0.3320225334320952,20.63857743688599,20.5,21.5
3212.0,20.359158753057724,20.66503772270942,5.664322263767406,21.0,0,0.3349622772905789,20.635640284124584,20.5,21.5
3213.0,20.356219785759865,20.662098237806894,5.662675776925143,21.0,0,0.3379017621931055,20.63270338878163,20.5,21.5
3214.0,20.353281076958098,20.65915901170684,5.6610287854264465,21.0,0,0.34084098829315934,20.629766750706303,20.5,21.5
3215.0,20.350342626499792,20.65622004425607,5.659381290525575,21.0,0,0.34377995574392983,20.626830369748365,20.5,21.5
3216.0,20.347404434232597,20.653281335301674,5.6577332934771665,21.0,0,0.3467186646983258,20.623894245757715,20.5,21.5
3217.0,20.344466500004447,20.650342884691018,5.656084795536243,21.0,0,0.34965711530898247,20.62095837858445,20.5,21.5
3218.0,20.341528823663555,20.647404692271756,5.654435797958208,21.0,0,0.35259530772824377,20.618022768079143,20.5,21.5
3219.0,20.338591405058413,20.644466757891816,5.6527863019988445,21.0,0,0.3555332421081836,20.615087414092418,20.5,21.5
3220.0,20.3356542440378,20.64152908139942,5.651136308914314,21.0,0,0.358470918600581,20.612152316475445,20.5,21.5
3221.0,20.332717340450777,20.63859166264306,5.649485819961159,21.0,0,0.36140833735694144,20.609217475079454,20.5,21.5
3222.0,20.32978069414668,20.635654501471503,5.647834836396299,21.0,0,0.36434549852849685,20.60628288975595,20.5,21.5
3223.0,20.326844304975133,20.63271759773382,5.64618335947703,21.0,0,0.3672824022661807,20.60334856035698,20.5,21.5
3224.0,20.323908172786034,20.629780951279344,5.644531390461022,21.0,0,0.3702190487206565,20.600414486734586,20.5,21.5
3225.0,20.32097229742957,20.6268445619577,5.642878930606323,21.0,0,0.3731554380422999,20.597480668741266,20.5,21.5
3226.0,20.318036678756204,20.623908429618783,5.6412259811713525,21.0,0,0.37609157038121666,20.594547106229616,20.5,21.5
3227.0,20.315101316616687,20.620972554112786,5.639572543414903,21.0,0,0.37902744588721404,20.591613799052812,20.5,21.5
3228.0,20.312166210862046,20.618036935290167,5.63791861859614,21.0,0,0.3819630647098329,20.58868074706398,20.5,21.5
3229.0,20.309231361343592,20.615101573001677,5.636264207974599,21.0,0,0.38489842699832266,20.58574795011678,20.5,21.5
3230.0,20.30629676791292,20.612166467098348,5.634609312810185,21.0,0,0.38783353290165223,20.582815408065052,20.5,21.5
3231.0,20.3033624304219,20.609231617431487,5.632953934363172,21.0,0,0.3907683825685133,20.579883120762876,20.5,21.5
3232.0,20.300428348722686,20.606297023852687,5.631298073894206,21.0,0,0.3937029761473134,20.576951088064686,20.5,21.5
3233.0,20.29749452266772,20.60336268621382,5.629641732664292,21.0,0,0.3966373137861794,20.57401930982516,20.5,21.5
3234.0,20.29456095210972,20.600428604367046,5.627984911934809,21.0,0,0.39957139563295385,20.5710877858993,20.5,21.5
3235.0,20.291627636901683,20.5974947781648,5.6263276129675,21.0,0,0.40250522183519877,20.568156516142352,20.5,21.5
3236.0,20.288694576896898,20.5945612074598,5.624669837024466,21.0,0,0.405438792540199,20.5652255004098,20.5,21.5
3237.0,20.285761771948923,20.59162789210505,5.623011585368176,21.0,0,0.4083721078949516,20.562294738557522,20.5,21.5
3238.0,20.28282922191161,20.588694831953827,5.621352859261464,21.0,0,0.411305168046173,20.559364230441613,20.5,21.5
3239.0,20.27989692663908,20.5857620268597,5.619693659967519,21.0,0,0.414237973140299,20.55643397591844,20.5,21.5
3240.0,20.276964885985745,20.582829476676512,5.618033988749896,21.0,0,0.41717052332348814,20.55350397484462,20.5,21.5
3241.0,20.274033099806296,20.579897181258392,5.616373846872504,21.0,0,0.4201028187416078,20.550574227077195,20.5,21.5
3242.0,20.27110156795571,20.57696514045975,5.6147132355996145,21.0,0,0.4230348595402518,20.54764473247331,20.5,21.5
3243.0,20.26817029028924,20.574033354135274,5.613052156195856,21.0,0,0.425966645864726,20.544715490890532,20.5,21.5
3244.0,20.265239266662423,20.571101822139944,5.611390609926211,21.0,0,0.4288981778600558,20.541786502186646,20.5,21.5
3245.0,20.262308496931077,20.56817054432901,5.609728598056021,21.0,0,0.4318294556709894,20.538857766219675,20.5,21.5
3246.0,20.259377980951303,20.565239520558013,5.608066121850982,21.0,0,0.43476047944198726,20.535929282848034,20.5,21.5
3247.0,20.256447718579484,20.562308750682767,5.606403182577136,21.0,0,0.4376912493172327,20.533001051930313,20.5,21.5
3248.0,20.253517709672284,20.55937823455938,5.604739781500889,21.0,0,0.44062176544062126,20.530073073325493,20.5,21.5
3249.0,20.25058795408665,20.556447972044225,5.603075919888992,21.0,0,0.443552027955775,20.527145346892688,20.5,21.5
3250.0,20.24765845167981,20.553517962993972,5.601411599008546,21.0,0,0.44648203700602807,20.52421787249144,20.5,21.5
3251.0,20.244729202309276,20.550588207265566,5.599746820127007,21.0,0,0.4494117927344341,20.521290649981506,20.5,21.5
3252.0,20.24180020583284,20.547658704716234,5.598081584512174,21.0,0,0.452341295283766,20.518363679222915,20.5,21.5
3253.0,20.238871462108573,20.54472945520349,5.596415893432197,21.0,0,0.45527054479650886,20.515436960076062,20.5,21.5
3254.0,20.235942970994838,20.54180045858513,5.5947497481555715,21.0,0,0.45819954141487074,20.51251049240151,20.5,21.5
3255.0,20.23301473235027,20.53887171471922,5.593083149951142,21.0,0,0.461128285280779,20.50958427606014,20.5,21.5
3256.0,20.23008674603379,20.535943223464123,5.591416100088093,21.0,0,0.46405677653587674,20.506658310913146,20.5,21.5
3257.0,20.2271590119046,20.533014984678477,5.589748599835958,21.0,0,0.4669850153215229,20.503732596822015,20.5,21.5
3258.0,20.224231529822188,20.5300869982212,5.588080650464608,21.0,0,0.46991300177879936,20.500807133648436,20.5,21.5
3259.0,20.221304299646317,20.527159263951496,5.586412253244261,21.0,1,0.47284073604850363,20.497881921254454,20.5,21.5
3260.0,20.238377321237035,20.52823178172885,5.5847434094454735,21.0,1,0.47176821827115134,20.53895695950237,20.5,21.5
3261.0,20.25544659445468,20.533303751413026,5.583074120339143,21.0,1,0.4666962485869739,20.5840234482548,20.5,21.5
3262.0,20.272512119959856,20.542374373024078,5.581404387196506,21.0,1,0.457625626975922,20.633080589134597,20.5,21.5
3263.0,20.289573898413302,20.555442846742302,5.579734211289136,21.0,1,0.44455715325769773,20.686127583924545,20.5,21.5
3264.0,20.306631930475877,20.572508372908214,5.578063593888944,21.0,1,0.42749162709178634,20.743163634567328,20.5,21.5
3265.0,20.32368621680856,20.58957015202252,5.5763925362681785,21.0,1,0.41042984797747906,20.760187943165594,20.5,21.5
3266.0,20.340736758072453,20.606628184746075,5.5747210396994245,21.0,1,0.39337181525392495,20.777208511981616,20.5,21.5
3267.0,20.357783554928776,20.623682471739862,5.573049105455596,21.0,1,0.3763175282601381,20.79422534167773,20.5,21.5
3268.0,20.37482660803888,20.640733013664978,5.571376734809948,21.0,1,0.3592669863350224,20.811238432916134,20.5,21.5
3269.0,20.391865918064234,20.65777981118265,5.569703929036059,21.0,1,0.3422201888173504,20.82824778635937,20.5,21.5
3270.0,20.408901485666426,20.674822864954223,5.568030689407845,21.0,1,0.3251771350457773,20.845253402669954,20.5,21.5
3271.0,20.425933311507176,20.69186217564117,5.566357017199552,21.0,1,0.3081378243588304,20.862255282510638,20.5,21.5
3272.0,20.442961396248315,20.708897743905077,5.564682913685753,21.0,1,0.29110225609492346,20.879253426544146,20.5,21.5
3273.0,20.4599857405518,20.72592957040766,5.563008380141352,21.0,1,0.2740704295923386,20.89624783543351,20.5,21.5
3274.0,20.47700634507972,20.74295765581076,5.561333417841576,21.0,1,0.2570423441892409,20.913238509841737,20.5,21.5
3275.0,20.49402321049427,20.759982000776326,5.5596580280619845,21.0,1,0.2400179992236744,20.93022545043199,20.5,21.5
3276.0,20.51103633745778,20.777002605966448,5.557982212078459,21.0,1,0.2229973940335519,20.947208657867673,20.5,21.5
3277.0,20.528045726632705,20.794019472043324,5.556305971167205,21.0,1,0.20598052795667599,20.964188132812083,20.5,21.5
3278.0,20.545051378681613,20.81103259966929,5.554629306604755,21.0,1,0.1889674003307107,20.981163875928942,20.5,21.5
3279.0,20.562053294267198,20.828041989506783,5.552952219667962,21.0,1,0.17195801049321702,20.99813588788172,20.5,21.5
3280.0,20.579051474052278,20.845047642218383,5.551274711633998,21.0,1,0.15495235778161742,21.01510416933438,20.5,21.5
3281.0,20.596045918699794,20.862049558466786,5.549596783780362,21.0,1,0.13795044153321356,21.032068720950825,20.5,21.5
3282.0,20.61303662887281,20.87904773891481,5.547918437384865,21.0,1,0.12095226108518986,21.049029543395047,20.5,21.5
3283.0,20.630023605234513,20.896042184225387,5.546239673725643,21.0,1,0.1039578157746135,21.06598663733115,20.5,21.5
3284.0,20.64700684844821,20.91303289506159,5.544560494081149,21.0,1,0.08696710493840953,21.08294000342363,20.5,21.5
3285.0,20.663986359177336,20.930019872086604,5.542880899730149,21.0,1,0.06998012791339647,21.099889642336734,20.5,21.5
3286.0,20.680962138085448,20.94700311596373,5.541200891951728,21.0,1,0.052996884036268455,21.11683555473501,20.5,21.5
3287.0,20.69793418583622,20.963982627356415,5.539520472025284,21.0,1,0.03601737264358462,21.133777741283254,20.5,21.5
3288.0,20.71490250309346,20.980958406928202,5.537839641230532,21.0,1,0.019041593071797536,21.150716202646073,20.5,21.5
3289.0,20.731867090521085,20.99793045534278,5.536158400847496,21.0,1,0.0020695446572212006,21.167650939488542,20.5,21.5
3290.0,20.748827948783152,21.014898773263944,5.534476752156514,21.0,1,-0.014898773263944065,21.184581952475597,20.5,21.5
3291.0,20.765785078543825,21.03186336135562,5.532794696438235,21.0,1,-0.031863361355618736,21.201509242272365,20.5,21.5
3292.0,20.782738480467405,21.04882422028186,5.531112234973618,21.0,1,-0.04882422028185829,21.218432809544254,20.5,21.5
3293.0,20.799688155218305,21.06578135070683,5.529429369043929,21.0,1,-0.06578135070682833,21.23535265495653,20.5,21.5
3294.0,20.81663410346107,21.082734753294822,5.527746099930746,21.0,1,-0.08273475329482238,21.252268779174763,20.5,21.5
3295.0,20.833576325860363,21.099684428710265,5.52606242891595,21.0,1,-0.0996844287102654,21.269181182864696,20.5,21.5
3296.0,20.850514823080974,21.116630377617696,5.52437835728173,21.0,1,-0.11663037761769601,21.286089866692002,20.5,21.5
3297.0,20.867449595787814,21.133572600681777,5.522693886310579,21.0,1,-0.13357260068177723,21.30299483132259,20.5,21.5
3298.0,20.88438064464592,21.1505110985673,5.521009017285297,21.0,1,-0.15051109856729994,21.319896077422527,20.5,21.5
3299.0,20.901307970320445,21.167445871939176,5.519323751488983,21.0,1,-0.16744587193917582,21.336793605657935,20.5,21.5
3300.0,20.918231573476678,21.184376921462437,5.5176380902050415,21.0,1,-0.18437692146243734,21.353687416695053,20.5,21.5
3301.0,20.935151454780023,21.20130424780225,5.515952034717177,21.0,1,-0.20130424780224843,21.37057751120036,20.5,21.5
3302.0,20.95206761489601,21.218227851623887,5.514265586309393,21.0,1,-0.2182278516238867,21.38746388984027,20.5,21.5
3303.0,20.96898005449029,21.23514773359276,5.512578746265993,21.0,1,-0.2351477335927612,21.404346553281506,20.5,21.5
3304.0,20.98588877422865,21.252063894374402,5.510891515871581,21.0,1,-0.2520638943744018,21.421225502190808,20.5,21.5
3305.0,21.002793774776976,21.26897633463446,5.509203896411055,21.0,1,-0.26897633463445914,21.438100737235033,20.5,21.5
3306.0,21.019695056801304,21.285885055038715,5.507515889169611,21.0,1,-0.2858850550387153,21.454972259081277,20.5,21.5
3307.0,21.036592620967777,21.30279005625307,5.50582749543274,21.0,1,-0.30279005625306965,21.471840068396613,20.5,21.5
3308.0,21.05348646794267,21.319691338943546,5.504138716486228,21.0,1,-0.31969133894354584,21.488704165848308,20.5,21.5
3309.0,21.07037659839238,21.336588903776292,5.5024495536161515,21.0,0,-0.3365889037762919,21.505564552103753,20.5,21.5
3310.0,21.067263012983425,21.349482751417582,5.500760008108883,21.0,0,-0.34948275141758245,21.478421227830488,20.5,21.5
3311.0,21.06414971238245,21.35837368253381,5.499070081251085,21.0,0,-0.3583736825338093,21.447282993696078,20.5,21.5
3312.0,21.061036696456224,21.3632624976315,5.49737977432971,21.0,0,-0.3632624976314993,21.4121506486084,20.5,21.5
3313.0,21.057923965071797,21.364149997057325,5.495689088632,21.0,0,-0.364149997057325,21.37302499131558,20.5,21.5
3314.0,21.05481151809651,21.36103698099815,5.493998025445486,21.0,0,-0.3610369809981506,21.329906820406407,20.5,21.5
3315.0,21.05169935539798,21.35792424948106,5.492306586057986,21.0,0,-0.3579242494810586,21.32679693431014,20.5,21.5
3316.0,21.048587476844112,21.354811802373394,5.490614771757604,21.0,0,-0.35481180237339416,21.32368733129675,20.5,21.5
3317.0,21.045475882303094,21.35169963954277,5.488922583832734,21.0,0,-0.35169963954276895,21.320578011236517,20.5,21.5
3318.0,21.0423645716434,21.348587760857093,5.487230023572046,21.0,0,-0.3485877608570931,21.317468974000334,20.5,21.5
3319.0,21.039253544733786,21.34547616618455,5.485537092264499,21.0,0,-0.34547616618455024,21.31436021945912,20.5,21.5
3320.0,21.03614280144329,21.342364855393612,5.483843791199336,21.0,0,-0.34236485539361183,21.311251747484228,20.5,21.5
3321.0,21.033032341641242,21.339253828353034,5.482150121666077,21.0,0,-0.3392538283530335,21.30814355794725,20.5,21.5
3322.0,21.029922165197245,21.336143084931862,5.480456084954528,21.0,0,-0.3361430849318623,21.30503565072015,20.5,21.5
3323.0,21.026812271981196,21.333032624999426,5.478761682354769,21.0,0,-0.33303262499942576,21.30192802567506,20.5,21.5
3324.0,21.023702661863272,21.32992244842532,5.477066915157162,21.0,0,-0.3299224484253216,21.29882068268428,20.5,21.5
3325.0,21.02059333471393,21.32681255507945,5.475371784652347,21.0,0,-0.3268125550794494,21.295713621620727,20.5,21.5
3326.0,21.017484290403917,21.323702944831986,5.473676292131238,21.0,0,-0.3237029448319859,21.29260684235735,20.5,21.5
3327.0,21.014375528804262,21.320593617553392,5.471980438885026,21.0,0,-0.3205936175533921,21.289500344767454,20.5,21.5
3328.0,21.011267049786277,21.317484573114406,5.47028422620518,21.0,0,-0.31748457311440603,21.286394128724545,20.5,21.5
3329.0,21.00815885322156,21.314375811386064,5.468587655383438,21.0,0,-0.3143758113860642,21.283288194102646,20.5,21.5
3330.0,21.00505093898199,21.311267332239677,5.466890727711811,21.0,0,-0.3112673322396766,21.2801825407758,20.5,21.5
3331.0,21.001943306939737,21.308159135546838,5.465193444482585,21.0,0,-0.3081591355468376,21.277077168618447,20.5,21.5
3332.0,20.998835956967245,21.305051221179436,5.463495806988314,21.0,0,-0.3050512211794363,21.273972077505423,20.5,21.5
3333.0,20.99572888893725,21.301943589009632,5.461797816521824,21.0,0,-0.3019435890096318,21.270867267311587,20.5,21.5
3334.0,20.992622102722766,21.29883623890987,5.460099474376209,21.0,0,-0.2988362389098711,21.267762737912264,20.5,21.5
3335.0,20.989515598197098,21.295729170752892,5.458400781844829,21.0,0,-0.2957291707528924,21.264658489183105,20.5,21.5
3336.0,20.986409375233826,21.29262238441171,5.456701740221312,21.0,0,-0.29262238441171107,21.261554520999898,20.5,21.5
3337.0,20.983303433706823,21.289515879759627,5.455002350799552,21.0,0,-0.28951587975962667,21.258450833238783,20.5,21.5
3338.0,20.980197773490243,21.286409656670223,5.45330261487371,21.0,0,-0.286409656670223,21.255347425776186,20.5,21.5
3339.0,20.97709239445852,21.283303715017375,5.451602533738207,21.0,0,-0.28330371501737517,21.252244298488897,20.5,21.5
3340.0,20.973987296486374,21.280198054675232,5.449902108687731,21.0,0,-0.28019805467523184,21.2491414512538,20.5,21.5
3341.0,20.970882479448814,21.27709267551823,5.448201341017226,21.0,0,-0.27709267551822947,21.246038883948206,20.5,21.5
3342.0,20.96777794322113,21.273987577421092,5.4465002320219025,21.0,0,-0.27398757742109225,21.24293659644972,20.5,21.5
3343.0,20.96467368767889,21.27088276025882,5.44479878299723,21.0,0,-0.2708827602588215,21.239834588636114,20.5,21.5
3344.0,20.96156971269795,21.26777822390671,5.4430969952389345,21.0,0,-0.2677782239067099,21.236732860385594,20.5,21.5
3345.0,20.95846601815446,21.264673968240327,5.441394870043003,21.0,0,-0.2646739682403272,21.2336314115765,20.5,21.5
3346.0,20.95536260392484,21.26156999313553,5.4396924087056755,21.0,0,-0.26156999313553086,21.230530242087568,20.5,21.5
3347.0,20.952259469885796,21.258466298468466,5.4379896125234515,21.0,0,-0.25846629846846625,21.22742935179782,20.5,21.5
3348.0,20.949156615914323,21.255362884115552,5.4362864827930855,21.0,0,-0.2553628841155522,21.22432874058641,20.5,21.5
3349.0,20.9460540418877,21.252259749953502,5.434583020811583,21.0,0,-0.2522597499535024,21.221228408333005,20.5,21.5
3350.0,20.942951747683484,21.249156895859308,5.432879227876206,21.0,0,-0.24915689585930778,21.21812835491736,20.5,21.5
3351.0,20.93984973317952,21.246054321710247,5.431175105284466,21.0,0,-0.24605432171024688,21.215028580219638,20.5,21.5
3352.0,20.936747998253942,21.242952027383875,5.429470654334127,21.0,0,-0.24295202738387545,21.21192908412016,20.5,21.5
3353.0,20.93364654278516,21.23985001275804,5.4277658763232015,21.0,0,-0.23985001275804052,21.20882986649969,20.5,21.5
3354.0,20.930545366651867,21.236748277710873,5.4260607725499534,21.0,0,-0.23674827771087337,21.205730927239202,20.5,21.5
3355.0,20.927444469733047,21.233646822120782,5.424355344312892,21.0,0,-0.23364682212078236,21.202632266219872,20.5,21.5
3356.0,20.924343851907963,21.23054564586647,5.422649592910778,21.0,0,-0.23054564586647075,21.199533883323355,20.5,21.5
3357.0,20.921243513056165,21.227444748826915,5.420943519642612,21.0,0,-0.22744474882691534,21.19643577843136,20.5,21.5
3358.0,20.918143453057482,21.224344130881377,5.419237125807644,21.0,0,-0.22434413088137717,21.193337951425995,20.5,21.5
3359.0,20.91504367179203,21.22124379190941,5.417530412705367,21.0,0,-0.22124379190940857,21.190240402189723,20.5,21.5
3360.0,20.911944169140213,21.218143731790843,5.415823381635518,21.0,0,-0.21814373179084257,21.187143130605183,20.5,21.5
3361.0,20.90884494498271,21.215043950405793,5.414116033898076,21.0,0,-0.21504395040579283,21.184046136555295,20.5,21.5
3362.0,20.905745999200494,21.21194444763466,5.412408370793259,21.0,0,-0.2119444476346608,21.18094941992334,20.5,21.5
3363.0,20.902647331674814,21.20884522335813,5.410700393621528,21.0,0,-0.2088452233581286,21.177852980592807,20.5,21.5
3364.0,20.899548942287204,21.205746277457163,5.408992103683581,21.0,0,-0.20574627745716256,21.174756818447502,20.5,21.5
3365.0,20.896450830919484,21.20264760981302,5.407283502280355,21.0,0,-0.20264760981302032,21.171660933371598,20.5,21.5
3366.0,20.893352997453757,21.199549220307226,5.405574590713025,21.0,0,-0.199549220307226,21.168565325249283,20.5,21.5
3367.0,20.89025544177241,21.196451108821613,5.403865370283002,21.0,0,-0.19645110882161276,21.16546999396548,20.5,21.5
3368.0,20.887158163758112,21.193353275238273,5.40215584229193,21.0,0,-0.19335327523827317,21.162374939404877,20.5,21.5
3369.0,20.88406116329382,21.190255719439595,5.40044600804169,21.0,0,-0.19025571943959463,21.15928016145281,20.5,21.5
3370.0,20.88096444026277,21.18715844130825,5.398735868834395,21.0,0,-0.18715844130824877,21.15618565999479,20.5,21.5
3371.0,20.877867994548485,21.1840614407272,5.39702542597239,21.0,0,-0.18406144072719854,21.153091434916696,20.5,21.5
3372.0,20.87477182603477,21.18096471757967,5.3953146807582515,21.0,0,-0.1809647175796698,21.149997486104382,20.5,21.5
3373.0,20.871675934605715,21.17786827174919,5.393603634494789,21.0,0,-0.1778682717491904,21.146903813444396,20.5,21.5
3374.0,20.868580320145693,21.174772103119565,5.391892288485036,21.0,0,-0.17477210311956526,21.143810416823314,20.5,21.5
3375.0,20.86548498253936,21.171676211574884,5.390180644032256,21.0,0,-0.17167621157488355,21.140717296128066,20.5,21.5
3376.0,20.86238992167166,21.168580596999515,5.388468702439944,21.0,0,-0.1685805969995151,21.13762445124583,20.5,21.5
3377.0,20.859295137427814,21.165485259278125,5.386756465011816,21.0,0,-0.16548525927812463,21.13453188206422,20.5,21.5
3378.0,20.85620062969333,21.162390198295647,5.385043933051816,21.0,0,-0.16239019829564683,21.13143958847087,20.5,21.5
3379.0,20.853106398354,21.159295413937308,5.38333110786411,21.0,0,-0.15929541393730773,21.128347570353917,20.5,21.5
3380.0,20.850012443295903,21.156200906088618,5.38161799075309,21.0,0,-0.15620090608861759,21.125255827601716,20.5,21.5
3381.0,20.846918764405395,21.153106674635364,5.37990458302337,21.0,0,-0.15310667463536376,21.122164360102825,20.5,21.5
3382.0,20.843825361569117,21.150012719463625,5.378190885979782,21.0,0,-0.15001271946362493,21.119073167746237,20.5,21.5
3383.0,20.840732234674,21.146919040459757,5.3764769009273845,21.0,0,-0.1469190404597569,21.115982250421077,20.5,21.5
3384.0,20.83763938360725,21.14382563751041,5.37476262917145,21.0,0,-0.14382563751041033,21.112891608016945,20.5,21.5
3385.0,20.834546808256363,21.1407325105025,5.373048072017469,21.0,0,-0.1407325105024988,21.109801240423383,20.5,21.5
3386.0,20.831454508509115,21.13763965932324,5.371333230771154,21.0,0,-0.1376396593232414,21.106711147530667,20.5,21.5
3387.0,20.828362484253567,21.134547083860134,5.369618106738431,21.0,0,-0.13454708386013436,21.103621329229064,20.5,21.5
3388.0,20.825270735378066,21.131454784000944,5.367902701225439,21.0,0,-0.1314547840009439,21.10053178540904,20.5,21.5
3389.0,20.822179261771236,21.12836275963374,5.366187015538539,21.0,0,-0.12836275963374177,21.09744251596172,20.5,21.5
3390.0,20.81908806332199,21.12527101064687,5.364471050984296,21.0,0,-0.12527101064686974,21.09435352077815,20.5,21.5
3391.0,20.81599713991952,21.12217953692895,5.362754808869492,21.0,0,-0.12217953692895023,21.091264799749755,20.5,21.5
3392.0,20.81290649145331,21.1190883383689,5.36103829050112,21.0,0,-0.11908833836890054,21.088176352768404,20.5,21.5
3393.0,20.80981611781312,21.11599741485591,5.359321497186385,21.0,0,-0.11599741485591153,21.08508817972602,20.5,21.5
3394.0,20.806726018888995,21.112906766279462,5.3576044302326995,21.0,0,-0.11290676627946183,21.082000280514965,20.5,21.5
3395.0,20.803636194571265,21.109816392529318,5.355887090947684,21.0,0,-0.10981639252931785,21.078912655027878,20.5,21.5
3396.0,20.80054664475054,21.106726293495523,5.354169480639166,21.0,0,-0.1067262934955231,21.075825303157576,20.5,21.5
3397.0,20.79745736931772,21.103636469068405,5.352451600615184,21.0,0,-0.10363646906840529,21.072738224797227,20.5,21.5
3398.0,20.79436836816398,21.100546919138576,5.350733452183974,21.0,0,-0.10054691913857638,21.069651419840287,20.5,21.5
3399.0,20.791279641180783,21.097457643596936,5.3490150366539835,21.0,0,-0.0974576435969361,21.066564888180533,20.5,21.5
3400.0,20.788191188259876,21.09436864233466,5.347296355333861,21.0,0,-0.09436864233466125,21.063478629711913,20.5,21.5
3401.0,20.78510300929329,21.091279915243213,5.3455774095324555,21.0,0,-0.09127991524321288,21.06039264432873,20.5,21.5
3402.0,20.78201510417334,21.088191462214333,5.343858200558819,21.0,0,-0.08819146221433272,21.05730693192553,20.5,21.5
3403.0,20.778927472792617,21.08510328314006,5.342138729722206,21.0,0,-0.08510328314006088,21.054221492397343,20.5,21.5
3404.0,20.775840115044,21.082015377912704,5.340418998332066,21.0,0,-0.08201537791270397,21.051136325639135,20.5,21.5
3405.0,20.77275303082066,21.078927746424863,5.3386990076980485,21.0,0,-0.07892774642486344,21.048051431546458,20.5,21.5
3406.0,20.769666220016035,21.07584038856941,5.336978759130005,21.0,0,-0.07584038856941078,21.044966810014884,20.5,21.5
3407.0,20.766579682523858,21.07275330423952,5.335258253937978,21.0,0,-0.07275330423951942,21.041882460940606,20.5,21.5
3408.0,20.76349341823814,21.069666493328622,5.333537493432204,21.0,0,-0.06966649332862218,21.03879838421965,20.5,21.5
3409.0,20.76040742705318,21.066579955730457,5.3318164789231215,21.0,0,-0.06657995573045739,21.03571457974881,20.5,21.5
3410.0,20.757321708863554,21.063493691339037,5.330095211721355,21.0,0,-0.06349369133903693,21.032631047424832,20.5,21.5
3411.0,20.754236263564124,21.060407700048653,5.328373693137727,21.0,0,-0.06040770004865337,21.029547787144818,20.5,21.5
3412.0,20.751151091050037,21.057321981753887,5.326651924483245,21.0,0,-0.05732198175388703,21.026464798806224,20.5,21.5
3413.0,20.748066191216722,21.054236536349602,5.324929907069113,21.0,0,-0.05423653634960246,21.023382082306757,20.5,21.5
3414.0,20.744981563959893,21.051151363730945,5.3232076422067225,21.0,0,-0.051151363730944865,21.02029963754437,20.5,21.5
3415.0,20.741897209175544,21.048066463793344,5.321485131207652,21.0,0,-0.04806646379334367,21.01721746441733,20.5,21.5
3416.0,20.73881312675995,21.04498183643251,5.31976237538367,21.0,0,-0.04498183643250897,21.014135562824162,20.5,21.5
3417.0,20.735729316609675,21.041897481544435,5.3180393760467295,21.0,0,-0.04189748154443507,21.011053932663696,20.5,21.5
3418.0,20.732645778621563,21.038813399025408,5.316316134508967,21.0,0,-0.03881339902540759,21.007972573835133,20.5,21.5
3419.0,20.72956251269274,21.035729588771975,5.314592652082709,21.0,0,-0.035729588771975074,21.00489148623765,20.5,21.5
3420.0,20.72647951872062,21.032646050680988,5.312868930080462,21.0,0,-0.032646050680988026,21.001810669771118,20.5,21.5
3421.0,20.72339679660289,21.029562784649578,5.311144969814913,21.0,0,-0.029562784649577623,20.998730124335474,20.5,21.5
3422.0,20.720314346237533,21.026479790575152,5.309420772598937,21.0,0,-0.02647979057515215,20.995649849830897,20.5,21.5
3423.0,20.717232167522805,21.0233970683554,5.307696339745581,21.0,0,-0.023397068355400563,20.992569846157885,20.5,21.5
3424.0,20.71415026035725,21.0203146178883,5.305971672568077,21.0,0,-0.02031461788829958,20.98949011321729,20.5,21.5
3425.0,20.711068624639694,21.017232439072114,5.304246772379833,21.0,0,-0.017232439072113692,20.986410650910255,20.5,21.5
3426.0,20.707987260269242,21.014150531805385,5.302521640494438,21.0,0,-0.014150531805384503,20.983331459138093,20.5,21.5
3427.0,20.704906167145285,21.01106889598693,5.300796278225654,21.0,0,-0.011068895986930727,20.980252537802393,20.5,21.5
3428.0,20.701825345167503,21.007987531515873,5.299070686887419,21.0,0,-0.007987531515873059,20.977173886805296,20.5,21.5
3429.0,20.698744794235846,21.00490643829159,5.297344867793846,21.0,0,-0.004906438291591542,20.974095506048776,20.5,21.5
3430.0,20.69566451425056,21.001825616213765,5.295618822259222,21.0,0,-0.001825616213764647,20.971017395435496,20.5,21.5
3431.0,20.692584505112162,20.998745065182348,5.293892551598003,21.0,0,0.0012549348176520425,20.96793955486818,20.5,21.5
3432.0,20.68950476672146,20.99566478509758,5.292166057124823,21.0,0,0.004335214902418727,20.964861984249914,20.5,21.5
3433.0,20.68642529897954,20.99258477585999,5.290439340154482,21.0,0,0.007415224140011389,20.961784683484062,20.5,21.5
3434.0,20.683346101787773,20.98950503737037,5.288712402001948,21.0,0,0.010494962629628901,20.958707652474196,20.5,21.5
3435.0,20.680267175047817,20.98642556952982,5.286985243982358,21.0,0,0.013574430470178811,20.955630891124322,20.5,21.5
3436.0,20.677188518661605,20.983346372239712,5.2852578674110235,21.0,0,0.016653627760288003,20.95255439933862,20.5,21.5
3437.0,20.674110132531354,20.980267445401687,5.2835302736034135,21.0,0,0.019732554598313357,20.949478177021433,20.5,21.5
3438.0,20.67103201655957,20.977188788917694,5.281802463875165,21.0,0,0.022811211082306215,20.946402224077765,20.5,21.5
3439.0,20.667954170649033,20.97411040268995,5.2800744395420836,21.0,0,0.02588959731005147,20.943326540412496,20.5,21.5
3440.0,20.66487659470281,20.971032286620947,5.278346201920131,21.0,0,0.02896771337905335,20.940251125930928,20.5,21.5
3441.0,20.661799288624255,20.96795444061348,5.276617752325437,21.0,0,0.032045559386521205,20.9371759805388,20.5,21.5
3442.0,20.658722252316995,20.96487686457061,5.274889092074293,21.0,0,0.03512313542939083,20.934101104141913,20.5,21.5
3443.0,20.655645485684946,20.961799558395683,5.273160222483147,21.0,0,0.03820044160431735,20.931026496646417,20.5,21.5
3444.0,20.652568988632307,20.958722521992335,5.27143114486861,21.0,0,0.04127747800766457,20.927952157958863,20.5,21.5
3445.0,20.649492761063556,20.955645755264484,5.269701860547446,21.0,0,0.044354244735515636,20.924878087985974,20.5,21.5
3446.0,20.64641680288345,20.952569258116323,5.267972370836585,21.0,0,0.047430741883676575,20.921804286634714,20.5,21.5
3447.0,20.643341113997042,20.949493030452334,5.266242677053105,21.0,0,0.05050696954766565,20.918730753812444,20.5,21.5
3448.0,20.640265694309655,20.946417072177276,5.264512780514244,21.0,0,0.053582927822724,20.915657489426692,20.5,21.5
3449.0,20.637190543726895,20.94334138319619,5.262782682537396,21.0,0,0.05665861680380857,20.912584493385346,20.5,21.5
3450.0,20.634115662154656,20.94026596341441,5.261052384440104,21.0,0,0.05973403658558851,20.909511765596612,20.5,21.5
3451.0,20.631041049499114,20.937190812737548,5.259321887540064,21.0,0,0.06280918726245233,20.90643930596891,20.5,21.5
3452.0,20.627966705666722,20.93411593107148,5.257591193155125,21.0,0,0.0658840689285185,20.90336711441082,20.5,21.5
3453.0,20.62489263056422,20.931041318322393,5.255860302603288,21.0,0,0.0689586816776071,20.900295190831507,20.5,21.5
3454.0,20.621818824098625,20.92796697439674,5.2541292172027,21.0,0,0.07203302560326108,20.8972235351402,20.5,21.5
3455.0,20.618745286177244,20.924892899201257,5.25239793827166,21.0,0,0.07510710079874272,20.89415214724644,20.5,21.5
3456.0,20.615672016707663,20.921819092642966,5.250666467128609,21.0,0,0.07818090735703365,20.891081027060057,20.5,21.5
3457.0,20.61259901559775,20.918745554629172,5.248934805092139,21.0,0,0.08125444537082771,20.88801017449123,20.5,21.5
3458.0,20.60952628275565,20.91567228506746,5.247202953480985,21.0,0,0.08432771493254165,20.88493958945032,20.5,21.5
3459.0,20.606453818089793,20.912599283865692,5.24547091361403,21.0,0,0.087400716134308,20.88186927184803,20.5,21.5
3460.0,20.6033816215089,20.90952655093202,5.243738686810295,21.0,0,0.0904734490679786,20.878799221595315,20.5,21.5
3461.0,20.600309692921957,20.906454086174882,5.242006274388948,21.0,0,0.09354591382511757,20.875729438603493,20.5,21.5
3462.0,20.597238032238252,20.903381889502985,5.240273677669294,21.0,0,0.09661811049701541,20.872659922784006,20.5,21.5
3463.0,20.594166639367337,20.90030996082532,5.2385408979707835,21.0,0,0.09969003917467845,20.86959067404869,20.5,21.5
3464.0,20.59109551421906,20.897238300051175,5.236807936613001,21.0,0,0.10276169994882522,20.866521692309707,20.5,21.5
3465.0,20.58802465670354,20.894166907090103,5.2350747949156755,21.0,0,0.10583309290989718,20.863452977479383,20.5,21.5
3466.0,20.584954066731182,20.89109578185195,5.233341474198667,21.0,0,0.10890421814805151,20.860384529470405,20.5,21.5
3467.0,20.581883744212675,20.88802492424683,5.231607975781975,21.0,0,0.11197507575316834,20.857316348195663,20.5,21.5
3468.0,20.57881368905899,20.88495433418516,5.229874300985733,21.0,0,0.11504566581483999,20.854248433568443,20.5,21.5
3469.0,20.575743901181376,20.881884011577625,5.228140451130212,21.0,0,0.11811598842237458,20.85118078550228,20.5,21.5
3470.0,20.572674380491364,20.87881395633519,5.226406427535814,21.0,0,0.12118604366481023,20.848113403910833,20.5,21.5
3471.0,20.569605126900772,20.875744168369106,5.224672231523071,21.0,0,0.12425583163089371,20.84504628870827,20.5,21.5
3472.0,20.566536140321695,20.872674647590912,5.222937864412652,21.0,0,0.1273253524090876,20.841979439808973,20.5,21.5
3473.0,20.563467420666512,20.869605393912416,5.22120332752535,21.0,0,0.13039460608758446,20.838912857127447,20.5,21.5
3474.0,20.560398967847885,20.866536407245718,5.219468622182091,21.0,0,0.133463592754282,20.835846540578743,20.5,21.5
3475.0,20.557330781778752,20.863467687503196,5.217733749703929,21.0,0,0.1365323124968043,20.832780490077973,20.5,21.5
3476.0,20.554262862372337,20.86039923459751,5.215998711412046,21.0,0,0.13960076540249133,20.82971470554064,20.5,21.5
3477.0,20.551195209542144,20.857331048441598,5.214263508627749,21.0,0,0.1426689515584023,20.826649186882488,20.5,21.5
3478.0,20.54812782320196,20.854263128948688,5.212528142672467,21.0,0,0.14573687105131228,20.823583934019588,20.5,21.5
3479.0,20.545060703265854,20.85119547603228,5.21079261486776,21.0,0,0.14880452396771915,20.820518946868212,20.5,21.5
3480.0,20.541993849648176,20.848128089606167,5.2090569265353075,21.0,0,0.15187191039383308,20.817454225345028,20.5,21.5
3481.0,20.538927262263552,20.84506096958441,5.207321078996911,21.0,0,0.15493903041559065,20.814389769366834,20.5,21.5
3482.0,20.5358609410269,20.841994115881363,5.205585073574493,21.0,0,0.15800588411863714,20.811325578850898,20.5,21.5
3483.0,20.53279488585341,20.838927528411652,5.203848911590101,21.0,0,0.1610724715883478,20.808261653714546,20.5,21.5
3484.0,20.529729096658556,20.835861207090193,5.202112594365893,21.0,0,0.1641387929098066,20.805197993875606,20.5,21.5
3485.0,20.526663573358096,20.83279515183218,5.200376123224153,21.0,0,0.16720484816782033,20.802134599252042,20.5,21.5
3486.0,20.52359831586807,20.82972936255308,5.198639499487278,21.0,0,0.17027063744691873,20.799071469762097,20.5,21.5
3487.0,20.520533324104793,20.826663839168656,5.196902724477783,21.0,0,0.17333616083134373,20.796008605324406,20.5,21.5
3488.0,20.517468597984866,20.82359858159495,5.1951657995183,21.0,0,0.17640141840504953,20.792946005857893,20.5,21.5
3489.0,20.514404137425174,20.820533589748273,5.193428725931569,21.0,0,0.17946641025172738,20.789883671281494,20.5,21.5
3490.0,20.511339942342875,20.81746886354523,5.191691505040449,21.0,0,0.18253113645477015,20.786821601514802,20.5,21.5
3491.0,20.508276012655415,20.8144044029027,5.189954138167908,21.0,0,0.18559559709730067,20.783759796477394,20.5,21.5
3492.0,20.505212348280516,20.811340207737846,5.188216626637029,21.0,0,0.188659792262154,20.780698256089313,20.5,21.5
3493.0,20.50214894913619,20.80827627796811,5.186478971771001,21.0,0,0.1917237220318917,20.77763698027073,20.5,21.5
3494.0,20.499085815140717,20.805212613511216,5.184741174893124,21.0,0,0.1947873864887839,20.774575968942294,20.5,21.5
3495.0,20.496022946212666,20.802149214285173,5.183003237326806,21.0,0,0.19785078571482728,20.77151522202474,20.5,21.5
3496.0,20.492960342270887,20.79908608020827,5.181265160395561,21.0,0,0.20091391979173068,20.768454739439235,20.5,21.5
3497.0,20.48989800323451,20.796023211199067,5.179526945423011,21.0,0,0.20397678880093295,20.765394521107044,20.5,21.5
3498.0,20.48683592902295,20.792960607176422,5.177788593732883,21.0,0,0.20703939282357808,20.76233456694997,20.5,21.5
3499.0,20.48377411955589,20.789898268059456,5.176050106649008,21.0,0,0.2101017319405436,20.7592748768898,20.5,21.5
3500.0,20.48071257475331,20.786836193767584,5.174311485495317,21.0,0,0.2131638062324157,20.756215450848863,20.5,21.5
3501.0,20.477651294535455,20.7837743842205,5.172572731595847,21.0,0,0.21622561577949995,20.753156288749658,20.5,21.5
3502.0,20.474590278822866,20.78071283933817,5.170833846274736,21.0,0,0.2192871606618283,20.750097390514888,20.5,21.5
3503.0,20.471529527536358,20.77765155904085,5.169094830856218,21.0,0,0.22234844095914852,20.74703875606765,20.5,21.5
3504.0,20.46846904059702,20.77459054324908,5.167355686664631,21.0,0,0.2254094567509206,20.74398038533136,20.5,21.5
3505.0,20.465408817926235,20.771529791883662,5.1656164150244095,21.0,0,0.2284702081163381,20.740922278229487,20.5,21.5
3506.0,20.462348859445655,20.7684693048657,5.1638770172600825,21.0,0,0.2315306951342997,20.737864434686085,20.5,21.5
3507.0,20.459289165077216,20.76540908211657,5.162137494696277,21.0,0,0.23459091788343045,20.734806854625262,20.5,21.5
3508.0,20.45622973474314,20.76234912355793,5.160397848657718,21.0,0,0.23765087644207128,20.73174953797152,20.5,21.5
3509.0,20.453170568365923,20.759289429111707,5.158658080469219,21.0,0,0.24071057088829306,20.72869248464949,20.5,21.5
3510.0,20.450111665868345,20.756229998700128,5.156918191455691,21.0,0,0.2437700012998718,20.72563569458434,20.5,21.5
3511.0,20.447053027173464,20.75317083224569,5.155178182942132,21.0,0,0.24682916775430996,20.72257916770131,20.5,21.5
3512.0,20.44399465220462,20.75011192967117,5.153438056253638,21.0,0,0.24988807032882931,20.719522903925977,20.5,21.5
3513.0,20.440936540885428,20.747053290899625,5.151697812715389,21.0,0,0.25294670910037453,20.716466903184173,20.5,21.5
3514.0,20.437878693139794,20.743994915854397,5.149957453652656,21.0,0,0.2560050841456025,20.713411165402118,20.5,21.5
3515.0,20.434821108891896,20.740936804459107,5.1482169803907984,21.0,0,0.2590631955408931,20.7103556905062,20.5,21.5
3516.0,20.431763788066196,20.73787895663765,5.146476394255265,21.0,0,0.26212104336234887,20.707300478423093,20.5,21.5
3517.0,20.428706730587432,20.734821372314215,5.1447356965715825,21.0,0,0.2651786276857848,20.704245529079856,20.5,21.5
3518.0,20.42564993638063,20.731764051413258,5.142994888665372,21.0,0,0.26823594858674227,20.701190842403683,20.5,21.5
3519.0,20.422593405371085,20.728706993859515,5.141253971862334,21.0,0,0.27129300614048546,20.698136418322083,20.5,21.5
3520.0,20.419537137484383,20.725650199578013,5.13951294748825,21.0,0,0.2743498004219873,20.695082256762994,20.5,21.5
3521.0,20.416481132646386,20.72259366849405,5.13777181686899,21.0,0,0.27740633150595073,20.692028357654415,20.5,21.5
3522.0,20.41342539078323,20.71953740053321,5.136030581330497,21.0,0,0.28046259946679086,20.688974720924808,20.5,21.5
3523.0,20.41036991182134,20.71648139562135,5.134289242198799,21.0,0,0.2835186043786493,20.685921346502766,20.5,21.5
3524.0,20.40731469568742,20.713425653684617,5.1325478008,21.0,0,0.28657434631538337,20.682868234317276,20.5,21.5
3525.0,20.40425974230844,20.71037017464943,5.130806258460286,21.0,0,0.2896298253505698,20.679815384297566,20.5,21.5
3526.0,20.401205051611672,20.70731495844249,5.129064616505916,21.0,0,0.29268504155751174,20.67676279637307,20.5,21.5
3527.0,20.39815062352465,20.704260004990772,5.127322876263226,21.0,0,0.2957399950092281,20.67371047047361,20.5,21.5
3528.0,20.395096457975196,20.701205314221543,5.125581039058627,21.0,0,0.29879468577845714,20.670658406529252,20.5,21.5
3529.0,20.39204255489141,20.698150886062344,5.123839106218604,21.0,0,0.30184911393765645,20.66760660447035,20.5,21.5
3530.0,20.388988914201676,20.69509672044099,5.122097079069714,21.0,0,0.3049032795590101,20.664555064227454,20.5,21.5
3531.0,20.385935535834648,20.692042817285586,5.120354958938587,21.0,0,0.3079571827144143,20.661503785731544,20.5,21.5
3532.0,20.38288241971927,20.688989176524508,5.118612747151924,21.0,0,0.3110108234754918,20.658452768913733,20.5,21.5
3533.0,20.379829565784757,20.685935798086422,5.116870445036493,21.0,0,0.31406420191357753,20.655402013705565,20.5,21.5
3534.0,20.376776973960606,20.68288268190026,5.115128053919134,21.0,0,0.31711731809974,20.652351520038636,20.5,21.5
3535.0,20.373724644176598,20.679829827895247,5.113385575126755,21.0,0,0.32017017210475274,20.64930128784512,20.5,21.5
3536.0,20.370672576362786,20.676777236000877,5.111643009986328,21.0,0,0.323222763999123,20.646251317057175,20.5,21.5
3537.0,20.36762077044951,20.673724906146923,5.109900359824891,21.0,0,0.3262750938530772,20.64320160760738,20.5,21.5
3538.0,20.364569226367383,20.67067283826345,5.108157625969551,21.0,0,0.3293271617365505,20.640152159428716,20.5,21.5
3539.0,20.361517944047304,20.66762103228079,5.1064148097474735,21.0,0,0.3323789677192117,20.637102972454176,20.5,21.5
3540.0,20.358466923420444,20.66456948812956,5.1046719124858875,21.0,0,0.3354305118704417,20.63405404661726,20.5,21.5
3541.0,20.35541616441826,20.661518205740652,5.102928935512089,21.0,0,0.3384817942593479,20.63100538185159,20.5,21.5
3542.0,20.352365666972478,20.658467185045247,5.101185880153427,21.0,0,0.3415328149547534,20.62795697809119,20.5,21.5
3543.0,20.349315431015114,20.655416425974796,5.099442747737316,21.0,0,0.34458357402520434,20.624908835270286,20.5,21.5
3544.0,20.34626545647846,20.652365928461027,5.097699539591227,21.0,0,0.3476340715389732,20.62186095332334,20.5,21.5
3545.0,20.343215743295083,20.649315692435955,5.095956257042689,21.0,0,0.3506843075640447,20.61881333218524,20.5,21.5
3546.0,20.340166291397832,20.64626571783187,5.094212901419285,21.0,0,0.35373428216812997,20.615765971791017,20.5,21.5
3547.0,20.337117100719837,20.64321600458134,5.092469474048659,21.0,0,0.35678399541865957,20.612718872076044,20.5,21.5
3548.0,20.334068171194502,20.64016655261722,5.090725976258508,21.0,0,0.3598334473827798,20.609672032976018,20.5,21.5
3549.0,20.331019502755517,20.637117361872633,5.0889824093765785,21.0,0,0.3628826381273669,20.606625454426762,20.5,21.5
3550.0,20.327971095336842,20.634068432280984,5.087238774730672,21.0,0,0.36593156771901647,20.603579136364488,20.5,21.5
3551.0,20.32492294887272,20.63101976377596,5.085495073648644,21.0,0,0.36898023622403997,20.600533078725725,20.5,21.5
3552.0,20.32187506329768,20.627971356291532,5.0837513074583995,21.0,0,0.3720286437084681,20.59748728144725,20.5,21.5
3553.0,20.31882743854651,20.624923209761935,5.08200747748789,21.0,0,0.37507679023806517,20.594441744465964,20.5,21.5
3554.0,20.315780074554297,20.62187532412169,5.08026358506512,21.0,0,0.3781246758783112,20.59139646771923,20.5,21.5
3555.0,20.3127329712564,20.618827699305598,5.078519631518138,21.0,0,0.3811723006944021,20.58835145114469,20.5,21.5
3556.0,20.30968612858845,20.615780335248743,5.07677561817504,21.0,0,0.3842196647512566,20.5853066946802,20.5,21.5
3557.0,20.306639546486366,20.61273323188648,5.075031546363969,21.0,0,0.3872667681135198,20.582262198263848,20.5,21.5
3558.0,20.30359322488634,20.609686389154444,5.073287417413113,21.0,0,0.39031361084555627,20.57921796183408,20.5,21.5
3559.0,20.300547163724847,20.606639806988557,5.071543232650699,21.0,0,0.39336019301144276,20.576173985329692,20.5,21.5
3560.0,20.297501362938632,20.603593485325,5.069798993405002,21.0,0,0.3964065146750002,20.573130268689425,20.5,21.5
3561.0,20.294455822464727,20.600547424100256,5.0680547010043355,21.0,0,0.39945257589974403,20.570086811852818,20.5,21.5
3562.0,20.291410542240435,20.59750162325107,5.066310356777053,21.0,0,0.4024983767489303,20.567043614759207,20.5,21.5
3563.0,20.288365522203343,20.594456082714473,5.064565962051549,21.0,0,0.4055439172855273,20.564000677348503,20.5,21.5
3564.0,20.285320762291313,20.591410802427767,5.062821518156256,21.0,0,0.40858919757223333,20.560957999560706,20.5,21.5
3565.0,20.282276262442487,20.588365782328538,5.061077026419646,21.0,0,0.41163421767146247,20.557915581336246,20.5,21.5
3566.0,20.27923202259528,20.58532102235465,5.059332488170222,21.0,0,0.41467897764535167,20.554873422615756,20.5,21.5
3567.0,20.276188042688396,20.58227652244424,5.057587904736527,21.0,0,0.4177234775557608,20.551831523340148,20.5,21.5
3568.0,20.273144322660805,20.579232282535735,5.0558432774471385,21.0,0,0.42076771746426544,20.548789883450688,20.5,21.5
3569.0,20.270100862451763,20.57618830256782,5.054098607630663,21.0,0,0.4238116974321784,20.545748502888692,20.5,21.5
3570.0,20.2670576620008,20.573144582479483,5.052353896615746,21.0,0,0.4268554175205175,20.54270738159609,20.5,21.5
3571.0,20.264014721247722,20.570101122209973,5.05060914573106,21.0,0,0.429898877790027,20.539666519514878,20.5,21.5
3572.0,20.260972040132618,20.567057921698815,5.048864356305307,21.0,0,0.4329420783011848,20.536625916587237,20.5,21.5
3573.0,20.257929618595853,20.564014980885823,5.047119529667221,21.0,0,0.4359850191141774,20.533585572755896,20.5,21.5
3574.0,20.254887456578068,20.560972299711086,5.045374667145563,21.0,0,0.43902770028891425,20.530545487963717,20.5,21.5
3575.0,20.251845554020182,20.557929878114965,5.043629770069122,21.0,0,0.4420701218850347,20.52750566215376,20.5,21.5
3576.0,20.24880391086339,20.5548877160381,5.041884839766714,21.0,0,0.44511228396190106,20.524466095269435,20.5,21.5
3577.0,20.24576252704917,20.55184581342141,5.040139877567179,21.0,0,0.4481541865785914,20.521426787254505,20.5,21.5
3578.0,20.242721402519273,20.548804170206093,5.03839488479938,21.0,0,0.4511958297939067,20.51838773805294,20.5,21.5
3579.0,20.23968053721573,20.545762786333626,5.036649862792205,21.0,0,0.4542372136663744,20.51534894760895,20.5,21.5
3580.0,20.236639931080845,20.54272166174576,5.034904812874567,21.0,0,0.45727833825424113,20.51231041586709,20.5,21.5
3581.0,20.233599584057202,20.539680796384523,5.033159736375395,21.0,0,0.4603192036154766,20.50927214277217,20.5,21.5
3582.0,20.230559496087665,20.53664019019222,5.031414634623642,21.0,0,0.46335980980778047,20.50623412826918,20.5,21.5
3583.0,20.227519667115374,20.53359984311144,5.029669508948277,21.0,0,0.46640015688856096,20.503196372303634,20.5,21.5
3584.0,20.22448009708374,20.53055975508504,5.02792436067829,21.0,0,0.46944024491495995,20.50015887482105,20.5,21.5
3585.0,20.221440785936462,20.527519926056165,5.026179191142689,21.0,1,0.47248007394383507,20.497121635767414,20.5,21.5
3586.0,20.238401733617504,20.528480355968224,5.024434001670494,21.0,1,0.47151964403177615,20.538084655088813,20.5,21.5
3587.0,20.255358940071115,20.533440244764915,5.022688793590746,21.0,1,0.4665597552350853,20.583039132731823,20.5,21.5
3588.0,20.27231240604182,20.542398792550205,5.020943568232492,21.0,1,0.4576012074497946,20.631984270403112,20.5,21.5
3589.0,20.28926213227426,20.55535519958831,5.0191983269248,21.0,1,0.44464480041169097,20.684919269969345,20.5,21.5
3590.0,20.30620811951319,20.572308666303652,5.017453070996748,21.0,1,0.42769133369634815,20.74184333345708,20.5,21.5
3591.0,20.323150368503487,20.58925839328085,5.015707801777423,21.0,1,0.4107416067191494,20.75875566305284,20.5,21.5
3592.0,20.34008887999014,20.606204381264654,5.013962520595922,21.0,1,0.3937956187353464,20.775664261102683,20.5,21.5
3593.0,20.35702365471826,20.623146630999944,5.012217228781357,21.0,1,0.37685336900005595,20.79256912835285,20.5,21.5
3594.0,20.373954693433074,20.64008514323171,5.01047192766284,21.0,1,0.3599148567682917,20.80947026554935,20.5,21.5
3595.0,20.39088199687992,20.657019918705053,5.008726618569494,21.0,1,0.3429800812949466,20.826367673438504,20.5,21.5
3596.0,20.407805565804257,20.673950958165207,5.0069813028304475,21.0,1,0.3260490418347928,20.843261352766746,20.5,21.5
3597.0,20.42472540095166,20.69087826235751,5.0052359817748355,21.0,1,0.3091217376424886,20.860151304280553,20.5,21.5
3598.0,20.441641503067828,20.707801832027425,5.003490656731797,21.0,1,0.29219816797257536,20.877037528726557,20.5,21.5
3599.0,20.458553872898563,20.724721667920523,5.00174532903047,21.0,1,0.27527833207947694,20.893920026851507,20.5,21.5
