t,T_true,T_meas,T_out,setpoint,heater,error,T_pred,lower,upper
0.0,18.0,18.3,5.0,21.0,1,2.6999999999999993,18.3,20.5,21.5
1.0,18.0174,18.3087,5.00174532903047,21.0,1,2.6912999999999982,18.395700000000012,20.5,21.5
2.0,18.034796869065804,18.31739895635527,5.003490656731796,21.0,1,2.6826010436447305,18.404388519907947,20.5,21.5
3.0,18.052190607823338,18.326096869222287,5.005235981774836,21.0,1,2.6739031307777132,18.41307599789246,20.5,21.5
4.0,18.06958121689813,18.334793738757455,5.0069813028304475,21.0,1,2.6652062612425453,18.421762434109134,20.5,21.5
5.0,18.086968696915317,18.352187478140518,5.008726618569493,21.0,1,2.647812521859482,18.526124871971152,20.5,21.5
6.0,18.104353048499647,18.36957808784045,5.010471927662839,21.0,1,2.6304219121595516,18.543484184839752,20.5,21.5
7.0,18.12173427227548,18.386965568482385,5.012217228781357,21.0,1,2.6130344315176153,18.560840374901748,20.5,21.5
8.0,18.13911236886678,18.40434992069107,5.013962520595923,21.0,1,2.5956500793089283,18.57819344277794,20.5,21.5
9.0,18.156487338897126,18.42173114509087,5.015707801777423,21.0,1,2.5782688549091297,18.595543389088856,20.5,21.5
10.0,18.173859182989702,18.439109242305747,5.017453070996748,21.0,1,2.560890757694253,18.612890214454517,20.5,21.5
11.0,18.191227901767302,18.45648421295928,5.0191983269248,21.0,1,2.5435157870407217,18.63023391949459,20.5,21.5
12.0,18.208593495852334,18.473856057674652,5.020943568232491,21.0,1,2.526143942325348,18.64757450482839,20.5,21.5
13.0,18.22595596586681,18.49122477707466,5.022688793590745,21.0,1,2.5087752229253404,18.664911971074734,20.5,21.5
14.0,18.243315312432355,18.508590371781708,5.024434001670494,21.0,1,2.4914096282182925,18.682246318852187,20.5,21.5
15.0,18.260671536170204,18.52595284241781,5.026179191142689,21.0,1,2.4740471575821914,18.69957754877882,20.5,21.5
16.0,18.278024637701197,18.543312189604585,5.02792436067829,21.0,1,2.4566878103954153,18.716905661472346,20.5,21.5
17.0,18.29537461764579,18.560668413963278,5.029669508948277,21.0,1,2.4393315860367224,18.734230657550206,20.5,21.5
18.0,18.312721476624052,18.578021516114724,5.0314146346236415,21.0,1,2.421978483885276,18.751552537629188,20.5,21.5
19.0,18.33006521525565,18.595371496679384,5.033159736375395,21.0,1,2.404628503320616,18.768871302325984,20.5,21.5
20.0,18.347405834159876,18.61271835627732,5.034904812874567,21.0,1,2.3872816437226803,18.786186952256678,20.5,21.5
21.0,18.36474333395562,18.630062095528206,5.036649862792205,21.0,1,2.3699379044717936,18.803499488037072,20.5,21.5
22.0,18.382077715261385,18.647402715051324,5.038394884799379,21.0,1,2.3525972849486756,18.820808910282505,20.5,21.5
23.0,18.39940897869529,18.66474021546557,5.040139877567178,21.0,1,2.335259784534429,18.838115219608035,20.5,21.5
24.0,18.416737124875066,18.68207459738945,5.0418848397667135,21.0,1,2.3179254026105482,18.85541841662826,20.5,21.5
25.0,18.434062154418044,18.699405861441086,5.043629770069122,21.0,1,2.300594138558914,18.87271850195743,20.5,21.5
26.0,18.451384067941174,18.716734008238195,5.045374667145563,21.0,1,2.2832659917618052,18.890015476209282,20.5,21.5
27.0,18.468702866061015,18.734059038398122,5.047119529667221,21.0,1,2.2659409616018777,18.907309339997397,20.5,21.5
28.0,18.486018549393737,18.75138095253781,5.048864356305306,21.0,1,2.2486190474621885,18.924600093934703,20.5,21.5
29.0,18.50333111855512,18.76869975127382,5.050609145731059,21.0,1,2.2313002487261784,18.941887738633923,20.5,21.5
30.0,18.520640574160556,18.78601543522233,5.052353896615746,21.0,1,2.2139845647776717,18.959172274707395,20.5,21.5
31.0,18.537946916825046,18.803328004999102,5.054098607630664,21.0,1,2.196671995000898,18.97645370276684,20.5,21.5
32.0,18.555250147163207,18.82063746121954,5.055843277447138,21.0,1,2.1793625387804596,18.993732023423924,20.5,21.5
33.0,18.572550265789264,18.837943804498643,5.057587904736527,21.0,1,2.162056195501357,19.011007237289668,20.5,21.5
34.0,18.589847273317055,18.855247035451033,5.059332488170221,21.0,1,2.1447529645489674,19.02827934497493,20.5,21.5
35.0,18.607141170360027,18.872547154690928,5.061077026419645,21.0,1,2.1274528453090724,19.045548347089877,20.5,21.5
36.0,18.62443195753124,18.889844162832166,5.062821518156257,21.0,1,2.1101558371678344,19.062814244244546,20.5,21.5
37.0,18.641719635443366,18.907138060488197,5.064565962051549,21.0,1,2.0928619395118027,19.080077037048515,20.5,21.5
38.0,18.659004204708687,18.924428848272083,5.066310356777053,21.0,1,2.0755711517279174,19.097336726110935,20.5,21.5
39.0,18.6762856659391,18.94171652679649,5.068054701004335,21.0,1,2.0582834732035096,19.11459331204057,20.5,21.5
40.0,18.693564019746113,18.95900109667371,5.069798993405002,21.0,1,2.0409989033262903,19.131846795445902,20.5,21.5
41.0,18.710839266740845,18.97628255851563,5.071543232650699,21.0,1,2.0237174414843686,19.14909717693485,20.5,21.5
42.0,18.728111407534026,18.993560912933766,5.073287417413113,21.0,1,2.0064390870662336,19.166344457115116,20.5,21.5
43.0,18.745380442736003,19.010836160539228,5.075031546363969,21.0,1,1.9891638394607725,19.18358863659384,20.5,21.5
44.0,18.76264637295673,19.028108301942755,5.07677561817504,21.0,1,1.9718916980572452,19.200829715978028,20.5,21.5
45.0,18.779909198805775,19.045377337754687,5.078519631518137,21.0,1,1.9546226622453133,19.218067695874005,20.5,21.5
46.0,18.797168920892318,19.06264326858498,5.080263585065119,21.0,1,1.9373567314150186,19.23530257688793,20.5,21.5
47.0,18.81442553982515,19.079906095043206,5.08200747748789,21.0,1,1.9200939049567936,19.252534359625457,20.5,21.5
48.0,18.831679056212685,19.097165817738542,5.0837513074583995,21.0,1,1.9028341822614578,19.2697630446919,20.5,21.5
49.0,18.848929470662934,19.11442243727978,5.085495073648644,21.0,1,1.8855775627202185,19.286988632692175,20.5,21.5
50.0,18.86617678378353,19.13167595427533,5.087238774730672,21.0,1,1.8683240457246697,19.304211124230818,20.5,21.5
51.0,18.88342099618172,19.148926369333214,5.088982409376578,21.0,1,1.8510736306667859,19.321430519912052,20.5,21.5
52.0,18.90066210846436,19.166173683061054,5.090725976258508,21.0,1,1.8338263169389464,19.33864682033945,20.5,21.5
53.0,18.917900121237917,19.1834178960661,5.09246947404866,21.0,1,1.8165821039339,19.355860026116563,20.5,21.5
54.0,18.93513503510848,19.20065900895521,5.094212901419286,21.0,1,1.7993409910447902,19.37307013784631,20.5,21.5
55.0,18.95236685068174,19.217897022334853,5.095956257042688,21.0,1,1.7821029776651471,19.390277156131283,20.5,21.5
56.0,18.969595568563015,19.23513193681111,5.097699539591226,21.0,1,1.7648680631888887,19.407481081573696,20.5,21.5
57.0,18.986821189357222,19.252363752989687,5.099442747737315,21.0,1,1.7476362470103126,19.424681914775448,20.5,21.5
58.0,19.0040437136689,19.26959247147588,5.101185880153427,21.0,1,1.7304075285241183,19.441879656337825,20.5,21.5
59.0,19.021263142102196,19.286818092874626,5.102928935512088,21.0,1,1.7131819071253744,19.459074306862064,20.5,21.5
60.0,19.03847947526088,19.304040617790456,5.1046719124858875,21.0,1,1.6959593822095442,19.476265866948758,20.5,21.5
61.0,19.055692713748325,19.321260046827515,5.106414809747473,21.0,1,1.6787399531724851,19.493454337198106,20.5,21.5
62.0,19.072902858167524,19.338476380589576,5.10815762596955,21.0,1,1.6615236194104241,19.510639718210186,20.5,21.5
63.0,19.090109909121082,19.35568961968001,5.109900359824891,21.0,1,1.6443103803199897,19.527822010584355,20.5,21.5
64.0,19.10731386721122,19.372899764701817,5.111643009986327,21.0,1,1.6271002352981832,19.545001214919882,20.5,21.5
65.0,19.124514733039778,19.390106816257596,5.113385575126755,21.0,1,1.609893183742404,19.562177331815388,20.5,21.5
66.0,19.141712507208194,19.407310774949572,5.115128053919134,21.0,1,1.592689225050428,19.57935036186933,20.5,21.5
67.0,19.158907190317535,19.424511641379574,5.116870445036493,21.0,1,1.5754883586204258,19.596520305679597,20.5,21.5
68.0,19.176098782968477,19.441709416149052,5.118612747151923,21.0,1,1.5582905838509475,19.613687163843835,20.5,21.5
69.0,19.193287285761315,19.45890409985907,5.120354958938587,21.0,1,1.541095900140931,19.630850936959234,20.5,21.5
70.0,19.210472699295952,19.476095693110302,5.122097079069714,21.0,1,1.5239043068896976,19.648011625622637,20.5,21.5
71.0,19.227655024171906,19.493284196503044,5.123839106218604,21.0,1,1.5067158034969559,19.66516923043046,20.5,21.5
72.0,19.244834260988316,19.5104696106372,5.125581039058627,21.0,1,1.4895303893627982,19.682323751978778,20.5,21.5
73.0,19.26201041034393,19.527651936112292,5.127322876263226,21.0,1,1.4723480638877078,19.699475190863197,20.5,21.5
74.0,19.279183472837115,19.544831173527452,5.129064616505916,21.0,1,1.4551688264725477,19.716623547679053,20.5,21.5
75.0,19.296353449065847,19.56200732348143,5.130806258460286,21.0,1,1.4379926765185687,19.733768823021222,20.5,21.5
76.0,19.313520339627726,19.579180386572595,5.1325478008,21.0,1,1.4208196134274047,19.750911017484235,20.5,21.5
77.0,19.33068414511996,19.59635036339892,5.134289242198798,21.0,1,1.4036496366010809,19.768050131662157,20.5,21.5
78.0,19.347844866139376,19.613517254558012,5.1360305813304965,21.0,1,1.3864827454419881,19.78518616614894,20.5,21.5
79.0,19.365002503282415,19.63068106064707,5.137771816868989,21.0,1,1.3693189393529295,19.802319121537657,20.5,21.5
80.0,19.382157057145132,19.64784178226293,5.13951294748825,21.0,1,1.3521582177370703,19.81944899842152,20.5,21.5
81.0,19.3993085283232,19.664999420002026,5.141253971862334,21.0,1,1.335000579997974,19.83657579739299,20.5,21.5
82.0,19.416456917411907,19.682153974460412,5.142994888665372,21.0,1,1.3178460255395876,19.853699519044277,20.5,21.5
83.0,19.433602225006158,19.699305446233772,5.1447356965715825,21.0,1,1.3006945537662276,19.870820163967373,20.5,21.5
84.0,19.450744451700473,19.716453835917385,5.146476394255263,21.0,1,1.2835461640826153,19.887937732753507,20.5,21.5
85.0,19.467883598088985,19.733599144106154,5.1482169803907984,21.0,1,1.2664008558938455,19.905052225993852,20.5,21.5
86.0,19.485019664765446,19.750741371394604,5.149957453652656,21.0,1,1.2492586286053964,19.922163644279095,20.5,21.5
87.0,19.502152652323222,19.767880518376863,5.151697812715388,21.0,1,1.232119481623137,19.939271988199458,20.5,21.5
88.0,19.5192825613553,19.78501658564669,5.153438056253638,21.0,1,1.2149834143533091,19.95637725834497,20.5,21.5
89.0,19.53640939245428,19.802149573797454,5.155178182942132,21.0,1,1.197850426202546,19.973479455305085,20.5,21.5
90.0,19.55353314621238,19.819279483422132,5.15691819145569,21.0,1,1.1807205165778676,19.990578579668917,20.5,21.5
91.0,19.57065382322143,19.83640631511333,5.158658080469219,21.0,1,1.1635936848866706,20.0076746320253,20.5,21.5
92.0,19.58777142407288,19.85353006946326,5.160397848657718,21.0,1,1.146469930536739,20.024767612962577,20.5,21.5
93.0,19.604885949357797,19.870650747063763,5.162137494696277,21.0,1,1.1293492529362368,20.041857523068785,20.5,21.5
94.0,19.621997399666864,19.887768348506278,5.163877017260082,21.0,1,1.1122316514937225,20.05894436293142,20.5,21.5
95.0,19.639105775590384,19.904882874381876,5.165616415024409,21.0,1,1.095117125618124,20.07602813313786,20.5,21.5
96.0,19.65621107771827,19.921994325281247,5.167355686664631,21.0,1,1.078005674718753,20.093108834274958,20.5,21.5
97.0,19.67331330664006,19.939102701794685,5.169094830856218,21.0,1,1.0608972982053153,20.11018646692906,20.5,21.5
98.0,19.690412462944906,19.956208004512103,5.170833846274735,21.0,1,1.0437919954878971,20.127261031686285,20.5,21.5
99.0,19.707508547221572,19.973310234023046,5.172572731595847,21.0,1,1.026689765976954,20.144332529132477,20.5,21.5
100.0,19.724601560058446,19.99040939091666,5.174311485495316,21.0,1,1.0095906090833395,20.161400959852806,20.5,21.5
101.0,19.741691502043533,20.00750547578171,5.176050106649007,21.0,1,0.9924945242182908,20.178466324432197,20.5,21.5
102.0,19.758778373764454,20.02459848920659,5.177788593732883,21.0,1,0.9754015107934109,20.195528623455388,20.5,21.5
103.0,19.77586217580845,20.0416884317793,5.179526945423011,21.0,1,0.9583115682207008,20.2125878575064,20.5,21.5
104.0,19.79294290876237,20.058775304087455,5.181265160395561,21.0,1,0.9412246959125454,20.22964402716901,20.5,21.5
105.0,19.810020573212697,20.075859106718305,5.183003237326805,21.0,1,0.9241408932816952,20.246697133026807,20.5,21.5
106.0,19.82709516974552,20.0929398402587,5.184741174893123,21.0,1,0.9070601597412988,20.263747175662665,20.5,21.5
107.0,19.844166698946548,20.110017505295122,5.186478971771001,21.0,1,0.8899824947048778,20.280794155659333,20.5,21.5
108.0,19.861235161401112,20.127092102413652,5.188216626637028,21.0,1,0.872907897586348,20.29783807359895,20.5,21.5
109.0,19.87830055769416,20.144163632200012,5.189954138167908,21.0,1,0.8558363677999878,20.314878930063614,20.5,21.5
110.0,19.895362888410254,20.161232095239523,5.191691505040448,21.0,1,0.838767904760477,20.33191672563463,20.5,21.5
111.0,19.91242215413358,20.178297492117135,5.193428725931568,21.0,1,0.8217025078828648,20.348951460893257,20.5,21.5
112.0,19.92947835544794,20.195359823417412,5.195165799518299,21.0,1,0.8046401765825877,20.365983136420184,20.5,21.5
113.0,19.946531492936757,20.21241908972454,5.196902724477783,21.0,1,0.7875809102754587,20.38301175279583,20.5,21.5
114.0,19.963581567183066,20.229475291622325,5.198639499487278,21.0,1,0.7705247083776747,20.400037310600165,20.5,21.5
115.0,19.980628578769526,20.246528429694177,5.200376123224153,21.0,1,0.7534715703058232,20.41705981041269,20.5,21.5
116.0,19.997672528278418,20.263578504523146,5.202112594365893,21.0,1,0.7364214954768542,20.434079252812836,20.5,21.5
117.0,20.014713416291634,20.280625516691885,5.2038489115901,21.0,1,0.7193744833081155,20.45109563837927,20.5,21.5
118.0,20.031751243390694,20.297669466782672,5.205585073574493,21.0,1,0.702330533217328,20.468108967690547,20.5,21.5
119.0,20.048786010156732,20.314710355377407,5.207321078996911,21.0,1,0.6852896446225927,20.48511924132476,20.5,21.5
120.0,20.0658177171705,20.331748183057602,5.209056926535307,21.0,1,0.6682518169423979,20.50212645985955,20.5,21.5
121.0,20.082846365012372,20.34878295040439,5.21079261486776,21.0,1,0.6512170495956084,20.519130623872286,20.5,21.5
122.0,20.099871954262344,20.365814657998534,5.212528142672467,21.0,1,0.6341853420014658,20.53613173393996,20.5,21.5
123.0,20.116894485500026,20.3828433064204,5.214263508627747,21.0,1,0.6171566935795987,20.553129790639073,20.5,21.5
124.0,20.133913959304653,20.399868896249988,5.215998711412046,21.0,1,0.6001311037500123,20.57012479454585,20.5,21.5
125.0,20.150930376255076,20.4168914280669,5.217733749703929,21.0,1,0.5831085719330993,20.58711674623603,20.5,21.5
126.0,20.167943736929764,20.433910902450382,5.219468622182091,21.0,1,0.566089097549618,20.604105646285195,20.5,21.5
127.0,20.184954041906813,20.450927319979275,5.221203327525349,21.0,1,0.5490726800207248,20.621091495268207,20.5,21.5
128.0,20.201961291763936,20.467940681232058,5.222937864412651,21.0,1,0.5320593187679421,20.638074293759885,20.5,21.5
129.0,20.218965487078467,20.48495098678682,5.224672231523071,21.0,1,0.5150490132131793,20.65505404233445,20.5,21.5
130.0,20.235966628427356,20.50195823722128,5.226406427535814,21.0,1,0.49804176277871903,20.672030741565884,20.5,21.5
131.0,20.252964716387176,20.518962433112762,5.228140451130212,21.0,1,0.4810375668872382,20.68900439202757,20.5,21.5
132.0,20.269959751534124,20.535963575038224,5.229874300985733,21.0,1,0.4640364249617761,20.705974994292845,20.5,21.5
133.0,20.286951734444013,20.55296166357424,5.231607975781974,21.0,1,0.4470383364257593,20.72294254893441,20.5,21.5
134.0,20.30394066569228,20.569956699297002,5.233341474198666,21.0,1,0.430043300702998,20.739907056524615,20.5,21.5
135.0,20.320926545853983,20.586948682782328,5.2350747949156755,21.0,1,0.41305131721767196,20.75686851763559,20.5,21.5
136.0,20.337909375503795,20.60393761460565,5.236807936613002,21.0,1,0.3960623853943517,20.77382693283885,20.5,21.5
137.0,20.354889155216018,20.620923495342026,5.2385408979707835,21.0,1,0.3790765046579736,20.790782302705807,20.5,21.5
138.0,20.371865885564567,20.63790632556614,5.240273677669294,21.0,1,0.3620936744338614,20.80773462780726,20.5,21.5
139.0,20.38883956712299,20.654886105852277,5.242006274388947,21.0,1,0.34511389414772253,20.824683908713666,20.5,21.5
140.0,20.405810200464444,20.67186283677437,5.243738686810295,21.0,1,0.32813716322563025,20.841630145995293,20.5,21.5
141.0,20.422777786161713,20.68883651890595,5.24547091361403,21.0,1,0.3111634810940487,20.858573340221767,20.5,21.5
142.0,20.439742324787204,20.70580715282019,5.247202953480985,21.0,1,0.2941928471798114,20.87551349196256,20.5,21.5
143.0,20.456703816912942,20.722774739089864,5.248934805092138,21.0,1,0.2772252609101358,20.89245060178662,20.5,21.5
144.0,20.473662263110576,20.73973927828738,5.2506664671286085,21.0,1,0.26026072171261916,20.909384670262547,20.5,21.5
145.0,20.49061766395138,20.756700770984768,5.25239793827166,21.0,1,0.24329922901523204,20.92631569795864,20.5,21.5
146.0,20.507570020006245,20.773659217753675,5.254129217202701,21.0,1,0.22634078224632503,20.943243685442745,20.5,21.5
147.0,20.524519331845685,20.790614619165375,5.255860302603288,21.0,1,0.20938538083462532,20.960168633282372,20.5,21.5
148.0,20.541465600039835,20.807566975790753,5.257591193155125,21.0,1,0.19243302420924735,20.977090542044532,20.5,21.5
149.0,20.55840882515846,20.82451628820033,5.259321887540064,21.0,1,0.17548371179967148,20.994009412296087,20.5,21.5
150.0,20.575349007770935,20.841462556964238,5.261052384440103,21.0,1,0.15853744303576178,21.010925244603335,20.5,21.5
151.0,20.59228614844627,20.858405782652245,5.262782682537396,21.0,1,0.14159421734775535,21.02783803953231,20.5,21.5
152.0,20.60922024775309,20.875345965833723,5.264512780514245,21.0,1,0.12465403416627652,21.044747797648512,20.5,21.5
153.0,20.626151306259644,20.892283107077684,5.266242677053104,21.0,1,0.10771689292231557,21.061654519517294,20.5,21.5
154.0,20.6430793245338,20.909217206952754,5.267972370836584,21.0,1,0.09078279304724646,21.078558205703445,20.5,21.5
155.0,20.66000430314306,20.926148266027177,5.269701860547446,21.0,1,0.0738517339728233,21.09545885677141,20.5,21.5
156.0,20.67692624265454,20.94307628486883,5.271431144868608,21.0,1,0.05692371513116967,21.112356473285367,20.5,21.5
157.0,20.693845143634984,20.96000126404521,5.273160222483147,21.0,1,0.03999873595478931,21.129251055809014,20.5,21.5
158.0,20.710761006650753,20.976923204123434,5.274889092074293,21.0,1,0.02307679587656608,21.146142604905666,20.5,21.5
159.0,20.727673832267836,20.993842105670243,5.276617752325438,21.0,1,0.0061578943297568856,21.163031121138335,20.5,21.5
160.0,20.74458362105185,21.010757969251998,5.278346201920131,21.0,1,-0.010757969251997679,21.179916605069543,20.5,21.5
161.0,20.761490373568023,21.027670795434695,5.280074439542083,21.0,1,-0.02767079543469464,21.196799057261664,20.5,21.5
162.0,20.77839409038122,21.04458058478394,5.281802463875166,21.0,1,-0.044580584783940225,21.213678478276396,20.5,21.5
163.0,20.795294772055918,21.061487337864975,5.283530273603413,21.0,1,-0.061487337864974734,21.23055486867532,20.5,21.5
164.0,20.812192419156226,21.078391055242655,5.2852578674110235,21.0,1,-0.07839105524265477,21.247428229019455,20.5,21.5
165.0,20.829087032245877,21.09529173748146,5.286985243982358,21.0,1,-0.09529173748146036,21.264298559869516,20.5,21.5
166.0,20.845978611888224,21.112189385145502,5.288712402001947,21.0,1,-0.11218938514550203,21.28116586178592,20.5,21.5
167.0,20.862867158646246,21.129083998798507,5.290439340154481,21.0,1,-0.12908399879850663,21.298030135328553,20.5,21.5
168.0,20.879752673082546,21.14597557900383,5.292166057124823,21.0,1,-0.1459755790038315,21.31489138105708,20.5,21.5
169.0,20.896635155759355,21.162864126324457,5.293892551598003,21.0,1,-0.16286412632445746,21.331749599530717,20.5,21.5
170.0,20.913514607238522,21.179749641322985,5.295618822259221,21.0,1,-0.1797496413229851,21.34860479130826,20.5,21.5
171.0,20.930391028081527,21.196632124561646,5.297344867793846,21.0,1,-0.19663212456164558,21.36545695694825,20.5,21.5
172.0,20.947264418849468,21.21351157660229,5.299070686887419,21.0,1,-0.21351157660228992,21.382306097008733,20.5,21.5
173.0,20.964134780103077,21.230387998006396,5.300796278225654,21.0,1,-0.2303879980063961,21.399152212047458,20.5,21.5
174.0,20.981002112402702,21.247261389335065,5.302521640494438,21.0,1,-0.24726138933506547,21.41599530262176,20.5,21.5
175.0,20.99786641630832,21.264131751149026,5.304246772379833,21.0,1,-0.26413175114902643,21.432835369288636,20.5,21.5
176.0,21.014727692379534,21.280999084008627,5.305971672568076,21.0,1,-0.28099908400862716,21.449672412604635,20.5,21.5
177.0,21.03158594117557,21.29786338847385,5.30769633974558,21.0,1,-0.29786338847384997,21.466506433126078,20.5,21.5
178.0,21.048441163255283,21.31472466510429,5.309420772598936,21.0,1,-0.31472466510428987,21.48333743140869,20.5,21.5
179.0,21.06529335917715,21.33158291445918,5.311144969814913,21.0,0,-0.33158291445917953,21.500165408008076,20.5,21.5
180.0,21.06214252949928,21.34443813709737,5.3128689300804615,21.0,0,-0.34443813709737015,21.472990363479276,20.5,21.5
181.0,21.058992674779397,21.35329113357734,5.314592652082709,21.0,0,-0.3532911335773399,21.441821098377037,20.5,21.5
182.0,21.05584379477486,21.3581427042972,5.316316134508967,21.0,0,-0.35814270429720096,21.406658411495812,20.5,21.5
183.0,21.052695889242806,21.3589936494947,5.318039376046729,21.0,0,-0.3589936494946997,21.367503101469687,20.5,21.5
184.0,21.049548957940168,21.355844769247305,5.31976237538367,21.0,0,-0.35584476924730524,21.32435596677336,20.5,21.5
185.0,21.046403000623656,21.352696863472183,5.321485131207652,21.0,0,-0.35269686347218254,21.321217805720956,20.5,21.5
186.0,21.043258017049773,21.349549931926255,5.3232076422067225,21.0,0,-0.34954993192625494,21.31808061646698,20.5,21.5
187.0,21.040114006974804,21.346403974366247,5.324929907069113,21.0,0,-0.3464039743662468,21.314944398766166,20.5,21.5
188.0,21.036970970154822,21.343258990548655,5.326651924483245,21.0,0,-0.34325899054865516,21.31180915237274,20.5,21.5
189.0,21.03382890634569,21.340114980229757,5.328373693137726,21.0,0,-0.3401149802297567,21.308674877040772,20.5,21.5
190.0,21.030687815303047,21.336971943165636,5.330095211721355,21.0,0,-0.3369719431656364,21.305541572524433,20.5,21.5
191.0,21.02754769678233,21.333829879112148,5.3318164789231215,21.0,0,-0.3338298791121481,21.302409238577265,20.5,21.5
192.0,21.02440855053876,21.33068878782494,5.333537493432204,21.0,0,-0.3306887878249398,21.299277874952857,20.5,21.5
193.0,21.021270376327337,21.327548669059443,5.335258253937977,21.0,0,-0.3275486690594427,21.29614748140447,20.5,21.5
194.0,21.018133173902857,21.32440952257088,5.336978759130005,21.0,0,-0.3244095225708783,21.293018057685234,20.5,21.5
195.0,21.014996943019902,21.321271348114248,5.338699007698049,21.0,0,-0.32127134811424796,21.289889603547945,20.5,21.5
196.0,21.011861683432837,21.31813414544435,5.340418998332065,21.0,0,-0.3181341454443505,21.286762118745376,20.5,21.5
197.0,21.008727394895818,21.31499791431576,5.342138729722205,21.0,0,-0.31499791431576085,21.283635603029865,20.5,21.5
198.0,21.005594077162783,21.311862654482848,5.343858200558819,21.0,0,-0.311862654482848,21.28051005615372,20.5,21.5
199.0,21.002461729987463,21.30872836569977,5.3455774095324555,21.0,0,-0.30872836569977125,21.277385477869004,20.5,21.5
200.0,20.999330353123373,21.305595047720466,5.347296355333861,21.0,0,-0.3055950477204661,21.274261867927414,20.5,21.5
201.0,20.996199946323816,21.30246270029866,5.349015036653984,21.0,0,-0.3024627002986584,21.27113922608058,20.5,21.5
202.0,20.993070509341884,21.299331323187875,5.350733452183974,21.0,0,-0.29933132318787514,21.268017552080043,20.5,21.5
203.0,20.98994204193045,21.29620091614141,5.352451600615184,21.0,0,-0.29620091614140875,21.264896845676745,20.5,21.5
204.0,20.98681454384219,21.293071478912356,5.354169480639166,21.0,0,-0.2930714789123563,21.26177710662183,20.5,21.5
205.0,20.98368801482955,21.28994301125359,5.355887090947683,21.0,0,-0.289943011253591,21.258658334665938,20.5,21.5
206.0,20.980562454644772,21.286815512917787,5.3576044302326995,21.0,0,-0.2868155129177872,21.25554052955975,20.5,21.5
207.0,20.97743786303989,21.283688983657388,5.359321497186385,21.0,0,-0.28368898365738815,21.252423691053398,20.5,21.5
208.0,20.974314239766716,21.280563423224642,5.36103829050112,21.0,0,-0.2805634232246419,21.24930781889718,20.5,21.5
209.0,20.971191584576864,21.277438831371576,5.362754808869491,21.0,0,-0.2774388313715761,21.246192912840918,20.5,21.5
210.0,20.968069897221724,21.27431520785001,5.364471050984295,21.0,0,-0.27431520785000885,21.243078972634336,20.5,21.5
211.0,20.96494917745248,21.27119255241155,5.3661870155385385,21.0,0,-0.2711925524115486,21.239965998026946,20.5,21.5
212.0,20.961829425020095,21.26807086480759,5.36790270122544,21.0,0,-0.2680708648075907,21.23685398876801,20.5,21.5
213.0,20.958710639675335,21.264950144789317,5.3696181067384305,21.0,0,-0.2649501447893172,21.233742944606583,20.5,21.5
214.0,20.955592821168747,21.26183039210769,5.371333230771154,21.0,0,-0.2618303921076901,21.23063286529142,20.5,21.5
215.0,20.952475969250667,21.25871160651348,5.373048072017469,21.0,0,-0.25871160651347935,21.227523750571372,20.5,21.5
216.0,20.94936008367122,21.255593787757228,5.37476262917145,21.0,0,-0.25559378775722763,21.22441560019471,20.5,21.5
217.0,20.94624516418032,21.252476935589275,5.3764769009273845,21.0,0,-0.2524769355892751,21.22130841390975,20.5,21.5
218.0,20.943131210527667,21.249361049759738,5.378190885979783,21.0,0,-0.24936104975973805,21.218202191464368,20.5,21.5
219.0,20.940018222462758,21.24624613001854,5.379904583023369,21.0,0,-0.246246130018541,21.21509693260657,20.5,21.5
220.0,20.93690619973487,21.243132176115385,5.38161799075309,21.0,0,-0.24313217611538462,21.21199263708382,20.5,21.5
221.0,20.933795142093075,21.240019187799753,5.383331107864109,21.0,0,-0.24001918779975284,21.208889304643435,20.5,21.5
222.0,20.93068504928623,21.236907164820934,5.385043933051815,21.0,0,-0.2369071648209342,21.205786935032748,20.5,21.5
223.0,20.92757592106298,21.233796106927997,5.386756465011816,21.0,0,-0.23379610692799702,21.202685527998625,20.5,21.5
224.0,20.924467757171772,21.230686013869796,5.388468702439944,21.0,0,-0.23068601386979637,21.19958508328779,20.5,21.5
225.0,20.921360557360828,21.22757688539499,5.390180644032257,21.0,0,-0.22757688539498844,21.19648560064691,20.5,21.5
226.0,20.91825432137816,21.224468721252002,5.391892288485035,21.0,0,-0.224468721252002,21.193387079822138,20.5,21.5
227.0,20.915149048971582,21.221361521189074,5.393603634494789,21.0,0,-0.22136152118907404,21.190289520559794,20.5,21.5
228.0,20.912044739888685,21.218255284954214,5.395314680758252,21.0,0,-0.2182552849542141,21.187192922605615,20.5,21.5
229.0,20.90894139387686,21.215150012295233,5.39702542597239,21.0,0,-0.21515001229523278,21.18409728570542,20.5,21.5
230.0,20.905839010683277,21.21204570295972,5.398735868834394,21.0,0,-0.21204570295972047,21.181002609604597,20.5,21.5
231.0,20.902737590054908,21.20894235669507,5.40044600804169,21.0,0,-0.20894235669506855,21.17790889404855,20.5,21.5
232.0,20.899637131738505,21.205839973248455,5.402155842291929,21.0,0,-0.20583997324845527,21.174816138782322,20.5,21.5
233.0,20.896537635480616,21.202738552366846,5.403865370283001,21.0,0,-0.20273855236684568,21.17172434355075,20.5,21.5
234.0,20.893439101027578,21.199638093796988,5.405574590713025,21.0,0,-0.19963809379698816,21.168633508098413,20.5,21.5
235.0,20.890341528125514,21.196538597285436,5.407283502280355,21.0,0,-0.19653859728543566,21.16554363216991,20.5,21.5
236.0,20.887244916520345,21.193440062578524,5.40899210368358,21.0,0,-0.19344006257852442,21.162454715509412,20.5,21.5
237.0,20.884149265957777,21.190342489422374,5.410700393621528,21.0,0,-0.19034248942237397,21.15936675786087,20.5,21.5
238.0,20.88105457618331,21.187245877562912,5.412408370793259,21.0,0,-0.187245877562912,21.156279758968292,20.5,21.5
239.0,20.87796084694223,21.184150226745842,5.414116033898076,21.0,0,-0.18415022674584236,21.153193718575146,20.5,21.5
240.0,20.87486807797962,21.181055536716663,5.415823381635518,21.0,0,-0.18105553671666286,21.150108636424868,20.5,21.5
241.0,20.871776269040353,21.177961807220665,5.417530412705367,21.0,0,-0.17796180722066524,21.14702451226069,20.5,21.5
242.0,20.868685419869085,21.174869038002925,5.419237125807643,21.0,0,-0.17486903800292453,21.143941345825517,20.5,21.5
243.0,20.86559553021027,21.171777228808317,5.420943519642611,21.0,0,-0.1717772288083168,21.14085913686224,20.5,21.5
244.0,20.862506599808157,21.1686863793815,5.422649592910777,21.0,0,-0.16868637938150144,21.137777885113348,20.5,21.5
245.0,20.85941862840678,21.16559648946693,5.424355344312892,21.0,0,-0.16559648946693173,21.134697590321235,20.5,21.5
246.0,20.85633161574996,21.162507558808855,5.4260607725499534,21.0,0,-0.16250755880885492,21.131618252228087,20.5,21.5
247.0,20.853245561581318,21.1594195871513,5.4277658763232015,21.0,0,-0.15941958715130156,21.128539870575768,20.5,21.5
248.0,20.850160465644265,21.1563325742381,5.429470654334127,21.0,0,-0.15633257423809965,21.12546244510608,20.5,21.5
249.0,20.847076327682004,21.15324651981287,5.431175105284466,21.0,0,-0.15324651981287118,21.122385975560587,20.5,21.5
250.0,20.843993147437523,21.150161423619018,5.432879227876206,21.0,0,-0.15016142361901785,21.119310461680485,20.5,21.5
251.0,20.84091092465361,21.14707728539975,5.434583020811583,21.0,0,-0.1470772853997495,21.116235903207066,20.5,21.5
252.0,20.837829659072842,21.143994104898052,5.4362864827930855,21.0,0,-0.1439941048980522,21.11316229988108,20.5,21.5
253.0,20.834749350437587,21.140911881856717,5.4379896125234515,21.0,0,-0.14091188185671655,21.11008965144336,20.5,21.5
254.0,20.831669998490003,21.13783061601832,5.439692408705675,21.0,0,-0.13783061601832003,21.107017957634355,20.5,21.5
255.0,20.828591602972047,21.134750307125223,5.441394870043002,21.0,0,-0.1347503071252234,21.103947218194257,20.5,21.5
256.0,20.82551416362546,21.131670954919592,5.4430969952389345,21.0,0,-0.13167095491959202,21.100877432863278,20.5,21.5
257.0,20.822437680191783,21.128592559143378,5.44479878299723,21.0,0,-0.12859255914337808,21.09780860138124,20.5,21.5
258.0,20.819362152412342,21.12551511953833,5.4465002320219025,21.0,0,-0.12551511953833128,21.094740723487863,20.5,21.5
259.0,20.816287580028263,21.122438635845988,5.448201341017225,21.0,0,-0.12243863584598813,21.091673798922557,20.5,21.5
260.0,20.81321396278046,21.11936310780767,5.44990210868773,21.0,0,-0.11936310780766846,21.08860782742447,20.5,21.5
261.0,20.81014130040964,21.116288535164507,5.451602533738208,21.0,0,-0.11628853516450732,21.085542808732896,20.5,21.5
262.0,20.807069592656305,21.11321491765741,5.45330261487371,21.0,0,-0.11321491765740888,21.082478742586424,20.5,21.5
263.0,20.80399883926075,21.110142255027093,5.455002350799552,21.0,0,-0.11014225502709252,21.07941562872393,20.5,21.5
264.0,20.80092903996306,21.107070547014054,5.456701740221312,21.0,0,-0.10707054701405383,21.076353466883667,20.5,21.5
265.0,20.79786019450311,21.103999793358582,5.458400781844828,21.0,0,-0.10399979335858234,21.073292256803867,20.5,21.5
266.0,20.79479230262058,21.10092999380077,5.460099474376209,21.0,0,-0.10092999380076861,21.07023199822263,20.5,21.5
267.0,20.79172536405493,21.097861148080494,5.461797816521825,21.0,0,-0.09786114808049362,21.067172690877744,20.5,21.5
268.0,20.78865937854542,21.09479325593743,5.463495806988314,21.0,0,-0.09479325593742871,21.06411433450678,20.5,21.5
269.0,20.78559434583111,21.09172631711104,5.465193444482585,21.0,0,-0.09172631711103918,21.061056928847144,20.5,21.5
270.0,20.78253026565084,21.088660331340584,5.466890727711811,21.0,0,-0.08866033134058426,21.058000473636035,20.5,21.5
271.0,20.779467137743254,21.08559529836512,5.468587655383438,21.0,0,-0.0855952983651207,21.054944968610485,20.5,21.5
272.0,20.776404961846783,21.082531217923492,5.47028422620518,21.0,0,-0.08253121792349205,21.051890413507206,20.5,21.5
273.0,20.773343737699655,21.07946808975434,5.471980438885026,21.0,0,-0.07946808975433939,21.048836808062813,20.5,21.5
274.0,20.770283465039892,21.076405913596098,5.473676292131238,21.0,0,-0.07640591359609772,21.04578415201368,20.5,21.5
275.0,20.76722414360531,21.07334468918699,5.475371784652346,21.0,0,-0.07334468918698889,21.0427324450959,20.5,21.5
276.0,20.76416577313352,21.070284416265046,5.477066915157161,21.0,0,-0.07028441626504645,21.039681687045622,20.5,21.5
277.0,20.761108353361927,21.067225094568073,5.478761682354769,21.0,0,-0.06722509456807302,21.03663187759834,20.5,21.5
278.0,20.758051884027726,21.064166723833686,5.480456084954527,21.0,0,-0.06416672383368649,21.03358301648982,20.5,21.5
279.0,20.75499636486791,21.061109303799288,5.482150121666077,21.0,0,-0.06110930379928803,21.030535103455303,20.5,21.5
280.0,20.75194179561927,21.05805283420208,5.483843791199336,21.0,0,-0.05805283420207985,21.027488138229998,20.5,21.5
281.0,20.748888176018387,21.05499731477905,5.485537092264499,21.0,0,-0.05499731477905101,21.024442120548763,20.5,21.5
282.0,20.745835505801637,21.05194274526699,5.487230023572045,21.0,0,-0.05194274526699161,21.021397050146398,20.5,21.5
283.0,20.74278378470519,21.048889125402486,5.488922583832733,21.0,0,-0.04888912540248569,21.018352926757427,20.5,21.5
284.0,20.739733012465013,21.045836454921904,5.490614771757605,21.0,0,-0.045836454921904135,21.01530975011609,20.5,21.5
285.0,20.736683188816873,21.042784733561426,5.492306586057986,21.0,0,-0.04278473356142598,21.012267519956644,20.5,21.5
286.0,20.73363431349632,21.03973396105701,5.493998025445486,21.0,0,-0.03973396105700999,21.00922623601285,20.5,21.5
287.0,20.73058638623871,21.036684137144427,5.495689088632,21.0,0,-0.03668413714442664,21.006185898018593,20.5,21.5
288.0,20.727539406779186,21.033635261559223,5.497379774329709,21.0,0,-0.033635261559222585,21.003146505707182,20.5,21.5
289.0,20.724493374852695,21.03058733403676,5.499070081251085,21.0,0,-0.030587334036759728,21.00010805881213,20.5,21.5
290.0,20.721448290193976,21.02754035431218,5.500760008108883,21.0,0,-0.027540354312179716,20.99707055706638,20.5,21.5
291.0,20.71840415253756,21.024494322120425,5.502449553616151,21.0,0,-0.024494322120425238,20.99403400020288,20.5,21.5
292.0,20.715360961617776,21.02144923719624,5.504138716486227,21.0,0,-0.021449237196240034,20.990998387954388,20.5,21.5
293.0,20.71231871716875,21.018405099274155,5.50582749543274,21.0,0,-0.01840509927415468,20.9879637200533,20.5,21.5
294.0,20.7092774189244,21.015361908088494,5.507515889169611,21.0,0,-0.015361908088493692,20.984929996231884,20.5,21.5
295.0,20.70623706661845,21.01231966337339,5.509203896411055,21.0,0,-0.012319663373389744,20.98189721622235,20.5,21.5
296.0,20.703197659984408,21.00927836486276,5.510891515871581,21.0,0,-0.009278364862758792,20.97886537975645,20.5,21.5
297.0,20.700159198755586,21.00623801229032,5.512578746265993,21.0,0,-0.006238012290321393,20.975834486565947,20.5,21.5
298.0,20.697121682665088,21.003198605389592,5.514265586309392,21.0,0,-0.0031986053895920463,20.9728045363823,20.5,21.5
299.0,20.694085111445816,21.000160143893872,5.515952034717176,21.0,0,-0.00016014389387208894,20.969775528936673,20.5,21.5
300.0,20.69104948483047,20.997122627536278,5.5176380902050415,21.0,0,0.0028773724637218834,20.96674746396034,20.5,21.5
301.0,20.688014802551542,20.994086056049703,5.519323751488983,21.0,0,0.005913943950297096,20.96372034118395,20.5,21.5
302.0,20.68498106434133,20.991050429166854,5.521009017285297,21.0,0,0.008949570833145515,20.96069416033837,20.5,21.5
303.0,20.68194826993192,20.98801574662022,5.522693886310579,21.0,0,0.011984253379779375,20.957668921153882,20.5,21.5
304.0,20.678916419055195,20.984982008142097,5.524378357281729,21.0,0,0.015017991857902757,20.954644623360863,20.5,21.5
305.0,20.67588551144284,20.98194921346457,5.5260624289159495,21.0,0,0.018050786535429353,20.951621266689305,20.5,21.5
306.0,20.672855546826334,20.978917362319528,5.527746099930746,21.0,0,0.021082637680471805,20.948598850869104,20.5,21.5
307.0,20.669826524936955,20.975886454438655,5.529429369043929,21.0,0,0.024113545561345262,20.94557737562992,20.5,21.5
308.0,20.666798445505776,20.972856489553426,5.531112234973618,21.0,0,0.02714351044657448,20.942556840701133,20.5,21.5
309.0,20.66377130826367,20.96982746739512,5.532794696438235,21.0,0,0.03017253260487962,20.93953724581207,20.5,21.5
310.0,20.660745112941303,20.966799387694813,5.534476752156514,21.0,0,0.033200612305186894,20.93651859069174,20.5,21.5
311.0,20.657719859269147,20.963772250183375,5.536158400847495,21.0,0,0.03622774981662502,20.933500875068994,20.5,21.5
312.0,20.65469554697746,20.960746054591475,5.537839641230532,21.0,0,0.039253945408525226,20.930484098672473,20.5,21.5
313.0,20.65167217579631,20.957720800649586,5.539520472025284,21.0,0,0.04227919935041413,20.927468261230697,20.5,21.5
314.0,20.648649745455558,20.95469648808796,5.5412008919517275,21.0,0,0.04530351191203863,20.924453362471716,20.5,21.5
315.0,20.64562825568486,20.95167311663667,5.542880899730148,21.0,0,0.04832688336333035,20.921439402123752,20.5,21.5
316.0,20.642607706213667,20.948650686025573,5.544560494081149,21.0,0,0.05134931397442699,20.918426379914607,20.5,21.5
317.0,20.63958809677124,20.94562919598433,5.546239673725643,21.0,0,0.05437080401566874,20.915414295571914,20.5,21.5
318.0,20.63656942708663,20.942608646242395,5.547918437384865,21.0,0,0.0573913537576054,20.912403148823028,20.5,21.5
319.0,20.63355169688869,20.93958903652902,5.549596783780361,21.0,0,0.06041096347097863,20.90939293939529,20.5,21.5
320.0,20.63053490590607,20.93657036657326,5.551274711633998,21.0,0,0.06342963342673968,20.90638366701565,20.5,21.5
321.0,20.627519053867218,20.933552636103972,5.5529522196679615,21.0,0,0.06644736389602812,20.903375331411088,20.5,21.5
322.0,20.624504140500378,20.930535844849796,5.554629306604756,21.0,0,0.06946415515020377,20.90036793230804,20.5,21.5
323.0,20.621490165533597,20.927519992539192,5.556305971167205,21.0,0,0.07248000746080763,20.897361469433154,20.5,21.5
324.0,20.618477128694725,20.9245050789004,5.557982212078459,21.0,0,0.07549492109960099,20.894355942512465,20.5,21.5
325.0,20.6154650297114,20.921491103661463,5.5596580280619845,21.0,0,0.07850889633853697,20.891351351272103,20.5,21.5
326.0,20.61245386831107,20.918478066550236,5.561333417841576,21.0,0,0.0815219334497641,20.888347695437965,20.5,21.5
327.0,20.609443644220978,20.91546596729436,5.563008380141351,21.0,0,0.08453403270564053,20.885344974735595,20.5,21.5
328.0,20.606434357168162,20.912454805621273,5.564682913685753,21.0,0,0.08754519437872688,20.88234318889041,20.5,21.5
329.0,20.603426006879467,20.90944458125822,5.566357017199552,21.0,0,0.09055541874177919,20.879342337627698,20.5,21.5
330.0,20.600418593081532,20.906435293932244,5.568030689407845,21.0,0,0.09356470606775602,20.876342420672476,20.5,21.5
331.0,20.5974121155008,20.90342694337019,5.569703929036058,21.0,0,0.0965730566298113,20.873343437749636,20.5,21.5
332.0,20.594406573863505,20.900419529298695,5.571376734809947,21.0,0,0.09958047070130505,20.870345388583758,20.5,21.5
333.0,20.591401967895695,20.897413051444197,5.573049105455596,21.0,0,0.1025869485558033,20.867348272899214,20.5,21.5
334.0,20.588398297323206,20.894407509532947,5.5747210396994245,21.0,0,0.10559249046705332,20.864352090420446,20.5,21.5
335.0,20.58539556187168,20.891402903290974,5.5763925362681785,21.0,0,0.10859709670902618,20.861356840871245,20.5,21.5
336.0,20.582393761266562,20.88839923244413,5.578063593888944,21.0,0,0.11160076755587056,20.858362523975686,20.5,21.5
337.0,20.579392895233088,20.885396496718045,5.579734211289135,21.0,0,0.11460350328195545,20.855369139457196,20.5,21.5
338.0,20.5763929634963,20.882394695838165,5.581404387196505,21.0,0,0.11760530416183457,20.852376687039374,20.5,21.5
339.0,20.57339396578104,20.879393829529736,5.583074120339143,21.0,0,0.12060617047026412,20.84938516644544,20.5,21.5
340.0,20.570395901811953,20.87639389751779,5.5847434094454735,21.0,0,0.12360610248220993,20.846394577398332,20.5,21.5
341.0,20.567398771313478,20.87339489952717,5.58641225324426,21.0,0,0.1266051004728297,20.843404919620973,20.5,21.5
342.0,20.564402574009865,20.870396835282527,5.588080650464608,21.0,0,0.1296031647174729,20.840416192836095,20.5,21.5
343.0,20.561407309625157,20.867399704508294,5.589748599835957,21.0,0,0.13260029549170582,20.837428396765965,20.5,21.5
344.0,20.558412977883197,20.864403506928728,5.591416100088093,21.0,0,0.1355964930712723,20.834441531133063,20.5,21.5
345.0,20.55541957850764,20.861408242267863,5.593083149951142,21.0,0,0.1385917577321365,20.83145559565922,20.5,21.5
346.0,20.552427111221927,20.858413910249553,5.5947497481555715,21.0,0,0.14158608975044729,20.828470590066445,20.5,21.5
347.0,20.549435575749314,20.85542051059744,5.596415893432196,21.0,0,0.1445794894025596,20.825486514076317,20.5,21.5
348.0,20.54644497181285,20.85242804303498,5.598081584512173,21.0,0,0.14757195696502023,20.822503367410373,20.5,21.5
349.0,20.54345529913539,20.849436507285418,5.599746820127006,21.0,0,0.15056349271458203,20.8195211497898,20.5,21.5
350.0,20.540466557439586,20.846445903071807,5.6014115990085465,21.0,0,0.15355409692819322,20.816539860935695,20.5,21.5
351.0,20.5374787464479,20.843456230117003,5.603075919888991,21.0,0,0.15654376988299745,20.81355950056896,20.5,21.5
352.0,20.534491865882586,20.840467488143656,5.604739781500889,21.0,0,0.15953251185634443,20.810580068410186,20.5,21.5
353.0,20.53150591546571,20.837479676874228,5.606403182577136,21.0,0,0.16252032312577214,20.80760156417995,20.5,21.5
354.0,20.528520894919133,20.83449279603098,5.608066121850981,21.0,0,0.16550720396902108,20.80462398759849,20.5,21.5
355.0,20.52553680396452,20.831506845335966,5.609728598056021,21.0,0,0.16849315466403425,20.801647338385834,20.5,21.5
356.0,20.522553642323338,20.828521824511053,5.611390609926211,21.0,0,0.1714781754889465,20.79867161626193,20.5,21.5
357.0,20.519571409716857,20.82553773327791,5.613052156195855,21.0,0,0.17446226672209164,20.795696820946457,20.5,21.5
358.0,20.516590105866154,20.822554571357998,5.6147132355996145,21.0,0,0.1774454286420024,20.79272295215889,20.5,21.5
359.0,20.5136097304921,20.81957233847259,5.616373846872503,21.0,0,0.18042766152741052,20.78975000961851,20.5,21.5
360.0,20.510630283315376,20.81659103434276,5.618033988749895,21.0,0,0.18340896565723952,20.78677799304447,20.5,21.5
361.0,20.50765176405646,20.813610658689385,5.619693659967519,21.0,0,0.18638934131061546,20.783806902155625,20.5,21.5
362.0,20.504674172435642,20.81063121123314,5.621352859261464,21.0,0,0.1893687887668598,20.780836736670697,20.5,21.5
363.0,20.501697508173006,20.80765269169451,5.623011585368176,21.0,0,0.1923473083054894,20.777867496308215,20.5,21.5
364.0,20.498721770988446,20.80467509979378,5.624669837024465,21.0,0,0.19532490020622006,20.774899180786473,20.5,21.5
365.0,20.495746960601654,20.801698435251037,5.626327612967499,21.0,0,0.198301564748963,20.771931789823608,20.5,21.5
366.0,20.492773076732128,20.79872269778617,5.62798491193481,21.0,0,0.20127730221382834,20.768965323137518,20.5,21.5
367.0,20.48980011909917,20.79574788711888,5.629641732664292,21.0,0,0.20425211288112166,20.765999780445945,20.5,21.5
368.0,20.48682808742188,20.792774002968653,5.631298073894205,21.0,0,0.20722599703134748,20.763035161466394,20.5,21.5
369.0,20.483856981419176,20.789801045054798,5.632953934363172,21.0,0,0.21019895494520213,20.76007146591625,20.5,21.5
370.0,20.480886800809767,20.786829013096423,5.634609312810184,21.0,0,0.2131709869035774,20.75710869351267,20.5,21.5
371.0,20.477917545312167,20.78385790681243,5.636264207974598,21.0,0,0.21614209318757105,20.754146843972492,20.5,21.5
372.0,20.4749492146447,20.780887725921538,5.63791861859614,21.0,0,0.21911227407846212,20.751185917012627,20.5,21.5
373.0,20.471981808525488,20.777918470142257,5.6395725434149035,21.0,0,0.22208152985774277,20.74822591234945,20.5,21.5
374.0,20.469015326672466,20.774950139192914,5.6412259811713525,21.0,0,0.22504986080708633,20.745266829699478,20.5,21.5
375.0,20.466049768803366,20.771982732791635,5.642878930606323,21.0,0,0.22801726720836513,20.742308668778847,20.5,21.5
376.0,20.463085134635726,20.769016250656346,5.644531390461022,21.0,0,0.23098374934365395,20.739351429303458,20.5,21.5
377.0,20.460121423886893,20.766050692504784,5.646183359477029,21.0,0,0.23394930749521592,20.736395110989164,20.5,21.5
378.0,20.45715863627401,20.76308605805449,5.6478348363962985,21.0,0,0.23691394194550952,20.733439713551554,20.5,21.5
379.0,20.454196771514034,20.760122347022804,5.649485819961159,21.0,0,0.23987765297719577,20.730485236705942,20.5,21.5
380.0,20.451235829323725,20.757159559126872,5.651136308914314,21.0,0,0.2428404408731275,20.727531680167555,20.5,21.5
381.0,20.44827580941964,20.754197694083654,5.652786301998844,21.0,0,0.2458023059163459,20.72457904365147,20.5,21.5
382.0,20.445316711518156,20.751236751609905,5.654435797958207,21.0,0,0.24876324839009456,20.72162732687242,20.5,21.5
383.0,20.442358535335444,20.74827673142219,5.656084795536243,21.0,0,0.251723268577809,20.718676529545046,20.5,21.5
384.0,20.439401280587486,20.745317633236883,5.6577332934771665,21.0,0,0.2546823667631166,20.715726651383807,20.5,21.5
385.0,20.436444946990065,20.742359456770153,5.659381290525575,21.0,0,0.2576405432298472,20.712777692102847,20.5,21.5
386.0,20.433489534258772,20.73940220173798,5.661028785426446,21.0,0,0.2605977982620189,20.709829651416264,20.5,21.5
387.0,20.430535042109007,20.73644586785615,5.662675776925142,21.0,0,0.2635541321438488,20.706882529037852,20.5,21.5
388.0,20.42758147025597,20.733490454840258,5.664322263767406,21.0,0,0.26650954515974234,20.703936324681322,20.5,21.5
389.0,20.42462881841467,20.730535962405693,5.665968244699369,21.0,0,0.26946403759430737,20.700991038060042,20.5,21.5
390.0,20.42167708629993,20.727582390267667,5.667613718467542,21.0,0,0.272417609732333,20.69804666888741,20.5,21.5
391.0,20.418726273626362,20.724629738141186,5.669258683818827,21.0,0,0.2753702618588143,20.695103216876372,20.5,21.5
392.0,20.4157763801084,20.72167800574106,5.67090313950051,21.0,0,0.27832199425893833,20.69216068173982,20.5,21.5
393.0,20.41282740546028,20.718727192781923,5.672547084260268,21.0,0,0.2812728072180768,20.68921906319054,20.5,21.5
394.0,20.40987934939604,20.7157772989782,5.674190516846164,21.0,0,0.28422270102180036,20.686278360940964,20.5,21.5
395.0,20.40693221162953,20.712828324044118,5.675833436006654,21.0,0,0.2871716759558822,20.6833385747033,20.5,21.5
396.0,20.403985991874407,20.709880267693727,5.677475840490583,21.0,0,0.2901197323062732,20.680399704189817,20.5,21.5
397.0,20.40104068984413,20.706933129640873,5.679117729047188,21.0,0,0.2930668703591266,20.67746174911234,20.5,21.5
398.0,20.398096305251972,20.703986909599212,5.6807591004261,21.0,0,0.2960130904007876,20.674524709182602,20.5,21.5
399.0,20.395152837811008,20.701041607282207,5.6823999533773435,21.0,0,0.29895839271779323,20.67158858411215,20.5,21.5
400.0,20.39221028723412,20.698097222403124,5.684040286651338,21.0,0,0.3019027775968759,20.668653373612297,20.5,21.5
401.0,20.389268653234005,20.695153754675044,5.685680098998897,21.0,0,0.3048462453249563,20.66571907739424,20.5,21.5
402.0,20.38632793552316,20.69221120381085,5.687319389171233,21.0,0,0.30778879618915056,20.662785695168907,20.5,21.5
403.0,20.383388133813888,20.689269569523237,5.688958155919954,21.0,0,0.3107304304767631,20.65985322664711,20.5,21.5
404.0,20.38044924781831,20.686328851524696,5.690596397997069,21.0,0,0.3136711484753043,20.656921671539283,20.5,21.5
405.0,20.377511277248345,20.68338904952754,5.692234114154986,21.0,0,0.3166109504724588,20.653991029555996,20.5,21.5
406.0,20.374574221815728,20.680450163243883,5.693871303146512,21.0,0,0.31954983675611714,20.6510613004073,20.5,21.5
407.0,20.371638081231993,20.67751219238565,5.695507963724856,21.0,0,0.32248780761435114,20.64813248380331,20.5,21.5
408.0,20.36870285520849,20.67457513666457,5.6971440946436305,21.0,0,0.3254248633354315,20.645204579453765,20.5,21.5
409.0,20.365768543456376,20.671638995792183,5.69877969465685,21.0,0,0.32836100420781733,20.642277587068325,20.5,21.5
410.0,20.362835145686617,20.668703769479837,5.7004147625189345,21.0,0,0.331296230520163,20.63935150635638,20.5,21.5
411.0,20.359902661609983,20.66576945743869,5.702049296984709,21.0,0,0.33423054256131124,20.636426337027206,20.5,21.5
412.0,20.35697109093706,20.662836059379703,5.703683296809404,21.0,0,0.33716394062029664,20.63350207878985,20.5,21.5
413.0,20.354040433378234,20.65990357501365,5.705316760748657,21.0,0,0.3400964249863492,20.630578731353125,20.5,21.5
414.0,20.351110688643708,20.65697200405112,5.706949687558514,21.0,0,0.34302799594888,20.62765629442581,20.5,21.5
415.0,20.34818185644349,20.654041346202494,5.708582075995432,21.0,0,0.34595865379750634,20.62473476771623,20.5,21.5
416.0,20.3452539364874,20.65111160117798,5.710213924816274,21.0,0,0.3488883988220195,20.62181415093285,20.5,21.5
417.0,20.342326928485065,20.64818276868758,5.711845232778318,21.0,0,0.3518172313124204,20.61889444378357,20.5,21.5
418.0,20.339400832145923,20.64525484844112,5.71347599863925,21.0,0,0.3547451515588804,20.61597564597652,20.5,21.5
419.0,20.33647564717922,20.64232784014822,5.715106221157173,21.0,0,0.3576721598517807,20.613057757219217,20.5,21.5
420.0,20.333551373294018,20.639401743518327,5.716735899090601,21.0,0,0.36059825648167276,20.610140777219407,20.5,21.5
421.0,20.330628010199177,20.636476558260682,5.718365031198462,21.0,0,0.36352344173931783,20.60722470568423,20.5,21.5
422.0,20.327705557603377,20.633552284084345,5.719993616240102,21.0,0,0.3664477159156547,20.604309542320976,20.5,21.5
423.0,20.324784015215105,20.630628920698182,5.7216216529752835,21.0,0,0.3693710793018177,20.601395286836553,20.5,21.5
424.0,20.321863382742656,20.62770646781087,5.723249140164184,21.0,0,0.3722935321891292,20.598481938937756,20.5,21.5
425.0,20.31894365989414,20.624784925130893,5.724876076567403,21.0,0,0.3752150748691072,20.595569498331113,20.5,21.5
426.0,20.316024846377474,20.621864292366553,5.726502460945957,21.0,0,0.3781357076334473,20.592657964723152,20.5,21.5
427.0,20.313106941900386,20.618944569225953,5.728128292061283,21.0,0,0.38105543077404747,20.58974733781995,20.5,21.5
428.0,20.310189946170418,20.61602575541702,5.729753568675239,21.0,0,0.3839742445829799,20.586837617327696,20.5,21.5
429.0,20.30727385889492,20.613107850647474,5.731378289550109,21.0,0,0.38689214935252636,20.58392880295201,20.5,21.5
430.0,20.30435867978105,20.610190854624854,5.733002453448594,21.0,0,0.3898091453751462,20.581020894398655,20.5,21.5
431.0,20.301444408535783,20.607274767056516,5.734626059133825,21.0,0,0.3927252329434836,20.578113891373143,20.5,21.5
432.0,20.298531044865904,20.60435958764962,5.736249105369356,21.0,0,0.3956404123503816,20.57520779358064,20.5,21.5
433.0,20.295618588478003,20.601445316111135,5.737871590919164,21.0,0,0.3985546838888645,20.572302600726307,20.5,21.5
434.0,20.292707039078493,20.59853195214785,5.739493514547658,21.0,0,0.4014680478521484,20.569398312515013,20.5,21.5
435.0,20.289796396373585,20.59561949546636,5.741114875019672,21.0,0,0.40438050453364127,20.56649492865143,20.5,21.5
436.0,20.286886660069314,20.592707945773064,5.742735671100469,21.0,0,0.4072920542269358,20.56359244884012,20.5,21.5
437.0,20.28397782987152,20.589797302774187,5.7443559015557435,21.0,0,0.41020269722581304,20.560690872785415,20.5,21.5
438.0,20.281069905485857,20.586887566175758,5.745975565151618,21.0,0,0.41311243382424223,20.557790200191466,20.5,21.5
439.0,20.27816288661779,20.58397873568362,5.747594660654649,21.0,0,0.416021264316381,20.55489043076223,20.5,21.5
440.0,20.275256772972597,20.58107081100342,5.749213186831824,21.0,0,0.4189291889965787,20.551991564201444,20.5,21.5
441.0,20.27235156425537,20.57816379184063,5.750831142450566,21.0,0,0.4218362081593696,20.54909360021272,20.5,21.5
442.0,20.26944726017101,20.57525767790053,5.752448526278731,21.0,0,0.42474232209946905,20.546196538499537,20.5,21.5
443.0,20.266543860424232,20.572352468888205,5.7540653370846115,21.0,0,0.4276475311117949,20.543300378764947,20.5,21.5
444.0,20.263641364719565,20.569448164508565,5.7556815736369344,21.0,0,0.4305518354914355,20.54040512071216,20.5,21.5
445.0,20.260739772761347,20.566544764466315,5.757297234704866,21.0,0,0.43345523553368537,20.537510764043816,20.5,21.5
446.0,20.257839084253735,20.563642268465987,5.75891231905801,21.0,0,0.436357731534013,20.53461730846271,20.5,21.5
447.0,20.254939298900695,20.560740676211925,5.7605268254664095,21.0,0,0.4392593237880753,20.531724753671302,20.5,21.5
448.0,20.252040416406007,20.55783998740828,5.762140752700548,21.0,0,0.4421600125917209,20.528833099371823,20.5,21.5
449.0,20.249142436473267,20.554940201759024,5.763754099531349,21.0,0,0.4450597982409761,20.525942345266472,20.5,21.5
450.0,20.24624535880588,20.55204131896793,5.765366864730179,21.0,0,0.4479586810320697,20.523052491056994,20.5,21.5
451.0,20.243349183107064,20.549143338738595,5.766979047068848,21.0,0,0.45085666126140467,20.520163536445246,20.5,21.5
452.0,20.240453909079857,20.546246260774428,5.768590645319607,21.0,0,0.45375373922557216,20.517275481132753,20.5,21.5
453.0,20.237559536427106,20.54335008477865,5.770201658255156,21.0,0,0.4566499152213517,20.514388324820853,20.5,21.5
454.0,20.23466606485147,20.540454810454293,5.771812084648637,21.0,0,0.45954518954570744,20.511502067210735,20.5,21.5
455.0,20.23177349405543,20.537560437504204,5.7734219232736415,21.0,0,0.46243956249579554,20.508616708003323,20.5,21.5
456.0,20.228881823741276,20.534666965631043,5.775031172904206,21.0,0,0.4653330343689568,20.50573224689943,20.5,21.5
457.0,20.225991053611107,20.531774394537294,5.776639832314817,21.0,0,0.4682256054627061,20.5028486835998,20.5,21.5
458.0,20.223101183366847,20.528882723925243,5.778247900280412,21.0,1,0.4711172760747573,20.49996601780473,20.5,21.5
459.0,20.24021221271023,20.529991953496996,5.779855375576377,21.0,1,0.4700080465030041,20.541084249214528,20.5,21.5
460.0,20.257320141342802,20.535101282954468,5.781462256978547,21.0,1,0.4648987170455321,20.586194577529188,20.5,21.5
461.0,20.274424969765928,20.5442099121594,5.783068543263215,21.0,1,0.45579008784060093,20.63529620420871,20.5,21.5
462.0,20.291526698480627,20.557317041133302,5.784674233207123,21.0,1,0.4426829588666976,20.688388330872336,20.5,21.5
463.0,20.308625327987574,20.574421870057446,5.786279325587468,21.0,1,0.4255781299425543,20.74547015929888,20.5,21.5
464.0,20.325720858787093,20.59152359927282,5.787883819181902,21.0,1,0.4084764007271815,20.762540891426546,20.5,21.5
465.0,20.342813291379173,20.608622229280094,5.789487712768534,21.0,1,0.391377770719906,20.77960852935285,20.5,21.5
466.0,20.35990262626345,20.625717760579597,5.79109100512593,21.0,1,0.3742822394204026,20.79667307357463,20.5,21.5
467.0,20.376988863939225,20.642810193671316,5.792693695033112,21.0,1,0.3571898063286838,20.813734524588504,20.5,21.5
468.0,20.394072004905443,20.659899529054893,5.794295781269561,21.0,1,0.34010047094510654,20.830792882890666,20.5,21.5
469.0,20.411152049660714,20.676985767229617,5.79589726261522,21.0,1,0.3230142327703831,20.84784814897685,20.5,21.5
470.0,20.428228998703304,20.694068908694444,5.797498137850493,21.0,1,0.3059310913055562,20.864900323342713,20.5,21.5
471.0,20.445302852531132,20.71114895394798,5.79909840575624,21.0,1,0.28885104605202017,20.88194940648334,20.5,21.5
472.0,20.462373611641777,20.72822590348849,5.80069806511379,21.0,1,0.2717740965115105,20.898995398893586,20.5,21.5
473.0,20.47944127653247,20.745299757813893,5.802297114704932,21.0,1,0.2547002421861073,20.916038301067925,20.5,21.5
474.0,20.496505847700103,20.762370517421772,5.8038955533119205,21.0,1,0.23762948257822814,20.933078113500564,20.5,21.5
475.0,20.513567325641226,20.779438182809358,5.805493379717475,21.0,1,0.22056181719064227,20.950114836685216,20.5,21.5
476.0,20.530625710852043,20.79650275447354,5.80709059270478,21.0,1,0.2034972455264601,20.96714847111536,20.5,21.5
477.0,20.547681003828412,20.813564232910867,5.80868719105749,21.0,1,0.186435767089133,20.984179017284138,20.5,21.5
478.0,20.564733205065856,20.830622618617546,5.810283173559725,21.0,1,0.1693773813824535,21.00120647568434,20.5,21.5
479.0,20.581782315059556,20.847677912089434,5.811878538996075,21.0,1,0.15232208791056578,21.01823084680831,20.5,21.5
480.0,20.598828334304343,20.864730113822056,5.8134732861516,21.0,1,0.13526988617794444,21.03525213114827,20.5,21.5
481.0,20.615871263294714,20.88177922431059,5.815067413811831,21.0,1,0.1182207756894087,21.05227032919595,20.5,21.5
482.0,20.63291110252482,20.89882524404987,5.81666092076277,21.0,1,0.10117475595012948,21.069285441442663,20.5,21.5
483.0,20.649947852488467,20.915868173534392,5.818253805790892,21.0,1,0.08413182646560813,21.086297468379605,20.5,21.5
484.0,20.666981513679126,20.932908013258306,5.819846067683145,21.0,1,0.06709198674169414,21.103306410497446,20.5,21.5
485.0,20.684012086589927,20.949944763715425,5.821437705226955,21.0,1,0.050055236284574534,21.12031226828662,20.5,21.5
486.0,20.701039571713654,20.966978425399212,5.823028717210217,21.0,1,0.03302157460078803,21.137315042237077,20.5,21.5
487.0,20.718063969542754,20.9840089988028,5.82461910242131,21.0,1,0.015991001197200205,21.154314732838678,20.5,21.5
488.0,20.73508528056933,21.001036484418975,5.826208859649084,21.0,1,-0.001036484418975192,21.17131134058073,20.5,21.5
489.0,20.752103505285145,21.01806088274018,5.827797987682869,21.0,1,-0.018060882740179807,21.188304865952226,20.5,21.5
490.0,20.769118644181624,21.035082194258518,5.829386485312478,21.0,1,-0.035082194258517774,21.205295309441897,20.5,21.5
491.0,20.78613069774985,21.052100419465756,5.830974351328199,21.0,1,-0.05210041946575572,21.222282671538135,20.5,21.5
492.0,20.803139666480565,21.06911555885332,5.8325615845208025,21.0,1,-0.06911555885331921,21.239266952728954,20.5,21.5
493.0,20.820145550864172,21.086127612912286,5.834148183681542,21.0,1,-0.08612761291228566,21.25624815350195,20.5,21.5
494.0,20.837148351390734,21.103136582133402,5.835734147602153,21.0,1,-0.10313658213340204,21.273226274344566,20.5,21.5
495.0,20.854148068549975,21.12014246700707,5.837319475074856,21.0,1,-0.12014246700707076,21.290201315743758,20.5,21.5
496.0,20.87114470283128,21.137145268023357,5.838904164892354,21.0,1,-0.1371452680233567,21.307173278186216,20.5,21.5
497.0,20.888138254723692,21.154144985671984,5.840488215847837,21.0,1,-0.15414498567198365,21.324142162158253,20.5,21.5
498.0,20.90512872471592,21.171141620442334,5.842071626734982,21.0,1,-0.17114162044233439,21.34110796814584,20.5,21.5
499.0,20.922116113296322,21.188135172823454,5.843654396347952,21.0,1,-0.18813517282345416,21.358070696634652,20.5,21.5
500.0,20.939100420952933,21.205125643304047,5.8452365234813985,21.0,1,-0.20512564330404714,21.375030348109977,20.5,21.5
501.0,20.956081648173438,21.222113032372476,5.846818006930464,21.0,1,-0.22211303237247648,21.39198692305677,20.5,21.5
502.0,20.973059795445188,21.239097340516775,5.84839884549078,21.0,1,-0.2390973405167749,21.40894042195976,20.5,21.5
503.0,20.990034863255197,21.25607856822463,5.8499790379584695,21.0,1,-0.2560785682246305,21.425890845303186,20.5,21.5
504.0,21.007006852090136,21.273056715983394,5.851558583130146,21.0,1,-0.27305671598339387,21.442838193571028,20.5,21.5
505.0,21.023975762436343,21.290031784280078,5.853137479802917,21.0,1,-0.29003178428007814,21.45978246724692,20.5,21.5
506.0,21.040941594779817,21.307003773601355,5.854715726774385,21.0,1,-0.30700377360135533,21.476723666814127,20.5,21.5
507.0,21.057904349606215,21.32397268443356,5.856293322842646,21.0,1,-0.32397268443356,21.493661792755606,20.5,21.5
508.0,21.074864027400864,21.340938517262693,5.857870266806292,21.0,0,-0.34093851726269264,21.51059684555402,20.5,21.5
509.0,21.071820628648744,21.35390127257441,5.859446557464411,21.0,0,-0.3539012725744115,21.4835288256916,20.5,21.5
510.0,21.068778153834508,21.362861750854044,5.8610221936165905,21.0,0,-0.3628617508540444,21.452466533650373,20.5,21.5
511.0,21.065736602642463,21.36782075242657,5.8625971740629135,21.0,0,-0.36782075242657086,21.417410768151836,20.5,21.5
512.0,21.062695974756746,21.368779077456676,5.864171497603965,21.0,0,-0.3687790774566757,21.378362327757724,20.5,21.5
513.0,21.059656269861314,21.365737525948767,5.8657451630408275,21.0,0,-0.3657375259487665,21.335322010869675,20.5,21.5
514.0,21.05661748763995,21.362696897747007,5.867318169175088,21.0,0,-0.3626968977470071,21.332290615729413,20.5,21.5
515.0,21.05357962777626,21.35965719253536,5.868890514808834,21.0,0,-0.35965719253535866,21.329260140418874,20.5,21.5
516.0,21.050542689953666,21.3566184099976,5.870462198744655,21.0,0,-0.3566184099976013,21.326230584620028,20.5,21.5
517.0,21.047506673855423,21.353580549817337,5.872033219785646,21.0,0,-0.35358054981733744,21.3232019480147,20.5,21.5
518.0,21.04447157916461,21.350543611677995,5.8736035767354045,21.0,0,-0.3505436116779954,21.320174230284575,20.5,21.5
519.0,21.041437405564125,21.347507595262833,5.875173268398037,21.0,0,-0.34750759526283304,21.31714743111121,20.5,21.5
520.0,21.038404152736693,21.344472500254916,5.876742293578155,21.0,0,-0.34447250025491627,21.31412155017575,20.5,21.5
521.0,21.035371820364862,21.34143832633716,5.878310651080877,21.0,0,-0.3414383263371583,21.31109658715958,20.5,21.5
522.0,21.032340408131006,21.338405073192277,5.87987833971183,21.0,0,-0.338405073192277,21.308072541743464,20.5,21.5
523.0,21.029309915717324,21.335372740502823,5.881445358277152,21.0,0,-0.33537274050282306,21.305049413608284,20.5,21.5
524.0,21.026280342805837,21.332341327951163,5.88301170558349,21.0,0,-0.33234132795116267,21.30202720243456,20.5,21.5
525.0,21.023251689078393,21.329310835219502,5.884577380438002,21.0,0,-0.329310835219502,21.299005907902895,20.5,21.5
526.0,21.020223954216664,21.326281261989863,5.88614238164836,21.0,0,-0.3262812619898625,21.295985529693468,20.5,21.5
527.0,21.01719713790215,21.32325260794409,5.887706708022744,21.0,0,-0.3232526079440916,21.292966067486383,20.5,21.5
528.0,21.014171239816175,21.320224872763863,5.889270358369855,21.0,0,-0.3202248727638626,21.289947520961572,20.5,21.5
529.0,21.011146259639887,21.31719805613067,5.890833331498904,21.0,0,-0.3171980561306711,21.286929889798756,20.5,21.5
530.0,21.00812219705426,21.314172157725846,5.892395626219617,21.0,0,-0.31417215772584584,21.283913173677593,20.5,21.5
531.0,21.005099051740093,21.31114717723053,5.8939572413422425,21.0,0,-0.31114717723053076,21.28089737227738,20.5,21.5
532.0,21.00207682337801,21.308123114325703,5.895518175677539,21.0,0,-0.30812311432570283,21.277882485277424,20.5,21.5
533.0,20.99905551164847,21.305099968692165,5.89707842803679,21.0,0,-0.30509996869216494,21.274868512356786,20.5,21.5
534.0,20.99603511623175,21.30207774001054,5.898637997231793,21.0,0,-0.3020777400105388,21.271855453194277,20.5,21.5
535.0,20.99301563680795,21.299056427961276,5.90019688207487,21.0,0,-0.2990564279612755,21.268843307468643,20.5,21.5
536.0,20.989997073057005,21.296036032224656,5.9017550813788615,21.0,0,-0.2960360322246558,21.26583207485846,20.5,21.5
537.0,20.98697942465867,21.293016552480786,5.903312593957131,21.0,0,-0.2930165524807862,21.26282175504209,20.5,21.5
538.0,20.98396269129253,21.2899979884096,5.904869418623566,21.0,0,-0.2899979884095991,21.25981234769773,20.5,21.5
539.0,20.980946872637997,21.28698033969085,5.906425554192575,21.0,0,-0.28698033969084946,21.256803852503353,20.5,21.5
540.0,20.977931968374307,21.283963606004118,5.9079809994790935,21.0,0,-0.28396360600411796,21.253796269136803,20.5,21.5
541.0,20.974917978180528,21.280947787028822,5.9095357532985835,21.0,0,-0.28094778702882195,21.250789597275862,20.5,21.5
542.0,20.971904901735552,21.277932882444198,5.911089814467031,21.0,0,-0.27793288244419756,21.247783836597954,20.5,21.5
543.0,20.9688927387181,21.27491889192931,5.912643181800952,21.0,0,-0.2749188919293104,21.24477898678044,20.5,21.5
544.0,20.965881488806716,21.271905815163056,5.914195854117389,21.0,0,-0.27190581516305556,21.241775047500507,20.5,21.5
545.0,20.962871151679778,21.26889365182415,5.915747830233913,21.0,0,-0.2688936518241505,21.2387720184351,20.5,21.5
546.0,20.95986172701549,21.265882401591142,5.9172991089686295,21.0,0,-0.26588240159114207,21.235769899261058,20.5,21.5
547.0,20.95685321449188,21.262872064142407,5.918849689140171,21.0,0,-0.2628720641424067,21.232768689655053,20.5,21.5
548.0,20.953845613786807,21.259862639156147,5.920399569567703,21.0,0,-0.2598626391561467,21.229768389293547,20.5,21.5
549.0,20.950838924577965,21.256854126310397,5.921948749070925,21.0,0,-0.2568541263103974,21.226768997852904,20.5,21.5
550.0,20.947833146542862,21.253846525283016,5.923497226470068,21.0,0,-0.25384652528301643,21.223770515009207,20.5,21.5
551.0,20.94482827935885,21.250839835751687,5.9250450005859,21.0,0,-0.25083983575168745,21.220772940438398,20.5,21.5
552.0,20.941824322703095,21.24783405739393,5.926592070239724,21.0,0,-0.2478340573939306,21.217776273816362,20.5,21.5
553.0,20.938821276252604,21.244829189887092,5.928138434253378,21.0,0,-0.244829189887092,21.214780514818706,20.5,21.5
554.0,20.935819139684202,21.24182523290834,5.929684091449239,21.0,0,-0.24182523290834013,21.21178566312082,20.5,21.5
555.0,20.932817912674555,21.238822186134676,5.931229040650223,21.0,0,-0.23882218613467643,21.20879171839804,20.5,21.5
556.0,20.92981759490015,21.23582004924294,5.932773280679783,21.0,0,-0.23582004924293898,21.205798680325564,20.5,21.5
557.0,20.926818186037305,21.23281882190978,5.934316810361912,21.0,0,-0.2328188219097811,21.202806548578202,20.5,21.5
558.0,20.92381968576217,21.229818503811693,5.935859628521147,21.0,0,-0.22981850381169266,21.19981532283081,20.5,21.5
559.0,20.920822093750722,21.226819094624993,5.937401733982563,21.0,0,-0.22681909462499306,21.196825002757997,20.5,21.5
560.0,20.91782540967877,21.223820594025835,5.9389431255717815,21.0,0,-0.22382059402583465,21.19383558803425,20.5,21.5
561.0,20.91482963322195,21.220823001690196,5.940483802114964,21.0,0,-0.22082300169019575,21.190847078333807,20.5,21.5
562.0,20.911834764055726,21.217826317293877,5.94202376243882,21.0,0,-0.21782631729387703,21.18785947333069,20.5,21.5
563.0,20.9088408018554,21.214830540512526,5.943563005370601,21.0,0,-0.21483054051252637,21.18487277269902,20.5,21.5
564.0,20.905847746296104,21.2118356710216,5.945101529738108,21.0,0,-0.21183567102159984,21.181886976112335,20.5,21.5
565.0,20.902855597052792,21.208841708496404,5.946639334369687,21.0,0,-0.20884170849640427,21.17890208324445,20.5,21.5
566.0,20.899864353800254,21.205848652612065,5.948176418094232,21.0,0,-0.2058486526120653,21.175918093768676,20.5,21.5
567.0,20.89687401621311,21.20285650304354,5.949712779741189,21.0,0,-0.20285650304354164,21.172935007358305,20.5,21.5
568.0,20.893884583965818,21.199865259465625,5.95124841814055,21.0,0,-0.19986525946562494,21.169952823686458,20.5,21.5
569.0,20.890896056732654,21.196874921552936,5.952783332122861,21.0,0,-0.1968749215529364,21.16697154242605,20.5,21.5
570.0,20.887908434187732,21.193885488979923,5.954317520519217,21.0,0,-0.19388548897992308,21.16399116324979,20.5,21.5
571.0,20.884921716005,21.190896961420872,5.955850982161267,21.0,0,-0.1908969614208722,21.161011685830363,20.5,21.5
572.0,20.88193590185823,21.187909338549893,5.957383715881214,21.0,0,-0.18790933854989333,21.158033109840105,20.5,21.5
573.0,20.878950991421036,21.184922620040936,5.958915720511813,21.0,0,-0.18492262004093618,21.155055434951365,20.5,21.5
574.0,20.875966984366855,21.181936805567776,5.960446994886378,21.0,0,-0.18193680556777636,21.152078660836178,20.5,21.5
575.0,20.87298388036896,21.178951894804023,5.961977537838775,21.0,0,-0.17895189480402252,21.149102787166484,20.5,21.5
576.0,20.870001679100454,21.17596788742311,5.96350734820343,21.0,0,-0.1759678874231092,21.146127813613976,20.5,21.5
577.0,20.867020380234276,21.17298478309832,5.9650364248153265,21.0,0,-0.17298478309832177,21.143153739850447,20.5,21.5
578.0,20.86403998344319,21.17000258150275,5.966564766510005,21.0,0,-0.17000258150275016,21.140180565547034,20.5,21.5
579.0,20.861060488399804,21.167021282309342,5.968092372123566,21.0,0,-0.1670212823093422,21.137208290375263,20.5,21.5
580.0,20.85808189477655,21.164040885190865,5.969619240492674,21.0,0,-0.16404088519086457,21.134236914006088,20.5,21.5
581.0,20.855104202245695,21.161061389819913,5.9711453704545505,21.0,0,-0.16106138981991336,21.1312664361104,20.5,21.5
582.0,20.852127410479337,21.158082795868925,5.972670760846981,21.0,0,-0.15808279586892482,21.12829685635904,20.5,21.5
583.0,20.849151519149412,21.155105103010168,5.974195410508315,21.0,0,-0.15510510301016822,21.125328174422602,20.5,21.5
584.0,20.846176527927685,21.152128310915742,5.9757193182774655,21.0,0,-0.1521283109157423,21.122360389971483,20.5,21.5
585.0,20.843202436485754,21.149152419257582,5.97724248299391,21.0,0,-0.14915241925758238,21.119393502675983,20.5,21.5
586.0,20.840229244495056,21.146177427707453,5.978764903497693,21.0,0,-0.14617742770745323,21.11642751220616,20.5,21.5
587.0,20.837256951626856,21.143203335936956,5.980286578629424,21.0,0,-0.14320333593695622,21.113462418231986,20.5,21.5
588.0,20.834285557552256,21.140230143617526,5.981807507230282,21.0,0,-0.14023014361752573,21.11049822042322,20.5,21.5
589.0,20.831315061942192,21.13725785042043,5.983327688142013,21.0,0,-0.13725785042042915,21.107534918449463,20.5,21.5
590.0,20.828345464467432,21.134286456016763,5.984847120206934,21.0,0,-0.13428645601676337,21.104572511980106,20.5,21.5
591.0,20.82537676479858,21.131315960077465,5.986365802267931,21.0,0,-0.13131596007746538,21.101611000684485,20.5,21.5
592.0,20.822408962606076,21.128346362273312,5.987883733168462,21.0,0,-0.1283463622733123,21.09865038423178,20.5,21.5
593.0,20.819442057560188,21.125377662274897,5.989400911752556,21.0,0,-0.12537766227489655,21.09569066229074,20.5,21.5
594.0,20.816476049331026,21.122409859752665,5.990917336864815,21.0,0,-0.12240985975266483,21.092731834530348,20.5,21.5
595.0,20.813510937588532,21.119442954376886,5.992433007350416,21.0,0,-0.11944295437688623,21.0897739006191,20.5,21.5
596.0,20.810546722002485,21.116476945817663,5.993947922055111,21.0,0,-0.11647694581766288,21.08681686022543,20.5,21.5
597.0,20.807583402242496,21.113511833744948,5.9954620798252245,21.0,0,-0.11351183374494767,21.083860713017796,20.5,21.5
598.0,20.80462097797801,21.110547617828512,5.99697547950766,21.0,0,-0.1105476178285123,21.08090545866416,20.5,21.5
599.0,20.80165944887832,21.107584297737972,5.9984881199499,21.0,0,-0.10758429773797218,21.07795109683257,20.5,21.5
600.0,20.798698814612532,21.104621873142772,6.0,21.0,0,-0.10462187314277216,21.074997627190772,20.5,21.5
601.0,20.79573907484961,21.1016603437122,6.001511118506599,21.0,0,-0.10166034371220078,21.072045049406487,20.5,21.5
602.0,20.79278022925834,21.09869970911537,6.003021474318915,21.0,0,-0.09869970911536896,21.06909336314705,20.5,21.5
603.0,20.78982227750735,21.095739969021235,6.004531066286745,21.0,0,-0.09573996902123483,21.066142568079893,20.5,21.5
604.0,20.786865219265106,21.092781123098593,6.0060398932604695,21.0,0,-0.0927811230985931,21.063192663872176,20.5,21.5
605.0,20.783909054199906,21.089823171016068,6.007547954091052,21.0,0,-0.08982317101606796,21.060243650190817,20.5,21.5
606.0,20.780953781979886,21.086866112442124,6.009055247630038,21.0,0,-0.08686611244212372,21.05729552670268,20.5,21.5
607.0,20.777999402273014,21.083909947045058,6.010561772729559,21.0,0,-0.08390994704505772,21.054348293074398,20.5,21.5
608.0,20.775045914747107,21.080954674493007,6.012067528242327,21.0,0,-0.08095467449300742,21.051401948972504,20.5,21.5
609.0,20.772093319069807,21.07800029445395,6.013572513021648,21.0,0,-0.0780002944539504,21.04845649406338,20.5,21.5
610.0,20.769141614908598,21.075046806595687,6.015076725921408,21.0,0,-0.07504680659568663,21.04551192801305,20.5,21.5
611.0,20.7661908019308,21.07209421058587,6.016580165796085,21.0,0,-0.0720942105858704,21.042568250487708,20.5,21.5
612.0,20.763240879803575,21.069142506091982,6.018082831500743,21.0,0,-0.06914250609198191,21.039625461153097,20.5,21.5
613.0,20.760291848193916,21.06619169278134,6.019584721891037,21.0,0,-0.06619169278134152,21.036683559674938,20.5,21.5
614.0,20.757343706768655,21.06324177032111,6.021085835823211,21.0,0,-0.06324177032110967,21.03374254571879,20.5,21.5
615.0,20.754396455194467,21.060292738378283,6.022586172154104,21.0,0,-0.06029273837828342,21.03080241895002,20.5,21.5
616.0,20.75145009313786,21.057344596619693,6.024085729741143,21.0,0,-0.05734459661969282,21.027863179033787,20.5,21.5
617.0,20.74850462026518,21.054397344712015,6.02558450744235,21.0,0,-0.05439734471201518,21.02492482563524,20.5,21.5
618.0,20.745560036242615,21.051450982321757,6.02708250411634,21.0,0,-0.051450982321757266,21.021987358419178,20.5,21.5
619.0,20.74261634073619,21.048505509115262,6.028579718622325,21.0,0,-0.04850550911526241,21.019050777050314,20.5,21.5
620.0,20.739673533411768,21.045560924758725,6.0300761498201085,21.0,0,-0.04556092475872475,21.016115081193348,20.5,21.5
621.0,20.73673161393505,21.04261722891816,6.031571796570095,21.0,0,-0.04261722891816078,21.01318027051252,20.5,21.5
622.0,20.733790581971576,21.03967442125944,6.033066657733284,21.0,0,-0.03967442125944132,21.010246344672247,20.5,21.5
623.0,20.730850437186728,21.036732501448263,6.034560732171273,21.0,0,-0.03673250144826312,21.00731330333648,20.5,21.5
624.0,20.727911179245726,21.03379146915017,6.036054018746261,21.0,0,-0.03379146915017017,21.00438114616924,20.5,21.5
625.0,20.724972807813625,21.030851324030543,6.037546516321043,21.0,0,-0.030851324030543026,21.00144987283427,20.5,21.5
626.0,20.722035322555328,21.0279120657546,6.039038223759019,21.0,0,-0.027912065754598814,20.998519482995157,20.5,21.5
627.0,20.71909872313557,21.0249736939874,6.040529139924188,21.0,0,-0.02497369398739835,20.995589976315394,20.5,21.5
628.0,20.716163009218928,21.022036208393835,6.042019263681153,21.0,0,-0.022036208393835466,20.992661352458207,20.5,21.5
629.0,20.71322818046982,21.01909960863866,6.043508593895119,21.0,0,-0.01909960863865834,20.989733611086887,20.5,21.5
630.0,20.710294236552503,21.016163894386434,6.044997129431898,21.0,0,-0.016163894386433952,20.98680675186419,20.5,21.5
631.0,20.70736117713108,21.013229065301584,6.046484869157903,21.0,0,-0.013229065301583631,20.98388077445308,20.5,21.5
632.0,20.704429001869485,21.010295121048365,6.047971811940158,21.0,0,-0.010295121048365274,20.98095567851618,20.5,21.5
633.0,20.7014977104315,21.007362061290884,6.04945795664629,21.0,0,-0.007362061290884014,20.97803146371607,20.5,21.5
634.0,20.698567302480743,21.004429885693067,6.050943302144535,21.0,0,-0.004429885693067348,20.9751081297149,20.5,21.5
635.0,20.695637777680677,21.0014985939187,6.052427847303739,21.0,0,-0.0014985939187006636,20.972185676175034,20.5,21.5
636.0,20.692709135694603,20.998568185631406,6.053911590993355,21.0,0,0.0014318143685940754,20.96926410275846,20.5,21.5
637.0,20.689781376185664,20.99563866049464,6.055394532083448,21.0,0,0.00436133950535833,20.966343409127,20.5,21.5
638.0,20.686854498816842,20.99271001817171,6.056876669444694,21.0,0,0.007289981828289882,20.963423594942395,20.5,21.5
639.0,20.683928503250968,20.989782258325754,6.058358001948381,21.0,0,0.010217741674246383,20.96050465986619,20.5,21.5
640.0,20.681003389150707,20.98685538061976,6.059838528466409,21.0,0,0.013144619380238254,20.957586603559843,20.5,21.5
641.0,20.67807915617857,20.983929384716554,6.061318247871295,21.0,0,0.016070615283446443,20.95466942568447,20.5,21.5
642.0,20.67515580399691,20.981004270278806,6.062797159036165,21.0,0,0.01899572972119401,20.95175312590133,20.5,21.5
643.0,20.672233332267915,20.978080036969022,6.064275260834767,21.0,0,0.021919963030978096,20.94883770387118,20.5,21.5
644.0,20.66931174065363,20.975156684449555,6.0657525521414595,21.0,0,0.024843315550445055,20.945923159254885,20.5,21.5
645.0,20.666391028815926,20.972234212382595,6.067229031831223,21.0,0,0.02776578761740467,20.943009491713,20.5,21.5
646.0,20.66347119641653,20.96931262043019,6.068704698779653,21.0,0,0.030687379569808826,20.94009670090615,20.5,21.5
647.0,20.660552243117003,20.96639190825421,6.070179551862964,21.0,0,0.0336080917457906,20.93718478649439,20.5,21.5
648.0,20.657634168578753,20.963472075516375,6.071653589957993,21.0,0,0.036527924483625185,20.93427374813803,20.5,21.5
649.0,20.654716972463028,20.960553121878256,6.0731268119421955,21.0,0,0.03944687812174408,20.931363585497067,20.5,21.5
650.0,20.651800654430925,20.957635047001258,6.074599216693648,21.0,0,0.04236495299874221,20.928454298231276,20.5,21.5
651.0,20.648885214143377,20.954717850546626,6.07607080309105,21.0,0,0.04528214945337439,20.925545886000304,20.5,21.5
652.0,20.645970651261166,20.95180153217546,6.077541570013726,21.0,0,0.04819846782454107,20.922638348463792,20.5,21.5
653.0,20.643056965444917,20.94888609154869,6.079011516341622,21.0,0,0.0511139084513097,20.919731685281004,20.5,21.5
654.0,20.640144156355095,20.945971528327103,6.08048064095531,21.0,0,0.05402847167289693,20.91682589611123,20.5,21.5
655.0,20.637232223652017,20.94305784217132,6.081948942735988,21.0,0,0.056942157828679285,20.913920980613497,20.5,21.5
656.0,20.634321166995832,20.940145032741814,6.083416420565479,21.0,0,0.059854967258186065,20.911016938446746,20.5,21.5
657.0,20.631410986046546,20.93723309969889,6.084883073326237,21.0,0,0.06276690030110998,20.90811376926965,20.5,21.5
658.0,20.628501680464,20.934322042702707,6.086348899901341,21.0,0,0.06567795729729298,20.905211472740877,20.5,21.5
659.0,20.62559324990789,20.931411861413267,6.087813899174501,21.0,0,0.0685881385867333,20.902310048518864,20.5,21.5
660.0,20.622685694037745,20.92850255549041,6.089278070030054,21.0,0,0.07149744450958906,20.899409496261853,20.5,21.5
661.0,20.619779012512943,20.925594124593836,6.0907414113529725,21.0,0,0.07440587540616406,20.896509815628086,20.5,21.5
662.0,20.61687320499271,20.922686568383067,6.092203922028858,21.0,0,0.0773134316169326,20.893611006275382,20.5,21.5
663.0,20.61396827113612,20.919779886517496,6.093665600943945,21.0,0,0.08022011348250402,20.890713067861782,20.5,21.5
664.0,20.61106421060208,20.91687407865633,6.0951264469851,21.0,0,0.08312592134366881,20.887816000044683,20.5,21.5
665.0,20.60816102304936,20.913969144458655,6.096586459039828,21.0,0,0.08603085554134537,20.88491980248189,20.5,21.5
666.0,20.605258708136557,20.911065083583377,6.098045635996264,21.0,0,0.08893491641662266,20.882024474830605,20.5,21.5
667.0,20.60235726552213,20.90816189568926,6.099503976743181,21.0,0,0.0918381043107388,20.8791300167481,20.5,21.5
668.0,20.599456694864376,20.905259580434908,6.100961480169991,21.0,0,0.09474041956509183,20.876236427891378,20.5,21.5
669.0,20.596556995821437,20.90235813747878,6.102418145166741,21.0,0,0.09764186252121831,20.873343707917517,20.5,21.5
670.0,20.593658168051306,20.89945756647917,6.103873970624116,21.0,0,0.10054243352082892,20.870451856483065,20.5,21.5
671.0,20.59076021121182,20.896557867094224,6.105328955433444,21.0,0,0.10344213290577642,20.86756087324475,20.5,21.5
672.0,20.587863124960663,20.89365903898193,6.106783098486688,21.0,0,0.10634096101806989,20.864670757858995,20.5,21.5
673.0,20.58496690895537,20.890761081800132,6.108236398676457,21.0,0,0.10923891819986764,20.861781509982155,20.5,21.5
674.0,20.582071562853315,20.88786399520651,6.109688854895999,21.0,0,0.1121360047934914,20.85889312927027,20.5,21.5
675.0,20.579177086311724,20.88496777885859,6.111140466039204,21.0,0,0.11503222114140854,20.85600561537942,20.5,21.5
676.0,20.57628347898767,20.882072432413764,6.11259123100061,21.0,0,0.11792756758623568,20.853118967965493,20.5,21.5
677.0,20.573390740538073,20.879177955529247,6.114041148675393,21.0,0,0.12082204447075284,20.850233186684076,20.5,21.5
678.0,20.5704988706197,20.87628434786211,6.11549021795938,21.0,0,0.12371565213788926,20.847348271190747,20.5,21.5
679.0,20.56760786888917,20.87339160906928,6.116938437749042,21.0,0,0.12660839093071985,20.844464221140974,20.5,21.5
680.0,20.56471773500294,20.870499738807524,6.118385806941494,21.0,0,0.12950026119247582,20.841581036189964,20.5,21.5
681.0,20.56182846861733,20.867608736733455,6.119832324434503,21.0,0,0.1323912632665447,20.838698715992766,20.5,21.5
682.0,20.55894006938849,20.86471860250354,6.121277989126483,21.0,0,0.13528139749645973,20.83581726020439,20.5,21.5
683.0,20.556052536972437,20.86182933577409,6.122722799916498,21.0,0,0.1381706642259104,20.832936668479583,20.5,21.5
684.0,20.553165871025026,20.85894093620126,6.124166755704261,21.0,0,0.141059063798739,20.830056940472975,20.5,21.5
685.0,20.55028007120196,20.856053403441067,6.125609855390137,21.0,0,0.1439465965589335,20.82717807583912,20.5,21.5
686.0,20.547395137158798,20.85316673714936,6.1270520978751435,21.0,0,0.1468332628506417,20.824300074232276,20.5,21.5
687.0,20.544511068550943,20.85028093698185,6.128493482060948,21.0,0,0.14971906301814997,20.821422935306767,20.5,21.5
688.0,20.541627865033643,20.84739600259409,6.129934006849876,21.0,0,0.15260399740591168,20.81854665871647,20.5,21.5
689.0,20.538745526262005,20.844511933641485,6.131373671144904,21.0,0,0.1554880663585152,20.81567124411545,20.5,21.5
690.0,20.535864051890982,20.841628729779288,6.132812473849666,21.0,0,0.1583712702207123,20.812796691157317,20.5,21.5
691.0,20.532983441575375,20.838746390662603,6.1342504138684495,21.0,0,0.16125360933739685,20.809922999495758,20.5,21.5
692.0,20.530103694969835,20.83586491594638,6.135687490106203,21.0,0,0.1641350840536191,20.80705016878416,20.5,21.5
693.0,20.527224811728864,20.83298430528543,6.137123701468528,21.0,0,0.16701569471457134,20.804178198675906,20.5,21.5
694.0,20.52434679150681,20.83010455833439,6.138559046861689,21.0,0,0.16989544166560933,20.80130708882401,20.5,21.5
695.0,20.52146963395788,20.82722567474777,6.139993525192606,21.0,0,0.1727743252522309,20.798436838881553,20.5,21.5
696.0,20.518593338736128,20.824347654179917,6.141427135368863,21.0,0,0.17565234582008316,20.795567448501394,20.5,21.5
697.0,20.515717905495453,20.82147049628504,6.1428598762987034,21.0,0,0.1785295037149588,20.792698917336285,20.5,21.5
698.0,20.512843333889613,20.818594200717193,6.1442917468910325,21.0,0,0.18140579928280687,20.789831245038712,20.5,21.5
699.0,20.509969623572214,20.81571876713027,6.145722746055418,21.0,0,0.1842812328697292,20.786964431261048,20.5,21.5
700.0,20.50709677419671,20.812844195178037,6.147152872702092,21.0,0,0.1871558048219626,20.784098475655703,20.5,21.5
701.0,20.50422478541641,20.809970484514093,6.148582125741951,21.0,0,0.1900295154859073,20.781233377874646,20.5,21.5
702.0,20.501353656884476,20.807097634791898,6.150010504086557,21.0,0,0.1929023652081021,20.77836913756995,20.5,21.5
703.0,20.498483388253916,20.804225645664758,6.151438006648137,21.0,0,0.19577435433524215,20.775505754393357,20.5,21.5
704.0,20.495613979177595,20.801354516785835,6.152864632339586,21.0,0,0.19864548321416464,20.77264322799661,20.5,21.5
705.0,20.492745429308226,20.79848424780814,6.1542903800744675,21.0,0,0.20151575219185958,20.76978155803119,20.5,21.5
706.0,20.48987773829838,20.795614838384534,6.15571524876701,21.0,0,0.20438516161546616,20.766920744148468,20.5,21.5
707.0,20.48701090580047,20.792746288167734,6.157139237332117,21.0,0,0.2072537118322657,20.76406078599974,20.5,21.5
708.0,20.484144931466776,20.789878596810308,6.1585623446853575,21.0,0,0.2101214031896923,20.76120168323604,20.5,21.5
709.0,20.48127981494942,20.78701176396467,6.159984569742974,21.0,0,0.21298823603532924,20.7583434355083,20.5,21.5
710.0,20.47841555590038,20.7841457892831,6.1614059114218795,21.0,0,0.21585421071689836,20.75548604246741,20.5,21.5
711.0,20.475552153971485,20.781280672417722,6.162826368639661,21.0,0,0.21871932758227786,20.752629503763927,20.5,21.5
712.0,20.47268960881442,20.778416413020512,6.164245940314579,21.0,0,0.221583586979488,20.74977381904841,20.5,21.5
713.0,20.46982792008072,20.7755530107433,6.165664625365567,21.0,0,0.22444698925669826,20.7469189879712,20.5,21.5
714.0,20.46696708742178,20.77269046523777,6.167082422712235,21.0,0,0.22730953476223092,20.744065010182442,20.5,21.5
715.0,20.464107110488836,20.76982877615546,6.168499331274869,21.0,0,0.2301712238445397,20.741211885332373,20.5,21.5
716.0,20.461247988932993,20.766967943147762,6.169915349974431,21.0,0,0.23303205685223816,20.738359613070777,20.5,21.5
717.0,20.4583897224052,20.764107965865918,6.171330477732561,21.0,0,0.235892034134082,20.73550819304748,20.5,21.5
718.0,20.455532310556265,20.761248843961027,6.1727447134715785,21.0,0,0.23875115603897257,20.73265762491212,20.5,21.5
719.0,20.452675753036846,20.75839057708404,6.17415805611448,21.0,0,0.24160942291596044,20.72980790831416,20.5,21.5
720.0,20.44982004949746,20.755533164885765,6.175570504584947,21.0,0,0.24446683511423473,20.726959042903022,20.5,21.5
721.0,20.44696519958848,20.752676607016863,6.176982057807334,21.0,0,0.24732339298313732,20.724111028327837,20.5,21.5
722.0,20.444111202960123,20.749820903127848,6.178392714706684,21.0,0,0.25017909687215223,20.7212638642377,20.5,21.5
723.0,20.441258059262474,20.74696605286909,6.179802474208721,21.0,0,0.2530339471309091,20.718417550281522,20.5,21.5
724.0,20.43840576814546,20.744112055890817,6.181211335239851,21.0,0,0.25588794410918325,20.715572086108075,20.5,21.5
725.0,20.43555432925888,20.7412589118431,6.1826192967271645,21.0,0,0.2587410881568992,20.71272747136594,20.5,21.5
726.0,20.432703742252375,20.738406620375876,6.184026357598439,21.0,0,0.26159337962412366,20.709883705703632,20.5,21.5
727.0,20.429854006775443,20.735555181138942,6.185432516782136,21.0,0,0.2644448188610582,20.707040788769596,20.5,21.5
728.0,20.427005122477443,20.732704593781936,6.186837773207403,21.0,0,0.26729540621806436,20.704198720211874,20.5,21.5
729.0,20.42415708900759,20.729854857954358,6.188242125804077,21.0,0,0.2701451420456422,20.70135749967858,20.5,21.5
730.0,20.421309906014947,20.727005973305573,6.189645573502682,21.0,0,0.27299402669442685,20.698517126817727,20.5,21.5
731.0,20.418463573148443,20.724157939484787,6.191048115234433,21.0,0,0.2758420605152132,20.695677601276923,20.5,21.5
732.0,20.41561809005686,20.721310756141072,6.192449749931232,21.0,0,0.2786892438589277,20.692838922703928,20.5,21.5
733.0,20.412773456388834,20.718464422923347,6.1938504765256726,21.0,0,0.281535577076653,20.690001090746094,20.5,21.5
734.0,20.40992967179286,20.7156189394804,6.195250293951043,21.0,0,0.28438106051959977,20.687164105050933,20.5,21.5
735.0,20.407086735917293,20.712774305460872,6.196649201141318,21.0,0,0.28722569453912783,20.68432796526559,20.5,21.5
736.0,20.404244648410337,20.70993052051325,6.198047197031172,21.0,0,0.29006947948674977,20.68149267103703,20.5,21.5
737.0,20.40140340892006,20.70708758428589,6.199444280555968,21.0,0,0.29291241571410964,20.67865822201229,20.5,21.5
738.0,20.39856301709439,20.704245496427,6.200840450651768,21.0,0,0.2957545035730007,20.67582461783809,20.5,21.5
739.0,20.3957234725811,20.70140425658465,6.202235706255326,21.0,0,0.2985957434153512,20.672991858161144,20.5,21.5
740.0,20.392884775027834,20.698563864406758,6.203630046304096,21.0,0,0.3014361355932422,20.670159942627848,20.5,21.5
741.0,20.39004692408209,20.695724319541107,6.205023469736227,21.0,0,0.3042756804588933,20.667328870884596,20.5,21.5
742.0,20.38720991939122,20.69288562163534,6.206415975490565,21.0,0,0.30711437836465905,20.664498642577684,20.5,21.5
743.0,20.38437376060244,20.690047770336953,6.207807562506657,21.0,0,0.3099522296630468,20.661669257353076,20.5,21.5
744.0,20.38153844736282,20.687210765293297,6.20919822972475,21.0,0,0.3127892347067025,20.65884071485674,20.5,21.5
745.0,20.378703979319294,20.68437460615159,6.2105879760857885,21.0,0,0.3156253938484106,20.65601301473451,20.5,21.5
746.0,20.375870356118646,20.681539292558902,6.211976800531422,21.0,0,0.31846070744109767,20.65318615663203,20.5,21.5
747.0,20.37303757740753,20.678704824162164,6.213364702003999,21.0,0,0.32129517583783596,20.65036014019478,20.5,21.5
748.0,20.37020564283245,20.675871200608164,6.214751679446573,21.0,0,0.32412879939183625,20.64753496506816,20.5,21.5
749.0,20.36737455203977,20.673038421543556,6.216137731802901,21.0,0,0.32696157845644436,20.644710630897475,20.5,21.5
750.0,20.36454430467572,20.67020648661484,6.217522858017441,21.0,0,0.32979351338515883,20.641887137327696,20.5,21.5
751.0,20.36171490038639,20.66737539546839,6.218907057035362,21.0,0,0.3326246045316097,20.63906448400388,20.5,21.5
752.0,20.35888633881772,20.664545147750427,6.220290327802536,21.0,0,0.3354548522495726,20.636242670570798,20.5,21.5
753.0,20.356058619615517,20.661715743107045,6.22167266926554,21.0,0,0.3382842568929547,20.633421696673224,20.5,21.5
754.0,20.353231742425447,20.658887181184177,6.2230540803716625,21.0,0,0.341112818815823,20.630601561955494,20.5,21.5
755.0,20.350405706893035,20.656059461627642,6.224434560068898,21.0,0,0.34394053837235816,20.62778226606229,20.5,21.5
756.0,20.34758051266367,20.6532325840831,6.225814107305953,21.0,0,0.34676741591690075,20.624963808637673,20.5,21.5
757.0,20.344756159382598,20.650406548196074,6.227192721032241,21.0,0,0.3495934518039263,20.622146189325818,20.5,21.5
758.0,20.34193264669493,20.647581353611955,6.228570400197887,21.0,0,0.35241864638804543,20.619329407770763,20.5,21.5
759.0,20.33910997424563,20.64475699997599,6.229947143753728,21.0,0,0.35524300002401077,20.616513463616336,20.5,21.5
760.0,20.336288141679532,20.64193348693329,6.231322950651316,21.0,0,0.35806651306671,20.613698356506298,20.5,21.5
761.0,20.333467148641326,20.63911081412882,6.2326978198429135,21.0,0,0.36088918587118,20.61088408608412,20.5,21.5
762.0,20.330646994775567,20.636288981207414,6.2340717502814975,21.0,0,0.3637110187925856,20.60807065199336,20.5,21.5
763.0,20.327827679726667,20.633467987813763,6.23544474092076,21.0,0,0.3665320121862372,20.605258053877247,20.5,21.5
764.0,20.325009203138904,20.630647833592416,6.236816790715109,21.0,0,0.36935216640758384,20.60244629137895,20.5,21.5
765.0,20.32219156465642,20.627828518187794,6.2381878986196675,21.0,0,0.37217148181220594,20.599635364141573,20.5,21.5
766.0,20.319374763923214,20.625010041244174,6.23955806359028,21.0,0,0.3749899587558261,20.596825271807973,20.5,21.5
767.0,20.31655880058315,20.622192402405688,6.240927284583504,21.0,0,0.3778075975943125,20.594016014020823,20.5,21.5
768.0,20.313743674279948,20.619375601316342,6.24229556055662,21.0,0,0.3806243986836577,20.59120759042289,20.5,21.5
769.0,20.310929384657204,20.616559637620007,6.2436628904676255,21.0,0,0.3834403623799929,20.588400000656655,20.5,21.5
770.0,20.308115931358365,20.613744510960395,6.2450292732752395,21.0,0,0.3862554890396055,20.58559324436427,20.5,21.5
771.0,20.305303314026748,20.6109302209811,6.246394707938901,21.0,0,0.38906977901890016,20.582787321188153,20.5,21.5
772.0,20.30249153230553,20.608116767325576,6.247759193418772,21.0,0,0.3918832326744237,20.57998223077034,20.5,21.5
773.0,20.299680585837752,20.60530414963714,6.249122728675739,21.0,0,0.3946958503628615,20.57717797275276,20.5,21.5
774.0,20.29687047426632,20.60249236755896,6.25048531267141,21.0,0,0.3975076324410409,20.574374546777165,20.5,21.5
775.0,20.294061197234,20.599681420734086,6.251846944368118,21.0,0,0.40031857926591385,20.571571952485357,20.5,21.5
776.0,20.29125275438343,20.596871308805426,6.253207622728921,21.0,0,0.4031286911945742,20.568770189518823,20.5,21.5
777.0,20.288445145357098,20.59406203141574,6.254567346717603,21.0,0,0.40593796858426145,20.565969257518866,20.5,21.5
778.0,20.285638369797372,20.59125358820766,6.255926115298676,21.0,0,0.4087464117923396,20.56316915612688,20.5,21.5
779.0,20.282832427346474,20.588445978823692,6.257283927437378,21.0,0,0.41155402117630757,20.560369884984013,20.5,21.5
780.0,20.280027317646493,20.58563920290619,6.258640782099675,21.0,0,0.4143607970938099,20.557571443731167,20.5,21.5
781.0,20.277223040339383,20.58283326009738,6.259996678252264,21.0,0,0.4171667399026191,20.55477383200929,20.5,21.5
782.0,20.274419595066966,20.580028150039357,6.261351614862573,21.0,0,0.41997184996064263,20.551977049459122,20.5,21.5
783.0,20.271616981470924,20.577223872374066,6.262705590898755,21.0,0,0.42277612762593364,20.549181095721156,20.5,21.5
784.0,20.268815199192808,20.574420426743334,6.264058605329701,21.0,0,0.42557957325666607,20.54638597043601,20.5,21.5
785.0,20.266014247874036,20.57161781278884,6.265410657125032,21.0,0,0.4283821872111595,20.543591673243906,20.5,21.5
786.0,20.263214127155887,20.568816030152142,6.2667617452551,21.0,0,0.4311839698478579,20.540798203785158,20.5,21.5
787.0,20.26041483667951,20.56601507847465,6.268111868690994,21.0,0,0.43398492152535084,20.53800556169972,20.5,21.5
788.0,20.25761637608591,20.563214957397644,6.269461026404535,21.0,0,0.43678504260235584,20.535213746627594,20.5,21.5
789.0,20.254818745015974,20.560415666562278,6.2708092173682815,21.0,0,0.43958433343772185,20.532422758208618,20.5,21.5
790.0,20.252021943110446,20.55761720560956,6.272156440555528,21.0,0,0.4423827943904399,20.52963259608238,20.5,21.5
791.0,20.249225970009935,20.55481957418037,6.273502694940304,21.0,0,0.445180425819629,20.52684325988848,20.5,21.5
792.0,20.24643082535492,20.552022771915453,6.2748479794973795,21.0,0,0.44797722808454665,20.524054749266277,20.5,21.5
793.0,20.243636508785748,20.549226798455418,6.276192293202261,21.0,0,0.4507732015445818,20.521267063855067,20.5,21.5
794.0,20.24084301994263,20.54643165344075,6.277535635031195,21.0,0,0.45356834655925127,20.518480203294054,20.5,21.5
795.0,20.23805035846565,20.54363733651179,6.27887800396117,21.0,0,0.45636266348821053,20.515694167222197,20.5,21.5
796.0,20.235258523994748,20.540843847308754,6.280219398969911,21.0,0,0.45915615269124643,20.512908955278395,20.5,21.5
797.0,20.23246751616974,20.53805118547172,6.2815598190358894,21.0,0,0.46194881452828085,20.510124567101375,20.5,21.5
798.0,20.229677334630313,20.53525935064063,6.282899263138315,21.0,0,0.46474064935937065,20.50734100232973,20.5,21.5
799.0,20.226887979016016,20.53246834245531,6.2842377302571455,21.0,0,0.46753165754468995,20.504558260602117,20.5,21.5
800.0,20.224099448966264,20.52967816055543,6.2855752193730785,21.0,0,0.4703218394445692,20.50177634155664,20.5,21.5
801.0,20.221311744120346,20.52688880458055,6.286911729467558,21.0,1,0.4731111954194489,20.498995244831754,20.5,21.5
802.0,20.238524864117416,20.528100274170086,6.288247259522773,21.0,1,0.471899725829914,20.540214970065435,20.5,21.5
803.0,20.255734808596497,20.533311768963323,6.28958180852166,21.0,1,0.46668823103667734,20.58542671689569,20.5,21.5
804.0,20.27294157799648,20.54252248875942,6.290915375447901,21.0,1,0.45747751124057956,20.634629686720398,20.5,21.5
805.0,20.29014517275597,20.55573163351736,6.292247959285928,21.0,1,0.444268366482639,20.687823081096766,20.5,21.5
806.0,20.307345593313276,20.57293840335595,6.29357955902092,21.0,1,0.42706159664405163,20.745006101741822,20.5,21.5
807.0,20.324542840106417,20.590141998553747,6.2949101736388045,21.0,1,0.40985800144625273,20.762177950531736,20.5,21.5
808.0,20.341736913573126,20.607342419549074,6.296239802126262,21.0,1,0.39265758045092625,20.77934662950234,20.5,21.5
809.0,20.358927814150835,20.624539666779942,6.297568443470722,21.0,1,0.3754603332200581,20.796512139088623,20.5,21.5
810.0,20.3761155422767,20.64173374068409,6.298896096660367,21.0,1,0.3582662593159114,20.813674479725556,20.5,21.5
811.0,20.393300098387577,20.658924641698952,6.3002227606841315,21.0,1,0.3410753583010475,20.83083365184759,20.5,21.5
812.0,20.410481482920037,20.676112370261677,6.301548434531702,21.0,1,0.32388762973832286,20.847989655888924,20.5,21.5
813.0,20.42765969631036,20.693296926809122,6.302873117193521,21.0,1,0.306703073190878,20.86514249228357,20.5,21.5
814.0,20.444834738994537,20.710478311777866,6.304196807660785,21.0,1,0.2895216882221341,20.882292161465305,20.5,21.5
815.0,20.46200661140827,20.72765652560418,6.305519504925445,21.0,1,0.2723434743958215,20.899438663867304,20.5,21.5
816.0,20.479175313986975,20.74483156872406,6.306841207980211,21.0,1,0.2551684312759406,20.91658199992287,20.5,21.5
817.0,20.496340847165772,20.762003441573206,6.308161915818548,21.0,1,0.23799655842679357,20.933722170064677,20.5,21.5
818.0,20.513503211379504,20.779172144587033,6.309481627434679,21.0,1,0.220827855412967,20.9508591747253,20.5,21.5
819.0,20.530662407062714,20.79633767820067,6.310800341823588,21.0,1,0.20366232179933164,20.967993014337022,20.5,21.5
820.0,20.547818434649667,20.81350004284895,6.3121180579810146,21.0,1,0.1864999571510495,20.985123689331772,20.5,21.5
821.0,20.564971294574335,20.830659238966422,6.313434774903461,21.0,1,0.16934076103357754,21.002251200141142,20.5,21.5
822.0,20.5821209872704,20.847815266987347,6.314750491588192,21.0,1,0.15218473301265334,21.01937554719659,20.5,21.5
823.0,20.599267513171263,20.864968127345698,6.316065207033229,21.0,1,0.13503187265430228,21.03649673092921,20.5,21.5
824.0,20.616410872710034,20.88211782047516,6.317378920237361,21.0,1,0.11788217952484104,21.05361475176977,20.5,21.5
825.0,20.63355106631954,20.899264346809133,6.318691630200138,21.0,1,0.10073565319086697,21.070729610148874,20.5,21.5
826.0,20.65068809443232,20.91640770678073,6.320003335921873,21.0,1,0.08359229321926875,21.087841306496713,20.5,21.5
827.0,20.667821957480616,20.933547900822774,6.321314036403647,21.0,1,0.06645209917722639,21.104949841243197,20.5,21.5
828.0,20.6849526558964,20.950684929367803,6.322623730647304,21.0,1,0.04931507063219698,21.122055214818097,20.5,21.5
829.0,20.70208019011135,20.967818792848067,6.323932417655453,21.0,1,0.03218120715193251,21.139157427650712,20.5,21.5
830.0,20.719204560556857,20.98494949169553,6.325240096431475,21.0,1,0.01505050830446919,21.156256480170164,20.5,21.5
831.0,20.73632576766403,21.002077026341873,6.326546765979513,21.0,1,-0.0020770263418725676,21.17335237280529,20.5,21.5
832.0,20.753443811863693,21.019201397218485,6.327852425304483,21.0,1,-0.019201397218484573,21.190445105984605,20.5,21.5
833.0,20.77055869358638,21.03632260475648,6.329157073412068,21.0,1,-0.036322604756481525,21.20753468013645,20.5,21.5
834.0,20.787670413262347,21.05344064938668,6.3304607093087215,21.0,1,-0.053440649386679695,21.22462109568866,20.5,21.5
835.0,20.804778971321557,21.070555531539622,6.331763332001668,21.0,1,-0.0705555315396218,21.241704353069043,20.5,21.5
836.0,20.821884368193693,21.087667251645552,6.333064940498905,21.0,1,-0.08766725164555211,21.258784452704855,20.5,21.5
837.0,20.838986604308154,21.10477581013445,6.3343655338091995,21.0,1,-0.10477581013444848,21.275861395023412,20.5,21.5
838.0,20.856085680094054,21.121881207435983,6.335665110942093,21.0,1,-0.12188120743598319,21.29293518045133,20.5,21.5
839.0,20.873181595980224,21.13898344397956,6.3369636709079025,21.0,1,-0.13898344397955853,21.310005809415312,20.5,21.5
840.0,20.89027435239521,21.156082520194285,6.3382612127177165,21.0,1,-0.15608252019428548,21.327073282341555,20.5,21.5
841.0,20.907363949767273,21.173178436509,6.339557735383401,21.0,1,-0.17317843650900144,21.34413759965616,20.5,21.5
842.0,20.924450388524395,21.190271193352253,6.340853237917598,21.0,1,-0.1902711933522525,21.361198761784763,20.5,21.5
843.0,20.941533669094273,21.207360791152293,6.342147719333726,21.0,1,-0.20736079115229344,21.378256769152703,20.5,21.5
844.0,20.95861379190432,21.224447230337113,6.34344117864598,21.0,1,-0.22444723033711256,21.395311622185304,20.5,21.5
845.0,20.975690757381667,21.241530511334407,6.344733614869336,21.0,1,-0.24153051133440684,21.41236332130735,20.5,21.5
846.0,20.992764565953163,21.258610634571586,6.346025027019547,21.0,1,-0.2586106345715855,21.429411866943372,20.5,21.5
847.0,21.009835218045374,21.275687600475784,6.347315414113146,21.0,1,-0.2756876004757842,21.44645725951777,20.5,21.5
848.0,21.02690271408459,21.292761409473844,6.348604775167447,21.0,1,-0.29276140947384377,21.46349949945444,20.5,21.5
849.0,21.043967054496804,21.30983206199234,6.349893109200546,21.0,1,-0.3098320619923385,21.480538587177286,20.5,21.5
850.0,21.061028239707746,21.326899558457555,6.351180415231321,21.0,1,-0.3268995584575549,21.49757452310972,20.5,21.5
851.0,21.07808627014285,21.343963899295492,6.352466692279431,21.0,0,-0.34396389929549187,21.51460730767486,20.5,21.5
852.0,21.075141146227278,21.35702508493187,6.3537519393653215,21.0,0,-0.3570250849318697,21.487636941295648,20.5,21.5
853.0,21.072196868385905,21.36608391579214,6.35503615551022,21.0,0,-0.3660839157921387,21.45667222439483,20.5,21.5
854.0,21.06925343624333,21.371141192141444,6.3563193397361415,21.0,0,-0.3711411921414438,21.421713955634495,20.5,21.5
855.0,21.066310849424028,21.3721977140847,6.357601491065884,21.0,0,-0.3721977140846988,21.38276293351725,20.5,21.5
856.0,21.063369107552354,21.369254281566594,6.358882608523033,21.0,0,-0.3692542815665938,21.339819956385544,20.5,21.5
857.0,21.06042821025255,21.366311694371646,6.360162691131963,21.0,0,-0.366311694371646,21.33688582242217,20.5,21.5
858.0,21.057488157148725,21.36336995212421,6.361441737917835,21.0,0,-0.3633699521242093,21.333952529649842,20.5,21.5
859.0,21.05454894786488,21.36042905444852,6.3627197479066,21.0,0,-0.36042905444852025,21.33102007769163,20.5,21.5
860.0,21.05161058202489,21.357489000968695,6.363996720124997,21.0,0,-0.3574890009686946,21.32808846617044,20.5,21.5
861.0,21.048673059252508,21.354549791308727,6.365272653600556,21.0,0,-0.35454979130872744,21.325157694709056,20.5,21.5
862.0,21.045736379171377,21.351611425092493,6.3665475473615984,21.0,0,-0.3516114250924929,21.322227762930147,20.5,21.5
863.0,21.042800541405015,21.34867390194375,6.367821400437236,21.0,0,-0.3486739019437515,21.319298670456337,20.5,21.5
864.0,21.03986554557682,21.34573722148614,6.3690942118573775,21.0,0,-0.3457372214861394,21.31637041691002,20.5,21.5
865.0,21.036931391310077,21.34280138334318,6.370365980652718,21.0,0,-0.3428013833431791,21.313443001913576,20.5,21.5
866.0,21.033998078227945,21.339866387138265,6.371636705854753,21.0,0,-0.3398663871382652,21.310516425089126,20.5,21.5
867.0,21.031065605953472,21.336932232494682,6.372906386495767,21.0,0,-0.3369322324946822,21.30759068605885,20.5,21.5
868.0,21.02813397410958,21.3339989190356,6.3741750216088455,21.0,0,-0.33399891903560075,21.304665784444786,20.5,21.5
869.0,21.02520318231908,21.33106644638405,6.375442610227868,21.0,0,-0.3310664463840496,21.301741719868538,20.5,21.5
870.0,21.02227323020466,21.32813481416297,6.376709151387508,21.0,0,-0.3281348141629685,21.298818491952158,20.5,21.5
871.0,21.019344117388897,21.325204021995155,6.377974644123241,21.0,0,-0.3252040219951553,21.295896100317023,20.5,21.5
872.0,21.016415843494244,21.32227406950331,6.37923908747134,21.0,0,-0.3222740695033117,21.292974544584876,20.5,21.5
873.0,21.01348840814304,21.319344956310005,6.380502480468874,21.0,0,-0.3193449563100046,21.290053824376933,20.5,21.5
874.0,21.010561810957505,21.31641668203769,6.381764822153716,21.0,0,-0.3164166820376906,21.28713393931455,20.5,21.5
875.0,21.007636051559743,21.31348924630871,6.383026111564538,21.0,0,-0.3134892463087091,21.284214889018894,20.5,21.5
876.0,21.004711129571742,21.31056264874528,6.384286347740813,21.0,0,-0.31056264874527884,21.281296673110976,20.5,21.5
877.0,21.001787044615376,21.307636888969505,6.385545529722816,21.0,0,-0.3076368889695047,21.278379291211763,20.5,21.5
878.0,20.9988637963124,21.304711966603378,6.386803656551626,21.0,0,-0.30471196660337796,21.27546274294211,20.5,21.5
879.0,20.995941384284446,21.301787881268766,6.388060727269123,21.0,0,-0.30178788126876555,21.27254702792264,20.5,21.5
880.0,20.993019808153043,21.298864632587428,6.3893167409179945,21.0,0,-0.2988646325874278,21.26963214577405,20.5,21.5
881.0,20.990099067539596,21.295942220180997,6.3905716965417305,21.0,0,-0.29594222018099714,21.26671809611669,20.5,21.5
882.0,20.987179162065395,21.293020643671003,6.391825593184628,21.0,0,-0.293020643671003,21.26380487857106,20.5,21.5
883.0,20.98426009135162,21.290099902678847,6.393078429891791,21.0,0,-0.2900999026788469,21.260892492757286,20.5,21.5
884.0,20.981341855019327,21.287179996825824,6.394330205709129,21.0,0,-0.28717999682582374,21.257980938295592,20.5,21.5
885.0,20.978424452689463,21.284260925733108,6.39558091968336,21.0,0,-0.2842609257331077,21.255070214805947,20.5,21.5
886.0,20.97550788398286,21.28134268902176,6.3968305708620115,21.0,0,-0.2813426890217592,21.252160321908274,20.5,21.5
887.0,20.972592148520235,21.278425286312725,6.39807915829342,21.0,0,-0.278425286312725,21.249251259222383,20.5,21.5
888.0,20.96967724592219,21.275508717226835,6.39932668102673,21.0,0,-0.2755087172268347,21.24634302636793,20.5,21.5
889.0,20.96676317580921,21.272592981384815,6.400573138111902,21.0,0,-0.2725929813848147,21.243435622964615,20.5,21.5
890.0,20.96384993780167,21.269678078407257,6.401818528599701,21.0,0,-0.26967807840725655,21.240529048631675,20.5,21.5
891.0,20.96093753151983,21.266764007914652,6.403062851541711,21.0,0,-0.26676400791465227,21.23762330298861,20.5,21.5
892.0,20.958025956583832,21.263850769527373,6.404306105990325,21.0,0,-0.2638507695273731,21.23471838565458,20.5,21.5
893.0,20.955115212613713,21.260938362865677,6.40554829099875,21.0,0,-0.2609383628656765,21.23181429624871,20.5,21.5
894.0,20.95220529922939,21.25802678754971,6.406789405621008,21.0,0,-0.25802678754971,21.228911034390045,20.5,21.5
895.0,20.94929621605067,21.25511604319951,6.408029448911937,21.0,0,-0.25511604319951076,21.22600859969752,20.5,21.5
896.0,20.94638796269724,21.25220612943499,6.409268419927189,21.0,0,-0.25220612943499177,21.223106991789802,20.5,21.5
897.0,20.943480538788688,21.249297045875963,6.410506317723235,21.0,0,-0.2492970458759629,21.220206210285674,20.5,21.5
898.0,20.940573943944475,21.246388792142117,6.411743141357362,21.0,0,-0.24638879214211684,21.217306254803656,20.5,21.5
899.0,20.93766817778396,21.24348136785303,6.412978889887674,21.0,0,-0.24348136785302898,21.21440712496215,20.5,21.5
900.0,20.93476323992638,21.24057477262817,6.414213562373095,21.0,0,-0.24057477262817173,21.2115088203796,20.5,21.5
901.0,20.93185912999087,21.237669006086897,6.415447157873368,21.0,0,-0.23766900608689667,21.208611340674146,20.5,21.5
902.0,20.928955847596445,21.234764067848452,6.416679675449058,21.0,0,-0.23476406784845238,21.20571468546401,20.5,21.5
903.0,20.926053392362014,21.23185995753196,6.417911114161547,21.0,0,-0.23185995753195954,21.20281885436703,20.5,21.5
904.0,20.923151763906375,21.22895667475644,6.419141473073042,21.0,0,-0.22895667475643933,21.199923847001237,20.5,21.5
905.0,20.920250961848208,21.226054219140806,6.420370751246571,21.0,0,-0.22605421914080637,21.197029662984477,20.5,21.5
906.0,20.917350985806088,21.22315259030385,6.421598947745985,21.0,0,-0.22315259030385093,21.194136301934297,20.5,21.5
907.0,20.914451835398477,21.22025178786426,6.422826061635959,21.0,0,-0.22025178786426025,21.191243763468353,20.5,21.5
908.0,20.911553510243724,21.2173518114406,6.424052091981993,21.0,0,-0.21735181144060078,21.188352047204006,20.5,21.5
909.0,20.908656009960072,21.21445266065134,6.425277037850411,21.0,0,-0.2144526606513395,21.185461152758727,20.5,21.5
910.0,20.90575933416565,21.21155433511483,6.426500898308364,21.0,0,-0.21155433511482968,21.18257107974973,20.5,21.5
911.0,20.90286348247848,21.208656834449307,6.427723672423827,21.0,0,-0.20865683444930738,21.179681827794084,20.5,21.5
912.0,20.89996845451647,21.205760158272902,6.428945359265606,21.0,0,-0.20576015827290206,21.17679339650885,20.5,21.5
913.0,20.89707424989742,21.20286430620364,6.430165957903335,21.0,0,-0.20286430620364015,21.17390578551102,20.5,21.5
914.0,20.89418086823902,21.19996927785943,6.4313854674074715,21.0,0,-0.19996927785943086,21.171018994417338,20.5,21.5
915.0,20.891288309158853,21.19707507285807,6.432603886849308,21.0,0,-0.1970750728580697,21.168133022844458,20.5,21.5
916.0,20.88839657227439,21.194181690817253,6.4338212153009655,21.0,0,-0.19418169081725267,21.165247870409083,20.5,21.5
917.0,20.885505657202998,21.19128913135456,6.435037451835394,21.0,0,-0.1912891313545586,21.162363536727618,20.5,21.5
918.0,20.882615563561924,21.188397394087463,6.436252595526378,21.0,0,-0.18839739408746325,21.15948002141651,20.5,21.5
919.0,20.879726290968318,21.18550647863332,6.437466645448531,21.0,0,-0.1855064786333216,21.156597324091905,20.5,21.5
920.0,20.876837839039215,21.182616384609396,6.438679600677302,21.0,0,-0.18261638460939622,21.153715444370143,20.5,21.5
921.0,20.87395020739154,21.179727111632825,6.439891460288973,21.0,0,-0.1797271116328254,21.150834381867117,20.5,21.5
922.0,20.87106339564212,21.17683865932065,6.4411022233606605,21.0,0,-0.17683865932065146,21.147954136198912,20.5,21.5
923.0,20.868177403407664,21.1739510272898,6.442311888970315,21.0,0,-0.1739510272897995,21.14507470698128,20.5,21.5
924.0,20.865292230304778,21.171064215157095,6.443520456196724,21.0,0,-0.17106421515709513,21.14219609383005,20.5,21.5
925.0,20.862407875949955,21.16817822253924,6.444727924119511,21.0,0,-0.16817822253923964,21.139318296360685,20.5,21.5
926.0,20.859524339959588,21.16529304905285,6.445934291819136,21.0,0,-0.16529304905284903,21.136441314188943,20.5,21.5
927.0,20.85664162194996,21.162408694314415,6.4471395583768984,21.0,0,-0.16240869431441496,21.133565146930074,20.5,21.5
928.0,20.853759721537248,21.159525157940333,6.4483437228749345,21.0,0,-0.15952515794033317,21.130689794199515,20.5,21.5
929.0,20.850878638337516,21.15664243954688,6.4495467843962215,21.0,0,-0.15664243954687862,21.127815255612333,20.5,21.5
930.0,20.847998371966728,21.153760538750237,6.450748742024575,21.0,0,-0.15376053875023743,21.124941530783826,20.5,21.5
931.0,20.84511892204074,21.150879455166468,6.451949594844653,21.0,0,-0.15087945516646784,21.122068619328772,20.5,21.5
932.0,20.8422402881753,21.147999188411536,6.453149341941952,21.0,0,-0.1479991884115357,21.119196520862214,20.5,21.5
933.0,20.839362469986053,21.145119738101293,6.454347982402814,21.0,0,-0.1451197381012932,21.116325234998868,20.5,21.5
934.0,20.836485467088536,21.142241103851497,6.455545515314421,21.0,0,-0.14224110385149658,21.11345476135353,20.5,21.5
935.0,20.83360927909818,21.13936328527779,6.4567419397648,21.0,0,-0.1393632852777884,21.110585099540707,20.5,21.5
936.0,20.830733905630314,21.136486281995705,6.4579372548428235,21.0,0,-0.13648628199570467,21.107716249174867,20.5,21.5
937.0,20.82785934630016,21.133610093620675,6.459131459638204,21.0,0,-0.13361009362067477,21.104848209870376,20.5,21.5
938.0,20.824985600722826,21.13073471976803,6.460324553241504,21.0,0,-0.13073471976802864,21.101980981241567,20.5,21.5
939.0,20.82211266851333,21.12786016005299,6.461516534744132,21.0,0,-0.1278601600529896,21.0991145629026,20.5,21.5
940.0,20.819240549286576,21.124986414090667,6.4627074032383405,21.0,0,-0.12498641409066735,21.096248954467445,20.5,21.5
941.0,20.816369242657366,21.12211348149608,6.463897157817232,21.0,0,-0.12211348149607915,21.093384155550197,20.5,21.5
942.0,20.8134987482404,21.11924136188413,6.4650857975747575,21.0,0,-0.1192413618841286,21.090520165764623,20.5,21.5
943.0,20.810629065650264,21.116370054869616,6.466273321605715,21.0,0,-0.11637005486961627,21.087656984724493,20.5,21.5
944.0,20.807760194501455,21.113499560067243,6.4674597290057525,21.0,0,-0.11349956006724327,21.084794612043513,20.5,21.5
945.0,20.804892134408355,21.1106298770916,6.468645018871371,21.0,0,-0.11062987709160055,21.081933047335173,20.5,21.5
946.0,20.802024884985247,21.107761005557172,6.46982919029992,21.0,0,-0.1077610055571725,21.079072290212892,20.5,21.5
947.0,20.79915844584631,21.104892945078355,6.471012242389601,21.0,0,-0.10489294507835467,21.076212340290176,20.5,21.5
948.0,20.796292816605618,21.102025695269425,6.472194174239468,21.0,0,-0.1020256952694254,21.073353197180133,20.5,21.5
949.0,20.793427996877146,21.099159255744564,6.47337498494943,21.0,0,-0.09915925574456352,21.070494860495945,20.5,21.5
950.0,20.79056398627476,21.096293626117845,6.474554673620248,21.0,0,-0.09629362611784487,21.06763732985066,20.5,21.5
951.0,20.787700784412227,21.093428806003242,6.475733239353537,21.0,0,-0.09342880600324222,21.064780604857216,20.5,21.5
952.0,20.784838390903214,21.090564795014622,6.476910681251768,21.0,0,-0.09056479501462178,21.061924685128417,20.5,21.5
953.0,20.781976805361285,21.087701592765757,6.478086998418267,21.0,0,-0.0877015927657574,21.059069570277114,20.5,21.5
954.0,20.779116027399898,21.084839198870306,6.47926218995722,21.0,0,-0.08483919887030567,21.05621525991579,20.5,21.5
955.0,20.77625605663241,21.081977612941834,6.4804362549736645,21.0,0,-0.08197761294183437,21.05336175365712,20.5,21.5
956.0,20.77339689267208,21.079116834593805,6.4816091925735,21.0,0,-0.0791168345938047,21.050509051113508,20.5,21.5
957.0,20.770538535132058,21.076256863439575,6.482781001863485,21.0,0,-0.07625686343957483,21.047657151897276,20.5,21.5
958.0,20.767680983625404,21.073397699092396,6.483951681951233,21.0,0,-0.07339769909239635,21.04480605562061,20.5,21.5
959.0,20.76482423776507,21.070539341165432,6.485121231945222,21.0,0,-0.07053934116543203,21.04195576189579,20.5,21.5
960.0,20.761968297163904,21.067681789271727,6.486289650954788,21.0,0,-0.06768178927172741,21.03910627033468,20.5,21.5
961.0,20.759113161434662,21.064825043024246,6.487456938090131,21.0,0,-0.0648250430242463,21.036257580549435,20.5,21.5
962.0,20.756258830189992,21.06196910203583,6.4886230924623085,21.0,0,-0.061969102035831725,21.033409692151686,20.5,21.5
963.0,20.753405303042445,21.05911396591924,6.489788113183244,21.0,0,-0.05911396591924145,21.03056260475334,20.5,21.5
964.0,20.750552579604474,21.056259634287123,6.490951999365724,21.0,0,-0.056259634287123106,21.02771631796594,20.5,21.5
965.0,20.747700659488427,21.05340610675203,6.492114750123399,21.0,0,-0.05340610675202839,21.02487083140108,20.5,21.5
966.0,20.744849542306554,21.050553382926402,6.493276364570782,21.0,0,-0.050553382926402435,21.022026144670143,20.5,21.5
967.0,20.741999227671005,21.047701462422605,6.494436841823255,21.0,0,-0.04770146242260509,21.01918225738463,20.5,21.5
968.0,20.739149715193836,21.044850344852886,6.4955961809970635,21.0,0,-0.04485034485288608,21.016339169155696,20.5,21.5
969.0,20.736301004486997,21.042000029829392,6.49675438120932,21.0,0,-0.042000029829392105,21.013496879594452,20.5,21.5
970.0,20.733453095162343,21.039150516964177,6.497911441578005,21.0,0,-0.039150516964177484,21.01065538831203,20.5,21.5
971.0,20.730605986831627,21.036301805869194,6.4990673612219645,21.0,0,-0.036301805869193515,21.007814694919354,20.5,21.5
972.0,20.727759679106505,21.033453896156296,6.500222139260919,21.0,0,-0.03345389615629557,21.004974799027316,20.5,21.5
973.0,20.724914171598535,21.030606787437232,6.501375774815453,21.0,0,-0.03060678743723244,21.0021357002466,20.5,21.5
974.0,20.722069463919176,21.027760479323668,6.502528267007023,21.0,0,-0.027760479323667653,20.99929739818802,20.5,21.5
975.0,20.719225555679795,21.024914971427158,6.503679614957955,21.0,0,-0.02491497142715815,20.996459892462063,20.5,21.5
976.0,20.71638244649165,21.02207026335916,6.504829817791449,21.0,0,-0.0220702633591614,20.993623182679194,20.5,21.5
977.0,20.71354013596591,21.019226354731043,6.505978874631575,21.0,0,-0.019226354731042505,20.990787268449854,20.5,21.5
978.0,20.710698623713643,21.016383245154067,6.507126784603276,21.0,0,-0.016383245154067083,20.987952149384313,20.5,21.5
979.0,20.707857909345822,21.013540934239394,6.508273546832369,21.0,0,-0.013540934239394176,20.985117825092665,20.5,21.5
980.0,20.70501799247332,21.0106994215981,6.509419160445544,21.0,0,-0.010699421598101111,20.98228429518517,20.5,21.5
981.0,20.702178872706913,21.007858706841155,6.510563624570367,21.0,0,-0.007858706841155083,20.979451559271695,20.5,21.5
982.0,20.699340549657286,21.00501878957943,6.511706938335279,21.0,0,-0.005018789579430916,20.97661961696219,20.5,21.5
983.0,20.696503022935023,21.002179669423708,6.512849100869596,21.0,0,-0.0021796694237075087,20.973788467866473,20.5,21.5
984.0,20.69366629215061,20.999341345984664,6.513990111303513,21.0,0,0.0006586540153357134,20.970958111594232,20.5,21.5
985.0,20.69083035691444,20.99650381887289,6.515129968768099,21.0,0,0.003496181127111697,20.96812854775513,20.5,21.5
986.0,20.68799521683681,20.993667087698867,6.516268672395304,21.0,0,0.006332912301132865,20.965299775958655,20.5,21.5
987.0,20.685160871527923,20.990831152072992,6.517406221317956,21.0,0,0.009168847927007562,20.962471795814245,20.5,21.5
988.0,20.68232732059788,20.987996011605567,6.518542614669761,21.0,0,0.012003988394432952,20.959644606931313,20.5,21.5
989.0,20.679494563656696,20.985161665906784,6.519677851585308,21.0,0,0.014838334093216332,20.95681820891895,20.5,21.5
990.0,20.676662600314284,20.982328114586753,6.520811931200062,21.0,0,0.017671885413246713,20.95399260138645,20.5,21.5
991.0,20.67383143018046,20.97949535725548,6.521944852650374,21.0,0,0.020504642744519685,20.95116778394275,20.5,21.5
992.0,20.671001052864955,20.97666339352289,6.523076615073474,21.0,0,0.023336606477109,20.948343756196998,20.5,21.5
993.0,20.6681714679774,20.973832222998794,6.524207217607476,21.0,0,0.02616777700120565,20.945520517757828,20.5,21.5
994.0,20.665342675127324,20.971001845292918,6.525336659391376,21.0,0,0.028998154707082335,20.94269806823415,20.5,21.5
995.0,20.662514673924175,20.968172260014896,6.526464939565058,21.0,0,0.03182773998510413,20.939876407234678,20.5,21.5
996.0,20.659687463977303,20.965343466774264,6.527592057269285,21.0,0,0.034656533225735586,20.93705553436795,20.5,21.5
997.0,20.65686104489596,20.962515465180466,6.528718011645708,21.0,0,0.03748453481953362,20.934235449242486,20.5,21.5
998.0,20.65403541628931,20.959688254842852,6.529842801836864,21.0,0,0.04031174515714753,20.931416151466713,20.5,21.5
999.0,20.65121057776642,20.95686183537067,6.5309664269861765,21.0,0,0.04313816462932962,20.92859764064885,20.5,21.5
1000.0,20.648386528936264,20.95403620637309,6.532088886237956,21.0,0,0.04596379362691039,20.925779916397282,20.5,21.5
1001.0,20.645563269407724,20.951211367459173,6.533210178737401,21.0,0,0.04878863254082688,20.922962978320008,20.5,21.5
1002.0,20.64274079878959,20.9483873182379,6.534330303630599,21.0,0,0.05161268176210143,20.920146826025153,20.5,21.5
1003.0,20.639919116690557,20.945564058318148,6.535449260064525,21.0,0,0.054435941681852285,20.91733145912064,20.5,21.5
1004.0,20.63709822271923,20.94274158730871,6.536567047187047,21.0,0,0.05725841269129006,20.914516877214332,20.5,21.5
1005.0,20.634278116484126,20.939919904818282,6.537683664146919,21.0,0,0.06008009518171775,20.911703079914005,20.5,21.5
1006.0,20.63145879759366,20.93709901045547,6.53879911009379,21.0,0,0.06290098954453072,20.90889006682734,20.5,21.5
1007.0,20.62864026565616,20.934278903828783,6.539913384178199,21.0,0,0.06572109617121669,20.906077837561924,20.5,21.5
1008.0,20.625822520279865,20.931459584546644,6.541026485551578,21.0,0,0.06854041545335576,20.903266391725253,20.5,21.5
1009.0,20.62300556107292,20.928641052217383,6.542138413366253,21.0,0,0.07135894778261687,20.900455728924772,20.5,21.5
1010.0,20.62018938764338,20.925823306449235,6.54324916677544,21.0,0,0.07417669355076484,20.897645848767755,20.5,21.5
1011.0,20.617373999599206,20.923006346850343,6.544358744933254,21.0,0,0.0769936531496569,20.894836750861423,20.5,21.5
1012.0,20.614559396548273,20.920190173028764,6.545467146994702,21.0,0,0.07980982697123551,20.89202843481298,20.5,21.5
1013.0,20.61174557809836,20.917374784592464,6.546574372115688,21.0,0,0.08262521540753553,20.889220900229464,20.5,21.5
1014.0,20.608932543857165,20.914560181149312,6.5476804194530125,21.0,0,0.08543981885068774,20.88641414671779,20.5,21.5
1015.0,20.606120293432284,20.911746362307092,6.548785288164371,21.0,0,0.08825363769290817,20.883608173884888,20.5,21.5
1016.0,20.60330882643123,20.9089333276735,6.549888977408359,21.0,0,0.09106667232650167,20.880802981337563,20.5,21.5
1017.0,20.600498142461426,20.90612107685613,6.5509914863444685,21.0,0,0.09387892314386903,20.877998568682457,20.5,21.5
1018.0,20.597688241130204,20.903309609462497,6.552092814133092,21.0,0,0.09669039053750339,20.875194935526153,20.5,21.5
1019.0,20.594879122044805,20.900498925100027,6.553192959935519,21.0,0,0.09950107489997251,20.872392081475336,20.5,21.5
1020.0,20.592070784812382,20.897689023376046,6.554291922913942,21.0,0,0.10231097662395428,20.869590006136228,20.5,21.5
1021.0,20.589263229040004,20.894879903897802,6.555389702231452,21.0,0,0.10512009610219764,20.86678870911537,20.5,21.5
1022.0,20.58645645433464,20.892071566272442,6.556486297052041,21.0,0,0.10792843372755812,20.863988190018837,20.5,21.5
1023.0,20.583650460303186,20.88926401010704,6.557581706540608,21.0,0,0.11073598989295874,20.861188448453035,20.5,21.5
1024.0,20.580845246552435,20.886457235008567,6.5586759298629485,21.0,0,0.11354276499143268,20.858389484023828,20.5,21.5
1025.0,20.578040812689096,20.88365124058391,6.559768966185763,21.0,0,0.11634875941609124,20.855591296337323,20.5,21.5
1026.0,20.575237158319794,20.880846026439865,6.560860814676659,21.0,0,0.11915397356013457,20.852793884999432,20.5,21.5
1027.0,20.572434283051066,20.87804159218315,6.561951474504146,21.0,0,0.12195840781685163,20.849997249615978,20.5,21.5
1028.0,20.569632186489358,20.875237937420383,6.5630409448376374,21.0,0,0.12476206257961664,20.847201389792733,20.5,21.5
1029.0,20.566830868241027,20.8724350617581,6.564129224847456,21.0,0,0.12756493824189974,20.84440630513527,20.5,21.5
1030.0,20.56403032791235,20.86963296480275,6.565216313704828,21.0,0,0.13036703519724924,20.841611995249256,20.5,21.5
1031.0,20.561230565109508,20.866831646160694,6.566302210581888,21.0,0,0.1331683538393058,20.83881845974013,20.5,21.5
1032.0,20.5584315794386,20.8640311054382,6.56738691465168,21.0,0,0.13596889456179895,20.83602569821327,20.5,21.5
1033.0,20.555633370505642,20.86123134224146,6.568470425088152,21.0,0,0.13876865775853986,20.83323371027405,20.5,21.5
1034.0,20.55283593791656,20.858432356176568,6.569552741066166,21.0,0,0.14156764382343212,20.830442495527645,20.5,21.5
1035.0,20.55003928127719,20.855634146849535,6.57063386176149,21.0,0,0.14436585315046457,20.82765205357921,20.5,21.5
1036.0,20.547243400193288,20.852836713866292,6.571713786350804,21.0,0,0.14716328613370777,20.82486238403386,20.5,21.5
1037.0,20.54444829427052,20.850040056832675,6.572792514011698,21.0,0,0.14995994316732464,20.822073486496507,20.5,21.5
1038.0,20.541653963114467,20.84724417535444,6.573870043922675,21.0,0,0.1527558246455598,20.81928536057209,20.5,21.5
1039.0,20.538860406330627,20.844449069037257,6.574946375263147,21.0,0,0.1555509309627432,20.816498005865423,20.5,21.5
1040.0,20.536067623524414,20.8416547374867,6.576021507213444,21.0,0,0.1583452625133006,20.813711421981125,20.5,21.5
1041.0,20.53327561430115,20.83886118030827,6.577095438954804,21.0,0,0.16113881969172894,20.810925608523988,20.5,21.5
1042.0,20.53048437826608,20.836068397107383,6.5781681696693814,21.0,0,0.16393160289261743,20.808140565098498,20.5,21.5
1043.0,20.52769391502436,20.833276387489363,6.5792396985402455,21.0,0,0.16672361251063705,20.805356291309167,20.5,21.5
1044.0,20.524904224181064,20.830485151059452,6.58031002475138,21.0,0,0.16951484894054758,20.802572786760347,20.5,21.5
1045.0,20.522115305341178,20.827694687422806,6.581379147487686,21.0,0,0.17230531257719406,20.79979005105634,20.5,21.5
1046.0,20.519327158109608,20.824904996184493,6.58244706593498,21.0,0,0.1750950038155068,20.797008083801366,20.5,21.5
1047.0,20.516539782091172,20.822116076949513,6.583513779279994,21.0,0,0.17788392305048717,20.79422688459971,20.5,21.5
1048.0,20.51375317689061,20.819327929322764,6.584579286710381,21.0,0,0.180672070677236,20.791446453055276,20.5,21.5
1049.0,20.510967342112576,20.816540552909068,6.58564358741471,21.0,0,0.18345944709093231,20.788666788772105,20.5,21.5
1050.0,20.508182277361637,20.81375394731316,6.58670668058247,21.0,0,0.18624605268684036,20.78588789135408,20.5,21.5
1051.0,20.505397982242282,20.810968112139694,6.587768565404069,21.0,0,0.1890318878603061,20.783109760405036,20.5,21.5
1052.0,20.502614456358916,20.808183046993243,6.588829241070837,21.0,0,0.19181695300675727,20.78033239552873,20.5,21.5
1053.0,20.49983169931586,20.805398751478293,6.58988870677502,21.0,0,0.1946012485217068,20.777555796328798,20.5,21.5
1054.0,20.497049710717352,20.802615225199247,6.5909469617097916,21.0,0,0.1973847748007529,20.774779962408786,20.5,21.5
1055.0,20.49426849016755,20.79983246776043,6.592004005069244,21.0,0,0.2001675322395684,20.772004893372277,20.5,21.5
1056.0,20.49148803727053,20.797050478766078,6.5930598360483925,21.0,0,0.20294952123392207,20.76923058882254,20.5,21.5
1057.0,20.488708351630283,20.79426925782035,6.594114453843176,21.0,0,0.20573074217965015,20.76645704836307,20.5,21.5
1058.0,20.485929432850725,20.791488804527322,6.595167857650457,21.0,0,0.2085111954726777,20.763684271597047,20.5,21.5
1059.0,20.483151280535683,20.78870911849099,6.596220046668023,21.0,0,0.21129088150901154,20.76091225812765,20.5,21.5
1060.0,20.48037389428891,20.78593019931526,6.597271020094586,21.0,0,0.21406980068474013,20.758141007557974,20.5,21.5
1061.0,20.47759727371407,20.783152046603966,6.598320777129784,21.0,0,0.2168479533960337,20.75537051949103,20.5,21.5
1062.0,20.474821418414756,20.780374659960863,6.599369316974181,21.0,0,0.21962534003913703,20.75260079352983,20.5,21.5
1063.0,20.472046327994466,20.777598038989616,6.6004166388292695,21.0,0,0.2224019610103838,20.74983182927715,20.5,21.5
1064.0,20.469272002056634,20.774822183293804,6.601462741897467,21.0,0,0.2251778167061964,20.747063626335677,20.5,21.5
1065.0,20.466498440204603,20.772047092476942,6.602507625382121,21.0,0,0.22795290752305775,20.74429618430833,20.5,21.5
1066.0,20.463725642041638,20.769272766142457,6.603551288487508,21.0,0,0.230727233857543,20.741529502797604,20.5,21.5
1067.0,20.46095360717093,20.76649920389369,6.6045937304188325,21.0,0,0.23350079610630914,20.73876358140603,20.5,21.5
1068.0,20.458182335195577,20.76372640533391,6.605634950382229,21.0,0,0.2362735946660912,20.735998419736088,20.5,21.5
1069.0,20.455411825718613,20.760954370066305,6.606674947584764,21.0,0,0.23904562993369538,20.733234017390263,20.5,21.5
1070.0,20.452642078342986,20.75818309769398,6.607713721234434,21.0,0,0.24181690230602015,20.730470373970732,20.5,21.5
1071.0,20.449873092671563,20.75541258781997,6.608751270540169,21.0,0,0.24458741218003155,20.727707489079854,20.5,21.5
1072.0,20.447104868307136,20.75264284004721,6.609787594711828,21.0,0,0.2473571599527915,20.72494536231961,20.5,21.5
1073.0,20.444337404852416,20.749873853978574,6.610822692960206,21.0,0,0.2501261460214259,20.72218399329223,20.5,21.5
1074.0,20.441570701910038,20.747105629216858,6.611856564497032,21.0,0,0.25289437078314236,20.719423381599693,20.5,21.5
1075.0,20.438804759082554,20.744338165364773,6.612889208534965,21.0,0,0.2556618346352266,20.71666352684393,20.5,21.5
1076.0,20.436039575972444,20.741571462024947,6.613920624287604,21.0,0,0.2584285379750533,20.71390442862668,20.5,21.5
1077.0,20.43327515218211,20.738805518799943,6.6149508109694795,21.0,0,0.2611944812000573,20.711146086549903,20.5,21.5
1078.0,20.430511487313865,20.736040335292234,6.615979767796061,21.0,0,0.263959664707766,20.708388500215147,20.5,21.5
1079.0,20.42774858096996,20.73327591110422,6.617007493983752,21.0,0,0.26672408889578136,20.705631669224065,20.5,21.5
1080.0,20.424986432752565,20.73051224583822,6.618033988749895,21.0,0,0.26948775416177995,20.702875593178234,20.5,21.5
1081.0,20.422225042263765,20.727749339096484,6.619059251312769,21.0,0,0.27225066090351646,20.70012027167912,20.5,21.5
1082.0,20.419464409105576,20.72498719048118,6.620083280891592,21.0,0,0.27501280951882023,20.697365704328142,20.5,21.5
1083.0,20.416704532879933,20.722225799594394,6.621106076706521,21.0,0,0.27777420040560585,20.694611890726538,20.5,21.5
1084.0,20.4139454131887,20.71946516603814,6.622127637978653,21.0,0,0.28053483396185896,20.69185883047561,20.5,21.5
1085.0,20.411187049633657,20.716705289414364,6.623147963930025,21.0,0,0.28329471058563627,20.68910652317659,20.5,21.5
1086.0,20.408429441816516,20.713946169324913,6.624167053783612,21.0,0,0.28605383067508683,20.686354968430408,20.5,21.5
1087.0,20.40567258933891,20.711187805371583,6.6251849067633355,21.0,0,0.28881219462841656,20.683604165838286,20.5,21.5
1088.0,20.402916491802394,20.708430197156076,6.626201522094055,21.0,0,0.29156980284392375,20.680854115001004,20.5,21.5
1089.0,20.40016114880845,20.705673344280026,6.627216899001574,21.0,0,0.2943266557199742,20.67810481551952,20.5,21.5
1090.0,20.39740655995849,20.70291724634499,6.628231036712639,21.0,0,0.29708275365500825,20.67535626699465,20.5,21.5
1091.0,20.39465272485384,20.700161902952456,6.629243934454938,21.0,0,0.2998380970475445,20.672608469027093,20.5,21.5
1092.0,20.391899643095762,20.697407313703827,6.630255591457108,21.0,0,0.30259268629617253,20.669861421217547,20.5,21.5
1093.0,20.389147314285434,20.694653478200433,6.631266006948728,21.0,0,0.3053465217995672,20.667115123166486,20.5,21.5
1094.0,20.386395738023968,20.69190039604354,6.63227518016032,21.0,0,0.3080996039564603,20.66436957447461,20.5,21.5
1095.0,20.383644913912395,20.68914806683432,6.633283110323358,21.0,0,0.3108519331656794,20.66162477474213,20.5,21.5
1096.0,20.380894841551676,20.686396490173887,6.634289796670257,21.0,0,0.3136035098261125,20.658880723569556,20.5,21.5
1097.0,20.3781455205427,20.683645665663274,6.635295238434383,21.0,0,0.3163543343367259,20.65613742055714,20.5,21.5
1098.0,20.375396950486277,20.680895592903443,6.636299434850047,21.0,0,0.31910440709655674,20.653394865305135,20.5,21.5
1099.0,20.37264913098315,20.67814627149528,6.637302385152511,21.0,0,0.3218537285047205,20.650653057413642,20.5,21.5
1100.0,20.369902061633983,20.6753977010396,6.638304088577984,21.0,0,0.32460229896040005,20.647911996482804,20.5,21.5
1101.0,20.367155742039373,20.67264988113714,6.639304544363625,21.0,0,0.32735011886286003,20.64517168211254,20.5,21.5
1102.0,20.364410171799836,20.669902811388567,6.640303751747544,21.0,0,0.33009718861143256,20.642432113902842,20.5,21.5
1103.0,20.361665350515825,20.667156491394476,6.641301709968801,21.0,0,0.33284350860552436,20.639693291453558,20.5,21.5
1104.0,20.358921277787715,20.66441092075539,6.6422984182674085,21.0,0,0.3355890792446097,20.636955214364537,20.5,21.5
1105.0,20.356177953215813,20.661666099071756,6.643293875884327,21.0,0,0.33833390092824445,20.634217882235408,20.5,21.5
1106.0,20.353435376400345,20.65892202594395,6.6442880820614745,21.0,0,0.34107797405604856,20.63148129466591,20.5,21.5
1107.0,20.35069354694148,20.656178700972283,6.64528103604172,21.0,0,0.3438212990277165,20.628745451255604,20.5,21.5
1108.0,20.3479524644393,20.65343612375698,6.646272737068884,21.0,0,0.346563876243021,20.626010351603934,20.5,21.5
1109.0,20.345212128493824,20.6506942938982,6.647263184387744,21.0,0,0.34930570610179856,20.623275995310426,20.5,21.5
1110.0,20.342472538705003,20.64795321099604,6.648252377244031,21.0,0,0.35204678900396047,20.62054238197442,20.5,21.5
1111.0,20.33973369467271,20.645212874650515,6.649240314884432,21.0,0,0.3547871253494854,20.617809511195265,20.5,21.5
1112.0,20.33699559599675,20.642473284461566,6.65022699655659,21.0,0,0.35752671553843385,20.615077382572082,20.5,21.5
1113.0,20.334258242276864,20.63973444002908,6.651212421509103,21.0,0,0.36026555997091947,20.612345995704224,20.5,21.5
1114.0,20.33152163311271,20.63699634095286,6.6521965889915275,21.0,0,0.36300365904714127,20.60961535019064,20.5,21.5
1115.0,20.328785768103888,20.634258986832638,6.653179498254377,21.0,0,0.3657410131673622,20.60688544563043,20.5,21.5
1116.0,20.326050646849918,20.631522377268077,6.654161148549123,21.0,0,0.3684776227319233,20.604156281622465,20.5,21.5
1117.0,20.323316268950258,20.62878651185878,6.655141539128198,21.0,0,0.371213488141219,20.601427857765824,20.5,21.5
1118.0,20.320582634004293,20.626051390204264,6.656120669244989,21.0,0,0.3739486097957361,20.598700173659093,20.5,21.5
1119.0,20.31784974161134,20.62331701190399,6.657098538153847,21.0,0,0.376682988096011,20.59597322890124,20.5,21.5
1120.0,20.315117591370647,20.62058337655734,6.658075145110083,21.0,0,0.37941662344265836,20.593247023090868,20.5,21.5
1121.0,20.312386182881394,20.617850483763636,6.659050489369968,21.0,0,0.38214951623636395,20.59052155582658,20.5,21.5
1122.0,20.30965551574269,20.61511833312212,6.6600245701907355,21.0,0,0.38488166687788095,20.58779682670695,20.5,21.5
1123.0,20.30692558955358,20.612386924231977,6.660997386830578,21.0,0,0.38761307576802295,20.585072835330557,20.5,21.5
1124.0,20.304196403913036,20.60965625669232,6.6619689385486565,21.0,0,0.39034374330768173,20.58234958129573,20.5,21.5
1125.0,20.301467958419963,20.60692633010218,6.662939224605091,21.0,0,0.3930736698978201,20.579627064200796,20.5,21.5
1126.0,20.2987402526732,20.604197144060542,6.663908244260965,21.0,0,0.39580285593945774,20.576905283644166,20.5,21.5
1127.0,20.296013286271517,20.601468698166308,6.6648759967783295,21.0,0,0.39853130183369245,20.57418423922396,20.5,21.5
1128.0,20.29328705881362,20.598740992018314,6.665842481420199,21.0,0,0.401259007981686,20.57146393053838,20.5,21.5
1129.0,20.290561569898138,20.596014025215332,6.666807697450553,21.0,0,0.4039859747846677,20.568744357185516,20.5,21.5
1130.0,20.287836819123648,20.593287797356073,6.667771644134336,21.0,0,0.40671220264392716,20.566025518763478,20.5,21.5
1131.0,20.285112806088648,20.59056230803916,6.668734320737463,21.0,0,0.40943769196083935,20.56330741487004,20.5,21.5
1132.0,20.282389530391576,20.587837556863175,6.669695726526813,21.0,0,0.4121624431368254,20.560590045103314,20.5,21.5
1133.0,20.279666991630805,20.585113543426612,6.670655860770234,21.0,0,0.4148864565733881,20.557873409060985,20.5,21.5
1134.0,20.276945189404632,20.582390267327913,6.671614722736541,21.0,0,0.4176097326720871,20.555157506340922,20.5,21.5
1135.0,20.2742241233113,20.57966772816544,6.672572311695519,21.0,0,0.42033227183456034,20.552442336540707,20.5,21.5
1136.0,20.271503792948977,20.57694592553751,6.673528626917923,21.0,0,0.42305407446249177,20.549727899258194,20.5,21.5
1137.0,20.26878419791577,20.574224859042346,6.674483667675478,21.0,0,0.42577514095765423,20.54701419409072,20.5,21.5
1138.0,20.266065337809724,20.571504528278133,6.6754374332408775,21.0,0,0.42849547172186675,20.544301220636008,20.5,21.5
1139.0,20.263347212228812,20.56878493284297,6.676389922887788,21.0,0,0.43121506715703006,20.541588978491337,20.5,21.5
1140.0,20.260629820770944,20.5660660723349,6.677341135890848,21.0,0,0.43393392766510175,20.53887746725418,20.5,21.5
1141.0,20.25791316303397,20.5633479463519,6.678291071525667,21.0,0,0.4366520536480998,20.53616668652192,20.5,21.5
1142.0,20.25519723861567,20.56063055449188,6.679239729068827,21.0,0,0.4393694455081203,20.533456635891675,20.5,21.5
1143.0,20.25248204711376,20.557913896352687,6.680187107797884,21.0,0,0.4420861036473127,20.530747314960763,20.5,21.5
1144.0,20.249767588125895,20.555197971532102,6.681133206991369,21.0,0,0.4448020284678975,20.528038723326254,20.5,21.5
1145.0,20.247053861249668,20.552482779627844,6.682078025928785,21.0,0,0.4475172203721556,20.525330860585264,20.5,21.5
1146.0,20.244340866082602,20.549768320237572,6.6830215638906125,21.0,0,0.45023167976242817,20.522623726334846,20.5,21.5
1147.0,20.241628602222164,20.54705459295887,6.683963820158306,21.0,0,0.4529454070411312,20.51991732017184,20.5,21.5
1148.0,20.238917069265753,20.54434159738927,6.684904794014296,21.0,0,0.4556584026107302,20.51721164169328,20.5,21.5
1149.0,20.236206266810704,20.54162933312623,6.685844484741989,21.0,0,0.45837066687376904,20.514506690495843,20.5,21.5
1150.0,20.23349619445429,20.538917799767155,6.686782891625771,21.0,0,0.46108220023284474,20.5118024661764,20.5,21.5
1151.0,20.230786851793724,20.536206996909378,6.687720013951005,21.0,0,0.4637930030906219,20.509098968331607,20.5,21.5
1152.0,20.228078238426153,20.533496924150175,6.688655851004031,21.0,0,0.4665030758498254,20.50639619655814,20.5,21.5
1153.0,20.22537035394867,20.53078758108676,6.689590402072167,21.0,0,0.4692124189132407,20.503694150452606,20.5,21.5
1154.0,20.222663197958294,20.528078967316276,6.690523666443712,21.0,0,0.4719210326837242,20.50099282961144,20.5,21.5
1155.0,20.21995677005199,20.525371082435818,6.691455643407947,21.0,1,0.474628917564182,20.49829223363124,20.5,21.5
1156.0,20.237251069826662,20.526663926042406,6.692386332255128,21.0,1,0.4733360739575936,20.53959236210829,20.5,21.5
1157.0,20.25454209687915,20.531956697733005,6.693315732276497,21.0,1,0.4680433022669952,20.58488441463899,20.5,21.5
1158.0,20.271829851606228,20.541248597264516,6.6942438427642745,21.0,1,0.45875140273548354,20.634167592579633,20.5,21.5
1159.0,20.28911433440446,20.55453882455375,6.695170663011664,21.0,1,0.4454611754462512,20.687441097446072,20.5,21.5
1160.0,20.30639554567018,20.571826579677385,6.696096192312852,21.0,1,0.4281734203226151,20.744704130913746,20.5,21.5
1161.0,20.32367348579951,20.589111062871957,6.697020429963008,21.0,1,0.41088893712804264,20.76195589481768,20.5,21.5
1162.0,20.340948155188343,20.606392274533796,6.697943375258283,21.0,1,0.3936077254662038,20.779204391152184,20.5,21.5
1163.0,20.358219554232356,20.623670215059022,6.698865027495816,21.0,1,0.37632978494097813,20.79644962031128,20.5,21.5
1164.0,20.37548768332701,20.64094488484353,6.699785385973728,21.0,1,0.35905511515646893,20.813691582688623,20.5,21.5
1165.0,20.392752542867537,20.658216284283004,6.700704449991125,21.0,1,0.3417837157169963,20.83093027867773,20.5,21.5
1166.0,20.41001413324896,20.675484413772892,6.701622218848103,21.0,1,0.32451558622710763,20.84816570867178,20.5,21.5
1167.0,20.42727245486608,20.69274927370844,6.702538691845737,21.0,1,0.30725072629156003,20.865397873063916,20.5,21.5
1168.0,20.444527508113477,20.710010864484666,6.703453868286095,21.0,1,0.28998913551533434,20.882626772246923,20.5,21.5
1169.0,20.46177929338551,20.727269186496365,6.704367747472231,21.0,1,0.27273081350363526,20.899852406613356,20.5,21.5
1170.0,20.479027811076328,20.744524240138126,6.705280328708184,21.0,1,0.25547575986187354,20.917074776555744,20.5,21.5
1171.0,20.496273061579856,20.761776025804302,6.706191611298986,21.0,1,0.23822397419569796,20.934293882466058,20.5,21.5
1172.0,20.5135150452898,20.779024543889047,6.707101594550655,21.0,1,0.2209754561109527,20.9515097247365,20.5,21.5
1173.0,20.53075376259965,20.796269794786284,6.708010277770198,21.0,1,0.20373020521371643,20.968722303758646,20.5,21.5
1174.0,20.547989213902685,20.81351177888972,6.708917660265615,21.0,1,0.18648822111028096,20.985931619924074,20.5,21.5
1175.0,20.56522139959196,20.830750496592845,6.709823741345893,21.0,1,0.16924950340715483,21.003137673624106,20.5,21.5
1176.0,20.58245032006031,20.847985948288937,6.710728520321013,21.0,1,0.1520140517110633,21.020340465249852,20.5,21.5
1177.0,20.59967597570036,20.865218134371048,6.711631996501946,21.0,1,0.1347818656289519,21.037539995192162,20.5,21.5
1178.0,20.616898366904522,20.88244705523202,6.712534169200657,21.0,1,0.11755294476797928,21.054736263841747,20.5,21.5
1179.0,20.63411749406498,20.89967271126448,6.713435037730099,21.0,1,0.10032728873552088,21.071929271589063,20.5,21.5
1180.0,20.651333357573712,20.91689510286083,6.714334601404225,21.0,1,0.0831048971391688,21.089119018824352,20.5,21.5
1181.0,20.668545957822477,20.934114230413265,6.715232859537975,21.0,1,0.06588576958673542,21.1063055059376,20.5,21.5
1182.0,20.68575529520282,20.951330094313754,6.716129811447289,21.0,1,0.048669905686246295,21.123488733318645,20.5,21.5
1183.0,20.70296137010607,20.968542694954067,6.717025456449098,21.0,1,0.031457305045933026,21.1406687013572,20.5,21.5
1184.0,20.720164182923337,20.98575203272574,6.717919793861329,21.0,1,0.014247967274261697,21.15784541044245,20.5,21.5
1185.0,20.737363734045523,21.002958108020103,6.718812823002906,21.0,1,-0.0029581080201026566,21.175018860963746,20.5,21.5
1186.0,20.754560023863316,21.020160921228268,6.719704543193747,21.0,1,-0.020160921228267625,21.192189053309917,20.5,21.5
1187.0,20.77175305276718,21.03736047274114,6.72059495375477,21.0,1,-0.037360472741138295,21.209355987869845,20.5,21.5
1188.0,20.78894282114738,21.054556762949403,6.721484054007887,21.0,1,-0.05455676294940304,21.22651966503205,20.5,21.5
1189.0,20.80612932939395,21.071749792243526,6.722371843276012,21.0,1,-0.0717497922435264,21.24368008518476,20.5,21.5
1190.0,20.823312577896726,21.088939561013767,6.723258320883051,21.0,1,-0.08893956101376688,21.26083724871617,20.5,21.5
1191.0,20.840492567045324,21.106126069650166,6.724143486153917,21.0,1,-0.10612606965016624,21.27799115601416,20.5,21.5
1192.0,20.857669297229144,21.12330931854256,6.725027338414515,21.0,1,-0.12330931854256022,21.2951418074665,20.5,21.5
1193.0,20.874842768837382,21.14048930808056,6.7259098769917545,21.0,1,-0.1404893080805607,21.312289203460566,20.5,21.5
1194.0,20.892012982259015,21.157666038653574,6.726791101213543,21.0,1,-0.15766603865357354,21.329433344383702,20.5,21.5
1195.0,20.909179937882804,21.17483951065079,6.727671010408791,21.0,1,-0.1748395106507914,21.34657423062297,20.5,21.5
1196.0,20.92634363609731,21.192009724461187,6.7285496039074095,21.0,1,-0.1920097244611867,21.36371186256514,20.5,21.5
1197.0,20.94350407729087,21.20917668047353,6.72942688104031,21.0,1,-0.20917668047352933,21.380846240596956,20.5,21.5
1198.0,20.960661261851623,21.22634037907638,6.730302841139409,21.0,1,-0.2263403790763796,21.397977365104882,20.5,21.5
1199.0,20.97781519016748,21.24350082065807,6.731177483537624,21.0,1,-0.24350082065807044,21.41510523647498,20.5,21.5
1200.0,20.994965862626152,21.26065800560674,1.7320508075688767,21.0,1,-0.26065800560673935,21.43222985509343,20.5,21.5
1201.0,21.01111327961514,21.277611934310308,1.732922812568094,21.0,1,-0.2776119343103076,21.44715122134599,20.5,21.5
1202.0,21.027257641521732,21.294362647156476,1.733793497871206,21.0,1,-0.29436264715647553,21.461869775618155,20.5,21.5
1203.0,21.043398948693003,21.31091018452475,1.7346628628151457,21.0,1,-0.31091018452475083,21.476385558207504,20.5,21.5
1204.0,21.059537201475827,21.32725458678642,1.735530906737857,21.0,1,-0.3272545867864203,21.490698609403115,20.5,21.5
1205.0,21.07567240021688,21.343395894304564,1.7363976289782848,21.0,0,-0.34339589430456385,21.504808969486,20.5,21.5
1206.0,21.071804545262633,21.35553414743406,1.7372630288763826,21.0,0,-0.3555341474340601,21.476916678729022,20.5,21.5
1207.0,21.067937636959357,21.36367014652159,1.7381271057731107,21.0,0,-0.3636701465215886,21.445030137396873,20.5,21.5
1208.0,21.06407167485312,21.36780469175361,1.738989859010438,21.0,0,-0.36780469175360864,21.40915014407381,20.5,21.5
1209.0,21.060206658489953,21.367938583156434,1.739851287931339,21.0,0,-0.3679385831564339,21.369277497184687,20.5,21.5
1210.0,21.05634258741584,21.364072620596225,1.740711391879799,21.0,0,-0.36407262059622525,21.32541299499414,20.5,21.5
1211.0,21.052479461176734,21.360207603779045,1.741570170200811,21.0,0,-0.36020760377904537,21.321557435607247,20.5,21.5
1212.0,21.048617279318538,21.356343532250882,1.7424276222403785,21.0,0,-0.35634353225088233,21.317702816969252,20.5,21.5
1213.0,21.04475604138712,21.35248040555768,1.7432837473455143,21.0,0,-0.35248040555768156,21.313849138625674,20.5,21.5
1214.0,21.040895746928314,21.348618223245357,1.7441385448642412,21.0,0,-0.3486182232453565,21.309996400122106,20.5,21.5
1215.0,21.037036395487902,21.34475698485977,1.744992014145594,21.0,0,-0.3447569848597709,21.306144601003915,20.5,21.5
1216.0,21.033177986611634,21.340896689946753,1.7458441545396193,21.0,0,-0.34089668994675293,21.302293740816573,20.5,21.5
1217.0,21.029320519845218,21.33703733805209,1.7466949653973742,21.0,0,-0.3370373380520917,21.29844381910548,20.5,21.5
1218.0,21.025463994734327,21.33317892872153,1.7475444460709308,21.0,0,-0.3331789287215301,21.294594835415914,20.5,21.5
1219.0,21.021608410824594,21.32932146150079,1.7483925959133702,21.0,0,-0.3293214615007898,21.290746789293387,20.5,21.5
1220.0,21.017753767661613,21.325464935935532,1.749239414278792,21.0,0,-0.32546493593553194,21.286899680282954,20.5,21.5
1221.0,21.01390006479094,21.321609351571393,1.750084900522305,21.0,0,-0.3216093515713929,21.283053507930003,20.5,21.5
1222.0,21.010047301758085,21.31775470795397,1.7509290540000357,21.0,0,-0.31775470795397,21.27920827177974,20.5,21.5
1223.0,21.006195478108534,21.31390100462881,1.7517718740691244,21.0,0,-0.31390100462881065,21.275363971377217,20.5,21.5
1224.0,21.002344593387726,21.310048241141438,1.752613360087727,21.0,0,-0.3100482411414376,21.271520606267707,20.5,21.5
1225.0,20.998494647141065,21.306196417037327,1.7534535114150156,21.0,0,-0.30619641703732725,21.267678175996224,20.5,21.5
1226.0,20.99464563891392,21.302345531861924,1.7542923274111777,21.0,0,-0.30234553186192414,21.263836680107893,20.5,21.5
1227.0,20.99079756825162,21.29849558516063,1.7551298074374184,21.0,0,-0.29849558516063013,21.25999611814769,20.5,21.5
1228.0,20.986950434699455,21.294646576478815,1.7559659508559609,21.0,0,-0.2946465764788151,21.256156489660665,20.5,21.5
1229.0,20.983104237802685,21.290798505361806,1.756800757030046,21.0,0,-0.2907985053618063,21.25231779419172,20.5,21.5
1230.0,20.979258977106532,21.2869513713549,1.7576342253239305,21.0,0,-0.286951371354899,21.248480031285826,20.5,21.5
1231.0,20.975414652156175,21.28310517400335,1.758466355102894,21.0,0,-0.28310517400334945,21.244643200487854,20.5,21.5
1232.0,20.971571262496763,21.27925991285238,1.7592971457332327,21.0,0,-0.2792599128523783,21.240807301342667,20.5,21.5
1233.0,20.96772880767341,21.275415587447167,1.7601265965822641,21.0,0,-0.2754155874471671,21.236972333395055,20.5,21.5
1234.0,20.96388728723119,21.27157219733287,1.7609547070183238,21.0,0,-0.2715721973328691,21.23313829618989,20.5,21.5
1235.0,20.96004670071515,21.26772974205459,1.7617814764107713,21.0,0,-0.2677297420545912,21.229305189271813,20.5,21.5
1236.0,20.95620704767029,21.263888221157416,1.762606904129984,21.0,0,-0.2638882211574156,21.22547301218566,20.5,21.5
1237.0,20.952368327641583,21.260047634186378,1.7634309895473645,21.0,0,-0.2600476341863782,21.221641764476004,20.5,21.5
1238.0,20.948530540173966,21.25620798068649,1.7642537320353355,21.0,0,-0.2562079806864901,21.21781144568761,20.5,21.5
1239.0,20.94469368481234,21.252369260202716,1.7650751309673423,21.0,0,-0.2523692602027161,21.213982055364976,20.5,21.5
1240.0,20.94085776110157,21.24853147228,1.765895185717854,21.0,0,-0.24853147227999983,21.210153593052837,20.5,21.5
1241.0,20.93702276858649,21.244694616463242,1.7667138956623631,21.0,0,-0.2446946164632422,21.206326058295666,20.5,21.5
1242.0,20.933188706811908,21.2408586922973,1.7675312601773872,21.0,0,-0.2408586922973015,21.202499450637895,20.5,21.5
1243.0,20.92935557532258,21.23702369932703,1.7683472786404666,21.0,0,-0.23702369932702894,21.198673769624303,20.5,21.5
1244.0,20.925523373663246,21.23318963709721,1.7691619504301679,21.0,0,-0.23318963709721174,21.19484901479904,20.5,21.5
1245.0,20.9216921013786,21.22935650515262,1.7699752749260833,21.0,0,-0.2293565051526194,21.191025185706696,20.5,21.5
1246.0,20.91786175801331,21.225524303037986,1.7707872515088319,21.0,0,-0.22552430303798587,21.18720228189165,20.5,21.5
1247.0,20.91403234311201,21.221693030298006,1.7715978795600567,21.0,0,-0.22169303029800602,21.183380302898208,20.5,21.5
1248.0,20.910203856219297,21.21786268647735,1.7724071584624292,21.0,0,-0.21786268647734985,21.179559248270788,20.5,21.5
1249.0,20.906376296879746,21.21403327112065,1.7732150875996497,21.0,0,-0.2140332711206483,21.175739117553633,20.5,21.5
1250.0,20.90254966463789,21.210204783772504,1.7740216663564432,21.0,0,-0.21020478377250384,21.17191991029106,20.5,21.5
1251.0,20.898723959038232,21.206377223977487,1.7748268941185668,21.0,0,-0.20637722397748703,21.16810162602732,20.5,21.5
1252.0,20.89489917962525,21.202550591280136,1.7756307702728025,21.0,0,-0.20255059128013642,21.16428426430663,20.5,21.5
1253.0,20.89107532594338,21.198724885224955,1.7764332942069654,21.0,0,-0.19872488522495502,21.16046782467314,20.5,21.5
1254.0,20.887252397537033,21.194900105356414,1.7772344653098973,21.0,0,-0.1949001053564139,21.156652306671003,20.5,21.5
1255.0,20.883430393950587,21.191076251218952,1.7780342829714728,21.0,0,-0.1910762512189521,21.152837709844334,20.5,21.5
1256.0,20.87960931472839,21.187253322356987,1.7788327465825953,21.0,0,-0.18725332235698744,21.14902403373734,20.5,21.5
1257.0,20.87578915941476,21.183431318314888,1.7796298555352,21.0,0,-0.1834313183148879,21.145211277893893,20.5,21.5
1258.0,20.871969927553987,21.179610238637007,1.7804256092222532,21.0,0,-0.1796102386370073,21.1413994418582,20.5,21.5
1259.0,20.86815161869032,21.175790082867664,1.7812200070377546,21.0,0,-0.17579008286766395,21.13758852517423,20.5,21.5
1260.0,20.864334232367987,21.171970850551144,1.7820130483767356,21.0,0,-0.17197085055114414,21.133778527385946,20.5,21.5
1261.0,20.86051776813119,21.168152541231702,1.7828047326352605,21.0,0,-0.1681525412317022,21.129969448037283,20.5,21.5
1262.0,20.85670222552409,21.164335154453568,1.7835950592104277,21.0,0,-0.1643351544535676,21.12616128667222,20.5,21.5
1263.0,20.852887604090824,21.160518689760934,1.7843840275003693,21.0,0,-0.1605186897609343,21.1223540428346,20.5,21.5
1264.0,20.849073903375505,21.15670314669797,1.7851716369042512,21.0,0,-0.15670314669797136,21.118547716068342,20.5,21.5
1265.0,20.84526112292221,21.152888524808816,1.785957886822274,21.0,0,-0.15288852480881587,21.11474230591726,20.5,21.5
1266.0,20.84144926227499,21.149074823637577,1.7867427766556752,21.0,0,-0.14907482363757651,21.110937811925183,20.5,21.5
1267.0,20.837638320977863,21.145262042728334,1.7875263058067263,21.0,0,-0.14526204272833354,21.107134233635904,20.5,21.5
1268.0,20.83382829857483,21.141450181625135,1.788308473678736,21.0,0,-0.14145018162513523,21.103331570593152,20.5,21.5
1269.0,20.83001919460985,21.137639239872,1.78908927967605,21.0,0,-0.13763923987200144,21.099529822340664,20.5,21.5
1270.0,20.826211008626863,21.133829217012934,1.7898687232040498,21.0,0,-0.13382921701293427,21.095728988422263,20.5,21.5
1271.0,20.82240374016978,21.130020112591893,1.7906468036691559,21.0,0,-0.13002011259189317,21.091929068381482,20.5,21.5
1272.0,20.81859738878248,21.126211926152813,1.7914235204788254,21.0,0,-0.12621192615281274,21.08813006176201,20.5,21.5
1273.0,20.814791954008818,21.122404657239613,1.7921988730415555,21.0,0,-0.12240465723961336,21.08433196810762,20.5,21.5
1274.0,20.810987435392626,21.11859830539617,1.7929728607668807,21.0,0,-0.11859830539616922,21.080534786961728,20.5,21.5
1275.0,20.8071838324777,21.114792870166337,1.7937454830653765,21.0,0,-0.11479287016633677,21.076738517868012,20.5,21.5
1276.0,20.80338114480782,21.110988351093948,1.7945167393486567,21.0,0,-0.11098835109394756,21.072943160370055,20.5,21.5
1277.0,20.799579371926725,21.107184747722798,1.795286629029377,21.0,0,-0.10718474772279762,21.0691487140113,20.5,21.5
1278.0,20.795778513378146,21.10338205959666,1.796055151521231,21.0,0,-0.10338205959666169,21.065355178335302,20.5,21.5
1279.0,20.791978568705773,21.09958028625929,1.7968223062389574,21.0,0,-0.09958028625928961,21.06156255288557,20.5,21.5
1280.0,20.788179537453278,21.095779427254406,1.7975880925983336,21.0,0,-0.09577942725440636,21.057770837205574,20.5,21.5
1281.0,20.78438141916431,21.0919794821257,1.7983525100161808,21.0,0,-0.0919794821257014,21.05398003083865,20.5,21.5
1282.0,20.78058421338248,21.088180450416854,1.799115557910361,21.0,0,-0.08818045041685352,21.050190133328375,20.5,21.5
1283.0,20.776787919651383,21.0843823316715,1.79987723569978,21.0,0,-0.08438233167149889,21.046401144217953,20.5,21.5
1284.0,20.772992537514593,21.080585125433267,1.8006375428043873,21.0,0,-0.08058512543326657,21.042613063050943,20.5,21.5
1285.0,20.769198066515653,21.07678883124574,1.8013964786451755,21.0,0,-0.07678883124573943,21.038825889370468,20.5,21.5
1286.0,20.765404506198077,21.072993448652493,1.802154042644183,21.0,0,-0.07299344865249324,21.03503962272003,20.5,21.5
1287.0,20.761611856105368,21.069198977197072,1.8029102342244911,21.0,0,-0.0691989771970718,21.031254262642857,20.5,21.5
1288.0,20.75782011578099,21.065405416422998,1.8036650528102278,21.0,0,-0.06540541642299758,21.027469808682255,20.5,21.5
1289.0,20.754029284768396,21.061612765873754,1.804418497826564,21.0,0,-0.06161276587375397,21.023686260381318,20.5,21.5
1290.0,20.75023936261101,21.057821025092828,1.8051705686997206,21.0,0,-0.05782102509282794,21.019903617283568,20.5,21.5
1291.0,20.746450348852225,21.054030193623653,1.8059212648569627,21.0,0,-0.05403019362365313,21.016121878931905,20.5,21.5
1292.0,20.742662243035426,21.050240271009663,1.8066705857266019,21.0,0,-0.05024027100966322,21.012341044869764,20.5,21.5
1293.0,20.738875044703963,21.046451256794256,1.8074185307379969,21.0,0,-0.046451256794256324,21.008561114640187,20.5,21.5
1294.0,20.735088753401172,21.04266315052081,1.8081650993215561,21.0,0,-0.04266315052080927,21.00478208778634,20.5,21.5
1295.0,20.731303368670357,21.03887595173268,1.8089102909087362,21.0,0,-0.0388759517326811,21.0010039638514,20.5,21.5
1296.0,20.727518890054803,21.0350896599732,1.8096541049320392,21.0,0,-0.035089659973198906,20.997226742378377,20.5,21.5
1297.0,20.723735317097777,21.03130427478567,1.8103965408250193,21.0,0,-0.03130427478566844,20.993450422910364,20.5,21.5
1298.0,20.719952649342524,21.02751979571338,1.8111375980222792,21.0,0,-0.027519795713381257,20.98967500499051,20.5,21.5
1299.0,20.71617088633226,21.023736222299597,1.8118772759594712,21.0,0,-0.023736222299596932,20.985900488161754,20.5,21.5
1300.0,20.712390027610187,21.01995355408756,1.8126155740733,21.0,0,-0.019953554087560832,20.9821268719672,20.5,21.5
1301.0,20.70861007271948,21.016171790620497,1.8133524918015178,21.0,0,-0.016171790620497006,20.97835415594986,20.5,21.5
1302.0,20.704831021203297,21.0123909314416,1.8140880285829297,21.0,0,-0.012390931441601083,20.974582339652642,20.5,21.5
1303.0,20.701052872604773,21.00861097609405,1.8148221838573937,21.0,0,-0.008610976094050926,20.97081142261855,20.5,21.5
1304.0,20.697275626467025,21.004831924121003,1.8155549570658174,21.0,0,-0.004831924121003084,20.967041404390525,20.5,21.5
1305.0,20.693499282333146,21.001053775065593,1.8162863476501627,21.0,0,-0.001053775065592788,20.96327228451149,20.5,21.5
1306.0,20.68972383974621,20.99727652847094,1.8170163550534433,21.0,0,0.0027234715290589406,20.959504062524424,20.5,21.5
1307.0,20.685949298249273,20.993500183880133,1.8177449787197277,21.0,0,0.006499816119866608,20.955736737972057,20.5,21.5
1308.0,20.68217565738537,20.98972474083625,1.8184722180941373,21.0,0,0.010275259163748274,20.951970310397435,20.5,21.5
1309.0,20.67840291669751,20.985950198882346,1.8191980726228465,21.0,0,0.01404980111765397,20.94820477934329,20.5,21.5
1310.0,20.674631075728698,20.982176557561456,1.8199225417530869,21.0,0,0.01782344243854439,20.94444014435255,20.5,21.5
1311.0,20.670860134021904,20.978403816416595,1.8206456249331424,21.0,0,0.021596183583405093,20.940676404967988,20.5,21.5
1312.0,20.667090091120087,20.974631974990757,1.821367321612354,21.0,0,0.025368025009242956,20.93691356073238,20.5,21.5
1313.0,20.663320946566184,20.97086103282692,1.8220876312411196,21.0,0,0.029138967173079067,20.93315161118856,20.5,21.5
1314.0,20.65955269990312,20.96709098946804,1.8228065532708904,21.0,0,0.03290901053195938,20.929390555879237,20.5,21.5
1315.0,20.655785350673792,20.96332184445706,1.8235240871541771,21.0,0,0.036678155542940516,20.925630394347248,20.5,21.5
1316.0,20.652018898421087,20.959553597336896,1.824240232344546,21.0,0,0.04044640266310395,20.92187112613526,20.5,21.5
1317.0,20.648253342687873,20.955786247650455,1.8249549882966214,21.0,0,0.04421375234954539,20.91811275078604,20.5,21.5
1318.0,20.644488683016995,20.952019794940618,1.8256683544660852,21.0,0,0.04798020505938183,20.914355267842254,20.5,21.5
1319.0,20.640724918951285,20.948254238750252,1.8263803303096795,21.0,0,0.05174576124974806,20.91059867684659,20.5,21.5
1320.0,20.636962050033556,20.944489578622203,6.8270909152852015,21.0,0,0.055510421377796604,20.906842977341718,20.5,21.5
1321.0,20.634200075806607,20.94092581409931,6.827800108851512,21.0,0,0.059074185900691134,20.905288168870364,20.5,21.5
1322.0,20.631438795813217,20.93756290472438,6.828507910468527,21.0,0,0.06243709527561947,20.903933810975097,20.5,21.5
1323.0,20.62867820963615,20.93440081004821,6.829214319597227,21.0,0,0.06559918995179004,20.902779863286504,20.5,21.5
1324.0,20.62591831685814,20.93143948962958,6.82991933569965,21.0,0,0.06856051037042121,20.901826285443267,20.5,21.5
1325.0,20.62315911706191,20.92867890303525,6.830622958238894,21.0,0,0.07132109696474842,20.90107303709198,20.5,21.5
1326.0,20.620400609830146,20.92591900983996,6.831325186679122,21.0,0,0.07408099016004144,20.89832007788703,20.5,21.5
1327.0,20.617642794745514,20.92315980962642,6.832026020485555,21.0,0,0.0768401903735807,20.895567807491027,20.5,21.5
1328.0,20.614885671390663,20.92040130197732,6.832725459124479,21.0,0,0.0795986980226786,20.892816225486342,20.5,21.5
1329.0,20.61212923934821,20.917643486475335,6.833423502063241,21.0,0,0.08235651352466533,20.890065331455467,20.5,21.5
1330.0,20.609373498200753,20.9148863627031,6.834120148770248,21.0,0,0.08511363729689947,20.88731512498076,20.5,21.5
1331.0,20.606618447530867,20.912129930243243,6.8348153987149765,21.0,0,0.08787006975675737,20.884565605644664,20.5,21.5
1332.0,20.603864086921103,20.90937418867836,6.835509251367962,21.0,0,0.09062581132164027,20.88181677302953,20.5,21.5
1333.0,20.601110415953993,20.906619137591026,6.836201706200806,21.0,0,0.09338086240897425,20.879068626717686,20.5,21.5
1334.0,20.598357434212044,20.90386477656379,6.836892762686174,21.0,0,0.09613522343621028,20.87632116629143,20.5,21.5
1335.0,20.59560514127774,20.90111110517919,6.837582420297797,21.0,0,0.09888889482080998,20.873574391333193,20.5,21.5
1336.0,20.592853536733543,20.898358123019722,6.838270678510469,21.0,0,0.1016418769802776,20.870828301425046,20.5,21.5
1337.0,20.590102620161897,20.89560582966788,6.838957536800052,21.0,0,0.10439417033212095,20.868082896149446,20.5,21.5
1338.0,20.587352391145224,20.892854224706127,6.839642994643475,21.0,0,0.1071457752938727,20.86533817508861,20.5,21.5
1339.0,20.584602849265924,20.890103307716902,6.840327051518731,21.0,0,0.10989669228309751,20.862594137824654,20.5,21.5
1340.0,20.581853994106375,20.88735307828263,6.841009706904881,21.0,0,0.11264692171737067,20.859850783939898,20.5,21.5
1341.0,20.579105825248934,20.88460353598571,6.841690960282053,21.0,0,0.11539646401428882,20.85710811301653,20.5,21.5
1342.0,20.57635834227594,20.881854680408516,6.842370811131442,21.0,0,0.11814531959148411,20.854366124636563,20.5,21.5
1343.0,20.57361154476971,20.879106511133415,6.843049258935315,21.0,0,0.12089348886658513,20.851624818382405,20.5,21.5
1344.0,20.570865432312544,20.87635902774274,6.843726303177001,21.0,0,0.12364097225725956,20.848884193835996,20.5,21.5
1345.0,20.56812000448672,20.873612229818807,6.844401943340904,21.0,0,0.12638777018119285,20.846144250579474,20.5,21.5
1346.0,20.56537526087449,20.870866116943915,6.8450761789124925,21.0,0,0.12913388305608464,20.843404988194997,20.5,21.5
1347.0,20.562631201058096,20.868120688700344,6.845749009378308,21.0,0,0.1318793112996559,20.84066640626463,20.5,21.5
1348.0,20.55988782461976,20.865375944670355,6.846420434225962,21.0,0,0.1346240553296454,20.83792850437046,20.5,21.5
1349.0,20.55714513114168,20.86263188443618,6.847090452944133,21.0,0,0.13736811556382023,20.83519128209443,20.5,21.5
1350.0,20.554403120206043,20.859888507580045,6.847759065022574,21.0,0,0.1401114924199547,20.8324547390187,20.5,21.5
1351.0,20.551661791395006,20.85714581368415,6.848426269952107,21.0,0,0.14285418631585145,20.82971887472518,20.5,21.5
1352.0,20.548921144290716,20.854403802330673,6.8490920672246265,21.0,0,0.1455961976693274,20.826983688795913,20.5,21.5
1353.0,20.546181178475305,20.851662473101783,6.849756456333099,21.0,0,0.14833752689821722,20.824249180812885,20.5,21.5
1354.0,20.543441893530876,20.848921825579623,6.850419436771564,21.0,0,0.15107817442037685,20.821515350358027,20.5,21.5
1355.0,20.540703289039524,20.84618185934632,6.851081008035132,21.0,0,0.15381814065368005,20.818782197013288,20.5,21.5
1356.0,20.53796536458332,20.843442573983985,6.85174116961999,21.0,0,0.15655742601601474,20.81604972036064,20.5,21.5
1357.0,20.53522811974433,20.840703969074706,6.852399921023393,21.0,0,0.15929603092529376,20.813317919981916,20.5,21.5
1358.0,20.532491554104585,20.837966044200563,6.8530572617436745,21.0,0,0.16203395579943702,20.81058679545913,20.5,21.5
1359.0,20.529755667246114,20.83522879894361,6.853713191280241,21.0,0,0.16477120105638932,20.807856346374088,20.5,21.5
1360.0,20.527020458750922,20.83249223288589,6.854367709133575,21.0,0,0.16750776711410964,20.805126572308687,20.5,21.5
1361.0,20.524285928201,20.829756345609425,6.85502081480523,21.0,0,0.17024365439057476,20.802397472844774,20.5,21.5
1362.0,20.52155207517832,20.827021136696224,6.8556725077978395,21.0,0,0.17297886330377565,20.799669047564215,20.5,21.5
1363.0,20.518818899264843,20.824286605728275,6.856322787615111,21.0,0,0.1757133942717246,20.796941296048786,20.5,21.5
1364.0,20.516086400042514,20.821552752287552,6.856971653761827,21.0,0,0.17844724771244813,20.794214217880317,20.5,21.5
1365.0,20.513354577093256,20.81881957595602,6.857619105743849,21.0,0,0.18118042404397983,20.791487812640703,20.5,21.5
1366.0,20.510623429998986,20.816087076315615,6.858265143068112,21.0,0,0.18391292368438528,20.78876207991156,20.5,21.5
1367.0,20.5078929583416,20.81335525294827,6.8589097652426325,21.0,0,0.18664474705173006,20.786037019274822,20.5,21.5
1368.0,20.50516316170298,20.8106241054359,6.859552971776503,21.0,0,0.1893758945641011,20.78331263031219,20.5,21.5
1369.0,20.502434039664998,20.807893633360397,6.860194762179892,21.0,0,0.192106366639603,20.780588912605378,20.5,21.5
1370.0,20.4997055918095,20.80516383630364,6.860835135964049,21.0,0,0.19483616369635826,20.77786586573609,20.5,21.5
1371.0,20.49697781771833,20.80243471384751,6.861474092641302,21.0,0,0.19756528615248925,20.7751434892862,20.5,21.5
1372.0,20.494250716973315,20.799706265573853,6.862111631725057,21.0,0,0.20029373442614684,20.772421782837277,20.5,21.5
1373.0,20.491524289156267,20.796978491064515,6.8627477527298,21.0,0,0.20302150893548543,20.76970074597113,20.5,21.5
1374.0,20.488798533848982,20.79425138990131,6.863382455171098,21.0,0,0.2057486100986914,20.76698037826925,20.5,21.5
1375.0,20.486073450633246,20.791524961666056,6.864015738565596,21.0,0,0.20847503833394398,20.76426067931353,20.5,21.5
1376.0,20.483349039090832,20.788799205940556,6.864647602431024,21.0,0,0.2112007940594438,20.761541648685558,20.5,21.5
1377.0,20.4806252988035,20.786074122306594,6.865278046286188,21.0,0,0.21392587769340565,20.758823285966976,20.5,21.5
1378.0,20.477902229352996,20.783349710345938,6.865907069650978,21.0,0,0.21665028965406208,20.756105590739374,20.5,21.5
1379.0,20.475179830321053,20.78062596964035,6.866534672046365,21.0,0,0.2193740303596492,20.75338856258448,20.5,21.5
1380.0,20.472458101289398,20.777902899771583,6.867160852994403,21.0,0,0.22209710022841733,20.7506722010839,20.5,21.5
1381.0,20.46973704183974,20.775180500321362,6.867785612018229,21.0,0,0.22481949967863812,20.747956505819154,20.5,21.5
1382.0,20.467016651553774,20.772458770871417,6.868408948642059,21.0,0,0.2275412291285832,20.745241476371966,20.5,21.5
1383.0,20.46429693001319,20.769737711003454,6.869030862391197,21.0,0,0.23026228899654555,20.74252711232383,20.5,21.5
1384.0,20.461577876799666,20.76701732029918,6.869651352792029,21.0,0,0.23298267970082165,20.739813413256417,20.5,21.5
1385.0,20.458859491494863,20.76429759834027,6.870270419372023,21.0,0,0.23570240165972933,20.737100378751194,20.5,21.5
1386.0,20.45614177368044,20.761578544708406,6.870888061659734,21.0,0,0.23842145529159353,20.734388008389764,20.5,21.5
1387.0,20.453424722938035,20.75886015898526,6.871504279184801,21.0,0,0.24113984101473918,20.731676301753804,20.5,21.5
1388.0,20.450708338849285,20.756142440752477,6.872119071477947,21.0,0,0.24385755924752317,20.728965258424637,20.5,21.5
1389.0,20.447992620995812,20.75342538959171,6.8727324380709796,21.0,0,0.24657461040829176,20.726254877984022,20.5,21.5
1390.0,20.445277568959227,20.75070900508458,6.873344378496795,21.0,0,0.24929099491541962,20.723545160013302,20.5,21.5
1391.0,20.442563182321134,20.747993286812722,6.873954892289374,21.0,0,0.25200671318727785,20.72083610409414,20.5,21.5
1392.0,20.439849460663126,20.745278234357738,6.874563978983783,21.0,0,0.25472176564226245,20.71812770980789,20.5,21.5
1393.0,20.43713640356679,20.742563847301238,6.875171638116177,21.0,0,0.2574361526987623,20.71541997673624,20.5,21.5
1394.0,20.4344240106137,20.739850125224816,6.875777869223795,21.0,0,0.26014987477518403,20.7127129044606,20.5,21.5
1395.0,20.431712281385423,20.73713706771006,6.8763826718449685,21.0,0,0.2628629322899414,20.710006492562485,20.5,21.5
1396.0,20.429001215463515,20.734424674338534,6.876986045519112,21.0,0,0.2655753256614659,20.70730074062329,20.5,21.5
1397.0,20.426290812429524,20.731712944691814,6.877587989786731,21.0,0,0.26828705530818553,20.70459564822462,20.5,21.5
1398.0,20.423581071864994,20.729001878351454,6.878188504189418,21.0,0,0.270998121648546,20.70189121494785,20.5,21.5
1399.0,20.420871993351458,20.726291474899007,6.878787588269857,21.0,0,0.27370852510099297,20.699187440374537,20.5,21.5
1400.0,20.41816357647044,20.72358173391601,6.879385241571817,21.0,0,0.27641826608399,20.69648432408604,20.5,21.5
1401.0,20.415455820803462,20.720872654984,6.87998146364016,21.0,0,0.27912734501600056,20.693781865663894,20.5,21.5
1402.0,20.41274872593203,20.718164237684498,6.880576254020838,21.0,0,0.28183576231550234,20.69108006468948,20.5,21.5
1403.0,20.410042291437648,20.715456481599027,6.881169612260891,21.0,0,0.28454351840097303,20.68837892074432,20.5,21.5
1404.0,20.40733651690181,20.7127493863091,6.881761537908451,21.0,0,0.287250613690901,20.68567843340982,20.5,21.5
1405.0,20.404631401906013,20.71004295139621,6.882352030512742,21.0,0,0.2899570486037888,20.682978602267333,20.5,21.5
1406.0,20.401926946031733,20.707337176441865,6.882941089624076,21.0,0,0.29266282355813544,20.680279426898398,20.5,21.5
1407.0,20.39922314886045,20.70463206102755,6.883528714793861,21.0,0,0.2953679389724506,20.677580906884398,20.5,21.5
1408.0,20.39652000997364,20.70192760473475,6.884114905574593,21.0,0,0.2980723952652511,20.674883041806744,20.5,21.5
1409.0,20.39381752895276,20.69922380714494,6.884699661519864,21.0,0,0.30077619285506074,20.672185831246843,20.5,21.5
1410.0,20.391115705379274,20.69652066783959,6.885282982184357,21.0,0,0.30347933216041056,20.66948927478609,20.5,21.5
1411.0,20.388414538834635,20.693818186400172,6.885864867123846,21.0,0,0.306181813599828,20.666793372005998,20.5,21.5
1412.0,20.385714028900292,20.69111636240814,6.886445315895202,21.0,0,0.30888363759186177,20.6640981224878,20.5,21.5
1413.0,20.38301417515769,20.68841519544495,6.887024328056388,21.0,0,0.31158480455505,20.661403525813068,20.5,21.5
1414.0,20.38031497718827,20.68571468509205,6.887601903166459,21.0,0,0.31428531490794853,20.658709581563066,20.5,21.5
1415.0,20.377616434573465,20.68301483093089,6.888178040785569,21.0,0,0.3169851690691097,20.65601628931928,20.5,21.5
1416.0,20.37491854689471,20.680315632542907,6.888752740474962,21.0,0,0.31968436745709283,20.653323648663076,20.5,21.5
1417.0,20.372221313733423,20.677617089509532,6.889326001796981,21.0,0,0.3223829104904681,20.65063165917578,20.5,21.5
1418.0,20.369524734671035,20.6749192014122,6.889897824315062,21.0,0,0.32508079858779837,20.6479403204389,20.5,21.5
1419.0,20.366828809288965,20.67222196783234,6.890468207593736,21.0,0,0.3277780321676609,20.645249632033714,20.5,21.5
1420.0,20.364133537168627,20.66952538835137,6.891037151198633,21.0,0,0.33047461164862924,20.642559593541687,20.5,21.5
1421.0,20.361438917891434,20.666829462550716,6.8916046546964775,21.0,0,0.33317053744928415,20.639870204544167,20.5,21.5
1422.0,20.358744951038794,20.664134190011787,6.892170717655091,21.0,0,0.33586580998821347,20.637181464622493,20.5,21.5
1423.0,20.356051636192117,20.661439570316002,6.892735339643391,21.0,0,0.3385604296839979,20.634493373358158,20.5,21.5
1424.0,20.353358972932806,20.65874560304477,6.893298520231393,21.0,0,0.34125439695522886,20.63180593033246,20.5,21.5
1425.0,20.350666960842265,20.6560522877795,6.893860258990211,21.0,0,0.34394771222050124,20.629119135126775,20.5,21.5
1426.0,20.347975599501893,20.65335962410159,6.894420555492058,21.0,0,0.34664037589841,20.626432987322502,20.5,21.5
1427.0,20.34528488849309,20.65066761159245,6.894979409310242,21.0,0,0.3493323884075501,20.62374748650105,20.5,21.5
1428.0,20.342594827397253,20.64797624983348,6.895536820019172,21.0,0,0.35202375016652,20.62106263224378,20.5,21.5
1429.0,20.339905415795776,20.645285538406075,6.8960927871943545,21.0,0,0.3547144615939253,20.618378424132022,20.5,21.5
1430.0,20.337216653270055,20.642595476891632,6.896647310412399,21.0,0,0.357404523108368,20.615694861747205,20.5,21.5
1431.0,20.334528539401482,20.63990606487155,6.897200389251009,21.0,0,0.3600939351284502,20.613011944670728,20.5,21.5
1432.0,20.331841073771454,20.637217301927222,6.897752023288993,21.0,0,0.3627826980727775,20.61032967248395,20.5,21.5
1433.0,20.329154255961356,20.634529187640045,6.898302212106257,21.0,0,0.3654708123599555,20.607648044768265,20.5,21.5
1434.0,20.326468085552584,20.631841721591407,6.898850955283807,21.0,0,0.3681582784085933,20.60496706110503,20.5,21.5
1435.0,20.32378256212653,20.6291549033627,6.8993982524037545,21.0,0,0.37084509663730003,20.602286721075632,20.5,21.5
1436.0,20.321097685264586,20.626468732535322,6.899944103049305,21.0,0,0.3735312674646778,20.599607024261545,20.5,21.5
1437.0,20.318413454548143,20.62378320869066,6.900488506804772,21.0,0,0.37621679130933927,20.596927970244046,20.5,21.5
1438.0,20.315729869558595,20.621098331410106,6.901031463255567,21.0,0,0.3789016685898936,20.594249558604563,20.5,21.5
1439.0,20.313046929877334,20.618414100275057,6.901572971988207,21.0,0,0.38158589972494283,20.591571788924565,20.5,21.5
1440.0,20.310364635085758,20.615730514866904,6.902113032590307,21.0,0,0.3842694851330961,20.58889466078537,20.5,21.5
1441.0,20.307682984765258,20.613047574767037,6.9026516446505894,21.0,0,0.3869524252329626,20.586218173768373,20.5,21.5
1442.0,20.305001978497234,20.610365279556856,6.903188807758877,21.0,0,0.3896347204431443,20.58354232745504,20.5,21.5
1443.0,20.302321615863086,20.607683628817757,6.903724521506096,21.0,0,0.3923163711822433,20.580867121426767,20.5,21.5
1444.0,20.299641896444214,20.60500262213113,6.904258785484277,21.0,0,0.3949973778688687,20.578192555264877,20.5,21.5
1445.0,20.29696281982202,20.602322259078385,6.904791599286557,21.0,0,0.39767774092161545,20.575518628550917,20.5,21.5
1446.0,20.294284385577914,20.599642539240914,6.905322962507173,21.0,0,0.4003574607590856,20.572845340866213,20.5,21.5
1447.0,20.2916065932933,20.59696346220013,6.905852874741469,21.0,0,0.4030365377998706,20.57017269179228,20.5,21.5
1448.0,20.288929442549588,20.59428502753743,6.906381335585894,21.0,0,0.4057149724625688,20.56750068091045,20.5,21.5
1449.0,20.286252932928196,20.591607234834225,6.906908344638003,21.0,0,0.4083927651657753,20.56482930780216,20.5,21.5
1450.0,20.283577064010537,20.58893008367193,6.907433901496454,21.0,0,0.41106991632807066,20.562158572048975,20.5,21.5
1451.0,20.280901835378035,20.586253573631957,6.907958005761014,21.0,0,0.4137464263680428,20.559488473232236,20.5,21.5
1452.0,20.27822724661211,20.58357770429572,6.908480657032554,21.0,0,0.4164222957042796,20.556819010933353,20.5,21.5
1453.0,20.275553297294195,20.580902475244642,6.909001854913052,21.0,0,0.4190975247553581,20.554150184733857,20.5,21.5
1454.0,20.27287998700572,20.578227886060148,6.909521599005595,21.0,0,0.42177211393985203,20.55148199421521,20.5,21.5
1455.0,20.27020731532812,20.575553936323665,6.910039888914373,21.0,0,0.424446063676335,20.548814438958836,20.5,21.5
1456.0,20.267535281842836,20.572880625616627,6.910556724244687,21.0,0,0.42711937438337344,20.546147518546242,20.5,21.5
1457.0,20.264863886131316,20.570207953520466,6.911072104602944,21.0,0,0.42979204647953395,20.54348123255886,20.5,21.5
1458.0,20.26219312777501,20.56753591961663,6.91158602959666,21.0,0,0.4324640803833688,20.540815580578283,20.5,21.5
1459.0,20.259523006355373,20.564864523486563,6.9120984988344585,21.0,0,0.4351354765134374,20.538150562185876,20.5,21.5
1460.0,20.25685352145387,20.562193764711715,6.912609511926071,21.0,0,0.437806235288285,20.53548617696324,20.5,21.5
1461.0,20.254184672651963,20.559523642873536,6.91311906848234,21.0,0,0.4404763571264638,20.532822424491748,20.5,21.5
1462.0,20.25151645953113,20.5568541575535,6.913627168115215,21.0,0,0.44314584244650135,20.530159304353123,20.5,21.5
1463.0,20.248848881672846,20.554185308333068,6.9141338104377565,21.0,0,0.4458146916669321,20.52749681612876,20.5,21.5
1464.0,20.246181938658598,20.551517094793716,6.914638995064134,21.0,0,0.44848290520628353,20.524834959400202,20.5,21.5
1465.0,20.24351563006988,20.548849516516917,6.915142721609628,21.0,0,0.45115048348308306,20.52217373374892,20.5,21.5
1466.0,20.240849955488187,20.54618257308416,6.91564498969063,21.0,0,0.45381742691584037,20.519513138756587,20.5,21.5
1467.0,20.238184914495026,20.54351626407694,6.916145798924639,21.0,0,0.4564837359230616,20.516853174004726,20.5,21.5
1468.0,20.23552050667191,20.54085058907675,6.916645148930266,21.0,0,0.45914941092324923,20.514193839074874,20.5,21.5
1469.0,20.232856731600364,20.5381855476651,6.917143039327238,21.0,0,0.4618144523348988,20.511535133548605,20.5,21.5
1470.0,20.23019358886191,20.53552113942351,6.917639469736386,21.0,0,0.46447886057649157,20.50887705700758,20.5,21.5
1471.0,20.227531078038083,20.532857363933488,6.918134439779659,21.0,0,0.4671426360665123,20.50621960903328,20.5,21.5
1472.0,20.224869198710433,20.530194220776572,6.918627949080115,21.0,0,0.46980577922342803,20.503562789207415,20.5,21.5
1473.0,20.222207950460508,20.52753170953429,6.919119997261925,21.0,0,0.4724682904657094,20.500906597111477,20.5,21.5
1474.0,20.21954733286987,20.52486982978819,6.919610583950374,21.0,1,0.47513017021180914,20.498251032327193,20.5,21.5
1475.0,20.236887345520085,20.526208581119825,6.920099708771858,21.0,1,0.4737914188801753,20.539596094436163,20.5,21.5
1476.0,20.254223987992734,20.531547163110755,6.920587371353886,21.0,1,0.4684528368892451,20.584932983020057,20.5,21.5
1477.0,20.271557260669407,20.54088477550255,6.921073571325084,21.0,1,0.4591152244974488,20.634260899420514,20.5,21.5
1478.0,20.288887163931538,20.55422061819676,6.921558308315188,21.0,1,0.4457793818032414,20.687579045138833,20.5,21.5
1479.0,20.306213698160413,20.571553891254865,6.922041581955051,21.0,1,0.4284461087451348,20.74488662183593,20.5,21.5
1480.0,20.32353686373717,20.588883794898283,6.922523391876638,21.0,1,0.41111620510171676,20.762182831332463,20.5,21.5
1481.0,20.3408566610428,20.606210329508297,6.92300373771303,21.0,1,0.393789670491703,20.779475675608435,20.5,21.5
1482.0,20.358173090458134,20.62353349546604,6.923482619098422,21.0,1,0.37646650453395836,20.796765155043488,20.5,21.5
1483.0,20.375486152363862,20.64085329315251,6.923960035668127,21.0,1,0.35914670684748984,20.814051270017195,20.5,21.5
1484.0,20.392795847140523,20.658169722948532,6.924435987058571,21.0,1,0.34183027705146785,20.831334020908752,20.5,21.5
1485.0,20.410102175168507,20.6754827852348,6.924910472907294,21.0,1,0.32451721476520135,20.848613408097464,20.5,21.5
1486.0,20.427405136828057,20.69279248039185,6.925383492852958,21.0,1,0.3072075196081485,20.86588943196238,20.5,21.5
1487.0,20.44470473249926,20.710098808800076,6.925855046535334,21.0,1,0.28990119119992386,20.883162092882323,20.5,21.5
1488.0,20.46200096256207,20.727401770839716,6.926325133595316,21.0,1,0.272598229160284,20.900431391236115,20.5,21.5
1489.0,20.479293827396276,20.744701366890865,6.926793753674912,21.0,1,0.2552986331091347,20.917697327402358,20.5,21.5
1490.0,20.496583327381533,20.76199759733347,6.927260906417246,21.0,1,0.23800240266653105,20.934959901759505,20.5,21.5
1491.0,20.51386946289734,20.77929046254733,6.927726591466562,21.0,1,0.2207095374526702,20.95221911468594,20.5,21.5
1492.0,20.531152234323052,20.796579962912087,6.92819080846822,21.0,1,0.20342003708791268,20.969474966559662,20.5,21.5
1493.0,20.54843164203788,20.81386609880725,6.928653557068699,21.0,1,0.18613390119275053,20.98672745775887,20.5,21.5
1494.0,20.565707686420886,20.831148870612175,6.929114836915597,21.0,1,0.16885112938782498,21.00397658866143,20.5,21.5
1495.0,20.582980367850986,20.848428278706063,6.929574647657626,21.0,1,0.15157172129393714,21.02122235964494,20.5,21.5
1496.0,20.60024968670695,20.865704323467988,6.930032988944623,21.0,1,0.13429567653201246,21.038464771087234,20.5,21.5
1497.0,20.617515643367398,20.882977005276853,6.9304898604275404,21.0,1,0.11702299472314692,21.05570382336551,20.5,21.5
1498.0,20.63477823821081,20.90024632451144,6.93094526175845,21.0,1,0.09975367548856084,21.0729395168573,20.5,21.5
1499.0,20.652037471615518,20.917512281550366,6.931399192590545,21.0,1,0.08248771844963443,21.09017185193963,20.5,21.5
1500.0,20.669293343959712,20.93477487677211,6.931851652578136,21.0,1,0.06522512322788998,21.107400828989554,20.5,21.5
1501.0,20.686545855621436,20.952034110555008,6.932302641376657,21.0,1,0.047965889444991916,21.12462644838399,20.5,21.5
1502.0,20.703795006978588,20.969289983277246,6.932752158642659,21.0,1,0.030710016722753863,21.141848710499627,20.5,21.5
1503.0,20.72104079840892,20.98654249531687,6.933200204033815,21.0,1,0.01345750468313156,21.15906761571309,20.5,21.5
1504.0,20.738283230290047,21.003791647051777,6.933646777208919,21.0,1,-0.0037916470517771472,21.176283164400864,20.5,21.5
1505.0,20.75552230299943,21.021037438859718,6.934091877827886,21.0,1,-0.021037438859718094,21.193495356939128,20.5,21.5
1506.0,20.772758016914395,21.038279871118313,6.934535505551754,21.0,1,-0.03827987111831277,21.21070419370426,20.5,21.5
1507.0,20.789990372412124,21.05551894420502,6.934977660042679,21.0,1,-0.05551894420501924,21.227909675072084,20.5,21.5
1508.0,20.80721936986965,21.072754658497168,6.935418340963942,21.0,1,-0.07275465849716767,21.245111801418652,20.5,21.5
1509.0,20.82444500966387,21.089987014371932,6.935857547979946,21.0,1,-0.0899870143719319,21.262310573119574,20.5,21.5
1510.0,20.841667292171532,21.10721601220635,6.936295280756216,21.0,1,-0.1072160122063508,21.27950599055054,20.5,21.5
1511.0,20.85888621776925,21.12444165237732,6.936731538959397,21.0,1,-0.12444165237732108,21.296698054087024,20.5,21.5
1512.0,20.876101786833487,21.141663935261597,6.937166322257262,21.0,1,-0.14166393526159737,21.31388676410436,20.5,21.5
1513.0,20.893313999740574,21.15888286123578,6.9375996303187035,21.0,1,-0.15888286123578155,21.331072120977623,20.5,21.5
1514.0,20.910522856866688,21.176098430676344,6.938031462813739,21.0,1,-0.176098430676344,21.34825412508197,20.5,21.5
1515.0,20.927728358587878,21.193310643959613,6.938461819413509,21.0,1,-0.19331064395961306,21.365432776792304,20.5,21.5
1516.0,20.94493050528004,21.21051950146177,6.938890699790278,21.0,1,-0.21051950146177134,21.382608076483354,20.5,21.5
1517.0,20.962129297318942,21.227725003558866,6.939318103617435,21.0,1,-0.2277250035588665,21.399780024529818,20.5,21.5
1518.0,20.9793247350802,21.24492715062679,6.939744030569494,21.0,1,-0.24492715062678982,21.416948621306023,20.5,21.5
1519.0,20.9965168189393,21.262125943041312,6.940168480322091,21.0,1,-0.26212594304131187,21.434113867186532,20.5,21.5
1520.0,21.013705549271574,21.27932138117805,6.940591452551993,21.0,1,-0.2793213811780504,21.451275762545436,20.5,21.5
1521.0,21.03089092645223,21.296513465412488,6.941012946937085,21.0,1,-0.29651346541248813,21.468434307756866,20.5,21.5
1522.0,21.048072950856326,21.313702196119966,6.941432963156382,21.0,1,-0.31370219611996575,21.485589503194742,20.5,21.5
1523.0,21.065251622858785,21.330887573675682,6.941851500890023,21.0,0,-0.3308875736756818,21.502741349232842,20.5,21.5
1524.0,21.062426942834392,21.344069598454702,6.942268559819272,21.0,0,-0.344069598454702,21.475889846244904,20.5,21.5
1525.0,21.05960291115779,21.353249070831943,6.942684139626523,21.0,0,-0.3532490708319429,21.445043794604352,20.5,21.5
1526.0,21.05677952740348,21.358426791022193,6.943098239995292,21.0,0,-0.3584267910221932,21.410203992924696,20.5,21.5
1527.0,21.053956791146,21.359603559080124,6.943510860610225,21.0,0,-0.3596035590801243,21.371371239659435,20.5,21.5
1528.0,21.051134701959892,21.356780174900347,6.943922001157093,21.0,0,-0.3567801749003472,21.328546333102576,20.5,21.5
1529.0,21.048313259419732,21.353957438217417,6.944331661322793,21.0,0,-0.3539574382174173,21.32573007138812,20.5,21.5
1530.0,21.045492463100114,21.35113534860588,6.944739840795354,21.0,0,-0.35113534860587947,21.3229144524905,20.5,21.5
1531.0,21.042672312575654,21.34831390564031,6.945146539263926,21.0,0,-0.3483139056403104,21.32009947598462,20.5,21.5
1532.0,21.039852807420992,21.345493108895305,6.9455517564187925,21.0,0,-0.3454931088953046,21.317285141445247,20.5,21.5
1533.0,21.03703394721079,21.342672957945485,6.945955491951364,21.0,0,-0.342672957945485,21.31447144844729,20.5,21.5
1534.0,21.03421573151974,21.339853452365485,6.9463577455541765,21.0,0,-0.33985345236548525,21.311658396565488,20.5,21.5
1535.0,21.031398159922546,21.33703459172997,6.946758516920897,21.0,0,-0.33703459172997086,21.308845985374827,20.5,21.5
1536.0,21.028581231993947,21.33421637561363,6.94715780574632,21.0,0,-0.3342163756136287,21.306034214450207,20.5,21.5
1537.0,21.025764947308698,21.331398803591167,6.947555611726371,21.0,0,-0.331398803591167,21.30322308336655,20.5,21.5
1538.0,21.022949305441582,21.328581875237326,6.947951934558104,21.0,0,-0.32858187523732596,21.300412591698915,20.5,21.5
1539.0,21.020134305967407,21.325765590126856,6.948346773939699,21.0,0,-0.32576559012685635,21.29760273902216,20.5,21.5
1540.0,21.017319948461,21.322949947834548,6.948740129570471,21.0,0,-0.3229499478345481,21.294793524911466,20.5,21.5
1541.0,21.014506232497222,21.320134947935202,6.949132001150861,21.0,0,-0.3201349479352018,21.29198494894174,20.5,21.5
1542.0,21.011693157650953,21.317320590003654,6.9495223883824435,21.0,0,-0.31732059000365354,21.28917701068817,20.5,21.5
1543.0,21.0088807234971,21.314506873614754,6.94991129096792,21.0,0,-0.3145068736147536,21.286369709725754,20.5,21.5
1544.0,21.006068929610596,21.311693798343395,6.950298708611126,21.0,0,-0.31169379834339495,21.28356304562981,20.5,21.5
1545.0,21.003257775566397,21.308881363764474,6.950684641017025,21.0,0,-0.30888136376447406,21.280757017975265,20.5,21.5
1546.0,21.000447260939488,21.306069569452927,6.951069087891713,21.0,0,-0.3060695694529265,21.27795162633745,20.5,21.5
1547.0,20.997637385304877,21.303258414983713,6.951452048942417,21.0,0,-0.30325841498371275,21.275146870291575,20.5,21.5
1548.0,20.994828148237605,21.300447899931815,6.951833523877495,21.0,0,-0.30044789993181453,21.272342749412832,20.5,21.5
1549.0,20.992019549312733,21.297638023872242,6.952213512406438,21.0,0,-0.29763802387224203,21.269539263276517,20.5,21.5
1550.0,20.989211588105352,21.294828786380034,6.952592014239867,21.0,0,-0.29482878638003385,21.266736411457952,20.5,21.5
1551.0,20.98640426419058,21.292020187030253,6.952969029089537,21.0,0,-0.29202018703025345,21.26393419353245,20.5,21.5
1552.0,20.98359757714356,21.28921222539799,6.953344556668336,21.0,0,-0.2892122253979892,21.261132609075347,20.5,21.5
1553.0,20.980791526539463,21.286404901058358,6.9537185966902815,21.0,0,-0.2864049010583578,21.258331657662044,20.5,21.5
1554.0,20.97798611195349,21.283598213586508,6.954091148870527,21.0,0,-0.28359821358650805,21.25553133886801,20.5,21.5
1555.0,20.975181332960876,21.28079216255761,6.954462212925358,21.0,0,-0.28079216255760997,21.25273165226863,20.5,21.5
1556.0,20.972377189136868,21.27798674754687,6.954831788572192,21.0,0,-0.27798674754686914,21.24993259743946,20.5,21.5
1557.0,20.969573680056754,21.27518196812951,6.955199875529582,21.0,0,-0.2751819681295089,21.247134173955907,20.5,21.5
1558.0,20.966770805295848,21.272377823880788,6.955566473517212,21.0,0,-0.27237782388078813,21.24433638139358,20.5,21.5
1559.0,20.963968564429493,21.269574314375987,6.9559315822559045,21.0,0,-0.269574314375987,21.241539219327976,20.5,21.5
1560.0,20.961166957033058,21.26677143919042,6.956295201467611,21.0,0,-0.26677143919042123,21.238742687334764,20.5,21.5
1561.0,20.958365982681944,21.263969197899435,6.956657330875421,21.0,0,-0.26396919789943496,21.235946784989572,20.5,21.5
1562.0,20.955565640951583,21.2611675900784,6.957017970203557,21.0,0,-0.26116759007840074,21.23315151186806,20.5,21.5
1563.0,20.952765931417435,21.258366615302716,6.957377119177376,21.0,0,-0.258366615302716,21.23035686754587,20.5,21.5
1564.0,20.94996685365499,21.255566273147814,6.95773477752337,21.0,0,-0.25556627314781366,21.22756285159879,20.5,21.5
1565.0,20.94716840723976,21.25276656318916,6.958090944969168,21.0,0,-0.2527665631891587,21.22476946360261,20.5,21.5
1566.0,20.944370591747308,21.24996748500223,6.9584456212435315,21.0,0,-0.2499674850022302,21.221976703132945,20.5,21.5
1567.0,20.941573406753207,21.247169038162554,6.95879880607636,21.0,0,-0.24716903816255353,21.219184569765787,20.5,21.5
1568.0,20.938776851833072,21.244371222245682,6.959150499198688,21.0,0,-0.24437122224568242,21.21639306307697,20.5,21.5
1569.0,20.935980926562547,21.241574036827195,6.959500700342685,21.0,0,-0.24157403682719547,21.213602182642326,20.5,21.5
1570.0,20.933185630517304,21.238777481482703,6.959849409241659,21.0,0,-0.23877748148270328,21.21081192803778,20.5,21.5
1571.0,20.930390963273048,21.235981555787852,6.9601966256300525,21.0,0,-0.23598155578785196,21.20802229883934,20.5,21.5
1572.0,20.92759692440552,21.233186259318312,6.960542349243443,21.0,0,-0.2331862593183125,21.205233294622918,20.5,21.5
1573.0,20.924803513490488,21.230391591649795,6.960886579818551,21.0,0,-0.23039159164979495,21.20244491496462,20.5,21.5
1574.0,20.922010730103754,21.227597552358038,6.961229317093226,21.0,0,-0.2275975523580378,21.199657159440466,20.5,21.5
1575.0,20.91921857382115,21.224804141018808,6.961570560806461,21.0,0,-0.22480414101880797,21.19687002762651,20.5,21.5
1576.0,20.916427044218548,21.222011357207908,6.961910310698383,21.0,0,-0.22201135720790788,21.194083519098907,20.5,21.5
1577.0,20.913636140871844,21.219219200501172,6.962248566510258,21.0,0,-0.21921920050117194,21.191297633433813,20.5,21.5
1578.0,20.910845863356972,21.216427670474467,6.96258532798449,21.0,0,-0.21642767047446654,21.188512370207413,20.5,21.5
1579.0,20.908056211249896,21.213636766703694,6.96292059486462,21.0,0,-0.21363676670369358,21.185727728995964,20.5,21.5
1580.0,20.905267184126618,21.21084648876479,6.9632543668953275,21.0,0,-0.2108464887647905,21.18294370937576,20.5,21.5
1581.0,20.902478781563172,21.208056836233716,6.963586643822431,21.0,0,-0.20805683623371607,21.18016031092297,20.5,21.5
1582.0,20.899691003135622,21.20526780868647,6.9639174253928875,21.0,0,-0.20526780868647165,21.177377533214027,20.5,21.5
1583.0,20.896903848420074,21.20247940569909,6.964246711354791,21.0,0,-0.20247940569909062,21.17459537582528,20.5,21.5
1584.0,20.89411731699266,21.199691626847645,6.964574501457378,21.0,0,-0.1996916268476454,21.171813838333193,20.5,21.5
1585.0,20.89133140842955,21.19690447170823,6.964900795451019,21.0,0,-0.19690447170822978,21.169032920314073,20.5,21.5
1586.0,20.888546122306956,21.194117939856987,6.96522559308723,21.0,0,-0.19411793985698722,21.16625262134456,20.5,21.5
1587.0,20.885761458201113,21.191332030870083,6.965548894118663,21.0,0,-0.19133203087008255,21.163472941001036,20.5,21.5
1588.0,20.8829774156883,21.188546744323727,6.965870698299108,21.0,0,-0.18854674432372676,21.16069387886017,20.5,21.5
1589.0,20.880193994344822,21.18576207979416,6.9661910053835,21.0,0,-0.18576207979415926,21.157915434498484,20.5,21.5
1590.0,20.87741119374703,21.182978036857655,6.966509815127909,21.0,0,-0.182978036857655,21.155137607492613,20.5,21.5
1591.0,20.874629013471306,21.180194615090524,6.966827127289549,21.0,0,-0.18019461509052448,21.15236039741922,20.5,21.5
1592.0,20.87184745309407,21.177411814069117,6.967142941626772,21.0,0,-0.1774118140691172,21.149583803855045,20.5,21.5
1593.0,20.869066512191775,21.17462963336981,6.967457257899071,21.0,0,-0.1746296333698112,21.14680782637675,20.5,21.5
1594.0,20.866286190340915,21.17184807256903,6.967770075867083,21.0,0,-0.17184807256903056,21.144032464561224,20.5,21.5
1595.0,20.86350648711802,21.169067131243228,6.9680813952925815,21.0,0,-0.16906713124322792,21.1412577179852,20.5,21.5
1596.0,20.860727402099656,21.1662868089689,6.9683912159384835,21.0,0,-0.16628680896889847,21.138483586225604,20.5,21.5
1597.0,20.857948934862424,21.163507105322566,6.968699537568848,21.0,0,-0.16350710532256585,21.13571006885924,20.5,21.5
1598.0,20.855171084982967,21.160728019880803,6.969006359948873,21.0,0,-0.16072801988080343,21.13293716546318,20.5,21.5
1599.0,20.85239385203796,21.157949552220213,6.969311682844902,21.0,0,-0.157949552220213,21.13016487561431,20.5,21.5
1600.0,20.84961723560412,21.155171701917435,6.969615506024416,21.0,0,-0.15517170191743546,21.12739319888966,20.5,21.5
1601.0,20.846841235258207,21.152394468549147,6.969917829256042,21.0,0,-0.15239446854914718,21.124622134866264,20.5,21.5
1602.0,20.844065850577007,21.149617851692064,6.970218652309548,21.0,0,-0.14961785169206365,21.12185168312123,20.5,21.5
1603.0,20.841291081137353,21.14684185092294,6.970517974955843,21.0,0,-0.14684185092293944,21.119081843231697,20.5,21.5
1604.0,20.838516926516117,21.14406646581857,6.97081579696698,21.0,0,-0.14406646581857174,21.116312614774895,20.5,21.5
1605.0,20.835743386290208,21.14129169595579,6.971112118116156,21.0,0,-0.14129169595578972,21.11354399732797,20.5,21.5
1606.0,20.832970460036574,21.13851754091146,6.971406938177707,21.0,0,-0.13851754091146162,21.11077599046818,20.5,21.5
1607.0,20.8301981473322,21.1357440002625,6.971700256927117,21.0,0,-0.13574400026249833,21.108008593772865,20.5,21.5
1608.0,20.82742644775412,21.132971073585853,6.97199207414101,21.0,0,-0.13297107358585336,21.105241806819404,20.5,21.5
1609.0,20.824655360879397,21.13019876045851,6.972282389597154,21.0,0,-0.13019876045850864,21.10247562918506,20.5,21.5
1610.0,20.82188488628514,21.127427060457496,6.972571203074462,21.0,0,-0.12742706045749586,21.099710060447368,20.5,21.5
1611.0,20.8191150235485,21.124655973159882,6.972858514352991,21.0,0,-0.1246559731598822,21.096945100183746,20.5,21.5
1612.0,20.81634577224666,21.121885498142774,6.973144323213939,21.0,0,-0.12188549814277394,21.09418074797169,20.5,21.5
1613.0,20.813577131956855,21.119115634983324,6.973428629439651,21.0,0,-0.11911563498332356,21.09141700338882,20.5,21.5
1614.0,20.81080910225635,21.116346383258712,6.973711432813614,21.0,0,-0.11634638325871194,21.088653866012596,20.5,21.5
1615.0,20.80804168272246,21.113577742546177,6.973992733120464,21.0,0,-0.11357774254617681,21.085891335420825,20.5,21.5
1616.0,20.80527487293254,21.110809712422984,6.974272530145976,21.0,0,-0.11080971242298432,21.08312941119106,20.5,21.5
1617.0,20.802508672463983,21.108042292466447,6.974550823677073,21.0,0,-0.10804229246644681,21.08036809290107,20.5,21.5
1618.0,20.799743080894224,21.105275482253923,6.974827613501823,21.0,0,-0.1052754822539228,21.077607380128683,20.5,21.5
1619.0,20.796978097800746,21.1025092813628,6.975102899409437,21.0,0,-0.10250928136279924,21.074847272451564,20.5,21.5
1620.0,20.794213722761068,21.09974368937052,6.9753766811902755,21.0,0,-0.09974368937051992,21.072087769447727,20.5,21.5
1621.0,20.791449955352753,21.096978705854564,6.975648958635839,21.0,0,-0.09697870585456414,21.069328870695006,20.5,21.5
1622.0,20.78868679515341,21.09421433039245,6.975919731538778,21.0,0,-0.09421433039245031,21.066570575771312,20.5,21.5
1623.0,20.785924241740688,21.09145056256174,6.976188999692887,21.0,0,-0.09145056256173945,21.06381288425463,20.5,21.5
1624.0,20.78316229469228,21.08868740194005,6.976456762893106,21.0,0,-0.08868740194004943,21.06105579572315,20.5,21.5
1625.0,20.780400953585918,21.08592484810502,6.9767230209355215,21.0,0,-0.08592484810501944,21.05829930975472,20.5,21.5
1626.0,20.777640217999387,21.083162900634346,6.976987773617367,21.0,0,-0.0831629006343455,21.055543425927606,20.5,21.5
1627.0,20.77488008751051,21.080401559105766,6.977251020737022,21.0,0,-0.0804015591057663,21.052788143819974,20.5,21.5
1628.0,20.772120561697157,21.077640823097063,6.977512762094012,21.0,0,-0.0776408230970631,21.05003346301003,20.5,21.5
1629.0,20.769361640137237,21.074880692186053,6.977772997489009,21.0,0,-0.07488069218605276,21.04727938307595,20.5,21.5
1630.0,20.76660332240871,21.072121165950612,6.978031726723834,21.0,0,-0.07212116595061246,21.04452590359621,20.5,21.5
1631.0,20.76384560808957,21.069362243968648,6.978288949601452,21.0,0,-0.06936224396864787,21.041773024149002,20.5,21.5
1632.0,20.761088496757875,21.06660392581812,6.978544665925977,21.0,0,-0.06660392581812147,21.039020744312857,20.5,21.5
1633.0,20.75833198799171,21.06384621107703,6.97879887550267,21.0,0,-0.06384621107703126,21.03626906366613,20.5,21.5
1634.0,20.755576081369213,21.061089099323425,6.9790515781379385,21.0,0,-0.06108909932342499,21.033517981787362,20.5,21.5
1635.0,20.752820776468567,21.058332590135397,6.979302773639341,21.0,0,-0.0583325901353966,21.030767498255113,20.5,21.5
1636.0,20.750066072868,21.055576683091083,6.979552461815578,21.0,0,-0.05557668309108266,21.028017612647943,20.5,21.5
1637.0,20.74731197014579,21.052821377768666,6.979800642476503,21.0,0,-0.05282137776866591,21.0252683245445,20.5,21.5
1638.0,20.744558467880257,21.05006667374638,6.980047315433115,21.0,0,-0.050066673746378854,21.02251963352351,20.5,21.5
1639.0,20.741805565649766,21.04731257060249,6.980292480497562,21.0,0,-0.0473125706024895,21.019771539163596,20.5,21.5
1640.0,20.739053263032737,21.044559067915323,6.98053613748314,21.0,0,-0.044559067915322714,21.017024041043655,20.5,21.5
1641.0,20.73630155960763,21.041806165263246,6.980778286204295,21.0,0,-0.04180616526324599,21.01427713874248,20.5,21.5
1642.0,20.733550454952947,21.039053862224677,6.981018926476618,21.0,0,-0.03905386222467655,21.011530831838982,20.5,21.5
1643.0,20.730799948647253,21.036302158378078,6.981258058116851,21.0,0,-0.03630215837807782,21.00878511991209,20.5,21.5
1644.0,20.728050040269146,21.033551053301956,6.981495680942887,21.0,0,-0.03355105330195585,21.006040002540736,20.5,21.5
1645.0,20.72530072939728,21.030800546574863,6.981731794773765,21.0,0,-0.030800546574862864,21.003295479303933,20.5,21.5
1646.0,20.722552015610354,21.028050637775408,6.981966399429672,21.0,0,-0.02805063777540795,21.00055154978086,20.5,21.5
1647.0,20.71980389848712,21.025301326482243,6.982199494731949,21.0,0,-0.025301326482242814,20.99780821355059,20.5,21.5
1648.0,20.71705637760637,21.022552612274062,6.982431080503083,21.0,0,-0.0225526122740618,20.99506547019225,20.5,21.5
1649.0,20.71430945254695,21.019804494729623,6.982661156566712,21.0,0,-0.0198044947296232,20.992323319285237,20.5,21.5
1650.0,20.711563122887753,21.01705697342772,6.982889722747621,21.0,0,-0.017056973427720834,20.989581760408697,20.5,21.5
1651.0,20.708817388207724,21.01431004794719,6.983116778871748,21.0,0,-0.014310047947191151,20.986840793141894,20.5,21.5
1652.0,20.706072248085857,21.011563717866938,6.9833423247661806,21.0,0,-0.011563717866938106,20.984100417064408,20.5,21.5
1653.0,20.70332770210119,21.0088179827659,6.983566360259156,21.0,0,-0.008817982765901178,20.981360631755532,20.5,21.5
1654.0,20.700583749832823,21.006072842223077,6.98378888518006,21.0,0,-0.006072842223076691,20.978621436794832,20.5,21.5
1655.0,20.69784039085989,21.003328295817504,6.98400989935943,21.0,0,-0.0033282958175036015,20.975882831761773,20.5,21.5
1656.0,20.69509762476159,21.00058434312828,6.984229402628955,21.0,0,-0.0005843431282812617,20.973144816236058,20.5,21.5
1657.0,20.692355451117162,20.99784098373454,6.9844473948214745,21.0,0,0.0021590162654590017,20.97040738979714,20.5,21.5
1658.0,20.6896138695059,20.995098217215485,6.984663875770977,21.0,0,0.004901782784514808,20.967670552024927,20.5,21.5
1659.0,20.686872879507156,20.99235604315035,6.984878845312603,21.0,0,0.007643956849648248,20.964934302499017,20.5,21.5
1660.0,20.684132480700317,20.989614461118435,6.985092303282644,21.0,0,0.010385538881564571,20.962198640799272,20.5,21.5
1661.0,20.681392672664835,20.986873470699084,6.985304249518542,21.0,0,0.013126529300915735,20.959463566505573,20.5,21.5
1662.0,20.678653454980207,20.984133071471692,6.9855146838588915,21.0,0,0.01586692852830751,20.956729079197775,20.5,21.5
1663.0,20.675914827225984,20.98139326301571,6.985723606143436,21.0,0,0.01860673698428883,20.953995178455898,20.5,21.5
1664.0,20.673176788981767,20.978654044910634,6.985931016213074,21.0,0,0.021345955089365987,20.951261863859862,20.5,21.5
1665.0,20.67043933982721,20.97591541673601,6.986136913909853,21.0,0,0.024084583263988435,20.948529134989787,20.5,21.5
1666.0,20.66770247934203,20.973177378071448,6.986341299076972,21.0,0,0.026822621928552337,20.94579699142581,20.5,21.5
1667.0,20.664966207105977,20.970439928496603,6.986544171558784,21.0,0,0.029560071503397012,20.943065432748156,20.5,21.5
1668.0,20.662230522698867,20.96770306759118,6.986745531200793,21.0,0,0.032296932408819146,20.94033445853696,20.5,21.5
1669.0,20.659495425700566,20.96496679493494,6.986945377849654,21.0,0,0.03503320506505858,20.937604068372547,20.5,21.5
1670.0,20.656760915690995,20.962231110107698,6.987143711353175,21.0,0,0.03776888989230187,20.934874261835265,20.5,21.5
1671.0,20.654026992250127,20.959496012689318,6.987340531560317,21.0,0,0.04050398731068228,20.932145038505514,20.5,21.5
1672.0,20.65129365495799,20.95676150225972,6.987535838321193,21.0,0,0.04323849774027977,20.929416397963745,20.5,21.5
1673.0,20.64856090339466,20.954027578398883,6.987729631487067,21.0,0,0.045972421601117475,20.926688339790505,20.5,21.5
1674.0,20.645828737140278,20.951294240686824,6.98792191091036,21.0,0,0.04870575931317589,20.92396086356624,20.5,21.5
1675.0,20.64309715577503,20.948561488703632,6.988112676444639,21.0,0,0.051438511296368006,20.92123396887171,20.5,21.5
1676.0,20.640366158879164,20.945829322029436,6.988301927944631,21.0,0,0.054170677970564185,20.918507655287474,20.5,21.5
1677.0,20.637635746032977,20.943097740244433,6.9884896652662105,21.0,0,0.056902259755567286,20.9157819223944,20.5,21.5
1678.0,20.634905916816823,20.940366742928866,6.9886758882664095,21.0,0,0.05963325707113398,20.9130567697732,20.5,21.5
1679.0,20.632176670811113,20.937636329663036,6.988860596803409,21.0,0,0.062363670336964105,20.910332197004735,20.5,21.5
1680.0,20.629448007596313,20.93490650002729,6.989043790736547,21.0,0,0.0650934999727113,20.907608203669817,20.5,21.5
1681.0,20.62671992675294,20.932177253602042,6.989225469926312,21.0,0,0.06782274639795816,20.904884789349573,20.5,21.5
1682.0,20.623992427861577,20.929448589967762,6.989405634234348,21.0,0,0.07055141003223753,20.90216195362497,20.5,21.5
1683.0,20.62126551050285,20.926720508704967,6.9895842835234525,21.0,0,0.07327949129503253,20.899439696077017,20.5,21.5
1684.0,20.618539174257457,20.923993009394234,6.989761417657577,21.0,0,0.07600699060576588,20.8967180162869,20.5,21.5
1685.0,20.615813418706136,20.9212660916162,6.989937036501823,21.0,0,0.0787339083837999,20.89399691383586,20.5,21.5
1686.0,20.613088243429694,20.918539754951553,6.990111139922453,21.0,0,0.08146024504844718,20.89127638830508,20.5,21.5
1687.0,20.610363648008992,20.915813998981037,6.990283727786877,21.0,0,0.08418600101896345,20.888556439275874,20.5,21.5
1688.0,20.60763963202495,20.913088823285456,6.990454799963662,21.0,0,0.08691117671454407,20.88583706632965,20.5,21.5
1689.0,20.604916195058536,20.910364227445672,6.990624356322531,21.0,0,0.08963577255432753,20.883118269047838,20.5,21.5
1690.0,20.60219333669079,20.9076402110426,6.990792396734357,21.0,0,0.09235978895739905,20.880400047011886,20.5,21.5
1691.0,20.599471056502797,20.904916773657224,6.990958921071172,21.0,0,0.09508322634277633,20.87768239980345,20.5,21.5
1692.0,20.596749354075712,20.902193914870566,6.99112392920616,21.0,0,0.09780608512943445,20.874965327003984,20.5,21.5
1693.0,20.594028228990737,20.899471634263723,6.991287421013659,21.0,0,0.10052836573627744,20.872248828195293,20.5,21.5
1694.0,20.591307680829143,20.896749931417844,6.991449396369164,21.0,0,0.10325006858215602,20.869532902959058,20.5,21.5
1695.0,20.588587709172252,20.89402880591414,6.991609855149323,21.0,0,0.10597119408586053,20.866817550877094,20.5,21.5
1696.0,20.58586831360145,20.89130825733387,6.9917687972319404,21.0,0,0.10869174266613157,20.864102771531158,20.5,21.5
1697.0,20.583149493698176,20.888588285258358,6.991926222495975,21.0,0,0.11141171474164224,20.86138856450325,20.5,21.5
1698.0,20.580431249043937,20.885868889269,6.992082130821539,21.0,0,0.11413111073100168,20.858674929375404,20.5,21.5
1699.0,20.57771357922029,20.883150068947227,6.992236522089903,21.0,0,0.11684993105277286,20.855961865729515,20.5,21.5
1700.0,20.574996483808864,20.88043182387455,6.992389396183491,21.0,0,0.11956817612545123,20.853249373147765,20.5,21.5
1701.0,20.572279962391338,20.877714153632528,6.9925407529858825,21.0,0,0.12228584636747186,20.850537451212322,20.5,21.5
1702.0,20.569564014549456,20.874997057802783,6.992690592381813,21.0,0,0.12500294219721653,20.847826099505337,20.5,21.5
1703.0,20.56684863986502,20.872280535967,6.992838914257173,21.0,0,0.1277194640329995,20.84511531760917,20.5,21.5
1704.0,20.5641338379199,20.869564587706925,6.992985718499009,21.0,0,0.13043541229307465,20.842405105106174,20.5,21.5
1705.0,20.561419608296017,20.866849212604354,6.993131004995523,21.0,0,0.13315078739564612,20.83969546157864,20.5,21.5
1706.0,20.55870595057536,20.864134410241157,6.993274773636073,21.0,0,0.13586558975884344,20.836986386609183,20.5,21.5
1707.0,20.55599286433997,20.861420180199257,6.9934170243111735,21.0,0,0.13857981980074285,20.834277879780263,20.5,21.5
1708.0,20.553280349171963,20.858706522060647,6.9935577569124945,21.0,0,0.1412934779393531,20.831569940674544,20.5,21.5
1709.0,20.55056840465351,20.855993435407367,6.993696971332861,21.0,0,0.14400656459263317,20.828862568874566,20.5,21.5
1710.0,20.547857030366846,20.853280919821533,6.993834667466256,21.0,0,0.14671908017846746,20.82615576396319,20.5,21.5
1711.0,20.545146225894264,20.850568974885313,6.9939708452078175,21.0,0,0.1494310251146871,20.823449525523117,20.5,21.5
1712.0,20.542435990818127,20.847857600180948,6.994105504453841,21.0,0,0.1521423998190521,20.820743853137298,20.5,21.5
1713.0,20.539726324720853,20.845146795290724,6.994238645101776,21.0,0,0.15485320470927633,20.81803874638848,20.5,21.5
1714.0,20.53701722718493,20.842436559797008,6.994370267050232,21.0,0,0.15756344020299196,20.81533420485985,20.5,21.5
1715.0,20.534308697792902,20.839726893282222,6.994500370198971,21.0,0,0.16027310671777784,20.812630228134363,20.5,21.5
1716.0,20.531600736127384,20.837017795328844,6.994628954448916,21.0,0,0.16298220467115598,20.809926815795063,20.5,21.5
1717.0,20.52889334177105,20.83430926551943,6.994756019702144,21.0,0,0.16569073448057026,20.807223967425287,20.5,21.5
1718.0,20.526186514306634,20.83160130343658,6.994881565861888,21.0,0,0.16839869656341833,20.8045216826081,20.5,21.5
1719.0,20.523480253316944,20.828893908662984,6.99500559283254,21.0,0,0.17110609133701615,20.801819960927006,20.5,21.5
1720.0,20.520774558384847,20.826187080781374,6.995128100519649,21.0,0,0.1738129192186264,20.79911880196527,20.5,21.5
1721.0,20.518069429093273,20.82348081937455,6.995249088829918,21.0,0,0.17651918062545136,20.7964182053063,20.5,21.5
1722.0,20.51536486502522,20.82077512402538,6.995368557671211,21.0,0,0.17922487597461867,20.793718170533708,20.5,21.5
1723.0,20.51266086576375,20.818069994316808,6.995486506952545,21.0,0,0.18193000568319206,20.791018697231074,20.5,21.5
1724.0,20.509957430891987,20.815365429831814,6.9956029365841,21.0,0,0.18463457016818552,20.78831978498188,20.5,21.5
1725.0,20.507254559993125,20.81266143015347,6.995717846477207,21.0,0,0.1873385698465313,20.78562143337001,20.5,21.5
1726.0,20.504552252650424,20.8099579948649,6.995831236544358,21.0,0,0.19004200513510128,20.7829236419792,20.5,21.5
1727.0,20.501850508447202,20.807255123549297,6.995943106699201,21.0,0,0.19274487645070337,20.780226410393276,20.5,21.5
1728.0,20.49914932696685,20.80455281578992,6.996053456856544,21.0,0,0.19544718421008156,20.777529738196137,20.5,21.5
1729.0,20.49644870779283,20.801851071170088,6.996162286932347,21.0,0,0.1981489288299123,20.77483362497178,20.5,21.5
1730.0,20.493748650508657,20.799149889273195,6.996269596843733,21.0,0,0.2008501107268046,20.772138070304273,20.5,21.5
1731.0,20.491049154697922,20.796449269682697,6.996375386508983,21.0,0,0.20355073031730342,20.76944307377771,20.5,21.5
1732.0,20.488350219944284,20.793749211982114,6.996479655847531,21.0,0,0.20625078801788632,20.766748634976285,20.5,21.5
1733.0,20.485651845831466,20.791049715755037,6.996582404779971,21.0,0,0.2089502842449633,20.764054753484267,20.5,21.5
1734.0,20.482954031943255,20.788350780585123,6.996683633228057,21.0,0,0.2116492194148769,20.761361428885987,20.5,21.5
1735.0,20.480256777863513,20.785652406056094,6.996783341114698,21.0,0,0.21434759394390568,20.758668660765807,20.5,21.5
1736.0,20.47756008317616,20.78295459175174,6.9968815283639625,21.0,0,0.21704540824826069,20.75597644870819,20.5,21.5
1737.0,20.4748639474652,20.780257337255925,6.996978194901076,21.0,0,0.21974266274407483,20.753284792297784,20.5,21.5
1738.0,20.472168370314687,20.777560642152572,6.997073340652424,21.0,0,0.22243935784742774,20.750593691119043,20.5,21.5
1739.0,20.469473351308753,20.774864506025672,6.9971669655455475,21.0,0,0.22513549397432797,20.74790314475667,20.5,21.5
1740.0,20.466778890031602,20.772168928459287,6.9972590695091474,21.0,0,0.22783107154071303,20.745213152795436,20.5,21.5
1741.0,20.464084986067498,20.769473909037554,6.997349652473083,21.0,0,0.2305260909624458,20.742523714820226,20.5,21.5
1742.0,20.46139163900078,20.766779447344668,6.997438714368372,21.0,0,0.23322055265533237,20.739834830415802,20.5,21.5
1743.0,20.458698848415853,20.764085542964903,6.997526255127189,21.0,0,0.23591445703509706,20.737146499167256,20.5,21.5
1744.0,20.456006613897195,20.761392195482593,6.997612274682868,21.0,0,0.23860780451740737,20.73445872065949,20.5,21.5
1745.0,20.45331493502935,20.75869940448214,6.997696772969901,21.0,0,0.24130059551785976,20.731771494477616,20.5,21.5
1746.0,20.450623811396937,20.756007169548027,6.99777974992394,21.0,0,0.2439928304519725,20.7290848202069,20.5,21.5
1747.0,20.447933242584643,20.7533154902648,6.997861205481794,21.0,0,0.24668450973519995,20.726398697432526,20.5,21.5
1748.0,20.445243228177223,20.750624366217075,6.997941139581429,21.0,0,0.24937563378292538,20.72371312573982,20.5,21.5
1749.0,20.442553767759502,20.747933796989535,6.998019552161975,21.0,0,0.25206620301046456,20.721028104714144,20.5,21.5
1750.0,20.439864860916384,20.74524378216694,6.998096443163716,21.0,0,0.2547562178330587,20.718343633941,20.5,21.5
1751.0,20.437176507232834,20.74255432133412,6.998171812528096,21.0,0,0.2574456786658814,20.71565971300589,20.5,21.5
1752.0,20.434488706293894,20.739865414075968,6.998245660197717,21.0,0,0.2601345859240318,20.712976341494464,20.5,21.5
1753.0,20.431801457684674,20.737177059977455,6.9983179861163425,21.0,0,0.262822940022545,20.710293518992323,20.5,21.5
1754.0,20.42911476099036,20.734489258623626,6.998388790228892,21.0,0,0.2655107413763744,20.70761124508533,20.5,21.5
1755.0,20.42642861579621,20.73180200959959,6.998458072481446,21.0,0,0.2681979904004095,20.70492951935924,20.5,21.5
1756.0,20.423743021687546,20.72911531249053,6.998525832821242,21.0,0,0.2708846875094686,20.70224834139994,20.5,21.5
1757.0,20.421057978249774,20.726429166881708,6.998592071196679,21.0,0,0.273570833118292,20.699567710793474,20.5,21.5
1758.0,20.418373485068365,20.723743572358444,6.998656787557312,21.0,0,0.276256427641556,20.696887627125804,20.5,21.5
1759.0,20.415689541728863,20.721058528506145,6.998719981853858,21.0,0,0.2789414714938552,20.694208089983153,20.5,21.5
1760.0,20.413006147816887,20.71837403491028,6.998781654038192,21.0,0,0.28162596508972015,20.69152909895163,20.5,21.5
1761.0,20.41032330291813,20.715690091156397,6.998841804063346,21.0,0,0.2843099088436034,20.688850653617564,20.5,21.5
1762.0,20.40764100661836,20.713006696830114,6.998900431883515,21.0,0,0.28699330316988636,20.686172753567284,20.5,21.5
1763.0,20.40495925850341,20.710323851517124,6.99895753745405,21.0,0,0.2896761484828758,20.68349539838723,20.5,21.5
1764.0,20.4022780581592,20.70764155480319,6.999013120731464,21.0,0,0.2923584451968111,20.680818587663836,20.5,21.5
1765.0,20.399597405171715,20.704959806274154,6.999067181673426,21.0,0,0.2950401937258462,20.678142320983802,20.5,21.5
1766.0,20.396917299127015,20.702278605515936,6.9991197202387685,21.0,0,0.2977213944840642,20.675466597933756,20.5,21.5
1767.0,20.39423773961124,20.69959795211451,6.999170736387479,21.0,0,0.3004020478854912,20.67279141810024,20.5,21.5
1768.0,20.391558726210594,20.696917845655946,6.9992202300807085,21.0,0,0.30308215434405383,20.67011678107032,20.5,21.5
1769.0,20.388880258511367,20.694238285726378,6.999268201280764,21.0,0,0.305761714273622,20.667442686430697,20.5,21.5
1770.0,20.38620233609992,20.69155927191202,6.999314649951114,21.0,0,0.3084407280879802,20.664769133768438,20.5,21.5
1771.0,20.383524958562692,20.688880803799158,6.999359576056387,21.0,0,0.31111919620084194,20.66209612267054,20.5,21.5
1772.0,20.38084812548619,20.686202880974147,6.999402979562366,21.0,0,0.3137971190258533,20.659423652724033,20.5,21.5
1773.0,20.378171836457003,20.68352550302343,6.999444860436001,21.0,0,0.3164744969765714,20.656751723516248,20.5,21.5
1774.0,20.375496091061798,20.680848669533514,6.999485218645397,21.0,0,0.3191513304664859,20.65408033463437,20.5,21.5
1775.0,20.372820888887315,20.67817238009099,6.999524054159818,21.0,0,0.32182761990900843,20.651409485665766,20.5,21.5
1776.0,20.37014622952037,20.67549663428253,6.999561366949691,21.0,0,0.32450336571746874,20.648739176197928,20.5,21.5
1777.0,20.367472112547855,20.672821431694864,6.999597156986599,21.0,0,0.32717856830513625,20.64606940581819,20.5,21.5
1778.0,20.36479853755674,20.67014677191481,6.999631424243288,21.0,0,0.3298532280851916,20.643400174114255,20.5,21.5
1779.0,20.362125504134077,20.667472654529263,6.999664168693662,21.0,0,0.33252734547073715,20.640731480673807,20.5,21.5
1780.0,20.35945301186699,20.664799079125196,6.999695390312782,21.0,0,0.33520092087480435,20.638063325084524,20.5,21.5
1781.0,20.35678106034268,20.66212604528966,6.9997250890768745,21.0,0,0.3378739547103393,20.63539570693431,20.5,21.5
1782.0,20.354109649148427,20.659453552609772,6.999753264963321,21.0,0,0.34054644739022777,20.632728625810888,20.5,21.5
1783.0,20.35143877787159,20.65678160067274,6.999779917950665,21.0,0,0.3432183993272595,20.630062081302423,20.5,21.5
1784.0,20.348768446099605,20.654110189065847,6.999805048018608,21.0,0,0.3458898109341533,20.62739607299691,20.5,21.5
1785.0,20.34609865341999,20.651439317376447,6.999828655148014,21.0,0,0.3485606826235532,20.624730600482447,20.5,21.5
1786.0,20.343429399420334,20.64876898519198,6.9998507393209035,21.0,0,0.35123101480802177,20.622065663347293,20.5,21.5
1787.0,20.340760683688313,20.646099192099957,6.99987130052046,21.0,0,0.3539008079000432,20.619401261179743,20.5,21.5
1788.0,20.33809250581168,20.643429937687976,6.999890338731024,21.0,0,0.3565700623120236,20.616737393568172,20.5,21.5
1789.0,20.335424865378265,20.640761221543706,6.9999078539380974,21.0,0,0.3592387784562945,20.614074060100997,20.5,21.5
1790.0,20.332757761975977,20.638093043254905,6.999923846128342,21.0,0,0.361906956745095,20.6114112603669,20.5,21.5
1791.0,20.330091195192807,20.635425402409403,6.9999383152895795,21.0,0,0.36457459759059674,20.608748993954386,20.5,21.5
1792.0,20.327425164616827,20.632758298595103,6.999951261410789,21.0,0,0.36724170140489676,20.606087260452103,20.5,21.5
1793.0,20.324759669836187,20.630091731400004,6.999962684482114,21.0,0,0.36990826859999615,20.60342605944901,20.5,21.5
1794.0,20.322094710439117,20.62742570041217,6.999972584494854,21.0,0,0.3725742995878285,20.600765390533848,20.5,21.5
1795.0,20.31943028601393,20.62476020521976,6.999980961441469,21.0,0,0.3752397947802386,20.59810525329566,20.5,21.5
1796.0,20.316766396149013,20.622095245411003,6.999987815315581,21.0,0,0.37790475458899664,20.595445647323423,20.5,21.5
1797.0,20.314103040432848,20.61943082057421,6.9999931461119695,21.0,0,0.38056917942579105,20.592786572206265,20.5,21.5
1798.0,20.311440218453985,20.616766930297768,6.999996953826575,21.0,0,0.38323306970223214,20.590128027533357,20.5,21.5
1799.0,20.30877792980106,20.61410357417016,6.999999238456499,21.0,0,0.3858964258298414,20.587470012894066,20.5,21.5
1800.0,20.30611617406279,20.61144075177993,7.0,21.0,0,0.38855924822006926,20.584812527877652,20.5,21.5
1801.0,20.303454950827977,20.608778462715723,6.999999238456499,21.0,0,0.39122153728427733,20.582155572073642,20.5,21.5
1802.0,20.300794259685503,20.60611670656625,6.999996953826575,21.0,0,0.39388329343374906,20.579499145071534,20.5,21.5
1803.0,20.29813410022433,20.60345548292032,6.9999931461119695,21.0,0,0.3965445170796791,20.57684324646102,20.5,21.5
1804.0,20.295474472033508,20.600794791366813,6.999987815315581,21.0,0,0.3992052086331874,20.57418787583173,20.5,21.5
1805.0,20.292815374702165,20.598134631494688,6.999980961441469,21.0,0,0.4018653685053124,20.571533032773438,20.5,21.5
1806.0,20.290156807819514,20.595475002892993,6.999972584494854,21.0,0,0.40452499710700707,20.568878716876046,20.5,21.5
1807.0,20.28749877097485,20.592815905150864,6.999962684482114,21.0,0,0.40718409484913565,20.56622492772958,20.5,21.5
1808.0,20.28484126375755,20.59015733785751,6.999951261410789,21.0,0,0.4098426621424913,20.563571664923952,20.5,21.5
1809.0,20.28218428575708,20.587499300602225,6.9999383152895795,21.0,0,0.4125006993977749,20.56091892804939,20.5,21.5
1810.0,20.279527836562984,20.584841792974387,6.999923846128342,21.0,0,0.41515820702561257,20.55826671669601,20.5,21.5
1811.0,20.276871915764897,20.582184814563465,6.9999078539380974,21.0,0,0.4178151854365346,20.555615030454245,20.5,21.5
1812.0,20.274216522952532,20.579528364959,6.999890338731024,21.0,0,0.42047163504100027,20.552963868914343,20.5,21.5
1813.0,20.271561657715687,20.576872443750627,6.999871300520461,21.0,0,0.4231275562493728,20.5503132316669,20.5,21.5
1814.0,20.268907319644246,20.574217050528063,6.9998507393209035,21.0,0,0.4257829494719374,20.547663118302417,20.5,21.5
1815.0,20.26625350832818,20.5715621848811,6.999828655148014,21.0,0,0.428437815118901,20.545013528411463,20.5,21.5
1816.0,20.263600223357543,20.56890784639963,6.999805048018608,21.0,0,0.4310921536003711,20.542364461584928,20.5,21.5
1817.0,20.260947464322474,20.56625403467362,6.999779917950665,21.0,0,0.43374596532638066,20.539715917413524,20.5,21.5
1818.0,20.2582952308132,20.563600749293123,6.999753264963321,21.0,0,0.43639925070687724,20.537067895488157,20.5,21.5
1819.0,20.25564352242003,20.56094798984828,6.9997250890768745,21.0,0,0.4390520101517197,20.534420395399856,20.5,21.5
1820.0,20.25299233873336,20.558295755929315,6.999695390312782,21.0,0,0.4417042440706851,20.53177341673966,20.5,21.5
1821.0,20.250341679343677,20.555644047126542,6.999664168693662,21.0,0,0.4443559528734582,20.52912695909881,20.5,21.5
1822.0,20.247691543841547,20.552992863030358,6.999631424243288,21.0,0,0.447007136969642,20.52648102206852,20.5,21.5
1823.0,20.245041931817628,20.550342203231242,6.999597156986599,21.0,0,0.44965779676875783,20.523835605240084,20.5,21.5
1824.0,20.24239284286266,20.547692067319765,6.999561366949691,21.0,0,0.4523079326802346,20.521190708204998,20.5,21.5
1825.0,20.239744276567478,20.54504245488659,6.999524054159818,21.0,0,0.4549575451134089,20.518546330554848,20.5,21.5
1826.0,20.237096232522997,20.542393365522454,6.999485218645397,21.0,0,0.45760663447754624,20.51590247188108,20.5,21.5
1827.0,20.234448710320223,20.539744798818187,6.999444860436001,21.0,0,0.4602552011818126,20.513259131775524,20.5,21.5
1828.0,20.231801709550247,20.53709675436471,6.999402979562366,21.0,0,0.46290324563528884,20.51061630982995,20.5,21.5
1829.0,20.22915522980425,20.53444923175303,6.999359576056387,21.0,0,0.4655507682469704,20.507974005636214,20.5,21.5
1830.0,20.2265092706735,20.531802230574236,6.999314649951114,21.0,0,0.46819776942576397,20.5053322187863,20.5,21.5
1831.0,20.223863831749355,20.529155750419505,6.999268201280764,21.0,0,0.47084424958049453,20.5026909488722,20.5,21.5
1832.0,20.22121891262326,20.526509790880112,6.9992202300807085,21.0,0,0.4734902091198876,20.500050195486182,20.5,21.5
1833.0,20.218574512886754,20.523864351547413,6.999170736387479,21.0,1,0.47613564845258693,20.49740995822042,20.5,21.5
1834.0,20.235930632131453,20.525219432012854,6.9991197202387685,21.0,1,0.4747805679871462,20.53877023666726,20.5,21.5
1835.0,20.253283269949073,20.53057423186797,6.999067181673426,21.0,1,0.4694257681320302,20.58412223041913,20.5,21.5
1836.0,20.270632426731417,20.539927950864385,6.999013120731464,21.0,1,0.46007204913561495,20.633465140828537,20.5,21.5
1837.0,20.287978102870216,20.553279788913777,6.99895753745405,21.0,1,0.4467202110862232,20.686798169407695,20.5,21.5
1838.0,20.305320298757135,20.570628946087854,6.998900431883515,21.0,1,0.4293710539121456,20.74412051782863,20.5,21.5
1839.0,20.32265901478376,20.587974622618315,6.998841804063346,21.0,1,0.4120253773816849,20.761431387922922,20.5,21.5
1840.0,20.339994251341615,20.605316818896824,6.998781654038192,21.0,1,0.3946831811031757,20.778738781681916,20.5,21.5
1841.0,20.357326008822156,20.62265553531497,6.998719981853858,21.0,1,0.3773444646850308,20.796042699496418,20.5,21.5
1842.0,20.374654287616764,20.63999077226428,6.998656787557312,21.0,1,0.36000922773571986,20.81334314175739,20.5,21.5
1843.0,20.391979088116752,20.657322530136206,6.998592071196679,21.0,1,0.3426774698637942,20.830640108855462,20.5,21.5
1844.0,20.409300410713367,20.674650809322124,6.998525832821242,21.0,1,0.32534919067787627,20.847933601181303,20.5,21.5
1845.0,20.426618255797788,20.69197561021336,6.998458072481446,21.0,1,0.3080243897866417,20.865223619125704,20.5,21.5
1846.0,20.443932623761125,20.709296933201152,6.998388790228892,21.0,1,0.29070306679884794,20.88251016307909,20.5,21.5
1847.0,20.46124351499442,20.726614778676684,6.9983179861163425,21.0,1,0.27338522132331633,20.899793233432,20.5,21.5
1848.0,20.47855092988864,20.74392914703106,6.998245660197717,21.0,1,0.2560708529689393,20.91707283057483,20.5,21.5
1849.0,20.4958548688347,20.761240038655327,6.998171812528096,21.0,1,0.23875996134467314,20.934348954897988,20.5,21.5
1850.0,20.51315533222344,20.778547453940458,6.998096443163716,21.0,1,0.2214525460595418,20.95162160679177,20.5,21.5
1851.0,20.53045232044563,20.79585139327736,6.998019552161975,21.0,1,0.20414860672264012,20.968890786646377,20.5,21.5
1852.0,20.547745833891973,20.813151857056873,6.99794113958143,21.0,1,0.18684814294312702,20.986156494852004,20.5,21.5
1853.0,20.56503587295311,20.830448845669768,6.997861205481794,21.0,1,0.16955115433023238,21.003418731798714,20.5,21.5
1854.0,20.582322438019617,20.847742359506746,6.99777974992394,21.0,1,0.15225764049325363,21.020677497876534,20.5,21.5
1855.0,20.599605529481998,20.86503239895846,6.997696772969901,21.0,1,0.13496760104154149,21.03793279347558,20.5,21.5
1856.0,20.616885147730695,20.88231896441547,6.997612274682869,21.0,1,0.11768103558452836,21.055184618985603,20.5,21.5
1857.0,20.634161293156087,20.899602056268296,6.997526255127189,21.0,1,0.10039794373170352,21.072432974796545,20.5,21.5
1858.0,20.65143396614848,20.91688167490737,6.997438714368372,21.0,1,0.08311832509263084,21.089677861298096,20.5,21.5
1859.0,20.668703167098126,20.934157820723073,6.997349652473083,21.0,1,0.06584217927692748,21.106919278880106,20.5,21.5
1860.0,20.685968896395202,20.951430494105715,6.9972590695091474,21.0,1,0.048569505894285214,21.124157227932137,20.5,21.5
1861.0,20.703231154429826,20.96869969544554,6.9971669655455475,21.0,1,0.03130030455445976,21.141391708843795,20.5,21.5
1862.0,20.72048994159205,20.98596542513273,6.997073340652424,21.0,1,0.014034574867270777,21.15862272200462,20.5,21.5
1863.0,20.73774525827186,21.003227683557405,6.996978194901076,21.0,1,-0.0032276835574052143,21.175850267804165,20.5,21.5
1864.0,20.754997104859186,21.020486471109614,6.9968815283639625,21.0,1,-0.020486471109613547,21.193074346631697,20.5,21.5
1865.0,20.772245481743887,21.037741788179353,6.996783341114698,21.0,1,-0.037741788179353364,21.21029495887675,20.5,21.5
1866.0,20.789490389315763,21.05499363515654,6.996683633228057,21.0,1,-0.054993635156538545,21.22751210492839,20.5,21.5
1867.0,20.806731827964544,21.072242012431037,6.996582404779971,21.0,1,-0.07224201243103678,21.24472578517602,20.5,21.5
1868.0,20.823969798079908,21.08948692039265,6.996479655847531,21.0,1,-0.08948692039264827,21.261936000008763,20.5,21.5
1869.0,20.841204300051462,21.106728359431106,6.9963753865089835,21.0,1,-0.1067283594311057,21.27914274981568,20.5,21.5
1870.0,20.858435334268755,21.123966329936078,6.996269596843734,21.0,1,-0.12396632993607781,21.2963460349858,20.5,21.5
1871.0,20.87566290112127,21.14120083229718,6.996162286932347,21.0,1,-0.14120083229718006,21.313545855908202,20.5,21.5
1872.0,20.89288700099843,21.15843186690396,6.996053456856544,21.0,1,-0.15843186690396038,21.330742212971764,20.5,21.5
1873.0,20.910107634289602,21.175659434145896,6.995943106699201,21.0,1,-0.1756594341458957,21.34793510656525,20.5,21.5
1874.0,20.927324801384085,21.19288353441242,6.995831236544358,21.0,1,-0.19288353441242023,21.365124537077666,20.5,21.5
1875.0,20.94453850267112,21.21010416809289,6.995717846477207,21.0,1,-0.21010416809289012,21.38231050489759,20.5,21.5
1876.0,20.961748738539878,21.22732133557661,6.9956029365841,21.0,1,-0.22732133557661172,21.399493010413828,20.5,21.5
1877.0,20.978955509379485,21.244535037252824,6.995486506952545,21.0,1,-0.24453503725282388,21.416672054014946,20.5,21.5
1878.0,20.996158815579,21.261745273510705,6.995368557671211,21.0,1,-0.2617452735107051,21.433847636089517,20.5,21.5
1879.0,21.01335865752742,21.278952044739373,6.995249088829918,21.0,1,-0.2789520447393734,21.451019757026057,20.5,21.5
1880.0,21.03055503561368,21.296155351327887,6.995128100519649,21.0,1,-0.2961553513278865,21.468188417213018,20.5,21.5
1881.0,21.04774795022666,21.31335519366524,6.99500559283254,21.0,1,-0.31335519366524167,21.485353617038793,20.5,21.5
1882.0,21.06493740175518,21.330551572140383,6.994881565861888,21.0,0,-0.3305515721403829,21.502515356891795,20.5,21.5
1883.0,21.062123390588003,21.34374448714218,6.994756019702144,21.0,0,-0.34374448714218175,21.47567363716017,20.5,21.5
1884.0,21.059309917113826,21.352934739059467,6.994628954448916,21.0,0,-0.35293473905946726,21.444837258232322,20.5,21.5
1885.0,21.056496980921292,21.35812312812099,6.994500370198971,21.0,0,-0.35812312812099023,21.41000701873622,20.5,21.5
1886.0,21.053684581599146,21.359310454395487,6.994370267050232,21.0,0,-0.35931045439548726,21.371183717140458,20.5,21.5
1887.0,21.050872718736237,21.356497517791695,6.994238645101776,21.0,0,-0.3564975177916949,21.32836815175377,20.5,21.5
1888.0,21.04806139192151,21.353685118058394,6.994105504453841,21.0,0,-0.35368511805839375,21.325561120725382,20.5,21.5
1889.0,21.045250600744016,21.35087325478443,6.9939708452078175,21.0,0,-0.35087325478443177,21.322754622044812,20.5,21.5
1890.0,21.042440344792908,21.348061927558756,6.993834667466256,21.0,0,-0.3480619275587564,21.319948655302003,20.5,21.5
1891.0,21.03963062365744,21.345251135970415,6.993696971332861,21.0,0,-0.3452511359704147,21.317143220086997,20.5,21.5
1892.0,21.036821436926978,21.342440879608564,6.9935577569124945,21.0,0,-0.3424408796085636,21.314338315990053,20.5,21.5
1893.0,21.034012784190974,21.339631158062456,6.9934170243111735,21.0,0,-0.33963115806245625,21.311533942601383,20.5,21.5
1894.0,21.031204665039,21.336821970921456,6.993274773636073,21.0,0,-0.3368219709214557,21.30873009951145,20.5,21.5
1895.0,21.028397079060717,21.334013317775018,6.993131004995523,21.0,0,-0.3340133177750175,21.305926786310636,20.5,21.5
1896.0,21.025590025845904,21.331205198212707,6.992985718499009,21.0,0,-0.33120519821270733,21.303124002589605,20.5,21.5
1897.0,21.022783504984435,21.328397611824197,6.992838914257173,21.0,0,-0.32839761182419736,21.300321747939098,20.5,21.5
1898.0,21.01997751606629,21.32559055819926,6.992690592381813,21.0,0,-0.3255905581992593,21.29752002194988,20.5,21.5
1899.0,21.017172058681552,21.32278403692777,6.9925407529858825,21.0,0,-0.32278403692777147,21.294718824212893,20.5,21.5
1900.0,21.014367132420414,21.31997804759971,6.992389396183491,21.0,0,-0.3199780475997116,21.291918154319113,20.5,21.5
1901.0,21.011562736873167,21.317172589805164,6.992236522089903,21.0,0,-0.31717258980516405,21.28911801185969,20.5,21.5
1902.0,21.00875887163021,21.314367663134316,6.992082130821539,21.0,0,-0.3143676631343162,21.286318396425838,20.5,21.5
1903.0,21.00595553628205,21.31156326717747,6.991926222495975,21.0,0,-0.31156326717746907,21.283519307608998,20.5,21.5
1904.0,21.00315273041929,21.308759401525016,6.9917687972319404,21.0,0,-0.30875940152501613,21.280720745000487,20.5,21.5
1905.0,21.000350453632652,21.305956065767464,6.991609855149323,21.0,0,-0.3059560657674645,21.277922708191948,20.5,21.5
1906.0,20.997548705512955,21.30315325949542,6.991449396369164,21.0,0,-0.3031532594954207,21.275125196774983,20.5,21.5
1907.0,20.994747485651125,21.3003509822996,6.991287421013659,21.0,0,-0.30035098229960155,21.27232821034141,20.5,21.5
1908.0,20.9919467936382,21.29754923377083,6.99112392920616,21.0,0,-0.2975492337708303,21.269531748483118,20.5,21.5
1909.0,20.989146629065313,21.294748013500037,6.990958921071172,21.0,0,-0.2947480135000369,21.266735810792103,20.5,21.5
1910.0,20.986346991523714,21.291947321078247,6.990792396734358,21.0,0,-0.29194732107824706,21.26394039686035,20.5,21.5
1911.0,20.983547880604757,21.28914715609661,6.990624356322531,21.0,0,-0.289147156096611,21.26114550628025,20.5,21.5
1912.0,20.9807492958999,21.286347518146364,6.990454799963662,21.0,0,-0.28634751814636417,21.258351138643896,20.5,21.5
1913.0,20.977951237000713,21.283548406818863,6.990283727786877,21.0,0,-0.28354840681886273,21.25555729354385,20.5,21.5
1914.0,20.975153703498872,21.280749821705577,6.990111139922453,21.0,0,-0.2807498217055766,21.252763970572715,20.5,21.5
1915.0,20.972356694986157,21.277951762398065,6.989937036501823,21.0,0,-0.2779517623980645,21.249971169322944,20.5,21.5
1916.0,20.96956021105446,21.275154228488006,6.989761417657577,21.0,0,-0.27515422848800597,21.24717888938742,20.5,21.5
1917.0,20.966764251295782,21.27235721956718,6.9895842835234525,21.0,0,-0.27235721956717995,21.24438713035892,20.5,21.5
1918.0,20.963968815302227,21.269560735227486,6.989405634234348,21.0,0,-0.26956073522748625,21.24159589183055,20.5,21.5
1919.0,20.96117390266601,21.266764775060913,6.989225469926312,21.0,0,-0.26676477506091345,21.238805173395185,20.5,21.5
1920.0,20.958379512979462,21.263969338659575,6.989043790736547,21.0,0,-0.2639693386595745,21.236014974646185,20.5,21.5
1921.0,20.955585645835015,21.261174425615685,6.988860596803409,21.0,0,-0.2611744256156854,21.233225295176794,20.5,21.5
1922.0,20.95279230082521,21.25838003552157,6.9886758882664095,21.0,0,-0.25838003552156863,21.2304361345804,20.5,21.5
1923.0,20.949999477542697,21.255586167969664,6.988489665266211,21.0,0,-0.25558616796966405,21.227647492450618,20.5,21.5
1924.0,20.947207175580242,21.25279282255251,6.988301927944631,21.0,0,-0.2527928225525109,21.22485936838098,20.5,21.5
1925.0,20.944415394530715,21.249999998862762,6.988112676444639,21.0,0,-0.24999999886276214,21.222071761965275,20.5,21.5
1926.0,20.941624133987098,21.24720769649318,6.98792191091036,21.0,0,-0.24720769649318086,21.219284672797368,20.5,21.5
1927.0,20.93883339354248,21.244415915036633,6.987729631487068,21.0,0,-0.24441591503663318,21.216498100471156,20.5,21.5
1928.0,20.93604317279007,21.24162465408611,6.987535838321193,21.0,0,-0.24162465408610956,21.213712044580873,20.5,21.5
1929.0,20.933253471323177,21.238833913234696,6.987340531560317,21.0,0,-0.23883391323469638,21.210926504720565,20.5,21.5
1930.0,20.930464288735223,21.236043692075597,6.987143711353175,21.0,0,-0.23604369207559728,21.208141480484606,20.5,21.5
1931.0,20.927675624619745,21.233253990202126,6.986945377849654,21.0,0,-0.233253990202126,21.205356971467413,20.5,21.5
1932.0,20.92488747857039,21.23046480720771,6.986745531200793,21.0,0,-0.23046480720771,21.20257297726355,20.5,21.5
1933.0,20.922099850180917,21.227676142685876,6.986544171558784,21.0,0,-0.22767614268587621,21.19978949746754,20.5,21.5
1934.0,20.919312739045193,21.22488799623028,6.986341299076972,21.0,0,-0.22488799623027944,21.19700653167431,20.5,21.5
1935.0,20.9165261447572,21.222100367434674,6.986136913909853,21.0,0,-0.22210036743467398,21.19422407947862,20.5,21.5
1936.0,20.91374006691103,21.21931325589293,6.985931016213074,21.0,0,-0.21931325589293138,21.191442140475505,20.5,21.5
1937.0,20.91095450510089,21.21652666119903,6.985723606143436,21.0,0,-0.21652666119902975,21.188660714260013,20.5,21.5
1938.0,20.908169458921098,21.213740582947064,6.9855146838588915,21.0,0,-0.21374058294706444,21.18587980042741,20.5,21.5
1939.0,20.905384927966086,21.210955020731245,6.985304249518542,21.0,0,-0.2109550207312445,21.183099398573045,20.5,21.5
1940.0,20.902600911830397,21.208169974145886,6.985092303282644,21.0,0,-0.20816997414588556,21.180319508292296,20.5,21.5
1941.0,20.89981741010869,21.20538544278542,6.984878845312603,21.0,0,-0.20538544278542048,21.17754012918077,20.5,21.5
1942.0,20.89703442239573,21.20260142624439,6.984663875770977,21.0,0,-0.2026014262443887,21.17476126083407,20.5,21.5
1943.0,20.894251948286406,21.19981792411745,6.9844473948214745,21.0,0,-0.19981792411745047,21.171982902848068,20.5,21.5
1944.0,20.891469987375714,21.197034935999376,6.984229402628956,21.0,0,-0.19703493599937616,21.169205054818633,20.5,21.5
1945.0,20.888688539258766,21.194252461485046,6.98400989935943,21.0,0,-0.19425246148504627,21.166427716341747,20.5,21.5
1946.0,20.885907603530786,21.191470500169466,6.98378888518006,21.0,0,-0.19147050016946565,21.16365088701366,20.5,21.5
1947.0,20.883127179787117,21.188689051647742,6.983566360259156,21.0,0,-0.1886890516477422,21.160874566430508,20.5,21.5
1948.0,20.88034726762321,21.1859081155151,6.9833423247661806,21.0,0,-0.185908115515101,21.15809875418869,20.5,21.5
1949.0,20.87756786663464,21.183127691366888,6.983116778871748,21.0,0,-0.183127691366888,21.155323449884758,20.5,21.5
1950.0,20.874788976417086,21.180347778798556,6.982889722747621,21.0,0,-0.18034777879855568,21.152548653115232,20.5,21.5
1951.0,20.87201059656635,21.17756837740567,6.982661156566712,21.0,0,-0.17756837740567022,21.149774363476816,20.5,21.5
1952.0,20.86923272667835,21.174789486783915,6.982431080503083,21.0,0,-0.17478948678391504,21.147000580566363,20.5,21.5
1953.0,20.866455366349115,21.172011106529094,6.982199494731949,21.0,0,-0.17201110652909435,21.144227303980887,20.5,21.5
1954.0,20.86367851517479,21.169233236237126,6.981966399429672,21.0,0,-0.16923323623712605,21.141454533317443,20.5,21.5
1955.0,20.86090217275164,21.166455875504035,6.981731794773765,21.0,0,-0.16645587550403462,21.13868226817312,20.5,21.5
1956.0,20.858126338676044,21.163679023925972,6.981495680942887,21.0,0,-0.16367902392597244,21.13591050814535,20.5,21.5
1957.0,20.855351012544496,21.160902681099202,6.981258058116851,21.0,0,-0.16090268109920203,21.133139252831498,20.5,21.5
1958.0,20.85257619395361,21.1581268466201,6.981018926476618,21.0,0,-0.15812684662009957,21.130368501829075,20.5,21.5
1959.0,20.849801882500113,21.155351520085166,6.980778286204295,21.0,0,-0.15535152008516562,21.127598254735826,20.5,21.5
1960.0,20.847028077780855,21.15257670109101,6.98053613748314,21.0,0,-0.15257670109101085,21.124828511149463,20.5,21.5
1961.0,20.844254779392795,21.14980238923436,6.980292480497562,21.0,0,-0.14980238923435962,21.122059270667847,20.5,21.5
1962.0,20.841481986933015,21.147028584112064,6.980047315433115,21.0,0,-0.1470285841120642,21.11929053288911,20.5,21.5
1963.0,20.838709699998716,21.144255285321087,6.979800642476503,21.0,0,-0.144255285321087,21.116522297411315,20.5,21.5
1964.0,20.835937918187213,21.141482492458504,6.979552461815578,21.0,0,-0.14148249245850408,21.113754563832675,20.5,21.5
1965.0,20.83316664109594,21.13871020512152,6.979302773639341,21.0,0,-0.13871020512151944,21.110987331751673,20.5,21.5
1966.0,20.830395868322448,21.13593842290745,6.979051578137939,21.0,0,-0.13593842290745073,21.108220600766764,20.5,21.5
1967.0,20.82762559946441,21.13316714541373,6.97879887550267,21.0,0,-0.13316714541372932,21.105454370476515,20.5,21.5
1968.0,20.82485583411962,21.130396372237914,6.978544665925977,21.0,0,-0.13039637223791445,21.102688640479766,20.5,21.5
1969.0,20.822086571885983,21.12762610297767,6.978288949601452,21.0,0,-0.1276261029776684,21.099923410375208,20.5,21.5
1970.0,20.819317812361525,21.12485633723079,6.978031726723834,21.0,0,-0.12485633723078848,21.09715867976199,20.5,21.5
1971.0,20.816549555144398,21.12208707459518,6.9777729974890095,21.0,0,-0.12208707459517854,21.09439444823908,20.5,21.5
1972.0,20.813781799832867,21.119318314668867,6.977512762094012,21.0,0,-0.11931831466886678,21.09163071540575,20.5,21.5
1973.0,20.81101454602532,21.116550057050006,6.977251020737022,21.0,0,-0.11655005705000576,21.088867480861396,20.5,21.5
1974.0,20.808247793320263,21.11378230133686,6.976987773617367,21.0,0,-0.11378230133686174,21.08610474420542,20.5,21.5
1975.0,20.805481541316322,21.111015047127818,6.9767230209355215,21.0,0,-0.11101504712781818,21.083342505037383,20.5,21.5
1976.0,20.802715789612247,21.108248294021386,6.976456762893106,21.0,0,-0.10824829402138647,21.08058076295707,20.5,21.5
1977.0,20.799950537806904,21.105482041616195,6.976188999692887,21.0,0,-0.10548204161619523,21.077819517564283,20.5,21.5
1978.0,20.79718578549928,21.102716289510987,6.975919731538778,21.0,0,-0.10271628951098677,21.075058768458902,20.5,21.5
1979.0,20.79442153228849,21.099951037304635,6.975648958635839,21.0,0,-0.09995103730463484,21.072298515241116,20.5,21.5
1980.0,20.791657777773757,21.097186284596123,6.9753766811902755,21.0,0,-0.09718628459612333,21.06953875751101,20.5,21.5
1981.0,20.78889452155444,21.09442203098456,6.975102899409437,21.0,0,-0.09442203098456048,21.066779494868932,20.5,21.5
1982.0,20.78613176323001,21.091658276069182,6.974827613501823,21.0,0,-0.09165827606918242,21.064020726915402,20.5,21.5
1983.0,20.783369502400063,21.08889501944934,6.974550823677073,21.0,0,-0.08889501944933897,21.061262453250905,20.5,21.5
1984.0,20.78060773866432,21.086132260724504,6.974272530145976,21.0,0,-0.0861322607245043,21.058504673476158,20.5,21.5
1985.0,20.777846471622617,21.083369999494273,6.973992733120464,21.0,0,-0.08336999949427337,21.055747387191964,20.5,21.5
1986.0,20.775085700874918,21.080608235358373,6.973711432813614,21.0,0,-0.08060823535837258,21.052990593999365,20.5,21.5
1987.0,20.772325426021304,21.07784696791663,6.973428629439651,21.0,0,-0.07784696791663137,21.05023429349922,20.5,21.5
1988.0,20.769565646661988,21.075086196769014,6.973144323213939,21.0,0,-0.07508619676901418,21.047478485292842,20.5,21.5
1989.0,20.766806362397297,21.072325921515613,6.972858514352991,21.0,0,-0.07232592151561335,21.044723168981605,20.5,21.5
1990.0,20.76404757282769,21.069566141756628,6.972571203074462,21.0,0,-0.06956614175662779,21.041968344166772,20.5,21.5
1991.0,20.76128927755374,21.06680685709239,6.972282389597154,21.0,0,-0.06680685709239143,21.039214010450028,20.5,21.5
1992.0,20.75853147617615,21.06404806712336,6.97199207414101,21.0,0,-0.06404806712335898,21.036460167433034,20.5,21.5
1993.0,20.75577416829574,21.061289771450113,6.971700256927117,21.0,0,-0.06128977145011305,21.033706814717654,20.5,21.5
1994.0,20.753017353513467,21.058531969673346,6.971406938177707,21.0,0,-0.058531969673346396,21.03095395190568,20.5,21.5
1995.0,20.7502610314304,21.05577466139389,6.971112118116156,21.0,0,-0.05577466139389031,21.02820157859933,20.5,21.5
1996.0,20.747505201647737,21.05301784621269,6.97081579696698,21.0,0,-0.05301784621268979,21.025449694400685,20.5,21.5
1997.0,20.744749863766803,21.050261523730818,6.970517974955843,21.0,0,-0.050261523730817714,21.022698298912097,20.5,21.5
1998.0,20.74199501738904,21.04750569354948,6.970218652309548,21.0,0,-0.04750569354947842,21.019947391736086,20.5,21.5
1999.0,20.739240662116025,21.04475035526999,6.969917829256042,21.0,0,-0.04475035526998994,21.017196972475105,20.5,21.5
2000.0,20.736486797549453,21.0419955084938,6.969615506024416,21.0,0,-0.041995508493801736,21.01444704073192,20.5,21.5
2001.0,20.73373342329115,21.039241152822484,6.969311682844902,21.0,0,-0.03924115282248408,21.011697596109308,20.5,21.5
2002.0,20.730980538943058,21.03648728785773,6.969006359948873,21.0,0,-0.03648728785773159,21.008948638210207,20.5,21.5
2003.0,20.72822814410726,21.033733913201377,6.968699537568848,21.0,0,-0.03373391320137742,21.006200166637836,20.5,21.5
2004.0,20.72547623838595,21.03098102845536,6.9683912159384835,21.0,0,-0.030981028455361326,21.0034521809952,20.5,21.5
2005.0,20.722724821381462,21.02822863322176,6.9680813952925815,21.0,0,-0.028228633221761612,21.000704680885764,20.5,21.5
2006.0,20.719973892696245,21.025476727102777,6.967770075867083,21.0,0,-0.025476727102777375,20.997957665912935,20.5,21.5
2007.0,20.71722345193288,21.022725309700743,6.967457257899071,21.0,0,-0.022725309700742713,20.995211135680396,20.5,21.5
2008.0,20.714473498694073,21.019974380618105,6.967142941626772,21.0,0,-0.019974380618105414,20.992465089791732,20.5,21.5
2009.0,20.71172403258266,21.01722393945745,6.966827127289549,21.0,0,-0.017223939457448267,20.989719527850877,20.5,21.5
2010.0,20.7089750532016,21.014473985821475,6.9665098151279095,21.0,0,-0.014473985821474855,20.98697444946174,20.5,21.5
2011.0,20.706226560153983,21.011724519313027,6.9661910053835,21.0,0,-0.011724519313027315,20.984229854228552,20.5,21.5
2012.0,20.703478553043027,21.008975539535054,6.965870698299108,21.0,0,-0.008975539535054367,20.981485741755325,20.5,21.5
2013.0,20.700731031472078,21.006227046090654,6.965548894118663,21.0,0,-0.006227046090653943,20.97874211164665,20.5,21.5
2014.0,20.697983995044606,21.003479038583045,6.96522559308723,21.0,0,-0.003479038583044769,20.975998963506953,20.5,21.5
2015.0,20.695237443364213,21.000731516615566,6.964900795451019,21.0,0,-0.0007315166155663633,20.973256296940782,20.5,21.5
2016.0,20.69249137603463,20.9979844797917,6.964574501457378,21.0,0,0.002015520208299648,20.97051411155304,20.5,21.5
2017.0,20.689745792659718,20.99523792771504,6.964246711354791,21.0,0,0.004762072284961505,20.96777240694842,20.5,21.5
2018.0,20.68700069284346,20.992491859989315,6.9639174253928875,21.0,0,0.007508140010685338,20.965031182732076,20.5,21.5
2019.0,20.684256076189968,20.989746276218387,6.963586643822431,21.0,0,0.010253723781612933,20.96229043850911,20.5,21.5
2020.0,20.681511942303494,20.987001176006242,6.9632543668953275,21.0,0,0.01299882399375818,20.95955017388479,20.5,21.5
2021.0,20.678768290788412,20.984256558956996,6.96292059486462,21.0,0,0.015743441043003514,20.956810388464543,20.5,21.5
2022.0,20.67602512124923,20.981512424674897,6.96258532798449,21.0,0,0.018487575325103478,20.954071081853897,20.5,21.5
2023.0,20.673282433290577,20.978768772764322,6.962248566510258,21.0,0,0.021231227235677608,20.95133225365858,20.5,21.5
2024.0,20.670540226517222,20.976025602829772,6.961910310698383,21.0,0,0.0239743971702282,20.948593903484266,20.5,21.5
2025.0,20.667798500534058,20.973282914475885,6.961570560806461,21.0,0,0.026717085524115447,20.945856030937012,20.5,21.5
2026.0,20.665057254946113,20.97054070730743,6.961229317093226,21.0,0,0.029459292692571637,20.943118635622866,20.5,21.5
2027.0,20.662316489358542,20.96779898092929,6.960886579818551,21.0,0,0.03220101907070827,20.940381717147925,20.5,21.5
2028.0,20.659576203376634,20.9650577349465,6.960542349243443,21.0,0,0.03494226505349829,20.9376452751186,20.5,21.5
2029.0,20.656836396605808,20.962316968964217,6.9601966256300525,21.0,0,0.03768303103578319,20.934909309141368,20.5,21.5
2030.0,20.654097068651613,20.959576682587727,6.959849409241659,21.0,0,0.04042331741227301,20.93217381882283,20.5,21.5
2031.0,20.651358219119732,20.956836875422447,6.959500700342685,21.0,0,0.04316312457755345,20.929438803769642,20.5,21.5
2032.0,20.648619847615976,20.954097547073935,6.959150499198688,21.0,0,0.04590245292606454,20.926704263588825,20.5,21.5
2033.0,20.645881953746294,20.951358697147867,6.95879880607636,21.0,0,0.04864130285213264,20.923970197887186,20.5,21.5
2034.0,20.64314453711676,20.948620325250058,6.9584456212435315,21.0,0,0.051379674749941984,20.921236606271965,20.5,21.5
2035.0,20.640407597333585,20.945882430986455,6.958090944969168,21.0,0,0.054117569013545364,20.91850348835042,20.5,21.5
2036.0,20.637671134003114,20.94314501396313,6.95773477752337,21.0,0,0.056854986036871225,20.91577084372987,20.5,21.5
2037.0,20.634935146731817,20.940408073786298,6.957377119177376,21.0,0,0.05959192621370235,20.913038672017986,20.5,21.5
2038.0,20.632199635126305,20.937671610062303,6.957017970203557,21.0,0,0.06232838993769718,20.910306972822355,20.5,21.5
2039.0,20.62946459879332,20.93493562239761,6.956657330875421,21.0,0,0.06506437760238981,20.907575745750684,20.5,21.5
2040.0,20.626730037339737,20.932200110398842,6.956295201467611,21.0,0,0.06779988960115801,20.90484499041116,20.5,21.5
2041.0,20.623995950372564,20.929465073672734,6.9559315822559045,21.0,0,0.07053492632726588,20.902114706411655,20.5,21.5
2042.0,20.62126233749894,20.926730511826158,6.955566473517212,21.0,0,0.07326948817384249,20.89938489336039,20.5,21.5
2043.0,20.618529198326144,20.923996424466125,6.955199875529582,21.0,0,0.07600357553387482,20.896655550865802,20.5,21.5
2044.0,20.615796532461584,20.921262811199778,6.954831788572192,21.0,0,0.07873718880022196,20.893926678536307,20.5,21.5
2045.0,20.613064339512807,20.918529671634392,6.954462212925358,21.0,0,0.08147032836560797,20.891198275980532,20.5,21.5
2046.0,20.61033261908749,20.915797005377378,6.9540911488705275,21.0,0,0.08420299462262193,20.88847034280724,20.5,21.5
2047.0,20.607601370793446,20.91306481203628,6.9537185966902815,21.0,0,0.08693518796372146,20.885742878625283,20.5,21.5
2048.0,20.604870594238626,20.910333091218778,6.953344556668336,21.0,0,0.08966690878122208,20.88301588304377,20.5,21.5
2049.0,20.602140289031112,20.90760184253268,6.952969029089537,21.0,0,0.0923981574673185,20.880289355671717,20.5,21.5
2050.0,20.599410454779125,20.904871065585944,6.952592014239867,21.0,0,0.09512893441405623,20.877563296118566,20.5,21.5
2051.0,20.596681091091018,20.90214075998665,6.952213512406438,21.0,0,0.09785924001334934,20.87483770399372,20.5,21.5
2052.0,20.59395219757528,20.89941092534302,6.951833523877495,21.0,0,0.10058907465698042,20.87211257890671,20.5,21.5
2053.0,20.59122377384054,20.8966815612634,6.951452048942417,21.0,0,0.10331843873660063,20.869387920467197,20.5,21.5
2054.0,20.58849581949556,20.89395266735629,6.951069087891713,21.0,0,0.10604733264370836,20.866663728285214,20.5,21.5
2055.0,20.58576833414924,20.891224243230315,6.950684641017025,21.0,0,0.10877575676968476,20.86394000197055,20.5,21.5
2056.0,20.583041317410615,20.888496288494235,6.950298708611126,21.0,0,0.11150371150576532,20.86121674113343,20.5,21.5
2057.0,20.580314768888854,20.88576880275695,6.949911290967921,21.0,0,0.11423119724305053,20.858493945384097,20.5,21.5
2058.0,20.57758868819327,20.883041785627498,6.9495223883824435,21.0,0,0.11695821437250231,20.85577161433298,20.5,21.5
2059.0,20.574863074933308,20.88031523671505,6.949132001150861,21.0,0,0.11968476328495115,20.85304974759056,20.5,21.5
2060.0,20.57213792871855,20.877589155628907,6.948740129570471,21.0,0,0.12241084437109251,20.850328344767494,20.5,21.5
2061.0,20.56941324915872,20.87486354197853,6.948346773939699,21.0,0,0.1251364580214691,20.847607405474765,20.5,21.5
2062.0,20.56668903586368,20.872138395373494,6.947951934558104,21.0,0,0.12786160462650642,20.84488692932312,20.5,21.5
2063.0,20.563965288443416,20.869413715423526,6.947555611726371,21.0,0,0.1305862845764736,20.842166915923855,20.5,21.5
2064.0,20.561242006508074,20.866689501738477,6.94715780574632,21.0,0,0.13331049826152253,20.839447364887988,20.5,21.5
2065.0,20.558519189667923,20.86396575392835,6.946758516920897,21.0,0,0.13603424607164882,20.836728275827088,20.5,21.5
2066.0,20.555796837533375,20.861242471603283,6.9463577455541765,21.0,0,0.13875752839671662,20.834009648352605,20.5,21.5
2067.0,20.55307494971498,20.858519654373545,6.945955491951364,21.0,0,0.14148034562645506,20.83129148207616,20.5,21.5
2068.0,20.550353525823425,20.85579730184954,6.945551756418793,21.0,0,0.14420269815045827,20.82857377660951,20.5,21.5
2069.0,20.547632565469545,20.85307541364184,6.945146539263926,21.0,0,0.14692458635816052,20.825856531564817,20.5,21.5
2070.0,20.544912068264303,20.850353989361118,6.944739840795354,21.0,0,0.1496460106388824,20.8231397465539,20.5,21.5
2071.0,20.542192033818807,20.8476330286182,6.944331661322793,21.0,0,0.15236697138179878,20.820423421189037,20.5,21.5
2072.0,20.539472461744307,20.844912531024068,6.943922001157093,21.0,0,0.15508746897593184,20.817707555082738,20.5,21.5
2073.0,20.53675335165219,20.84219249618982,6.943510860610225,21.0,0,0.15780750381017938,20.814992147847345,20.5,21.5
2074.0,20.53403470315398,20.83947292372671,6.943098239995292,21.0,0,0.16052707627329,20.812277199095604,20.5,21.5
2075.0,20.53131651586135,20.836753813246116,6.942684139626523,21.0,0,0.16324618675388436,20.809562708440172,20.5,21.5
2076.0,20.528598789386102,20.834035164359577,6.942268559819272,21.0,0,0.1659648356404233,20.806848675494187,20.5,21.5
2077.0,20.52588152334019,20.831316976678753,6.941851500890023,21.0,0,0.16868302332124685,20.804135099870518,20.5,21.5
2078.0,20.5231647173357,20.828599249815454,6.941432963156382,21.0,0,0.1714007501845458,20.801421981182465,20.5,21.5
2079.0,20.520448370984862,20.825881983381628,6.941012946937085,21.0,0,0.17411801661837245,20.79870931904336,20.5,21.5
2080.0,20.51773248390005,20.82316517698937,6.940591452551993,21.0,0,0.1768348230106298,20.795997113066797,20.5,21.5
2081.0,20.515017055693782,20.820448830250903,6.940168480322092,21.0,0,0.17955116974909657,20.793285362866236,20.5,21.5
2082.0,20.512302085978707,20.81773294277861,6.939744030569494,21.0,0,0.18226705722139158,20.79057406805566,20.5,21.5
2083.0,20.509587574367625,20.815017514184994,6.939318103617435,21.0,0,0.18498248581500576,20.787863228248852,20.5,21.5
2084.0,20.506873520473476,20.812302544082716,6.938890699790278,21.0,0,0.18769745591728437,20.78515284305993,20.5,21.5
2085.0,20.50415992390934,20.80958803208457,6.938461819413509,21.0,0,0.19041196791543058,20.782442912103107,20.5,21.5
2086.0,20.501446784288444,20.8068739778035,6.938031462813739,21.0,0,0.19312602219649833,20.779733434992824,20.5,21.5
2087.0,20.498734101224148,20.80416038085259,6.9375996303187035,21.0,0,0.1958396191474101,20.777024411343472,20.5,21.5
2088.0,20.496021874329966,20.801447240845057,6.937166322257262,21.0,0,0.19855275915494275,20.77431584076973,20.5,21.5
2089.0,20.49331010321955,20.798734557394276,6.936731538959397,21.0,0,0.20126544260572388,20.771607722886465,20.5,21.5
2090.0,20.4905987875067,20.796022330113747,6.936295280756216,21.0,0,0.2039776698862532,20.768900057308453,20.5,21.5
2091.0,20.48788792680535,20.79331055861713,6.935857547979946,21.0,0,0.2066894413828706,20.766192843650956,20.5,21.5
2092.0,20.485177520729586,20.790599242518216,6.935418340963943,21.0,0,0.20940075748178444,20.763486081529077,20.5,21.5
2093.0,20.482467568893632,20.78788838143095,6.934977660042679,21.0,0,0.21211161856905036,20.76077977055829,20.5,21.5
2094.0,20.479758070911863,20.78517797496941,6.934535505551754,21.0,0,0.214822025030589,20.758073910354025,20.5,21.5
2095.0,20.47704902639879,20.782468022747832,6.934091877827886,21.0,0,0.21753197725216822,20.75536850053204,20.5,21.5
2096.0,20.47434043496908,20.779758524380576,6.933646777208919,21.0,0,0.22024147561942442,20.752663540708014,20.5,21.5
2097.0,20.471632296237527,20.777049479482166,6.933200204033815,21.0,0,0.22295052051783415,20.74995903049807,20.5,21.5
2098.0,20.468924609819087,20.774340887667254,6.932752158642659,21.0,0,0.22565911233274605,20.747254969518135,20.5,21.5
2099.0,20.466217375328853,20.77163274855065,6.932302641376657,21.0,0,0.22836725144934888,20.744551357384623,20.5,21.5
2100.0,20.46351059238206,20.768925061747304,6.931851652578136,21.0,0,0.23107493825269643,20.741848193713828,20.5,21.5
2101.0,20.4608042605941,20.766217826872307,6.931399192590545,21.0,0,0.23378217312769323,20.73914547812234,20.5,21.5
2102.0,20.4580983795805,20.763511043540902,6.93094526175845,21.0,0,0.23648895645909818,20.736443210226852,20.5,21.5
2103.0,20.455392948956934,20.760804711368472,6.9304898604275404,21.0,0,0.23919528863152806,20.733741389644173,20.5,21.5
2104.0,20.452687968339227,20.75809882997055,6.930032988944623,21.0,0,0.24190117002945044,20.731040015991326,20.5,21.5
2105.0,20.44998343734335,20.755393398962806,6.929574647657626,21.0,0,0.24460660103719434,20.728339088885367,20.5,21.5
2106.0,20.44727935558541,20.752688417961068,6.929114836915597,21.0,0,0.24731158203893244,20.725638607943687,20.5,21.5
2107.0,20.444575722681677,20.7499838865813,6.928653557068699,21.0,0,0.2500161134186989,20.722938572783637,20.5,21.5
2108.0,20.441872538248553,20.747279804439625,6.92819080846822,21.0,0,0.25272019556037506,20.720238983022863,20.5,21.5
2109.0,20.439169801902597,20.744576171152296,6.927726591466562,21.0,0,0.25542382884770376,20.71753983827901,20.5,21.5
2110.0,20.43646751326051,20.74187298633573,6.927260906417246,21.0,0,0.2581270136642715,20.71484113817005,20.5,21.5
2111.0,20.433765671939142,20.739170249606474,6.926793753674912,21.0,0,0.2608297503935262,20.712142882313927,20.5,21.5
2112.0,20.43106427755549,20.736467960581237,6.926325133595316,21.0,0,0.263532039418763,20.70944507032887,20.5,21.5
2113.0,20.428363329726697,20.733766118876865,6.925855046535334,21.0,0,0.26623388112313506,20.706747701833145,20.5,21.5
2114.0,20.42566282807006,20.731064724110354,6.925383492852958,21.0,0,0.26893527588964616,20.704050776445243,20.5,21.5
2115.0,20.422962772203014,20.728363775898856,6.924910472907294,21.0,0,0.27163622410114385,20.70135429378388,20.5,21.5
2116.0,20.420263161743154,20.72566327385966,6.924435987058571,21.0,0,0.27433672614034066,20.69865825346769,20.5,21.5
2117.0,20.417563996308218,20.722963217610207,6.923960035668127,21.0,0,0.2770367823897928,20.695962655115686,20.5,21.5
2118.0,20.41486527551609,20.720263606768082,6.923482619098422,21.0,0,0.2797363932319179,20.69326749834683,20.5,21.5
2119.0,20.412166998984805,20.71756444095103,6.92300373771303,21.0,0,0.2824355590489702,20.690572782780507,20.5,21.5
2120.0,20.40946916633255,20.714865719776938,6.922523391876638,21.0,0,0.28513428022306186,20.68787850803602,20.5,21.5
2121.0,20.406771777177656,20.712167442863837,6.922041581955051,21.0,0,0.28783255713616285,20.685184673732827,20.5,21.5
2122.0,20.40407483113861,20.709469609829917,6.921558308315188,21.0,0,0.2905303901700833,20.682491279490712,20.5,21.5
2123.0,20.401378327834045,20.70677222029351,6.921073571325084,21.0,0,0.2932277797064913,20.67979832492943,20.5,21.5
2124.0,20.398682266882744,20.704075273873094,6.920587371353886,21.0,0,0.29592472612690557,20.67710580966895,20.5,21.5
2125.0,20.395986647903637,20.70137877018731,6.920099708771858,21.0,0,0.2986212298126887,20.67441373332948,20.5,21.5
2126.0,20.39329147051581,20.69868270885494,6.919610583950374,21.0,0,0.301317291145061,20.671722095531216,20.5,21.5
2127.0,20.390596734338494,20.695987089494913,6.919119997261925,21.0,0,0.3040129105050866,20.669030895894657,20.5,21.5
2128.0,20.38790243899108,20.693291911726323,6.918627949080115,21.0,0,0.3067080882736768,20.66634013404042,20.5,21.5
2129.0,20.3852085840931,20.690597175168396,6.918134439779659,21.0,0,0.3094028248316043,20.66364980958912,20.5,21.5
2130.0,20.382515169264238,20.687902879440514,6.917639469736386,21.0,0,0.3120971205594856,20.6609599221617,20.5,21.5
2131.0,20.379822194124333,20.68520902416222,6.917143039327238,21.0,0,0.3147909758377807,20.658270471379268,20.5,21.5
2132.0,20.377129658293374,20.682515608953196,6.916645148930266,21.0,0,0.31748439104680415,20.65558145686296,20.5,21.5
2133.0,20.374437561391503,20.679822633433282,6.916145798924639,21.0,0,0.3201773665667176,20.652892878234148,20.5,21.5
2134.0,20.37174590303901,20.677130097222463,6.91564498969063,21.0,0,0.322869902777537,20.65020473511427,20.5,21.5
2135.0,20.36905468285634,20.674437999940885,6.915142721609629,21.0,0,0.32556200005911506,20.647517027125105,20.5,21.5
2136.0,20.36636390046409,20.671746341208838,6.914638995064134,21.0,0,0.3282536587911622,20.644829753888366,20.5,21.5
2137.0,20.36367355548301,20.669055120646767,6.9141338104377565,21.0,0,0.3309448793532326,20.642142915026064,20.5,21.5
2138.0,20.360983647534002,20.66636433787527,6.913627168115215,21.0,0,0.33363566212473117,20.639456510160283,20.5,21.5
2139.0,20.358294176238118,20.66367399251509,6.91311906848234,21.0,0,0.33632600748491015,20.6367705389133,20.5,21.5
2140.0,20.355605141216568,20.660984084187135,6.912609511926071,21.0,0,0.3390159158128654,20.634085000907582,20.5,21.5
2141.0,20.35291654209071,20.658294612512456,6.9120984988344585,21.0,0,0.34170538748754353,20.631399895765675,20.5,21.5
2142.0,20.350228378482058,20.655605577112265,6.91158602959666,21.0,0,0.3443944228877349,20.62871522311035,20.5,21.5
2143.0,20.34754065001228,20.65291697760792,6.911072104602945,21.0,0,0.34708302239208066,20.626030982564462,20.5,21.5
2144.0,20.344853356303197,20.650228813620934,6.910556724244687,21.0,0,0.34977118637906557,20.623347173751085,20.5,21.5
2145.0,20.342166496976784,20.64754108477298,6.9100398889143735,21.0,0,0.35245891522702166,20.620663796293417,20.5,21.5
2146.0,20.33948007165517,20.644853790685872,6.909521599005595,21.0,0,0.3551462093141282,20.617980849814806,20.5,21.5
2147.0,20.33679407996064,20.64216693098159,6.909001854913052,21.0,0,0.3578330690184117,20.615298333938753,20.5,21.5
2148.0,20.33410852151563,20.639480505282258,6.908480657032554,21.0,0,0.36051949471774236,20.61261624828895,20.5,21.5
2149.0,20.331423395942736,20.636794513210162,6.907958005761014,21.0,0,0.36320548678983755,20.60993459248921,20.5,21.5
2150.0,20.328738702864698,20.634108954387745,6.907433901496454,21.0,0,0.36589104561225483,20.607253366163572,20.5,21.5
2151.0,20.326054441904425,20.631423828437597,6.906908344638002,21.0,0,0.3685761715624025,20.60457256893612,20.5,21.5
2152.0,20.323370612684972,20.62873913498246,6.906381335585894,21.0,0,0.37126086501753974,20.601892200431088,20.5,21.5
2153.0,20.32068721482955,20.626054873645245,6.905852874741469,21.0,0,0.3739451263547551,20.59921226027309,20.5,21.5
2154.0,20.318004247961532,20.623371044049005,6.905322962507173,21.0,0,0.376628955950995,20.596532748086606,20.5,21.5
2155.0,20.315321711704442,20.620687645816954,6.904791599286557,21.0,0,0.3793123541830461,20.593853663496443,20.5,21.5
2156.0,20.31263960568196,20.61800467857246,6.904258785484277,21.0,0,0.38199532142753867,20.591175006127536,20.5,21.5
2157.0,20.309957929517918,20.61532214193905,6.903724521506096,21.0,0,0.38467785806095023,20.588496775604934,20.5,21.5
2158.0,20.307276682836314,20.6126400355404,6.903188807758877,21.0,0,0.3873599644595984,20.58581897155392,20.5,21.5
2159.0,20.304595865261298,20.609958359000355,6.9026516446505894,21.0,0,0.39004164099964456,20.583141593599894,20.5,21.5
2160.0,20.301915476417175,20.607277111942903,6.902113032590307,21.0,0,0.3927228880570972,20.580464641368376,20.5,21.5
2161.0,20.29923551592841,20.604596293992195,6.901572971988207,21.0,0,0.39540370600780506,20.577788114485116,20.5,21.5
2162.0,20.29655598341962,20.601915904772532,6.901031463255567,21.0,0,0.39808409522746757,20.575112012575907,20.5,21.5
2163.0,20.293876878515587,20.59923594390839,6.900488506804772,21.0,0,0.40076405609161014,20.572436335266964,20.5,21.5
2164.0,20.291198200841244,20.596556411024377,6.899944103049306,21.0,0,0.40344358897562316,20.569761082184247,20.5,21.5
2165.0,20.288519950021687,20.59387730574528,6.8993982524037545,21.0,0,0.40612269425471936,20.56708625295432,20.5,21.5
2166.0,20.285842125682162,20.59119862769603,6.898850955283808,21.0,0,0.4088013723039694,20.56441184720353,20.5,21.5
2167.0,20.28316472744808,20.588520376501723,6.898302212106257,21.0,0,0.41147962349827694,20.561737864558648,20.5,21.5
2168.0,20.280487754945014,20.585842551787607,6.8977520232889935,21.0,0,0.41415744821239286,20.559064304646448,20.5,21.5
2169.0,20.27781120779868,20.583165153179092,6.89720038925101,21.0,0,0.4168348468209082,20.55639116709394,20.5,21.5
2170.0,20.27513508563497,20.58048818030175,6.896647310412399,21.0,0,0.4195118196982506,20.553718451528326,20.5,21.5
2171.0,20.272459388079927,20.5778116327813,6.896092787194355,21.0,0,0.42218836721869835,20.551046157576824,20.5,21.5
2172.0,20.26978411475975,20.575135510243637,6.895536820019172,21.0,0,0.42486448975636293,20.54837428486699,20.5,21.5
2173.0,20.267109265300803,20.572459812314797,6.894979409310242,21.0,0,0.42754018768520297,20.545702833026397,20.5,21.5
2174.0,20.264434839329606,20.56978453862098,6.894420555492058,21.0,0,0.4302154613790208,20.5430318016828,20.5,21.5
2175.0,20.26176083647284,20.567109688788555,6.893860258990212,21.0,0,0.4328903112114446,20.540361190464317,20.5,21.5
2176.0,20.259087256357343,20.56443526244404,6.893298520231393,21.0,0,0.4355647375559606,20.53769099899888,20.5,21.5
2177.0,20.25641409861012,20.561761259214112,6.892735339643391,21.0,0,0.43823874078588787,20.53502122691484,20.5,21.5
2178.0,20.253741362858324,20.559087678725618,6.892170717655091,21.0,0,0.4409123212743822,20.532351873840675,20.5,21.5
2179.0,20.251069048729285,20.556414520605554,6.8916046546964775,21.0,0,0.4435854793944465,20.52968293940491,20.5,21.5
2180.0,20.24839715585048,20.553741784481083,6.891037151198634,21.0,0,0.44625821551891676,20.52701442323638,20.5,21.5
2181.0,20.24572568384955,20.551069469979524,6.890468207593736,21.0,0,0.4489305300204762,20.52434632496393,20.5,21.5
2182.0,20.243054632354298,20.54839757672836,6.889897824315062,21.0,0,0.45160242327164113,20.52167864421671,20.5,21.5
2183.0,20.24038400099269,20.545726104355232,6.889326001796981,21.0,0,0.45427389564476783,20.519011380623965,20.5,21.5
2184.0,20.237713789392853,20.543055052487944,6.888752740474962,21.0,0,0.4569449475120564,20.516344533815058,20.5,21.5
2185.0,20.23504399718307,20.54038442075446,6.888178040785569,21.0,0,0.45961557924553986,20.513678103419625,20.5,21.5
2186.0,20.23237462399179,20.53771420878291,6.887601903166459,21.0,0,0.46228579121709146,20.511012089067393,20.5,21.5
2187.0,20.229705669447625,20.535044416201576,6.887024328056388,21.0,0,0.4649555837984245,20.508346490388245,20.5,21.5
2188.0,20.227037133179348,20.532375042638908,6.886445315895202,21.0,0,0.46762495736109244,20.505681307012228,20.5,21.5
2189.0,20.224369014815892,20.529706087723515,6.885864867123846,21.0,0,0.4702939122764853,20.503016538569586,20.5,21.5
2190.0,20.221701313986355,20.52703755108417,6.885282982184357,21.0,0,0.4729624489158297,20.500352184690726,20.5,21.5
2191.0,20.219034030319992,20.52436943234981,6.884699661519864,21.0,1,0.47563056765018885,20.49768824500622,20.5,21.5
2192.0,20.236367163446232,20.525701731149532,6.884114905574593,21.0,1,0.4742982688504682,20.539024719146738,20.5,21.5
2193.0,20.253696712994657,20.531033647112597,6.883528714793861,21.0,1,0.46896635288740285,20.58435280674325,20.5,21.5
2194.0,20.271022679395017,20.54036438002842,6.882941089624076,21.0,1,0.45963561997157854,20.633671709186665,20.5,21.5
2195.0,20.288345063077063,20.553693129846565,6.882352030512742,21.0,1,0.4463068701534354,20.686980628027996,20.5,21.5
2196.0,20.30566386447055,20.57101909667667,6.881761537908451,21.0,1,0.4289809033233283,20.744278764977743,20.5,21.5
2197.0,20.322979084005237,20.588341480788475,6.881169612260891,21.0,1,0.4116585192115245,20.761565321906513,20.5,21.5
2198.0,20.340290722110886,20.605660282611723,6.880576254020838,21.0,1,0.3943397173882772,20.778848300844196,20.5,21.5
2199.0,20.35759877921727,20.622975502576175,6.87998146364016,21.0,1,0.37702449742382527,20.796127702220694,20.5,21.5
2200.0,20.374903255754155,20.640287141111592,6.879385241571817,21.0,1,0.35971285888840754,20.81340352646577,20.5,21.5
2201.0,20.39220415215132,20.657595198647748,6.878787588269857,21.0,1,0.34240480135225226,20.8306757740093,20.5,21.5
2202.0,20.409501468838542,20.67489967561441,6.878188504189419,21.0,1,0.3251003243855912,20.84794444528102,20.5,21.5
2203.0,20.42679520624561,20.692200572441354,6.877587989786731,21.0,1,0.30779942755864553,20.86520954071081,20.5,21.5
2204.0,20.44408536480232,20.709497889558364,6.8769860455191125,21.0,1,0.2905021104416363,20.882471060728456,20.5,21.5
2205.0,20.461371944938463,20.726791627395222,6.8763826718449685,21.0,1,0.2732083726047776,20.89972900576381,20.5,21.5
2206.0,20.478654947083843,20.744081786381727,6.875777869223795,21.0,1,0.2559182136182727,20.916983376246776,20.5,21.5
2207.0,20.49593437166827,20.76136836694767,6.875171638116177,21.0,1,0.2386316330523286,20.934234172607113,20.5,21.5
2208.0,20.51321021912156,20.778651369522862,6.874563978983783,21.0,1,0.22134863047713793,20.95148139527477,20.5,21.5
2209.0,20.530482489873535,20.795930794537107,6.873954892289374,21.0,1,0.20406920546289342,20.96872504467955,20.5,21.5
2210.0,20.547751184354016,20.81320664242022,6.873344378496795,21.0,1,0.18679335757978066,20.985965121251347,20.5,21.5
2211.0,20.565016302992845,20.83047891360202,6.8727324380709796,21.0,1,0.1695210863979817,21.003201625420008,20.5,21.5
2212.0,20.58227784621986,20.84774760851234,6.872119071477947,21.0,1,0.1522523914876608,21.02043455761555,20.5,21.5
2213.0,20.59953581446491,20.86501272758101,6.871504279184801,21.0,1,0.13498727241898933,21.037663918267725,20.5,21.5
2214.0,20.616790208157855,20.882274271237872,6.870888061659734,21.0,1,0.11772572876212806,21.054889707806485,20.5,21.5
2215.0,20.634041027728557,20.89953223991278,6.870270419372023,21.0,1,0.10046776008721992,21.07211192666186,20.5,21.5
2216.0,20.651288273606887,20.916786634035592,6.869651352792029,21.0,1,0.08321336596440787,21.089330575263713,20.5,21.5
2217.0,20.668531946222725,20.934037454036165,6.869030862391197,21.0,1,0.06596254596383488,21.106545654041895,20.5,21.5
2218.0,20.685772046005958,20.951284700344374,6.86840894864206,21.0,1,0.048715299655626154,21.12375716342646,20.5,21.5
2219.0,20.703008573386484,20.968528373390097,6.867785612018229,21.0,1,0.031471626609903325,21.140965103847325,20.5,21.5
2220.0,20.72024152879421,20.98576847360323,6.867160852994403,21.0,1,0.014231526396770278,21.15816947573456,20.5,21.5
2221.0,20.737470912659052,21.003005001413662,6.866534672046365,21.0,1,-0.0030050014136620007,21.175370279517985,20.5,21.5
2222.0,20.75469672541093,21.020237957251304,6.865907069650978,21.0,1,-0.02023795725130384,21.192567515627722,20.5,21.5
2223.0,20.771918967479778,21.037467341546066,6.865278046286188,21.0,1,-0.03746734154606557,21.209761184493683,20.5,21.5
2224.0,20.78913763929554,21.05469315472788,6.864647602431024,21.0,1,-0.054693154727878834,21.22695128654601,20.5,21.5
2225.0,20.806352741288165,21.071915397226668,6.864015738565597,21.0,1,-0.07191539722666818,21.24413782221456,20.5,21.5
2226.0,20.82356427388762,21.08913406947238,6.863382455171098,21.0,1,-0.08913406947237945,21.261320791929492,20.5,21.5
2227.0,20.840772237523876,21.10634917189497,6.8627477527298,21.0,1,-0.10634917189496917,21.278500196120866,20.5,21.5
2228.0,20.857976632626915,21.123560704924394,6.862111631725057,21.0,1,-0.12356070492439386,21.29567603521864,20.5,21.5
2229.0,20.875177459626734,21.140768668990635,6.861474092641302,21.0,1,-0.1407686689906349,21.312848309653045,20.5,21.5
2230.0,20.892374718953338,21.157973064523667,6.860835135964049,21.0,1,-0.15797306452366655,21.330017019853983,20.5,21.5
2231.0,20.90956841103674,21.17517389195349,6.860194762179892,21.0,1,-0.17517389195349153,21.34718216625174,20.5,21.5
2232.0,20.92675853630697,21.192371151710113,6.859552971776503,21.0,1,-0.19237115171011254,21.364343749276323,20.5,21.5
2233.0,20.943945095194064,21.209564844223543,6.8589097652426325,21.0,1,-0.20956484422354293,21.381501769357847,20.5,21.5
2234.0,20.961128088128074,21.22675496992381,6.858265143068112,21.0,1,-0.22675496992381028,21.398656226926484,20.5,21.5
2235.0,20.97830751553906,21.243941529240953,6.857619105743849,21.0,1,-0.2439415292409528,21.415807122412378,20.5,21.5
2236.0,20.995483377857102,21.261124522605023,6.856971653761827,21.0,1,-0.26112452260502295,21.432954456245724,20.5,21.5
2237.0,21.012655675512285,21.278303950446087,6.856322787615111,21.0,1,-0.27830395044608736,21.45009822885673,20.5,21.5
2238.0,21.029824408934704,21.295479813194216,6.8556725077978395,21.0,1,-0.29547981319421623,21.467238440675505,20.5,21.5
2239.0,21.046989578554477,21.312652111279498,6.85502081480523,21.0,1,-0.31265211127949755,21.48437509213231,20.5,21.5
2240.0,21.064151184801727,21.32982084513203,6.854367709133575,21.0,0,-0.3298208451320299,21.501508183657354,20.5,21.5
2241.0,21.061309228106595,21.34298601518193,6.853713191280241,21.0,0,-0.3429860151819284,21.474637715680913,20.5,21.5
2242.0,21.05846770889923,21.35214842185932,6.8530572617436745,21.0,0,-0.3521484218593187,21.443772488633222,20.5,21.5
2243.0,21.055626626809797,21.35730886543434,6.852399921023393,21.0,0,-0.3573088654343408,21.408913301184562,20.5,21.5
2244.0,21.05278598146864,21.358468146017174,6.85174116961999,21.0,0,-0.3584681460171737,21.370060951845502,20.5,21.5
2245.0,21.049945772506273,21.35562706355808,6.851081008035133,21.0,0,-0.3556270635580816,21.32721623896716,20.5,21.5
2246.0,21.04710599955338,21.352786417847437,6.850419436771564,21.0,0,-0.3527864178474367,21.324379960740988,20.5,21.5
2247.0,21.044266662240826,21.34994620851576,6.8497564563330995,21.0,0,-0.3499462085157603,21.321544115198996,20.5,21.5
2248.0,21.041427760199646,21.34710643519373,6.8490920672246265,21.0,0,-0.3471064351937301,21.318708701973428,20.5,21.5
2249.0,21.03858929306105,21.344267097512212,6.848426269952107,21.0,0,-0.34426709751221196,21.31587372069703,20.5,21.5
2250.0,21.03575126045643,21.341428195102246,6.847759065022574,21.0,0,-0.341428195102246,21.313039171002586,20.5,21.5
2251.0,21.032913662017343,21.338589727595036,6.847090452944133,21.0,0,-0.3385897275950356,21.31020505252293,20.5,21.5
2252.0,21.03007649737553,21.335751694621976,6.846420434225962,21.0,0,-0.33575169462197607,21.30737136489138,20.5,21.5
2253.0,21.0272397661629,21.332914095814623,6.845749009378308,21.0,0,-0.3329140958146226,21.304538107741088,20.5,21.5
2254.0,21.024403468011542,21.330076930804722,6.8450761789124925,21.0,0,-0.3300769308047222,21.30170528070572,20.5,21.5
2255.0,21.021567602553723,21.327240199224182,6.844401943340904,21.0,0,-0.3272401992241818,21.298872883418777,20.5,21.5
2256.0,21.01873216942188,21.324403900705086,6.843726303177001,21.0,0,-0.32440390070508585,21.296040915514126,20.5,21.5
2257.0,21.01589716824863,21.32156803487971,6.843049258935315,21.0,0,-0.32156803487971075,21.29320937662596,20.5,21.5
2258.0,21.013062598666767,21.318732601380482,6.842370811131443,21.0,0,-0.3187326013804821,21.290378266388196,20.5,21.5
2259.0,21.01022846030926,21.315897599840024,6.841690960282053,21.0,0,-0.3158975998400244,21.287547584435448,20.5,21.5
2260.0,21.007394752809255,21.313063029891133,6.841009706904881,21.0,0,-0.31306302989113277,21.284717330402216,20.5,21.5
2261.0,21.004561475800074,21.31022889116677,6.840327051518731,21.0,0,-0.3102288911667692,21.281887503923134,20.5,21.5
2262.0,21.001728628915217,21.307395183300088,6.839642994643476,21.0,0,-0.30739518330008764,21.279058104633272,20.5,21.5
2263.0,20.998896211788363,21.30456190592441,6.838957536800052,21.0,0,-0.3045619059244089,21.27622913216762,20.5,21.5
2264.0,20.996064224053367,21.301729058673228,6.838270678510469,21.0,0,-0.30172905867322797,21.27340058616142,20.5,21.5
2265.0,20.99323266534426,21.298896641180228,6.837582420297797,21.0,0,-0.2988966411802281,21.27057246625023,20.5,21.5
2266.0,20.99040153529525,21.296064653079263,6.836892762686174,21.0,0,-0.296064653079263,21.267744772069612,20.5,21.5
2267.0,20.987570833540726,21.293233094004368,6.836201706200806,21.0,0,-0.2932330940043677,21.264917503255415,20.5,21.5
2268.0,20.98474055971526,21.290401963589748,6.835509251367963,21.0,0,-0.2904019635897477,21.262090659443547,20.5,21.5
2269.0,20.98191071345359,21.287571261469793,6.8348153987149765,21.0,0,-0.28757126146979317,21.259264240270248,20.5,21.5
2270.0,20.979081294390642,21.28474098727907,6.834120148770248,21.0,0,-0.2847409872790685,21.25643824537182,20.5,21.5
2271.0,20.97625230216152,21.281911140652323,6.833423502063241,21.0,0,-0.2819111406523227,21.253612674384865,20.5,21.5
2272.0,20.9734237364015,21.27908172122448,6.832725459124479,21.0,0,-0.27908172122447894,21.25078752694604,20.5,21.5
2273.0,20.970595596746044,21.276252728630634,6.832026020485555,21.0,0,-0.27625272863063444,21.24796280269219,20.5,21.5
2274.0,20.967767882830792,21.273424162506075,6.8313251866791225,21.0,0,-0.2734241625060747,21.245138501260477,20.5,21.5
2275.0,20.964940594291562,21.270596022486256,6.830622958238894,21.0,0,-0.2705960224862558,21.242314622288067,20.5,21.5
2276.0,20.96211373076435,21.267768308206822,6.82991933569965,21.0,0,-0.26776830820682207,21.239491165412485,20.5,21.5
2277.0,20.95928729188534,21.264941019303592,6.829214319597227,21.0,0,-0.26494101930359193,21.23666813027129,20.5,21.5
2278.0,20.95646127729088,21.262114155412558,6.828507910468527,21.0,0,-0.2621141554125579,21.233845516502218,20.5,21.5
2279.0,20.953635686617517,21.2592877161699,6.827800108851512,21.0,0,-0.25928771616990076,21.23102332374333,20.5,21.5
2280.0,20.950810519501964,21.256461701211983,6.8270909152852015,21.0,0,-0.25646170121198253,21.2282015516328,20.5,21.5
2281.0,20.94798577558112,21.253636110175336,6.8263803303096795,21.0,0,-0.2536361101753357,21.225380199808868,20.5,21.5
2282.0,20.945161454492066,21.25081094269668,6.825668354466085,21.0,0,-0.25081094269668114,21.222559267910135,20.5,21.5
2283.0,20.94233755587206,21.247986198412914,6.824954988296621,21.0,0,-0.2479861984129137,21.21973875557524,20.5,21.5
2284.0,20.939514079358545,21.24516187696112,6.824240232344546,21.0,0,-0.24516187696112013,21.216918662443184,20.5,21.5
2285.0,20.93669102458914,21.242337977978558,6.823524087154177,21.0,0,-0.24233797797855772,21.214098988152934,20.5,21.5
2286.0,20.933868391201653,21.23951450110266,6.82280655327089,21.0,0,-0.23951450110266137,21.211279732343698,20.5,21.5
2287.0,20.931046178834066,21.23669144597106,6.82208763124112,21.0,0,-0.2366914459710614,21.20846089465506,20.5,21.5
2288.0,20.928224387124548,21.233868812221555,6.821367321612354,21.0,0,-0.2338688122215551,21.205642474726492,20.5,21.5
2289.0,20.925403015711446,21.23104659949214,6.820645624933142,21.0,0,-0.23104659949213868,21.202824472197975,20.5,21.5
2290.0,20.92258206423329,21.22822480742097,6.819922541753087,21.0,0,-0.2282248074209683,21.200006886709264,20.5,21.5
2291.0,20.919761532328792,21.225403435646395,6.8191980726228465,21.0,0,-0.22540343564639542,21.197189717900667,20.5,21.5
2292.0,20.91694141963685,21.222582483806953,6.818472218094137,21.0,0,-0.22258248380695278,21.194372965412526,20.5,21.5
2293.0,20.91412172579654,21.21976195154135,6.817744978719729,21.0,0,-0.2197619515413507,21.19155662888533,20.5,21.5
2294.0,20.911302450447124,21.216941838488488,6.817016355053443,21.0,0,-0.2169418384884878,21.18874070795986,20.5,21.5
2295.0,20.908483593228045,21.214122144287437,6.816286347650163,21.0,0,-0.2141221442874368,21.185925202276927,20.5,21.5
2296.0,20.90566515377893,21.211302868577462,6.815554957065817,21.0,0,-0.21130286857746228,21.183110111477717,20.5,21.5
2297.0,20.902847131739588,21.20848401099801,6.814822183857394,21.0,0,-0.20848401099800995,21.180295435203487,20.5,21.5
2298.0,20.90002952675001,21.205665571188703,6.81408802858293,21.0,0,-0.2056655711887032,21.177481173095636,20.5,21.5
2299.0,20.897212338450377,21.202847548789354,6.813352491801518,21.0,0,-0.20284754878935374,21.17466732479586,20.5,21.5
2300.0,20.894395566481048,21.200029943439954,6.8126155740733,21.0,0,-0.2000299434399544,21.17185388994596,20.5,21.5
2301.0,20.891579210482565,21.19721275478068,6.811877275959472,21.0,0,-0.19721275478067923,21.169040868187928,20.5,21.5
2302.0,20.88876327009566,21.194395982451894,6.811137598022279,21.0,0,-0.19439598245189416,21.166228259164043,20.5,21.5
2303.0,20.885947744961243,21.19157962609414,6.810396540825019,21.0,0,-0.19157962609413914,21.16341606251659,20.5,21.5
2304.0,20.883132634720415,21.188763685348146,6.809654104932039,21.0,0,-0.18876368534814603,21.160604277888215,20.5,21.5
2305.0,20.880317939014457,21.185948159854828,6.808910290908736,21.0,0,-0.18594815985482782,21.157792904921646,20.5,21.5
2306.0,20.877503657484837,21.183133049255282,6.808165099321557,21.0,0,-0.1831330492552823,21.154981943259827,20.5,21.5
2307.0,20.874689789773203,21.18031835319079,6.807418530737998,21.0,0,-0.18031835319078837,21.15217139254585,20.5,21.5
2308.0,20.871876335521396,21.177504071302817,6.806670585726602,21.0,0,-0.17750407130281687,21.149361252423102,20.5,21.5
2309.0,20.869063294371436,21.174690203233023,6.805921264856963,21.0,0,-0.1746902032330233,21.146551522535088,20.5,21.5
2310.0,20.866250665965534,21.17187674862324,6.8051705686997215,21.0,0,-0.17187674862324087,21.143742202525416,20.5,21.5
2311.0,20.86343844994608,21.16906370711549,6.804418497826565,21.0,0,-0.169063707115491,21.140933292037992,20.5,21.5
2312.0,20.86062664595566,21.16625107835198,6.803665052810228,21.0,0,-0.16625107835197994,21.13812479071687,20.5,21.5
2313.0,20.85781525363703,21.163438861975106,6.802910234224491,21.0,0,-0.1634388619751057,21.135316698206363,20.5,21.5
2314.0,20.855004272633145,21.160627057627448,6.802154042644183,21.0,0,-0.16062705762744756,21.132509014150866,20.5,21.5
2315.0,20.852193702587147,21.15781566495177,6.8013964786451755,21.0,0,-0.15781566495176946,21.12970173819499,20.5,21.5
2316.0,20.84938354314236,21.155004683591024,6.800637542804387,21.0,0,-0.1550046835910237,21.126894869983566,20.5,21.5
2317.0,20.84657379394229,21.15219411318835,6.79987723569978,21.0,0,-0.15219411318835085,21.124088409161622,20.5,21.5
2318.0,20.84376445463064,21.149383953387076,6.799115557910361,21.0,0,-0.14938395338707622,21.12128235537433,20.5,21.5
2319.0,20.840955524851296,21.146574203830703,6.798352510016181,21.0,0,-0.14657420383070274,21.118476708266968,20.5,21.5
2320.0,20.838147004248327,21.14376486416294,6.7975880925983345,21.0,0,-0.14376486416293943,21.115671467485306,20.5,21.5
2321.0,20.835338892465998,21.140955934027666,6.7968223062389574,21.0,0,-0.14095593402766582,21.11286663267493,20.5,21.5
2322.0,20.832531189148753,21.138147413068957,6.796055151521231,21.0,0,-0.13814741306895684,21.110062203481867,20.5,21.5
2323.0,20.829723893941228,21.135339300931072,6.795286629029377,21.0,0,-0.13533930093107216,21.107258179552225,20.5,21.5
2324.0,20.826917006488245,21.132531597258463,6.794516739348657,21.0,0,-0.1325315972584633,21.104454560532375,20.5,21.5
2325.0,20.824110526434815,21.129724301695763,6.7937454830653765,21.0,0,-0.129724301695763,21.10165134606876,20.5,21.5
2326.0,20.82130445342614,21.126917413887792,6.792972860766881,21.0,0,-0.1269174138877922,21.098848535808084,20.5,21.5
2327.0,20.818498787107607,21.124110933479564,6.7921988730415555,21.0,0,-0.12411093347956381,21.09604612939728,20.5,21.5
2328.0,20.815693527124793,21.121304860116275,6.791423520478826,21.0,0,-0.12130486011627539,21.09324412648339,20.5,21.5
2329.0,20.812888673123464,21.11849919344332,6.790646803669156,21.0,0,-0.11849919344331994,21.090442526713765,20.5,21.5
2330.0,20.810084224749573,21.11569393310627,6.78986872320405,21.0,0,-0.11569393310627163,21.08764132973579,20.5,21.5
2331.0,20.807280181649265,21.112889078750896,6.78908927967605,21.0,0,-0.11288907875089649,21.084840535197145,20.5,21.5
2332.0,20.80447654346887,21.11008463002315,6.788308473678736,21.0,0,-0.11008463002314883,21.082040142745672,20.5,21.5
2333.0,20.801673309854912,21.107280586569175,6.787526305806726,21.0,0,-0.10728058656917483,21.079240152029435,20.5,21.5
2334.0,20.798870480454102,21.104476948035305,6.786742776655675,21.0,0,-0.10447694803530538,21.07644056269661,20.5,21.5
2335.0,20.79606805491334,21.10167371406806,6.785957886822274,21.0,0,-0.1016737140680597,21.073641374395603,20.5,21.5
2336.0,20.793266032879725,21.098870884314152,6.785171636904251,21.0,0,-0.09887088431415236,21.07084258677508,20.5,21.5
2337.0,20.790464414000528,21.096068458420483,6.784384027500369,21.0,0,-0.09606845842048273,21.068044199483786,20.5,21.5
2338.0,20.787663197923226,21.09326643603415,6.783595059210429,21.0,0,-0.09326643603414908,21.065246212170813,20.5,21.5
2339.0,20.784862384295483,21.09046481680242,6.782804732635261,21.0,0,-0.09046481680242024,21.062448624485132,20.5,21.5
2340.0,20.782061972765153,21.087663600372785,6.782013048376736,21.0,0,-0.08766360037278531,21.059651436076436,20.5,21.5
2341.0,20.779261962980275,21.084862786392897,6.781220007037755,21.0,0,-0.0848627863928968,21.05685464659401,20.5,21.5
2342.0,20.776462354589086,21.082062374510606,6.780425609222253,21.0,0,-0.08206237451060616,21.0540582556877,20.5,21.5
2343.0,20.77366314724001,21.07926236437396,6.7796298555352,21.0,0,-0.07926236437396028,21.0512622630075,20.5,21.5
2344.0,20.77086434058167,21.076462755631194,6.778832746582595,21.0,0,-0.07646275563119431,21.048466668203535,20.5,21.5
2345.0,20.76806593426287,21.07366354793074,6.778034282971473,21.0,0,-0.07366354793073882,21.045671470926184,20.5,21.5
2346.0,20.765267927932612,21.070864740921206,6.777234465309897,21.0,0,-0.07086474092120554,21.042876670825873,20.5,21.5
2347.0,20.762470321240087,21.068066334251405,6.776433294206965,21.0,0,-0.06806633425140518,21.0400822675534,20.5,21.5
2348.0,20.75967311383468,21.06526832757034,6.7756307702728025,21.0,0,-0.06526832757034029,21.03728826075969,20.5,21.5
2349.0,20.756876305365967,21.062470720527198,6.774826894118567,21.0,0,-0.062470720527198154,21.034494650095777,20.5,21.5
2350.0,20.754079895483716,21.059673512771365,6.774021666356443,21.0,0,-0.05967351277136501,21.031701435213034,20.5,21.5
2351.0,20.751283883837893,21.056876703952423,6.77321508759965,21.0,0,-0.0568767039524225,21.028908615762997,20.5,21.5
2352.0,20.748488270078646,21.054080293720137,6.772407158462429,21.0,0,-0.05408029372013701,21.026116191397282,20.5,21.5
2353.0,20.74569305385632,21.051284281724467,6.771597879560057,21.0,0,-0.05128428172446675,21.023324161767764,20.5,21.5
2354.0,20.74289823482146,21.048488667615565,6.770787251508832,21.0,0,-0.04848866761556536,21.02053252652655,20.5,21.5
2355.0,20.7401038126248,21.045693451043785,6.769975274926084,21.0,0,-0.045693451043785416,21.017741285325986,20.5,21.5
2356.0,20.73730978691726,21.04289863165966,6.769161950430168,21.0,0,-0.04289863165966068,21.014950437818413,20.5,21.5
2357.0,20.73451615734996,21.040104209113924,6.768347278640467,21.0,0,-0.04010420911392387,21.012159983656556,20.5,21.5
2358.0,20.73172292357422,21.037310183057503,6.767531260177387,21.0,0,-0.03731018305750311,21.009369922493295,20.5,21.5
2359.0,20.72893008524154,21.03451655314152,6.766713895662363,21.0,0,-0.03451655314151836,21.00658025398167,20.5,21.5
2360.0,20.726137642003625,21.03172331901728,6.765895185717854,21.0,0,-0.031723319017281426,21.003790977774912,20.5,21.5
2361.0,20.723345593512366,21.028930480336307,6.765075130967342,21.0,0,-0.02893048033630663,21.00100209352656,20.5,21.5
2362.0,20.720553939419858,21.026138036750286,6.7642537320353355,21.0,0,-0.02613803675028592,20.99821360089008,20.5,21.5
2363.0,20.71776267937838,21.023345987911117,6.7634309895473645,21.0,0,-0.023345987911117305,20.99542549951943,20.5,21.5
2364.0,20.714971813040414,21.02055433347089,6.762606904129985,21.0,0,-0.02055433347089064,20.992637789068624,20.5,21.5
2365.0,20.71218134005863,21.01776307308189,6.761781476410771,21.0,0,-0.01776307308189118,20.989850469191897,20.5,21.5
2366.0,20.7093912600859,21.0149722063966,6.760954707018324,21.0,0,-0.014972206396599574,20.987063539543684,20.5,21.5
2367.0,20.706601572775288,21.012181733067685,6.760126596582264,21.0,0,-0.012181733067684775,20.984276999778537,20.5,21.5
2368.0,20.70381227778005,21.009391652748022,6.759297145733233,21.0,0,-0.009391652748021784,20.981490849551392,20.5,21.5
2369.0,20.70102337475364,21.006601965090667,6.758466355102895,21.0,0,-0.006601965090666795,20.978705088517117,20.5,21.5
2370.0,20.698234863349708,21.003812669748882,6.7576342253239305,21.0,0,-0.0038126697488820582,20.975919716331035,20.5,21.5
2371.0,20.695446743222103,21.00102376637612,6.756800757030046,21.0,0,-0.0010237663761216709,20.973134732648518,20.5,21.5
2372.0,20.692659014024866,20.998235254626035,6.755965950855961,21.0,0,0.001764745373964871,20.97035013712517,20.5,21.5
2373.0,20.68987167541223,20.99544713415247,6.755129807437418,21.0,0,0.0045528658475291195,20.96756592941683,20.5,21.5
2374.0,20.687084727038638,20.99265940460947,6.754292327411178,21.0,0,0.00734059539053078,20.964782109179453,20.5,21.5
2375.0,20.684298168558712,20.98987206565127,6.753453511415016,21.0,0,0.010127934348730605,20.96199867606927,20.5,21.5
2376.0,20.681511999627283,20.987085116932306,6.752613360087727,21.0,0,0.01291488306769395,20.959215629742673,20.5,21.5
2377.0,20.678726219899374,20.984298558107206,6.751771874069124,21.0,0,0.01570144189279432,20.956432969856202,20.5,21.5
2378.0,20.675940829030207,20.9815123888308,6.750929054000036,21.0,0,0.01848761116919917,20.953650696066752,20.5,21.5
2379.0,20.673155826675202,20.978726608758116,6.750084900522305,21.0,0,0.0212733912418841,20.950868808031267,20.5,21.5
2380.0,20.67037121248997,20.97594121754437,6.749239414278792,21.0,0,0.024058782455629313,20.94808730540692,20.5,21.5
2381.0,20.66758698613033,20.97315621484498,6.748392595913371,21.0,0,0.026843785155019617,20.945306187851077,20.5,21.5
2382.0,20.66480314725229,20.970371600315563,6.747544446070931,21.0,0,0.029628399684437312,20.942525455021386,20.5,21.5
2383.0,20.662019695512054,20.96758737361193,6.746694965397374,21.0,0,0.0324126263880693,20.93974510657561,20.5,21.5
2384.0,20.65923663056603,20.964803534390096,6.745844154539619,21.0,0,0.03519646560990353,20.936965142171754,20.5,21.5
2385.0,20.656453952070827,20.96202008230627,6.744992014145594,21.0,0,0.03797991769372899,20.934185561468016,20.5,21.5
2386.0,20.65367165968324,20.959237017016854,6.744138544864241,21.0,0,0.0407629829831464,20.93140636412268,20.5,21.5
2387.0,20.650889753060277,20.956454338178453,6.743283747345514,21.0,0,0.043545661821546844,20.92862754979445,20.5,21.5
2388.0,20.648108231859133,20.953672045447867,6.742427622240379,21.0,0,0.04632795455213312,20.925849118142004,20.5,21.5
2389.0,20.64532709573721,20.950890138482105,6.741570170200812,21.0,0,0.04910986151789487,20.923071068824488,20.5,21.5
2390.0,20.642546344352102,20.948108616938363,6.740711391879799,21.0,0,0.051891383061636986,20.920293401500942,20.5,21.5
2391.0,20.639765977361606,20.945327480474035,6.739851287931339,21.0,0,0.05467251952596541,20.91751611583075,20.5,21.5
2392.0,20.63698599442372,20.942546728746724,6.738989859010438,21.0,0,0.05745327125327648,20.914739211473613,20.5,21.5
2393.0,20.63420639519664,20.93976636141422,6.738127105773111,21.0,0,0.06023363858577824,20.911962688089204,20.5,21.5
2394.0,20.631427179338754,20.93698637813453,6.737263028876383,21.0,0,0.0630136218654691,20.909186545337622,20.5,21.5
2395.0,20.628648346508662,20.934206778565844,6.736397628978285,21.0,0,0.06579322143415567,20.90641078287898,20.5,21.5
2396.0,20.625869896365156,20.931427562366558,6.735530906737857,21.0,0,0.06857243763344201,20.903635400373695,20.5,21.5
2397.0,20.62309182856723,20.928648729195256,6.734662862815146,21.0,0,0.0713512708047439,20.900860397482237,20.5,21.5
2398.0,20.620314142774077,20.925870278710743,6.733793497871206,21.0,0,0.07412972128925688,20.898085773865613,20.5,21.5
2399.0,20.617536838645098,20.923092210572015,6.732922812568095,21.0,0,0.0769077894279846,20.895311529184738,20.5,21.5
2400.0,20.614759915839883,20.920314524438258,6.732050807568878,21.0,0,0.07968547556174244,20.89253766310068,20.5,21.5
2401.0,20.61198337401823,20.91753721996887,6.731177483537624,21.0,0,0.08246278003112906,20.889764175275005,20.5,21.5
2402.0,20.609207212840133,20.914760296823452,6.730302841139409,21.0,0,0.08523970317654772,20.886991065369266,20.5,21.5
2403.0,20.60643143196579,20.911983754661797,6.72942688104031,21.0,0,0.08801624533820274,20.884218333045247,20.5,21.5
2404.0,20.603656031055607,20.909207593143897,6.7285496039074095,21.0,0,0.09079240685610301,20.881445977964894,20.5,21.5
2405.0,20.600881009770177,20.906431811929956,6.727671010408791,21.0,0,0.0935681880700443,20.878673999790543,20.5,21.5
2406.0,20.598106367770306,20.90365641068037,6.726791101213544,21.0,0,0.0963435893196305,20.875902398184508,20.5,21.5
2407.0,20.595332104716995,20.900881389055744,6.7259098769917545,21.0,0,0.09911861094425589,20.87313117280949,20.5,21.5
2408.0,20.59255822027145,20.898106746716877,6.725027338414515,21.0,0,0.10189325328312293,20.870360323328207,20.5,21.5
2409.0,20.589784714095078,20.895332483324772,6.724143486153917,21.0,0,0.104667516675228,20.86758984940372,20.5,21.5
2410.0,20.58701158584949,20.892558598540635,6.723258320883052,21.0,0,0.10744140145936498,20.864819750699265,20.5,21.5
2411.0,20.584238835196494,20.88978509202587,6.722371843276012,21.0,0,0.1102149079741288,20.862050026878233,20.5,21.5
2412.0,20.58146646179811,20.887011963442095,6.721484054007887,21.0,0,0.11298803655790479,20.859280677604335,20.5,21.5
2413.0,20.578694465316552,20.884239212451114,6.72059495375477,21.0,0,0.11576078754888641,20.856511702541297,20.5,21.5
2414.0,20.57592284541424,20.88146683871495,6.719704543193747,21.0,0,0.11853316128505043,20.85374310135331,20.5,21.5
2415.0,20.573151601753796,20.878694841895808,6.718812823002906,21.0,0,0.1213051581041924,20.850974873704388,20.5,21.5
2416.0,20.570380733998046,20.875923221656116,6.717919793861329,21.0,0,0.12407677834388409,20.8482070192592,20.5,21.5
2417.0,20.56761024181002,20.8731519776585,6.7170254564490985,21.0,0,0.12684802234149828,20.84543953768236,20.5,21.5
2418.0,20.564840124852946,20.870381109565777,6.7161298114472885,21.0,0,0.12961889043422303,20.84267242863853,20.5,21.5
2419.0,20.562070382790264,20.867610617040985,6.715232859537975,21.0,0,0.13238938295901548,20.83990569179306,20.5,21.5
2420.0,20.559301015285612,20.864840499747345,6.714334601404225,21.0,0,0.1351595002526551,20.83713932681095,20.5,21.5
2421.0,20.556532022002838,20.862070757348302,6.7134350377300995,21.0,0,0.1379292426516976,20.834373333357878,20.5,21.5
2422.0,20.553763402605984,20.8593013895075,6.712534169200657,21.0,0,0.14069861049249965,20.83160771109948,20.5,21.5
2423.0,20.550995156759303,20.85653239588877,6.711631996501946,21.0,0,0.14346760411122972,20.82884245970147,20.5,21.5
2424.0,20.54822728412725,20.853763776156164,6.710728520321013,21.0,0,0.14623622384383594,20.826077578830102,20.5,21.5
2425.0,20.54545978437449,20.850995529973943,6.709823741345893,21.0,0,0.14900447002605688,20.823313068151734,20.5,21.5
2426.0,20.542692657165883,20.848227657006554,6.708917660265614,21.0,0,0.15177234299344633,20.82054892733266,20.5,21.5
2427.0,20.5399259021665,20.845460156918655,6.708010277770199,21.0,0,0.15453984308134494,20.81778515603967,20.5,21.5
2428.0,20.537159519041623,20.84269302937512,6.707101594550655,21.0,0,0.1573069706248802,20.815021753939767,20.5,21.5
2429.0,20.534393507456723,20.839926274041012,6.706191611298986,21.0,0,0.16007372595898772,20.812258720699937,20.5,21.5
2430.0,20.531627867077493,20.837159890581614,6.705280328708184,21.0,0,0.16284010941838645,20.809496055987626,20.5,21.5
2431.0,20.52886259756982,20.834393878662404,6.704367747472231,21.0,0,0.16560612133759633,20.806733759470305,20.5,21.5
2432.0,20.5260976985998,20.83162823794906,6.703453868286095,21.0,0,0.1683717620509384,20.80397183081564,20.5,21.5
2433.0,20.523333169833737,20.828862968107483,6.702538691845737,21.0,0,0.17113703189251694,20.801210269691698,20.5,21.5
2434.0,20.52056901093814,20.826098068803766,6.701622218848103,21.0,0,0.17390193119623376,20.798449075766598,20.5,21.5
2435.0,20.51780522157972,20.823333539704215,6.700704449991126,21.0,0,0.1766664602957846,20.795688248708707,20.5,21.5
2436.0,20.515041801425404,20.82056938047533,6.699785385973728,21.0,0,0.17943061952466977,20.79292778818648,20.5,21.5
2437.0,20.512278750142315,20.817805590783834,6.698865027495816,21.0,0,0.1821944092161658,20.790167693868874,20.5,21.5
2438.0,20.509516067397787,20.815042170296643,6.6979433752582835,21.0,0,0.1849578297033574,20.787407965424727,20.5,21.5
2439.0,20.50675375285936,20.812279118680884,6.697020429963008,21.0,0,0.18772088131911602,20.784648602523298,20.5,21.5
2440.0,20.50399180619478,20.809516435603896,6.696096192312853,21.0,0,0.1904835643961036,20.78188960483402,20.5,21.5
2441.0,20.501230227072003,20.806754120733213,6.695170663011664,21.0,0,0.1932458792667866,20.779130972026383,20.5,21.5
2442.0,20.49846901515919,20.803992173736592,6.6942438427642745,21.0,0,0.19600782626340774,20.77637270377038,20.5,21.5
2443.0,20.49570817012471,20.801230594281975,6.6933157322764965,21.0,0,0.19876940571802493,20.773614799735803,20.5,21.5
2444.0,20.49294769163714,20.79846938203753,6.692386332255128,21.0,0,0.20153061796246874,20.770857259593093,20.5,21.5
2445.0,20.490187579365266,20.79570853667163,6.691455643407947,21.0,0,0.20429146332837078,20.76810008301261,20.5,21.5
2446.0,20.487427832978074,20.79294805785284,6.690523666443712,21.0,0,0.20705194214716016,20.765343269664946,20.5,21.5
2447.0,20.484668452144767,20.790187945249954,6.689590402072167,21.0,0,0.20981205475004572,20.7625868192211,20.5,21.5
2448.0,20.481909436534753,20.787428198531963,6.688655851004031,21.0,0,0.21257180146803734,20.759830731352046,20.5,21.5
2449.0,20.479150785817648,20.784668817368065,6.687720013951005,21.0,0,0.2153311826319353,20.757075005729085,20.5,21.5
2450.0,20.476392499663273,20.781909801427666,6.686782891625771,21.0,0,0.2180901985723338,20.75431964202368,20.5,21.5
2451.0,20.473634577741667,20.779151150380386,6.685844484741988,21.0,0,0.22084884961961393,20.751564639907585,20.5,21.5
2452.0,20.470877019723066,20.776392863896042,6.684904794014295,21.0,0,0.22360713610395777,20.748809999052604,20.5,21.5
2453.0,20.468119825277924,20.77363494164468,6.683963820158305,21.0,0,0.22636505835532006,20.746055719131057,20.5,21.5
2454.0,20.4653629940769,20.77087738329653,6.6830215638906125,21.0,0,0.22912261670347078,20.743301799815022,20.5,21.5
2455.0,20.462606525790864,20.768120188522044,6.682078025928785,21.0,0,0.2318798114779561,20.74054824077719,20.5,21.5
2456.0,20.45985042009089,20.76536335699189,6.681133206991369,21.0,0,0.23463664300810905,20.73779504169036,20.5,21.5
2457.0,20.45709467664827,20.762606888376933,6.6801871077978845,21.0,0,0.2373931116230672,20.73504220222735,20.5,21.5
2458.0,20.454339295134503,20.75985078234825,6.679239729068827,21.0,0,0.24014921765175146,20.732289722061406,20.5,21.5
2459.0,20.45158427522129,20.757095038577127,6.678291071525666,21.0,0,0.2429049614228731,20.72953760086591,20.5,21.5
2460.0,20.44882961658055,20.754339656735063,6.677341135890849,21.0,0,0.24566034326493735,20.72678583831442,20.5,21.5
2461.0,20.44607531888441,20.751584636493767,6.676389922887788,21.0,0,0.24841536350623272,20.724034434080814,20.5,21.5
2462.0,20.443321381805212,20.748829977525155,6.6754374332408775,21.0,0,0.2511700224748452,20.72128338783903,20.5,21.5
2463.0,20.4405678050155,20.746075679501356,6.674483667675478,21.0,0,0.2539243204986441,20.718532699263367,20.5,21.5
2464.0,20.437814588188033,20.743321742094704,6.673528626917923,21.0,0,0.2566782579052962,20.715782368028183,20.5,21.5
2465.0,20.43506173099578,20.740568164977752,6.672572311695519,21.0,0,0.259431835022248,20.713032393808234,20.5,21.5
2466.0,20.43230923311192,20.737814947823253,6.671614722736541,21.0,0,0.26218505217674704,20.710282776278262,20.5,21.5
2467.0,20.429557094209844,20.73506209030418,6.670655860770234,21.0,0,0.26493790969582065,20.707533515113443,20.5,21.5
2468.0,20.426805313963158,20.73230959209371,6.669695726526814,21.0,0,0.26769040790629006,20.704784609989016,20.5,21.5
2469.0,20.42405389204567,20.72955745286524,6.668734320737463,21.0,0,0.2704425471347598,20.702036060580543,20.5,21.5
2470.0,20.42130282813141,20.726805672292365,6.667771644134336,21.0,0,0.2731943277076354,20.69928786656361,20.5,21.5
2471.0,20.41855212189461,20.7240542500489,6.666807697450553,21.0,0,0.27594574995109866,20.69654002761427,20.5,21.5
2472.0,20.415801773009722,20.721303185808882,6.665842481420199,21.0,0,0.27869681419111814,20.693792543408687,20.5,21.5
2473.0,20.413051781151403,20.718552479246533,6.6648759967783295,21.0,0,0.281447520753467,20.691045413623044,20.5,21.5
2474.0,20.410302145994528,20.7158021300363,6.663908244260965,21.0,0,0.2841978699636982,20.68829863793399,20.5,21.5
2475.0,20.407552867214182,20.71305213785286,6.66293922460509,21.0,0,0.28694786214714085,20.685552216018433,20.5,21.5
2476.0,20.40480394448566,20.71030250237107,6.6619689385486565,21.0,0,0.2896974976289286,20.682806147553194,20.5,21.5
2477.0,20.402055377484473,20.707553223266018,6.660997386830578,21.0,0,0.292446776733982,20.680060432215484,20.5,21.5
2478.0,20.39930716588634,20.704804300213006,6.6600245701907355,21.0,0,0.2951956997869942,20.677315069682884,20.5,21.5
2479.0,20.396559309367202,20.702055732887537,6.659050489369968,21.0,0,0.297944267112463,20.67457005963285,20.5,21.5
2480.0,20.393811807603203,20.69930752096534,6.658075145110083,21.0,0,0.3006924790346588,20.671825401743384,20.5,21.5
2481.0,20.391064660270704,20.69655966412235,6.657098538153847,21.0,0,0.3034403358776494,20.669081095692444,20.5,21.5
2482.0,20.38831786704628,20.69381216203471,6.656120669244989,21.0,0,0.3061878379652896,20.66633714115831,20.5,21.5
2483.0,20.38557142760672,20.691065014378786,6.655141539128198,21.0,0,0.3089349856212138,20.663593537819544,20.5,21.5
2484.0,20.382825341629026,20.688318220831153,6.654161148549123,21.0,0,0.3116817791688469,20.660850285354822,20.5,21.5
2485.0,20.38007960879041,20.685571781068592,6.653179498254377,21.0,0,0.3144282189314076,20.658107383442985,20.5,21.5
2486.0,20.3773342287683,20.68282569476811,6.6521965889915275,21.0,0,0.31717430523189094,20.655364831763276,20.5,21.5
2487.0,20.374589201240347,20.680079961606925,6.651212421509103,21.0,0,0.31992003839307515,20.652622629995083,20.5,21.5
2488.0,20.371844525884402,20.677334581262464,6.65022699655659,21.0,0,0.32266541873753596,20.649880777817856,20.5,21.5
2489.0,20.369100202378537,20.674589553412368,6.649240314884433,21.0,0,0.3254104465876324,20.647139274911403,20.5,21.5
2490.0,20.36635623040104,20.671844877734493,6.648252377244032,21.0,0,0.3281551222655068,20.64439812095575,20.5,21.5
2491.0,20.363612609630408,20.66910055390691,6.647263184387744,21.0,0,0.3308994460930883,20.641657315631097,20.5,21.5
2492.0,20.36086933974536,20.666356581607914,6.646272737068884,21.0,0,0.3336434183920858,20.63891685861794,20.5,21.5
2493.0,20.358126420424824,20.663612960515998,6.64528103604172,21.0,0,0.33638703948400206,20.636176749596835,20.5,21.5
2494.0,20.35538385134795,20.66086969030988,6.644288082061475,21.0,0,0.3391303096901197,20.633436988248704,20.5,21.5
2495.0,20.352641632194093,20.658126770668492,6.643293875884328,21.0,0,0.3418732293315081,20.630697574254608,20.5,21.5
2496.0,20.34989976264283,20.655384201270977,6.6422984182674085,21.0,0,0.3446157987290235,20.627958507295823,20.5,21.5
2497.0,20.347158242373958,20.652641981796698,6.641301709968801,21.0,0,0.3473580182033018,20.625219787053915,20.5,21.5
2498.0,20.344417071067475,20.649900111925227,6.640303751747544,21.0,0,0.350099888074773,20.622481413210515,20.5,21.5
2499.0,20.341676248403612,20.64715859133636,6.639304544363625,21.0,0,0.35284140866363956,20.619743385447695,20.5,21.5
2500.0,20.338935774062804,20.644417419710102,6.638304088577984,21.0,0,0.355582580289898,20.617005703447518,20.5,21.5
2501.0,20.336195647725706,20.641676596726676,6.637302385152511,21.0,0,0.35832340327332446,20.61426836689241,20.5,21.5
2502.0,20.33345586907319,20.63893612206652,6.636299434850047,21.0,0,0.3610638779334785,20.61153137546498,20.5,21.5
2503.0,20.330716437786347,20.636195995410297,6.635295238434383,21.0,0,0.36380400458970286,20.608794728848054,20.5,21.5
2504.0,20.327977353546476,20.63345621643887,6.634289796670258,21.0,0,0.3665437835611307,20.60605842672459,20.5,21.5
2505.0,20.3252386160351,20.630716784833332,6.633283110323358,21.0,0,0.36928321516666784,20.60332246877796,20.5,21.5
2506.0,20.322500224933957,20.627977700274982,6.63227518016032,21.0,0,0.37202229972501755,20.600586854691485,20.5,21.5
2507.0,20.319762179925004,20.625238962445344,6.631266006948728,21.0,0,0.37476103755465573,20.597851584148962,20.5,21.5
2508.0,20.31702448069041,20.62250057102616,6.630255591457108,21.0,0,0.3774994289738416,20.5951166568343,20.5,21.5
2509.0,20.314287126912564,20.61976252569938,6.629243934454938,21.0,0,0.38023747430062116,20.592382072431583,20.5,21.5
2510.0,20.311550118274074,20.61702482614717,6.628231036712639,21.0,0,0.38297517385283086,20.589647830625072,20.5,21.5
2511.0,20.308813454457763,20.61428747205193,6.627216899001574,21.0,0,0.3857125279480691,20.58691393109955,20.5,21.5
2512.0,20.306077135146673,20.611550463096265,6.626201522094055,21.0,0,0.3884495369037353,20.584180373539603,20.5,21.5
2513.0,20.30334116002406,20.608813798962995,6.6251849067633355,21.0,0,0.3911862010370051,20.581447157630297,20.5,21.5
2514.0,20.30060552877341,20.606077479335163,6.624167053783612,21.0,0,0.39392252066483735,20.57871428305684,20.5,21.5
2515.0,20.297870241078414,20.60334150389603,6.623147963930025,21.0,0,0.39665849610397075,20.575981749504695,20.5,21.5
2516.0,20.295135296622984,20.600605872329076,6.622127637978653,21.0,0,0.39939412767092364,20.573249556659547,20.5,21.5
2517.0,20.292400695091256,20.59787058431799,6.621106076706521,21.0,0,0.40212941568200833,20.570517704207145,20.5,21.5
2518.0,20.28966643616758,20.595135639546694,6.620083280891592,21.0,0,0.4048643604533062,20.567786191833715,20.5,21.5
2519.0,20.286932519536524,20.592401037699315,6.619059251312769,21.0,0,0.4075989623006855,20.56505501922552,20.5,21.5
2520.0,20.28419894488288,20.58966677846021,6.618033988749895,21.0,0,0.41033322153979057,20.56232418606916,20.5,21.5
2521.0,20.281465711891656,20.586932861513944,6.617007493983753,21.0,0,0.41306713848605625,20.559593692051287,20.5,21.5
2522.0,20.278732820248074,20.584199286545307,6.615979767796061,21.0,0,0.4158007134546935,20.556863536858934,20.5,21.5
2523.0,20.276000269637585,20.58146605323931,6.61495081096948,21.0,0,0.41853394676068945,20.55413372017935,20.5,21.5
2524.0,20.273268059745853,20.57873316128118,6.613920624287604,21.0,0,0.42126683871882165,20.551404241699856,20.5,21.5
2525.0,20.27053619025876,20.576000610356353,6.612889208534965,21.0,0,0.42399938964364736,20.548675101108095,20.5,21.5
2526.0,20.267804660862414,20.573268400150507,6.611856564497032,21.0,0,0.42673159984949294,20.54594629809205,20.5,21.5
2527.0,20.26507347124314,20.57053653034952,6.610822692960206,21.0,0,0.42946346965047866,20.543217832339664,20.5,21.5
2528.0,20.262342621087484,20.5678050006395,6.609787594711828,21.0,0,0.432194999360501,20.540489703539276,20.5,21.5
2529.0,20.25961211008221,20.56507381070677,6.60875127054017,21.0,0,0.434926189293229,20.53776191137949,20.5,21.5
2530.0,20.2568819379143,20.562342960237878,6.607713721234434,21.0,0,0.4376570397621222,20.535034455548946,20.5,21.5
2531.0,20.254152104270965,20.559612448919587,6.606674947584764,21.0,0,0.4403875510804127,20.532307335736682,20.5,21.5
2532.0,20.25142260883963,20.556882276438884,6.605634950382229,21.0,0,0.4431177235611159,20.529580551631852,20.5,21.5
2533.0,20.248693451307936,20.554152442482977,6.6045937304188325,21.0,0,0.4458475575170233,20.526854102923902,20.5,21.5
2534.0,20.24596463136376,20.551422946739287,6.603551288487509,21.0,0,0.4485770532607134,20.524127989302386,20.5,21.5
2535.0,20.243236148695182,20.548693788895463,6.602507625382121,21.0,0,0.45130621110453717,20.521402210457225,20.5,21.5
2536.0,20.24050800299052,20.545964968639375,6.601462741897467,21.0,0,0.4540350313606254,20.518676766078492,20.5,21.5
2537.0,20.237780193938303,20.543236485659108,6.6004166388292695,21.0,0,0.45676351434089213,20.51595165585644,20.5,21.5
2538.0,20.23505272122728,20.540508339642976,6.599369316974181,21.0,0,0.45949166035702405,20.513226879481657,20.5,21.5
2539.0,20.23232558454643,20.53778053027951,6.598320777129784,21.0,0,0.4622194697204911,20.51050243664484,20.5,21.5
2540.0,20.229598783584947,20.53505305725746,6.5972710200945865,21.0,0,0.46494694274253945,20.507778327036977,20.5,21.5
2541.0,20.22687231803225,20.532325920265805,6.596220046668023,21.0,0,0.46767407973419495,20.50505455034925,20.5,21.5
2542.0,20.224146187577976,20.529599118993737,6.595167857650457,21.0,0,0.4704008810062632,20.502331106273054,20.5,21.5
2543.0,20.22142039191199,20.52687265313068,6.594114453843176,21.0,1,0.4731273468693189,20.499607994500124,20.5,21.5
2544.0,20.238694930724378,20.52814652236627,6.5930598360483925,21.0,1,0.4718534776337293,20.540885214722167,20.5,21.5
2545.0,20.255965803705443,20.533419926390373,6.592004005069244,21.0,1,0.4665800736096273,20.586153966631393,20.5,21.5
2546.0,20.273233011345717,20.542692065053068,6.5909469617097916,21.0,1,0.45730793494693245,20.635413451680016,20.5,21.5
2547.0,20.29049655413579,20.555962138364627,6.58988870677502,21.0,1,0.4440378616353726,20.688662871480226,20.5,21.5
2548.0,20.30775643256632,20.573229346495495,6.588829241070837,21.0,1,0.42677065350450505,20.74590142780417,20.5,21.5
2549.0,20.32501264712802,20.590492889776222,6.587768565404069,21.0,1,0.40950711022377817,20.76312832258349,20.5,21.5
2550.0,20.342265198311676,20.60775276869747,6.58670668058247,21.0,1,0.39224723130253025,20.78035155790995,20.5,21.5
2551.0,20.35951408660813,20.62500898374995,6.58564358741471,21.0,1,0.3749910162500498,20.797571134274754,20.5,21.5
2552.0,20.37675931250829,20.64226153542445,6.584579286710381,21.0,1,0.3577384645755508,20.81478705216944,20.5,21.5
2553.0,20.39400087650313,20.659510424211813,6.583513779279995,21.0,1,0.3404895757881867,20.831999312085454,20.5,21.5
2554.0,20.411238779083686,20.67675565060295,6.58244706593498,21.0,1,0.3232443493970507,20.84920791451431,20.5,21.5
2555.0,20.428473020741055,20.69399721508882,6.581379147487687,21.0,1,0.30600278491117905,20.866412859947538,20.5,21.5
2556.0,20.445703601966404,20.71123511816048,6.580310024751381,21.0,1,0.2887648818395192,20.88361414887708,20.5,21.5
2557.0,20.46293052325096,20.728469360309013,6.5792396985402455,21.0,1,0.2715306396909867,20.90081178179434,20.5,21.5
2558.0,20.480153785086017,20.74569994202559,6.5781681696693814,21.0,1,0.2543000579744117,20.918005759191338,20.5,21.5
2559.0,20.497373387962934,20.76292686380144,6.577095438954804,21.0,1,0.23707313619856052,20.93519608155995,20.5,21.5
2560.0,20.514589332373134,20.780150126127854,6.576021507213444,21.0,1,0.21984987387214616,20.952382749391997,20.5,21.5
2561.0,20.531801618808103,20.797369729496193,6.574946375263147,21.0,1,0.202630270503807,20.969565763179585,20.5,21.5
2562.0,20.549010247759394,20.814585674397883,6.573870043922675,21.0,1,0.18541432560211746,20.986745123414778,20.5,21.5
2563.0,20.56621521971863,20.831797961324405,6.572792514011699,21.0,1,0.16820203867559513,21.003920830589628,20.5,21.5
2564.0,20.583416535177488,20.849006590767313,6.571713786350804,21.0,1,0.15099340923268656,21.0210928851964,20.5,21.5
2565.0,20.600614194627724,20.866211563218233,6.570633861761491,21.0,1,0.13378843678176722,21.038261287727426,20.5,21.5
2566.0,20.61780819856115,20.88341287916884,6.569552741066166,21.0,1,0.1165871208311593,21.05542603867492,20.5,21.5
2567.0,20.63499854746965,20.900610539110893,6.568470425088153,21.0,1,0.09938946088910683,21.072587138531418,20.5,21.5
2568.0,20.652185241845174,20.9178045435362,6.56738691465168,21.0,1,0.08219545646380055,21.089744587789262,20.5,21.5
2569.0,20.669368282179736,20.93499489293665,6.566302210581888,21.0,1,0.0650051070633495,21.10689838694116,20.5,21.5
2570.0,20.686547668965417,20.952181587804187,6.565216313704828,21.0,1,0.047818412195812954,21.124048536479552,20.5,21.5
2571.0,20.703723402694365,20.96936462863083,6.564129224847456,21.0,1,0.030635371369168496,21.141195036897276,20.5,21.5
2572.0,20.720895483858797,20.98654401590866,6.5630409448376374,21.0,1,0.013455984091340412,21.15833788868694,20.5,21.5
2573.0,20.73806391295099,21.003719750129825,6.561951474504146,21.0,1,-0.0037197501298251723,21.17547709234148,20.5,21.5
2574.0,20.7552286904633,21.020891831786535,6.560860814676659,21.0,1,-0.02089183178653542,21.192612648353638,20.5,21.5
2575.0,20.772389816888143,21.038060261371083,6.559768966185763,21.0,1,-0.03806026137108276,21.209744557216556,20.5,21.5
2576.0,20.789547292718,21.055225039375813,6.5586759298629485,21.0,1,-0.05522503937581291,21.226872819423114,20.5,21.5
2577.0,20.80670111844543,21.07238616629314,6.557581706540608,21.0,1,-0.0723861662931391,21.2439974354664,20.5,21.5
2578.0,20.82385129456305,21.089543642615553,6.556486297052042,21.0,1,-0.0895436426155527,21.26111840583969,20.5,21.5
2579.0,20.840997821563548,21.106697468835602,6.555389702231452,21.0,1,-0.10669746883560194,21.278235731036094,20.5,21.5
2580.0,20.858140699939682,21.12384764544591,6.554291922913942,21.0,1,-0.12384764544590965,21.295349411548987,20.5,21.5
2581.0,20.875279930184277,21.140994172939163,6.55319295993552,21.0,1,-0.1409941729391626,21.312459447871692,20.5,21.5
2582.0,20.892415512790226,21.158137051808122,6.552092814133092,21.0,1,-0.1581370518081222,21.329565840497718,20.5,21.5
2583.0,20.909547448250496,21.17527628254561,6.5509914863444685,21.0,1,-0.17527628254561023,21.34666858992049,20.5,21.5
2584.0,20.926675737058115,21.192411865644523,6.549888977408359,21.0,1,-0.19241186564452306,21.36376769663365,20.5,21.5
2585.0,20.943800379706186,21.209543801597825,6.548785288164371,21.0,1,-0.2095438015978246,21.38086316113084,20.5,21.5
2586.0,20.960921376687878,21.226672090898546,6.5476804194530125,21.0,1,-0.22667209089854623,21.397954983905763,20.5,21.5
2587.0,20.978038728496433,21.243796734039783,6.546574372115688,21.0,1,-0.2437967340397833,21.415043165452154,20.5,21.5
2588.0,20.995152435625158,21.260917731514716,6.545467146994702,21.0,1,-0.2609177315147164,21.432127706264048,20.5,21.5
2589.0,21.01226249856743,21.278035083816583,6.544358744933254,21.0,1,-0.27803508381658304,21.44920860683525,20.5,21.5
2590.0,21.029368917816704,21.295148791438685,6.543249166775441,21.0,1,-0.29514879143868455,21.4662858676597,20.5,21.5
2591.0,21.046471693866497,21.31225885487441,6.542138413366253,21.0,1,-0.3122588548744112,21.483359489231677,20.5,21.5
2592.0,21.0635708272104,21.329365274617203,6.541026485551578,21.0,0,-0.3293652746172029,21.50042947204512,20.5,21.5
2593.0,21.060666318342065,21.342468051160584,6.539913384178199,21.0,0,-0.34246805116058354,21.47349581659439,20.5,21.5
2594.0,21.057762167755232,21.351567984998145,6.53879911009379,21.0,0,-0.35156798499814457,21.442567323373755,20.5,21.5
2595.0,21.0548583751437,21.35666587646354,6.537683664146919,21.0,0,-0.3566658764635413,21.40764479111751,20.5,21.5
2596.0,21.0519549402015,21.35776252573054,6.536567047187047,21.0,0,-0.35776252573053924,21.36872901840052,20.5,21.5
2597.0,21.0490518626229,21.35485873281304,6.535449260064525,21.0,0,-0.3548587328130388,21.325820803638035,20.5,21.5
2598.0,21.046149142102387,21.3519552975651,6.5343303036305995,21.0,0,-0.3519552975651017,21.32292094508573,20.5,21.5
2599.0,21.04324677833469,21.349052219680992,6.533210178737401,21.0,0,-0.349052219680992,21.320021440839895,20.5,21.5
2600.0,21.040344771014773,21.34614949885521,6.532088886237956,21.0,0,-0.3461494988552083,21.31712229059737,20.5,21.5
2601.0,21.037443119837818,21.343247134782473,6.5309664269861765,21.0,0,-0.34324713478247304,21.31422349405512,20.5,21.5
2602.0,21.034541824499247,21.34034512715774,6.529842801836864,21.0,0,-0.34034512715773957,21.311325050910405,20.5,21.5
2603.0,21.031640884694713,21.337443475676203,6.528718011645708,21.0,0,-0.3374434756762028,21.308426960860835,20.5,21.5
2604.0,21.028740300120102,21.33454218003329,6.527592057269285,21.0,0,-0.3345421800332886,21.305529223604147,20.5,21.5
2605.0,21.02584007047153,21.331641239924643,6.526464939565058,21.0,0,-0.3316412399246431,21.302631838838188,20.5,21.5
2606.0,21.02294019544535,21.32874065504615,6.525336659391377,21.0,0,-0.32874065504615047,21.299734806261224,20.5,21.5
2607.0,21.02004067473814,21.32584042509393,6.524207217607476,21.0,0,-0.3258404250939293,21.296838125571718,20.5,21.5
2608.0,21.017141508046716,21.322940549764333,6.5230766150734745,21.0,0,-0.32294054976433273,21.293941796468367,20.5,21.5
2609.0,21.014242695068123,21.320041028753934,6.521944852650374,21.0,0,-0.32004102875393414,21.29104581864995,20.5,21.5
2610.0,21.01134423549964,21.317141861759556,6.520811931200062,21.0,0,-0.3171418617595556,21.28815019181577,20.5,21.5
2611.0,21.008446129038777,21.31424304847824,6.519677851585308,21.0,0,-0.3142430484782395,21.285254915665078,20.5,21.5
2612.0,21.005548375383288,21.31134458860727,6.518542614669761,21.0,0,-0.31134458860726966,21.28235998989757,20.5,21.5
2613.0,21.002650974231145,21.308446481844154,6.517406221317957,21.0,0,-0.3084464818441539,21.279465414212996,20.5,21.5
2614.0,20.99975392528056,21.305548727886645,6.516268672395305,21.0,0,-0.3055487278866451,21.276571188311557,20.5,21.5
2615.0,20.996857228229985,21.302651326432716,6.515129968768099,21.0,0,-0.3026513264327164,21.27367731189343,20.5,21.5
2616.0,20.993960882778094,21.29975427718058,6.513990111303513,21.0,0,-0.299754277180579,21.270783784659205,20.5,21.5
2617.0,20.9910648886238,21.29685757982868,6.512849100869596,21.0,0,-0.29685757982867855,21.267890606309674,20.5,21.5
2618.0,20.98816924546625,21.293961234075702,6.51170693833528,21.0,0,-0.2939612340757023,21.26499777654594,20.5,21.5
2619.0,20.985273953004825,21.291065239620554,6.510563624570367,21.0,0,-0.2910652396205542,21.262105295069073,20.5,21.5
2620.0,20.982379010939137,21.288169596162383,6.509419160445544,21.0,0,-0.28816959616238336,21.259213161580675,20.5,21.5
2621.0,20.97948441896904,21.285274303400577,6.508273546832369,21.0,0,-0.2852743034005769,21.256321375782512,20.5,21.5
2622.0,20.976590176794613,21.282379361034735,6.507126784603276,21.0,0,-0.28237936103473515,21.253429937376318,20.5,21.5
2623.0,20.973696284116173,21.27948476876472,6.505978874631575,21.0,0,-0.2794847687647213,21.250538846064583,20.5,21.5
2624.0,20.970802740634277,21.27659052629061,6.50482981779145,21.0,0,-0.27659052629061165,21.247648101549515,20.5,21.5
2625.0,20.967909546049707,21.273696633312728,6.503679614957955,21.0,0,-0.27369663331272776,21.24475770353389,20.5,21.5
2626.0,20.96501670006349,21.270803089531615,6.502528267007023,21.0,0,-0.2708030895316149,21.241867651720487,20.5,21.5
2627.0,20.962124202376877,21.267909894648067,6.501375774815453,21.0,0,-0.26790989464806714,21.23897794581259,20.5,21.5
2628.0,20.959232052691366,21.26501704836311,6.500222139260918,21.0,0,-0.26501704836310935,21.23608858551353,20.5,21.5
2629.0,20.95634025070868,21.26212455037799,6.499067361221965,21.0,0,-0.2621245503779903,21.2331995705268,20.5,21.5
2630.0,20.953448796130782,21.259232400394204,6.497911441578005,21.0,0,-0.2592324003942039,21.23031090055634,20.5,21.5
2631.0,20.95055768865987,21.25634059811348,6.49675438120932,21.0,0,-0.25634059811347853,21.227422575306225,20.5,21.5
2632.0,20.94766692799838,21.25344914323778,6.4955961809970635,21.0,0,-0.25344914323778056,21.2245345944808,20.5,21.5
2633.0,20.94477651384898,21.2505580354693,6.494436841823256,21.0,0,-0.2505580354693002,21.221646957784497,20.5,21.5
2634.0,20.941886445914573,21.24766727451048,6.493276364570782,21.0,0,-0.24766727451047998,21.218759664922278,20.5,21.5
2635.0,20.938996723898303,21.244776860063986,6.492114750123399,21.0,0,-0.24477686006398613,21.215872715599048,20.5,21.5
2636.0,20.936107347503548,21.24188679183272,6.490951999365724,21.0,0,-0.24188679183271944,21.212986109520052,20.5,21.5
2637.0,20.93321831643392,21.23899706951983,6.489788113183245,21.0,0,-0.23899706951982935,21.21009984639093,20.5,21.5
2638.0,20.93032963039327,21.23610769282869,6.488623092462308,21.0,0,-0.23610769282868915,21.207213925917287,20.5,21.5
2639.0,20.927441289085685,21.23321866146291,6.48745693809013,21.0,0,-0.23321866146291015,21.20432834780512,20.5,21.5
2640.0,20.924553292215485,21.230329975126345,6.486289650954789,21.0,0,-0.23032997512634523,21.201443111760696,20.5,21.5
2641.0,20.921665639487234,21.227441633523085,6.4851212319452225,21.0,0,-0.22744163352308533,21.198558217490486,20.5,21.5
2642.0,20.918778330605726,21.22455363635745,6.483951681951233,21.0,0,-0.22455363635744874,21.195673664701083,20.5,21.5
2643.0,20.915891365275996,21.221665983333992,6.482781001863485,21.0,0,-0.2216659833339918,21.192789453099422,20.5,21.5
2644.0,20.913004743203313,21.218778674157516,6.481609192573501,21.0,0,-0.21877867415751595,21.189905582392758,20.5,21.5
2645.0,20.910118464093188,21.215891708533057,6.480436254973664,21.0,0,-0.21589170853305717,21.18702205228847,20.5,21.5
2646.0,20.907232527651363,21.21300508616588,6.47926218995722,21.0,0,-0.21300508616587877,21.184138862494095,20.5,21.5
2647.0,20.904346933583824,21.210118806761496,6.478086998418268,21.0,0,-0.2101188067614963,21.18125601271767,20.5,21.5
2648.0,20.90146168159679,21.207232870025656,6.476910681251768,21.0,0,-0.20723287002565627,21.178373502667256,20.5,21.5
2649.0,20.89857677139672,21.20434727566434,6.475733239353537,21.0,0,-0.20434727566433963,21.175491332051173,20.5,21.5
2650.0,20.89569220269031,21.201462023383762,6.474554673620248,21.0,0,-0.20146202338376185,21.172609500577984,20.5,21.5
2651.0,20.892807975184496,21.198577112890387,6.473374984949431,21.0,0,-0.19857711289038704,21.16972800795664,20.5,21.5
2652.0,20.88992408858645,21.195692543890914,6.472194174239469,21.0,0,-0.19569254389091384,21.166846853896182,20.5,21.5
2653.0,20.887040542603582,21.192808316092272,6.471012242389601,21.0,0,-0.19280831609227178,21.16396603810585,20.5,21.5
2654.0,20.884157336943538,21.189924429201636,6.4698291902999205,21.0,0,-0.18992442920163555,21.161085560295273,20.5,21.5
2655.0,20.88127447131421,21.187040882926418,6.468645018871371,21.0,0,-0.18704088292641785,21.15820542017424,20.5,21.5
2656.0,20.878391945423722,21.184157676974262,6.4674597290057525,21.0,0,-0.18415767697426233,21.155325617452707,20.5,21.5
2657.0,20.87550975898044,21.18127481105306,6.4662733216057156,21.0,0,-0.1812748110530613,21.15244615184105,20.5,21.5
2658.0,20.872627911692962,21.178392284870935,6.4650857975747575,21.0,0,-0.1783922848709345,21.149567023049666,20.5,21.5
2659.0,20.86974640327014,21.175510098136254,6.463897157817232,21.0,0,-0.17551009813625384,21.146688230789447,20.5,21.5
2660.0,20.86686523342105,21.172628250557622,6.462707403238341,21.0,0,-0.1726282505576222,21.143809774771306,20.5,21.5
2661.0,20.863984401855014,21.16974674184388,6.461516534744132,21.0,0,-0.1697467418438805,21.140931654706463,20.5,21.5
2662.0,20.861103908281592,21.16686557170411,6.460324553241505,21.0,0,-0.1668655717041112,21.13805387030642,20.5,21.5
2663.0,20.858223752410584,21.16398473984764,6.459131459638204,21.0,0,-0.1639847398476384,21.13517642128291,20.5,21.5
2664.0,20.855343933952028,21.161104245984014,6.4579372548428235,21.0,0,-0.16110424598401352,21.132299307347765,20.5,21.5
2665.0,20.852464452616207,21.158224089823044,6.4567419397648,21.0,0,-0.1582240898230438,21.129422528213347,20.5,21.5
2666.0,20.849585308113635,21.15534427107477,6.455545515314421,21.0,0,-0.155344271074771,21.126546083592043,20.5,21.5
2667.0,20.846706500155076,21.152464789449468,6.454347982402814,21.0,0,-0.15246478944946773,21.123669973196435,20.5,21.5
2668.0,20.843828028451526,21.149585644657655,6.453149341941952,21.0,0,-0.14958564465765534,21.12079419673953,20.5,21.5
2669.0,20.840949892714224,21.146706836410097,6.451949594844653,21.0,0,-0.14670683641009674,21.11791875393451,20.5,21.5
2670.0,20.838072092654652,21.143828364417782,6.450748742024576,21.0,0,-0.14382836441778224,21.115043644494637,20.5,21.5
2671.0,20.835194627984528,21.14095022839196,6.4495467843962215,21.0,0,-0.14095022839196147,21.112168868133754,20.5,21.5
2672.0,20.83231749841581,21.138072428044108,6.4483437228749345,21.0,0,-0.1380724280441079,21.109294424565572,20.5,21.5
2673.0,20.829440703660705,21.135194963085944,6.447139558376899,21.0,0,-0.1351949630859437,21.1064203135043,20.5,21.5
2674.0,20.826564243431648,21.13231783322943,6.445934291819137,21.0,0,-0.13231783322942903,21.103546534664282,20.5,21.5
2675.0,20.823688117441325,21.129441038186762,6.444727924119511,21.0,0,-0.12944103818676211,21.100673087760093,20.5,21.5
2676.0,20.82081232540266,21.126564577670386,6.443520456196724,21.0,0,-0.1265645776703863,21.09779997250663,20.5,21.5
2677.0,20.81793686702882,21.123688451392987,6.442311888970316,21.0,0,-0.12368845139298656,21.09492718861899,20.5,21.5
2678.0,20.81506174203321,21.12081265906749,6.4411022233606605,21.0,0,-0.12081265906748939,21.092054735812518,20.5,21.5
2679.0,20.812186950129473,21.117937200407052,6.439891460288974,21.0,0,-0.11793720040705225,21.08918261380268,20.5,21.5
2680.0,20.809312491031505,21.11506207512509,6.438679600677303,21.0,0,-0.11506207512508837,21.08631082230545,20.5,21.5
2681.0,20.806438364453435,21.112187282935242,6.437466645448531,21.0,0,-0.11218728293524194,21.083439361036778,20.5,21.5
2682.0,20.803564570109632,21.109312823551402,6.436252595526378,21.0,0,-0.10931282355140226,21.080568229713005,20.5,21.5
2683.0,20.800691107714716,21.106438696687704,6.435037451835394,21.0,0,-0.10643869668770378,21.07769742805072,20.5,21.5
2684.0,20.79781797698354,21.103564902058515,6.4338212153009655,21.0,0,-0.10356490205851543,21.074826955766632,20.5,21.5
2685.0,20.794945177631206,21.10069143937846,6.432603886849309,21.0,0,-0.10069143937845837,21.071956812577888,20.5,21.5
2686.0,20.79207270937305,21.09781830836238,6.4313854674074715,21.0,0,-0.09781830836238115,21.06908699820161,20.5,21.5
2687.0,20.789200571924656,21.094945508725385,6.430165957903335,21.0,0,-0.09494550872538454,21.06621751235542,20.5,21.5
2688.0,20.78632876500185,21.09207304018281,6.428945359265606,21.0,0,-0.09207304018281093,21.063348354757075,20.5,21.5
2689.0,20.783457288320704,21.089200902450244,6.427723672423827,21.0,0,-0.08920090245024426,21.060479525124578,20.5,21.5
2690.0,20.780586141597524,21.086329095243507,6.426500898308364,21.0,0,-0.08632909524350652,21.05761102317613,20.5,21.5
2691.0,20.777715324548865,21.08345761827867,6.425277037850411,21.0,0,-0.08345761827866838,21.054742848630287,20.5,21.5
2692.0,20.774844836891525,21.080586471272046,6.424052091981993,21.0,0,-0.08058647127204566,21.05187500120582,20.5,21.5
2693.0,20.77197467834254,21.07771565394018,6.422826061635959,21.0,0,-0.07771565394018154,21.04900748062154,20.5,21.5
2694.0,20.7691048486192,21.074845165999882,6.421598947745984,21.0,0,-0.07484516599988211,21.046140286596888,20.5,21.5
2695.0,20.766235347439025,21.071975007168184,6.420370751246571,21.0,0,-0.07197500716818439,21.043273418851207,20.5,21.5
2696.0,20.76336617451979,21.069105177162367,6.419141473073042,21.0,0,-0.06910517716236697,21.040406877104193,20.5,21.5
2697.0,20.7604973295795,21.066235675699964,6.417911114161547,21.0,0,-0.06623567569996425,21.037540661075937,20.5,21.5
2698.0,20.757628812336417,21.063366502498738,6.416679675449058,21.0,0,-0.06336650249873799,21.034674770486475,20.5,21.5
2699.0,20.75476062250904,21.060497657276706,6.415447157873368,21.0,0,-0.06049765727670575,21.031809205056383,20.5,21.5
2700.0,20.751892759816112,21.057629139752123,6.414213562373095,21.0,0,-0.05762913975212314,21.028943964506297,20.5,21.5
2701.0,20.749025223976624,21.05476094964349,6.412978889887674,21.0,0,-0.054760949643490875,21.02607904855717,20.5,21.5
2702.0,20.746158014709806,21.05189308666955,6.411743141357363,21.0,0,-0.05189308666955128,21.023214456930155,20.5,21.5
2703.0,20.743291131735134,21.049025550549295,6.410506317723236,21.0,0,-0.04902555054929536,21.020350189346736,20.5,21.5
2704.0,20.74042457477233,21.046158341001952,6.409268419927189,21.0,0,-0.04615834100195215,21.01748624552852,20.5,21.5
2705.0,20.737558343541362,21.043291457747003,6.408029448911936,21.0,0,-0.04329145774700294,21.01462262519751,20.5,21.5
2706.0,20.734692437762437,21.040424900504167,6.406789405621009,21.0,0,-0.04042490050416703,21.011759328075808,20.5,21.5
2707.0,20.73182685715601,21.037558668993405,6.40554829099875,21.0,0,-0.03755866899340532,21.00889635388579,20.5,21.5
2708.0,20.728961601442776,21.034692762934935,6.404306105990325,21.0,0,-0.03469276293493451,21.006033702350226,20.5,21.5
2709.0,20.726096670343686,21.031827182049206,6.403062851541712,21.0,0,-0.03182718204920576,21.00317137319192,20.5,21.5
2710.0,20.723232063579925,21.02896192605692,6.401818528599701,21.0,0,-0.02896192605691894,21.00030936613405,20.5,21.5
2711.0,20.72036778087293,21.026096994679015,6.400573138111902,21.0,0,-0.026096994679015495,20.99744768089998,20.5,21.5
2712.0,20.717503821944376,21.02323238763669,6.399326681026731,21.0,0,-0.02323238763668911,20.994586317213425,20.5,21.5
2713.0,20.714640186516192,21.020368104651375,6.39807915829342,21.0,0,-0.020368104651375063,20.991725274798235,20.5,21.5
2714.0,20.711776874310548,21.017504145444747,6.3968305708620115,21.0,0,-0.017504145444746655,20.988864553378463,20.5,21.5
2715.0,20.70891388504986,21.014640509738733,6.39558091968336,21.0,0,-0.014640509738732987,20.986004152678596,20.5,21.5
2716.0,20.706051218456786,21.011777197255505,6.394330205709129,21.0,0,-0.011777197255504745,20.983144072423222,20.5,21.5
2717.0,20.703188874254234,21.008914207717478,6.3930784298917915,21.0,0,-0.008914207717477751,20.980284312337208,20.5,21.5
2718.0,20.70032685216536,21.006051540847313,6.391825593184629,21.0,0,-0.006051540847312964,20.977424872145665,20.5,21.5
2719.0,20.697465151913566,21.003189196367913,6.390571696541731,21.0,0,-0.0031891963679129276,20.974565751573913,20.5,21.5
2720.0,20.69460377322249,21.00032717400244,6.3893167409179945,21.0,0,-0.0003271740024395342,20.971706950347706,20.5,21.5
2721.0,20.69174271581603,20.997465473474286,6.388060727269123,21.0,0,0.002534526525714398,20.968848468192746,20.5,21.5
2722.0,20.68888197941832,20.994604094507103,6.386803656551626,21.0,0,0.005395905492896702,20.96599030483528,20.5,21.5
2723.0,20.686021563753744,20.991743036824783,6.385545529722817,21.0,0,0.00825696317521718,20.963132460001578,20.5,21.5
2724.0,20.68316146854694,20.98888230015146,6.384286347740813,21.0,0,0.011117699848540497,20.960274933418226,20.5,21.5
2725.0,20.68030169352278,20.986021884211517,6.383026111564539,21.0,0,0.013978115788482626,20.957417724812096,20.5,21.5
2726.0,20.677442238406385,20.983161788729586,6.381764822153717,21.0,0,0.016838211270414405,20.954560833910268,20.5,21.5
2727.0,20.674583102923133,20.98030201343055,6.3805024804688735,21.0,0,0.019697986569450876,20.951704260440184,20.5,21.5
2728.0,20.671724286798643,20.97744255803953,6.3792390874713405,21.0,0,0.02255744196046905,20.94884800412935,20.5,21.5
2729.0,20.668865789758776,20.9745834222819,6.377974644123242,21.0,0,0.025416577718100797,20.94599206470558,20.5,21.5
2730.0,20.66600761152965,20.971724605883274,6.376709151387508,21.0,0,0.02827539411672575,20.943136441897025,20.5,21.5
2731.0,20.663149751837622,20.96886610856952,6.375442610227868,21.0,0,0.0311338914304784,20.940281135431995,20.5,21.5
2732.0,20.6602922104093,20.966007930066752,6.3741750216088455,21.0,0,0.033992069933248104,20.937426145039055,20.5,21.5
2733.0,20.657434986971538,20.963150070101328,6.372906386495767,21.0,0,0.036849929898671974,20.93457147044709,20.5,21.5
2734.0,20.654578081251444,20.96029252839986,6.371636705854753,21.0,0,0.03970747160013843,20.931717111385197,20.5,21.5
2735.0,20.651721492976364,20.957435304689206,6.370365980652719,21.0,0,0.04256469531079432,20.928863067582647,20.5,21.5
2736.0,20.648865221873898,20.954578398696462,6.3690942118573775,21.0,0,0.045421601303537784,20.926009338769028,20.5,21.5
2737.0,20.646009267671893,20.951721810148978,6.367821400437236,21.0,0,0.048278189851021835,20.923155924674138,20.5,21.5
2738.0,20.643153630098446,20.948865538774363,6.3665475473615984,21.0,0,0.051134461225636585,20.920302825028216,20.5,21.5
2739.0,20.6402983088819,20.94600958430045,6.365272653600557,21.0,0,0.05399041569954832,20.917450039561334,20.5,21.5
2740.0,20.637443303750842,20.943153946455347,6.363996720124997,21.0,0,0.05684605354465333,20.914597568004297,20.5,21.5
2741.0,20.63458861443412,20.94029862496739,6.362719747906601,21.0,0,0.05970137503260986,20.911745410087825,20.5,21.5
2742.0,20.631734240660812,20.937443619565176,6.361441737917836,21.0,0,0.06255638043482392,20.908893565543035,20.5,21.5
2743.0,20.628880182160263,20.93458892997754,6.360162691131963,21.0,0,0.06541107002245994,20.90604203410118,20.5,21.5
2744.0,20.626026438662056,20.93173455593357,6.358882608523032,21.0,0,0.06826544406643009,20.90319081549387,20.5,21.5
2745.0,20.62317300989603,20.92888049716261,6.357601491065884,21.0,0,0.07111950283739077,20.900339909453002,20.5,21.5
2746.0,20.620319895592264,20.92602675339424,6.356319339736142,21.0,0,0.07397324660576032,20.897489315710544,20.5,21.5
2747.0,20.617467095481093,20.923173324358295,6.35503615551022,21.0,0,0.07682667564170487,20.89463903399885,20.5,21.5
2748.0,20.6146146092931,20.920320209784865,6.3537519393653215,21.0,0,0.07967979021513472,20.891789064050567,20.5,21.5
2749.0,20.611762436759115,20.917467409404274,6.352466692279431,21.0,0,0.08253259059572571,20.888939405598364,20.5,21.5
2750.0,20.608910577610217,20.914614922947113,6.351180415231321,21.0,0,0.08538507705288723,20.886090058375498,20.5,21.5
2751.0,20.606059031577743,20.91176275014421,6.349893109200546,21.0,0,0.08823724985579062,20.883241022115175,20.5,21.5
2752.0,20.603207798393267,20.908910890726645,6.3486047751674475,21.0,0,0.091089109273355,20.880392296551,20.5,21.5
2753.0,20.600356877788624,20.90605934442575,6.347315414113146,21.0,0,0.0939406555742508,20.87754388141679,20.5,21.5
2754.0,20.597506269495888,20.903208110973104,6.346025027019547,21.0,0,0.09679188902689617,20.87469577644665,20.5,21.5
2755.0,20.59465597324739,20.900357190100543,6.344733614869336,21.0,0,0.09964280989945706,20.871847981374934,20.5,21.5
2756.0,20.591805988775715,20.897506581540135,6.343441178645981,21.0,0,0.10249341845986493,20.869000495936056,20.5,21.5
2757.0,20.58895631581369,20.89465628502422,6.342147719333726,21.0,0,0.10534371497578121,20.866153319865056,20.5,21.5
2758.0,20.586106954094394,20.891806300285374,6.340853237917599,21.0,0,0.10819369971462578,20.86330645289693,20.5,21.5
2759.0,20.583257903351157,20.888956627056427,6.339557735383401,21.0,0,0.11104337294357336,20.86045989476695,20.5,21.5
2760.0,20.580409163317565,20.88610726507046,6.3382612127177165,21.0,0,0.11389273492953933,20.8576136452108,20.5,21.5
2761.0,20.577560733727445,20.88325821406081,6.3369636709079025,21.0,0,0.11674178593919038,20.8547677039643,20.5,21.5
2762.0,20.57471261431488,20.880409473761045,6.335665110942093,21.0,0,0.11959052623895516,20.851922070763397,20.5,21.5
2763.0,20.571864804814204,20.877561043905008,6.3343655338091995,21.0,0,0.12243895609499234,20.849076745344636,20.5,21.5
2764.0,20.569017304960003,20.874712924226777,6.333064940498905,21.0,0,0.1252870757732225,20.846231727444476,20.5,21.5
2765.0,20.56617011448711,20.871865114460686,6.331763332001668,21.0,0,0.12813488553931407,20.84338701679977,20.5,21.5
2766.0,20.563323233130614,20.86901761434132,6.3304607093087215,21.0,0,0.1309823856586796,20.840542613147665,20.5,21.5
2767.0,20.56047666062585,20.866170423603513,6.329157073412068,21.0,0,0.13382957639648652,20.837698516225444,20.5,21.5
2768.0,20.557630396708404,20.86332354198235,6.327852425304483,21.0,0,0.13667645801765005,20.834854725770715,20.5,21.5
2769.0,20.554784441114123,20.860476969213174,6.326546765979514,21.0,0,0.13952303078682604,20.832011241521414,20.5,21.5
2770.0,20.551938793579097,20.857630705031575,6.325240096431475,21.0,0,0.1423692949684252,20.829168063215583,20.5,21.5
2771.0,20.549093453839667,20.854784749173383,6.323932417655453,21.0,0,0.14521525082661668,20.82632519059147,20.5,21.5
2772.0,20.54624842163243,20.851939101374704,6.3226237306473045,21.0,0,0.14806089862529603,20.82348262338791,20.5,21.5
2773.0,20.543403696694234,20.84909376137187,6.321314036403647,21.0,0,0.15090623862813146,20.820640361343514,20.5,21.5
2774.0,20.540559278762178,20.846248728901482,6.320003335921873,21.0,0,0.1537512710985176,20.81779840419762,20.5,21.5
2775.0,20.53771516757361,20.843404003700385,6.318691630200138,21.0,0,0.15659599629961463,20.814956751689415,20.5,21.5
2776.0,20.534871362866134,20.84055958550568,6.317378920237361,21.0,0,0.15944041449431978,20.81211540355863,20.5,21.5
2777.0,20.532027864377607,20.837715474054715,6.316065207033229,21.0,0,0.1622845259452852,20.80927435954506,20.5,21.5
2778.0,20.52918467184614,20.834871669085096,6.3147504915881925,21.0,0,0.16512833091490364,20.806433619388912,20.5,21.5
2779.0,20.526341785010086,20.832028170334677,6.313434774903462,21.0,0,0.16797182966532276,20.803593182830486,20.5,21.5
2780.0,20.523499203608065,20.82918497754157,6.3121180579810146,21.0,0,0.17081502245843083,20.80075304961049,20.5,21.5
2781.0,20.52065692737894,20.82634209044413,6.310800341823588,21.0,0,0.17365790955587102,20.797913219469727,20.5,21.5
2782.0,20.51781495606183,20.823499508780976,6.30948162743468,21.0,0,0.17650049121902356,20.79507369214945,20.5,21.5
2783.0,20.514973289396103,20.82065723229097,6.308161915818548,21.0,0,0.17934276770903068,20.792234467390898,20.5,21.5
2784.0,20.512131927121388,20.81781526071323,6.306841207980211,21.0,0,0.1821847392867717,20.789395544935818,20.5,21.5
2785.0,20.50929086897756,20.814973593787126,6.305519504925446,21.0,0,0.1850264062128737,20.786556924526106,20.5,21.5
2786.0,20.506450114704748,20.812132231252285,6.304196807660784,21.0,0,0.18786776874771505,20.78371860590387,20.5,21.5
2787.0,20.50360966404334,20.80929117284859,6.302873117193521,21.0,0,0.19070882715141124,20.780880588811627,20.5,21.5
2788.0,20.500769516733968,20.80645041831616,6.301548434531702,21.0,0,0.19354958168383973,20.778042872991875,20.5,21.5
2789.0,20.49792967251753,20.80360996739539,6.300222760684132,21.0,0,0.19639003260461152,20.77520545818767,20.5,21.5
2790.0,20.49509013113516,20.800769819826908,6.298896096660368,21.0,0,0.19923018017309246,20.772368344142098,20.5,21.5
2791.0,20.492250892328265,20.797929975351614,6.297568443470722,21.0,0,0.20207002464838553,20.769531530598684,20.5,21.5
2792.0,20.489411955838495,20.795090433710648,6.296239802126262,21.0,0,0.20490956628935209,20.766695017300982,20.5,21.5
2793.0,20.486573321407754,20.792251194645406,6.294910173638804,21.0,0,0.20774880535459417,20.763858803992985,20.5,21.5
2794.0,20.4837349887782,20.789412257897542,6.29357955902092,21.0,0,0.210587742102458,20.761022890418904,20.5,21.5
2795.0,20.48089695769225,20.78657362320896,6.292247959285929,21.0,0,0.21342637679104115,20.758187276323127,20.5,21.5
2796.0,20.47805922789257,20.78373529032182,6.290915375447901,21.0,0,0.21626470967817824,20.75535196145045,20.5,21.5
2797.0,20.475221799122078,20.780897258978534,6.28958180852166,21.0,0,0.21910274102146587,20.752516945545658,20.5,21.5
2798.0,20.472384671123958,20.778059528921776,6.288247259522773,21.0,0,0.22194047107822357,20.7496822283542,20.5,21.5
2799.0,20.46954784364164,20.77522209989446,6.286911729467557,21.0,0,0.22477790010553989,20.746847809621297,20.5,21.5
2800.0,20.466711316418802,20.772384971639774,6.285575219373079,21.0,0,0.2276150283602263,20.74401368909291,20.5,21.5
2801.0,20.463875089199394,20.76954814390114,6.284237730257146,21.0,0,0.23045185609885976,20.741179866514805,20.5,21.5
2802.0,20.461039161727605,20.766711616422246,6.282899263138316,21.0,0,0.2332883835777544,20.7383463416333,20.5,21.5
2803.0,20.458203533747888,20.76387538894703,6.2815598190358894,21.0,0,0.23612461105296845,20.73551311419489,20.5,21.5
2804.0,20.455368205004945,20.76103946121969,6.280219398969911,21.0,0,0.23896053878031154,20.732680183946258,20.5,21.5
2805.0,20.452533175243737,20.758203832984677,6.27887800396117,21.0,0,0.24179616701532325,20.72984755063456,20.5,21.5
2806.0,20.44969844420948,20.755368503986695,6.277535635031196,21.0,0,0.24463149601330514,20.727015214006876,20.5,21.5
2807.0,20.446864011647644,20.7525334739707,6.276192293202261,21.0,0,0.24746652602929942,20.724183173810758,20.5,21.5
2808.0,20.444029877303954,20.749698742681915,6.2748479794973795,21.0,0,0.2503012573180854,20.721351429794055,20.5,21.5
2809.0,20.441196040924392,20.746864309865806,6.273502694940304,21.0,0,0.2531356901341937,20.718519981704723,20.5,21.5
2810.0,20.438362502255195,20.744030175268097,6.272156440555528,21.0,0,0.25596982473190266,20.715688829291008,20.5,21.5
2811.0,20.435529261042856,20.741196338634772,6.270809217368282,21.0,0,0.2588036613652278,20.71285797230152,20.5,21.5
2812.0,20.43269631703412,20.738362799712068,6.269461026404536,21.0,0,0.26163720028793236,20.710027410485022,20.5,21.5
2813.0,20.429863669975994,20.735529558246476,6.268111868690994,21.0,0,0.26447044175352374,20.707197143590562,20.5,21.5
2814.0,20.427031319615736,20.732696613984743,6.266761745255101,21.0,0,0.26730338601525716,20.70436717136741,20.5,21.5
2815.0,20.424199265700864,20.729863966673875,6.265410657125033,21.0,0,0.2701360333261249,20.701537493565198,20.5,21.5
2816.0,20.42136750797915,20.727031616061133,6.264058605329702,21.0,0,0.272968383938867,20.698708109933712,20.5,21.5
2817.0,20.418536046198618,20.724199561894032,6.262705590898756,21.0,0,0.27580043810596777,20.695879020223025,20.5,21.5
2818.0,20.41570488010756,20.721367803920344,6.261351614862573,21.0,0,0.2786321960796556,20.693050224183466,20.5,21.5
2819.0,20.41287400945451,20.7185363418881,6.259996678252264,21.0,0,0.28146365811189966,20.69022172156566,20.5,21.5
2820.0,20.410043433988267,20.715705175545583,6.258640782099675,21.0,0,0.2842948244544168,20.687393512120412,20.5,21.5
2821.0,20.40721315345789,20.71287430464133,6.257283927437378,21.0,0,0.2871256953586716,20.68456559559878,20.5,21.5
2822.0,20.404383167612686,20.71004372892414,6.255926115298676,21.0,0,0.28995627107585875,20.68173797175227,20.5,21.5
2823.0,20.401553476202224,20.707213448143072,6.254567346717604,21.0,0,0.2927865518569277,20.678910640332383,20.5,21.5
2824.0,20.398724078976326,20.70438346204744,6.2532076227289215,21.0,0,0.2956165379525615,20.6760836010911,20.5,21.5
2825.0,20.395894975685078,20.701553770386802,6.251846944368118,21.0,0,0.298446229613198,20.673256853780437,20.5,21.5
2826.0,20.393066166078814,20.698724372910984,6.25048531267141,21.0,0,0.3012756270890158,20.670430398152806,20.5,21.5
2827.0,20.390237649908133,20.695895269370073,6.249122728675739,21.0,0,0.30410473062992693,20.66760423396096,20.5,21.5
2828.0,20.387409426923888,20.693066459514405,6.247759193418773,21.0,0,0.30693354048559485,20.664778360957726,20.5,21.5
2829.0,20.384581496877185,20.69023794309458,6.246394707938901,21.0,0,0.30976205690542,20.661952778896328,20.5,21.5
2830.0,20.3817538595194,20.687409719861442,6.2450292732752395,21.0,0,0.31259028013855783,20.659127487530064,20.5,21.5
2831.0,20.37892651460215,20.684581789566113,6.2436628904676255,21.0,0,0.3154182104338865,20.656302486612827,20.5,21.5
2832.0,20.376099461877324,20.68175415195995,6.24229556055662,21.0,0,0.31824584804004985,20.653477775898317,20.5,21.5
2833.0,20.37327270109706,20.678926806794586,6.240927284583505,21.0,0,0.3210731932054145,20.65065335514094,20.5,21.5
2834.0,20.37044623201376,20.676099753821898,6.23955806359028,21.0,0,0.323900246178102,20.647829224095023,20.5,21.5
2835.0,20.367620054380073,20.673272992794033,6.238187898619668,21.0,0,0.32672700720596737,20.64500538251538,20.5,21.5
2836.0,20.364794167948922,20.67044652346339,6.236816790715109,21.0,0,0.32955347653660994,20.642181830156964,20.5,21.5
2837.0,20.361968572473476,20.667620345582616,6.23544474092076,21.0,0,0.3323796544173838,20.639358566774877,20.5,21.5
2838.0,20.359143267707164,20.664794458904638,6.2340717502814975,21.0,0,0.3352055410953625,20.63653559212485,20.5,21.5
2839.0,20.35631825340368,20.661968863182622,6.2326978198429135,21.0,0,0.33803113681737784,20.63371290596247,20.5,21.5
2840.0,20.353493529316967,20.65914355817,6.231322950651316,21.0,0,0.34085644182999886,20.63089050804379,20.5,21.5
2841.0,20.350669095201233,20.656318543620465,6.229947143753729,21.0,0,0.3436814563795352,20.6280683981251,20.5,21.5
2842.0,20.347844950810945,20.653493819287956,6.228570400197886,21.0,0,0.3465061807120442,20.625246575962866,20.5,21.5
2843.0,20.345021095900822,20.65066938492669,6.227192721032241,21.0,0,0.34933061507330976,20.622425041314035,20.5,21.5
2844.0,20.34219753022585,20.647845240291126,6.225814107305954,21.0,0,0.3521547597088741,20.619603793935482,20.5,21.5
2845.0,20.339374253541266,20.645021385135983,6.224434560068899,21.0,0,0.3549786148640166,20.61678283358456,20.5,21.5
2846.0,20.336551265602573,20.64219781921625,6.2230540803716625,21.0,0,0.35780218078375015,20.613962160018914,20.5,21.5
2847.0,20.333728566165526,20.639374542287165,6.22167266926554,21.0,0,0.3606254577128354,20.611141772996312,20.5,21.5
2848.0,20.330906154986145,20.636551554104233,6.220290327802536,21.0,0,0.3634484458957665,20.608321672274922,20.5,21.5
2849.0,20.32808403182071,20.633728854423204,6.218907057035362,21.0,0,0.3662711455767962,20.605501857612907,20.5,21.5
2850.0,20.32526219642575,20.6309064430001,6.217522858017442,21.0,0,0.3690935569998999,20.602682328769063,20.5,21.5
2851.0,20.322440648558068,20.6280843195912,6.216137731802901,21.0,0,0.37191568040880085,20.59986308550219,20.5,21.5
2852.0,20.31961938797472,20.625262483953037,6.214751679446573,21.0,0,0.37473751604696304,20.597044127571415,20.5,21.5
2853.0,20.316798414433013,20.622440935842413,6.213364702003999,21.0,0,0.37755906415758744,20.59422545473617,20.5,21.5
2854.0,20.313977727690528,20.619619675016374,6.211976800531422,21.0,0,0.3803803249836264,20.591407066755984,20.5,21.5
2855.0,20.311157327505097,20.616798701232245,6.210587976085789,21.0,0,0.3832012987677551,20.588588963390958,20.5,21.5
2856.0,20.30833721363481,20.613978014247593,6.20919822972475,21.0,0,0.3860219857524072,20.585771144401072,20.5,21.5
2857.0,20.30551738583803,20.611157613820254,6.207807562506657,21.0,0,0.3888423861797463,20.582953609546863,20.5,21.5
2858.0,20.302697843873364,20.608337499708323,6.2064159754905655,21.0,0,0.3916625002916767,20.58013635858902,20.5,21.5
2859.0,20.299878587499688,20.605517671670157,6.2050234697362265,21.0,0,0.3944823283298433,20.57731939128849,20.5,21.5
2860.0,20.297059616476133,20.602698129464365,6.203630046304096,21.0,0,0.39730187053563526,20.574502707406445,20.5,21.5
2861.0,20.2942409305621,20.59987887284982,6.202235706255328,21.0,0,0.4001211271501788,20.571686306704386,20.5,21.5
2862.0,20.291422529517238,20.597059901585663,6.200840450651768,21.0,0,0.4029400984143372,20.56887018894408,20.5,21.5
2863.0,20.288604413101464,20.594241215431282,6.199444280555968,21.0,0,0.40575878456871806,20.566054353887473,20.5,21.5
2864.0,20.285786581074955,20.591422814146334,6.198047197031172,21.0,0,0.408577185853666,20.563238801296855,20.5,21.5
2865.0,20.282969033198146,20.588604697490737,6.196649201141318,21.0,0,0.4113953025092627,20.56042353093477,20.5,21.5
2866.0,20.280151769231736,20.585786865224662,6.195250293951043,21.0,0,0.4142131347753377,20.557608542563912,20.5,21.5
2867.0,20.27733478893668,20.582969317108553,6.193850476525673,21.0,0,0.41703068289144696,20.55479383594746,20.5,21.5
2868.0,20.2745180920742,20.5801520529031,6.192449749931232,21.0,0,0.4198479470969012,20.551979410848556,20.5,21.5
2869.0,20.27170167840577,20.577335072369262,6.191048115234433,21.0,0,0.4226649276307377,20.549165267030897,20.5,21.5
2870.0,20.268885547693134,20.574518375268262,6.189645573502682,21.0,0,0.4254816247317379,20.54635140425826,20.5,21.5
2871.0,20.266069699698296,20.571701961361576,6.188242125804077,21.0,0,0.42829803863842386,20.543537822294716,20.5,21.5
2872.0,20.263254134183516,20.56888583041094,6.186837773207403,21.0,0,0.43111416958905835,20.540724520904597,20.5,21.5
2873.0,20.26043885091132,20.566069982178366,6.185432516782136,21.0,0,0.4339300178216341,20.53791149985261,20.5,21.5
2874.0,20.257623849644496,20.563254416426112,6.184026357598439,21.0,0,0.43674558357388804,20.535098758903573,20.5,21.5
2875.0,20.254809130146086,20.560439132916702,6.1826192967271645,21.0,0,0.4395608670832978,20.532286297822605,20.5,21.5
2876.0,20.2519946921794,20.557624131412922,6.18121133523985,21.0,0,0.442375868587078,20.52947411637512,20.5,21.5
2877.0,20.249180535508014,20.55480941167782,6.179802474208722,21.0,0,0.4451905883221805,20.526662214326794,20.5,21.5
2878.0,20.246366659895752,20.551994973474706,6.178392714706685,21.0,0,0.44800502652529417,20.52385059144357,20.5,21.5
2879.0,20.243553065106713,20.54918081656715,6.176982057807334,21.0,0,0.45081918343284855,20.521039247491608,20.5,21.5
2880.0,20.240739750905252,20.546366940718986,6.175570504584947,21.0,0,0.45363305928101383,20.518228182237333,20.5,21.5
2881.0,20.237926717055988,20.543553345694303,6.174158056114481,21.0,0,0.4564466543056973,20.515417395447468,20.5,21.5
2882.0,20.235113963323798,20.54074003125746,6.1727447134715785,21.0,0,0.4592599687425398,20.512606886889035,20.5,21.5
2883.0,20.232301489473826,20.537926997173074,6.171330477732562,21.0,0,0.4620730028269264,20.509796656329208,20.5,21.5
2884.0,20.229489295271478,20.535114243206028,6.169915349974431,21.0,0,0.46488575679397215,20.50698670353557,20.5,21.5
2885.0,20.226677380482418,20.53230176912146,6.168499331274869,21.0,0,0.4676982308785398,20.504177028275784,20.5,21.5
2886.0,20.223865744872576,20.529489574684778,6.167082422712235,21.0,0,0.47051042531522214,20.501367630317954,20.5,21.5
2887.0,20.221054388208145,20.526677659661647,6.165664625365567,21.0,1,0.47332234033835263,20.498558509430342,20.5,21.5
2888.0,20.238243310255577,20.527866023818,6.164245940314579,21.0,1,0.4721339761820005,20.53974966538152,20.5,21.5
2889.0,20.255428510781588,20.53305386692002,6.162826368639662,21.0,1,0.4669461330799791,20.584932297940234,20.5,21.5
2890.0,20.27260999035316,20.542240388894168,6.1614059114218795,21.0,1,0.45775961110583197,20.63410560863564,20.5,21.5
2891.0,20.289787749537375,20.55542478982713,6.159984569742974,21.0,1,0.4445752101728715,20.687268799156733,20.5,21.5
2892.0,20.306961788901415,20.57260626996578,6.1585623446853575,21.0,1,0.4273937300342183,20.744421071352313,20.5,21.5
2893.0,20.32413210901257,20.58978402971718,6.157139237332117,21.0,1,0.4102159702828203,20.76156162723116,20.5,21.5
2894.0,20.341298710438235,20.60695806964851,6.155715248767011,21.0,1,0.39304193035149027,20.77869846896181,20.5,21.5
2895.0,20.3584615937459,20.62412839032706,6.1542903800744675,21.0,1,0.37587160967294153,20.795831597112546,20.5,21.5
2896.0,20.375620759503168,20.64129499232022,6.152864632339586,21.0,1,0.35870500767978086,20.812961012251826,20.5,21.5
2897.0,20.392776208277734,20.65845787619548,6.151438006648138,21.0,1,0.3415421238045191,20.8300867149481,20.5,21.5
2898.0,20.40992794063741,20.67561704252045,6.1500105040865565,21.0,1,0.3243829574795498,20.847208705770143,20.5,21.5
2899.0,20.427075957150098,20.692772491862826,6.148582125741951,21.0,1,0.30722750813717425,20.86432698528658,20.5,21.5
2900.0,20.444220258383815,20.70992422479041,6.147152872702093,21.0,1,0.2900757752095906,20.881441554066246,20.5,21.5
2901.0,20.46136084490668,20.72707224187111,6.1457227460554185,21.0,1,0.2729277581288905,20.89855241267811,20.5,21.5
2902.0,20.47849771728691,20.744216543672945,6.1442917468910325,21.0,1,0.25578345632705535,20.915659561691296,20.5,21.5
2903.0,20.495630876092832,20.76135713076403,6.1428598762987034,21.0,1,0.23864286923597078,20.932763001674875,20.5,21.5
2904.0,20.512760321892873,20.77849400371258,6.141427135368863,21.0,1,0.2215059962874193,20.949862733198096,20.5,21.5
2905.0,20.52988605525557,20.79562716308693,6.139993525192606,21.0,1,0.20437283691306973,20.966958756830426,20.5,21.5
2906.0,20.547008076749556,20.81275660945551,6.138559046861689,21.0,1,0.18724339054449146,20.98405107314129,20.5,21.5
2907.0,20.564126386943578,20.829882343386842,6.1371237014685285,21.0,1,0.17011765661315792,21.001139682700178,20.5,21.5
2908.0,20.58124098640648,20.84700436544957,6.135687490106202,21.0,1,0.15299563455042886,21.01822458607686,20.5,21.5
2909.0,20.59835187570722,20.86412267621244,6.1342504138684495,21.0,1,0.135877323787561,21.035305783841117,20.5,21.5
2910.0,20.615459055414853,20.8812372762443,6.1328124738496665,21.0,1,0.11876272375570096,21.0523832765629,20.5,21.5
2911.0,20.63256252609854,20.898348166114094,6.131373671144904,21.0,1,0.10165183388590648,21.06945706481204,20.5,21.5
2912.0,20.649662288327548,20.915455346390885,6.129934006849876,21.0,1,0.08454465360911456,21.086527149158805,20.5,21.5
2913.0,20.66675834267125,20.93255881764384,6.128493482060948,21.0,1,0.06744118235615915,21.103593530173395,20.5,21.5
2914.0,20.683850689699128,20.94965858044222,6.1270520978751435,21.0,1,0.050341419557778266,21.12065620842603,20.5,21.5
2915.0,20.700939329980763,20.966754635355404,6.125609855390136,21.0,1,0.033245364644596265,21.137715184487224,20.5,21.5
2916.0,20.718024264085845,20.983846982952866,6.124166755704262,21.0,1,0.016153017047134455,21.154770458927484,20.5,21.5
2917.0,20.735105492584168,21.00093562380419,6.122722799916499,21.0,1,-0.0009356238041888787,21.171822032317422,20.5,21.5
2918.0,20.752183016045635,21.018020558479066,6.121277989126483,21.0,1,-0.018020558479065585,21.188869905227833,20.5,21.5
2919.0,20.769256835040252,21.03510178754729,6.119832324434503,21.0,1,-0.03510178754729054,21.20591407822954,20.5,21.5
2920.0,20.786326950138132,21.05217931157876,6.118385806941494,21.0,1,-0.052179311578761656,21.222954551893473,20.5,21.5
2921.0,20.803393361909492,21.069253131143494,6.116938437749042,21.0,1,-0.06925313114349407,21.23999132679082,20.5,21.5
2922.0,20.82045607092466,21.086323246811595,6.115490217959381,21.0,1,-0.08632324681159531,21.257024403492608,20.5,21.5
2923.0,20.837515077754066,21.103389659153283,6.114041148675394,21.0,1,-0.10338965915328302,21.27405378257016,20.5,21.5
2924.0,20.85457038296825,21.12045236873888,6.112591231000609,21.0,1,-0.12045236873888143,21.291079464594866,20.5,21.5
2925.0,20.871621987137857,21.137511376138825,6.111140466039204,21.0,1,-0.13751137613882491,21.30810145013826,20.5,21.5
2926.0,20.888669890833636,21.154566681923654,6.109688854895999,21.0,1,-0.15456668192365441,21.32511973977195,20.5,21.5
2927.0,20.90571409462645,21.17161828666401,6.108236398676458,21.0,1,-0.17161828666401036,21.34213433406757,20.5,21.5
2928.0,20.92275459908726,21.18866619093065,6.106783098486688,21.0,1,-0.1886661909306504,21.35914523359705,20.5,21.5
2929.0,20.93979140478714,21.205710395294425,6.105328955433444,21.0,1,-0.2057103952944246,21.376152438932166,20.5,21.5
2930.0,20.95682451229727,21.22275090032631,6.103873970624116,21.0,1,-0.22275090032631084,21.393155950645173,20.5,21.5
2931.0,20.973853922188937,21.23978770659737,6.10241814516674,21.0,1,-0.2397877065973688,21.41015576930795,20.5,21.5
2932.0,20.990879635033533,21.256820814678786,6.100961480169992,21.0,1,-0.25682081467878604,21.42715189549296,20.5,21.5
2933.0,21.00790165140256,21.27385022514185,6.099503976743182,21.0,1,-0.27385022514184953,21.444144329772485,20.5,21.5
2934.0,21.02491997186763,21.290875938557946,6.098045635996264,21.0,1,-0.2908759385579458,21.46113307271891,20.5,21.5
2935.0,21.041934597000456,21.307897955498582,6.096586459039828,21.0,1,-0.3078979554985821,21.478118124904945,20.5,21.5
2936.0,21.058945527372863,21.32491627653537,6.0951264469851,21.0,1,-0.3249162765353688,21.495099486903236,20.5,21.5
2937.0,21.075952763556785,21.34193090224002,6.093665600943944,21.0,0,-0.3419309022400192,21.512077159286523,20.5,21.5
2938.0,21.07295630612426,21.354941833184363,6.092203922028858,21.0,0,-0.35494183318436257,21.485051142627796,20.5,21.5
2939.0,21.069960155647443,21.36394986994032,6.0907414113529725,21.0,0,-0.3639498699403205,21.4540302374999,20.5,21.5
2940.0,21.066964311898584,21.36895581291995,6.089278070030055,21.0,0,-0.3689558129199497,21.41901524271624,20.5,21.5
2941.0,21.06396877465021,21.369960462375417,6.0878138991745,21.0,0,-0.3699604623754169,21.38000695693009,20.5,21.5
2942.0,21.060973543675114,21.36696461839908,6.086348899901341,21.0,0,-0.3669646183990807,21.33700617863572,20.5,21.5
2943.0,21.05797861874636,21.363969080923503,6.084883073326238,21.0,0,-0.36396908092350344,21.33401370616773,20.5,21.5
2944.0,21.054983999637276,21.360973849721468,6.08341642056548,21.0,0,-0.36097384972146784,21.331021537701112,20.5,21.5
2945.0,21.051989686121463,21.357978924566044,6.081948942735988,21.0,0,-0.3579789245660443,21.32802967301181,20.5,21.5
2946.0,21.048995677972787,21.354984305230563,6.08048064095531,21.0,0,-0.35498430523056257,21.325038111875745,20.5,21.5
2947.0,21.04600197496538,21.351989991488615,6.079011516341621,21.0,0,-0.3519899914886153,21.322046854069143,20.5,21.5
2948.0,21.043008576873657,21.348995983114076,6.077541570013726,21.0,0,-0.34899598311407587,21.31905589936868,20.5,21.5
2949.0,21.040015483472285,21.346002279881077,6.076070803091051,21.0,0,-0.3460022798810769,21.316065247551087,20.5,21.5
2950.0,21.03702269453621,21.343008881564025,6.074599216693648,21.0,0,-0.34300888156402465,21.313074898393502,20.5,21.5
2951.0,21.03403020984064,21.340015787937595,6.0731268119421955,21.0,0,-0.34001578793759535,21.310084851673302,20.5,21.5
2952.0,21.03103802916106,21.337022998776728,6.071653589957993,21.0,0,-0.33702299877672814,21.307095107168056,20.5,21.5
2953.0,21.02804615227322,21.334030513856643,6.070179551862965,21.0,0,-0.33403051385664284,21.30410566465579,20.5,21.5
2954.0,21.02505457895314,21.331038332952815,6.068704698779653,21.0,0,-0.33103833295281504,21.301116523914537,20.5,21.5
2955.0,21.022063308977103,21.328046455840997,6.067229031831223,21.0,0,-0.32804645584099745,21.29812768472282,20.5,21.5
2956.0,21.019072342121675,21.325054882297202,6.06575255214146,21.0,0,-0.32505488229720214,21.29513914685925,20.5,21.5
2957.0,21.01608167816368,21.322063612097725,6.0642752608347665,21.0,0,-0.3220636120977254,21.292150910102958,20.5,21.5
2958.0,21.013091316880214,21.319072645019126,6.062797159036165,21.0,0,-0.31907264501912636,21.289162974233136,20.5,21.5
2959.0,21.010101258048646,21.316081980838227,6.061318247871295,21.0,0,-0.31608198083822714,21.286175339029235,20.5,21.5
2960.0,21.007111501446612,21.313091619332127,6.059838528466411,21.0,0,-0.3130916193321269,21.283188004271125,20.5,21.5
2961.0,21.004122046852018,21.310101560278195,6.058358001948381,21.0,0,-0.3101015602781949,21.280200969738875,20.5,21.5
2962.0,21.00113289404304,21.307111803454067,6.056876669444694,21.0,0,-0.30711180345406675,21.277214235212785,20.5,21.5
2963.0,20.99814404279812,21.304122348637645,6.055394532083449,21.0,0,-0.30412234863764454,21.274227800473422,20.5,21.5
2964.0,20.99515549289598,21.301133195607115,6.053911590993355,21.0,0,-0.3011331956071146,21.271241665301815,20.5,21.5
2965.0,20.9921672441156,21.298144344140912,6.05242784730374,21.0,0,-0.29814434414091195,21.268255829478885,20.5,21.5
2966.0,20.989179296236237,21.295155794017756,6.050943302144536,21.0,0,-0.2951557940177558,21.265270292786195,20.5,21.5
2967.0,20.98619164903742,21.292167545016632,6.04945795664629,21.0,0,-0.2921675450166319,21.262285055005393,20.5,21.5
2968.0,20.98320430229894,21.289179596916796,6.047971811940158,21.0,0,-0.28917959691679584,21.259300115918435,20.5,21.5
2969.0,20.98021725580087,21.28619194949777,6.046484869157903,21.0,0,-0.2861919494977698,21.25631547530751,20.5,21.5
2970.0,20.97723050932354,21.28320460253936,6.044997129431897,21.0,0,-0.2832046025393602,21.253331132955264,20.5,21.5
2971.0,20.97424406264756,21.280217555821626,6.04350859389512,21.0,0,-0.28021755582162555,21.25034708864428,20.5,21.5
2972.0,20.97125791555381,21.277230809124905,6.042019263681153,21.0,0,-0.27723080912490516,21.2473633421577,20.5,21.5
2973.0,20.968272067823435,21.2742443622298,6.040529139924188,21.0,0,-0.2742443622298012,21.24437989327876,20.5,21.5
2974.0,20.965286519237853,21.271258214917204,6.039038223759018,21.0,0,-0.2712582149172036,21.241396741791227,20.5,21.5
2975.0,20.96230126957876,21.268272366968244,6.037546516321043,21.0,0,-0.26827236696824386,21.238413887478647,20.5,21.5
2976.0,20.959316318628108,21.265286818164356,6.0360540187462615,21.0,0,-0.2652868181643555,21.235431330125472,20.5,21.5
2977.0,20.956331666168133,21.26230156828722,6.034560732171274,21.0,0,-0.26230156828722073,21.232449069515873,20.5,21.5
2978.0,20.953347311981332,21.259316617118802,6.033066657733284,21.0,0,-0.2593166171188024,21.22946710543462,20.5,21.5
2979.0,20.950363255850483,21.25633196444133,6.031571796570095,21.0,0,-0.2563319644413298,21.226485437666604,20.5,21.5
2980.0,20.94737949755863,21.253347610037302,6.030076149820108,21.0,0,-0.2533476100373022,21.223504065997027,20.5,21.5
2981.0,20.94439603688908,21.2503635536895,6.028579718622324,21.0,0,-0.2503635536894997,21.220522990211474,20.5,21.5
2982.0,20.941412873625428,21.247379795180954,6.027082504116341,21.0,0,-0.24737979518095443,21.217542210095502,20.5,21.5
2983.0,20.938430007551524,21.244396334294997,6.025584507442351,21.0,0,-0.24439633429499708,21.214561725435424,20.5,21.5
2984.0,20.9354474384515,21.2414131708152,6.024085729741143,21.0,0,-0.24141317081519986,21.211581536017228,20.5,21.5
2985.0,20.932465166109758,21.238430304525426,6.022586172154105,21.0,0,-0.23843030452542635,21.20860164162769,20.5,21.5
2986.0,20.929483190310968,21.235447735209803,6.021085835823212,21.0,0,-0.235447735209803,21.20562204205357,20.5,21.5
2987.0,20.92650151084007,21.232465462652733,6.019584721891037,21.0,0,-0.23246546265273338,21.202642737082037,20.5,21.5
2988.0,20.92352012748228,21.229483486638884,6.018082831500743,21.0,0,-0.22948348663888396,21.19966372650039,20.5,21.5
2989.0,20.920539040023083,21.226501806953202,6.016580165796086,21.0,0,-0.22650180695320188,21.19668501009638,20.5,21.5
2990.0,20.917558248248238,21.223520423380897,6.015076725921408,21.0,0,-0.22352042338089717,21.19370658765785,20.5,21.5
2991.0,20.91457775194377,21.220539335707453,6.013572513021648,21.0,0,-0.22053933570745343,21.190728458973016,20.5,21.5
2992.0,20.911597550895987,21.21755854371864,6.012067528242327,21.0,0,-0.21755854371863848,21.18775062383049,20.5,21.5
2993.0,20.908617644891457,21.214578047200472,6.0105617727295595,21.0,0,-0.21457804720047235,21.18477308201881,20.5,21.5
2994.0,20.905638033717025,21.21159784593926,6.009055247630039,21.0,0,-0.21159784593925934,21.18179583332713,20.5,21.5
2995.0,20.90265871715981,21.208617939721574,6.007547954091053,21.0,0,-0.20861793972157372,21.178818877544717,20.5,21.5
2996.0,20.899679695007197,21.20563832833426,6.00603989326047,21.0,0,-0.20563832833425977,21.17584221446112,20.5,21.5
2997.0,20.896700967046847,21.202659011564432,6.004531066286745,21.0,0,-0.20265901156443178,21.172865843866152,20.5,21.5
2998.0,20.893722533066693,21.199679989199478,6.003021474318915,21.0,0,-0.1996799891994776,21.169889765549936,20.5,21.5
2999.0,20.890744392854945,21.196701261027066,6.0015111185066,21.0,0,-0.19670126102706575,21.166913979302947,20.5,21.5
3000.0,20.887766546200076,21.19372282683512,6.0,21.0,0,-0.19372282683512054,21.16393848491567,20.5,21.5
3001.0,20.884788992890837,21.190744686411847,5.9984881199499,21.0,0,-0.19074468641184694,21.16096328217911,20.5,21.5
3002.0,20.881811732716248,21.187766839545727,5.996975479507661,21.0,0,-0.18776683954572704,21.157988370884528,20.5,21.5
3003.0,20.878834765465605,21.184789286025513,5.995462079825224,21.0,0,-0.18478928602551292,21.15501375082337,20.5,21.5
3004.0,20.875858090928478,21.181812025640216,5.993947922055111,21.0,0,-0.18181202564021604,21.152039421787247,20.5,21.5
3005.0,20.872881708894703,21.17883505817914,5.992433007350417,21.0,0,-0.17883505817913914,21.14906538356837,20.5,21.5
3006.0,20.869905619154395,21.17585838343185,5.990917336864816,21.0,0,-0.17585838343185145,21.146091635958975,20.5,21.5
3007.0,20.866929821497937,21.172882001188192,5.989400911752556,21.0,0,-0.1728820011881922,21.1431181787516,20.5,21.5
3008.0,20.863954315715986,21.169905911238267,5.987883733168462,21.0,0,-0.16990591123826704,21.140145011739016,20.5,21.5
3009.0,20.860979101599476,21.166930113372466,5.986365802267932,21.0,0,-0.16693011337246588,21.137172134714454,20.5,21.5
3010.0,20.85800417893961,21.16395460738145,5.984847120206934,21.0,0,-0.16395460738144862,21.134199547471276,20.5,21.5
3011.0,20.855029547527863,21.16097939305614,5.983327688142014,21.0,0,-0.16097939305614162,21.13122724980307,20.5,21.5
3012.0,20.852055207155985,21.158004470187752,5.981807507230282,21.0,0,-0.15800447018775188,21.128255241503854,20.5,21.5
3013.0,20.849081157616,21.155029838567753,5.980286578629423,21.0,0,-0.15502983856775288,21.125283522367763,20.5,21.5
3014.0,20.8461073987002,21.152055497987895,5.978764903497693,21.0,0,-0.1520554979878952,21.12231209218932,20.5,21.5
3015.0,20.843133930201162,21.149081448240207,5.97724248299391,21.0,0,-0.14908144824020653,21.11934095076332,20.5,21.5
3016.0,20.84016075191172,21.14610768911698,5.975719318277466,21.0,0,-0.14610768911698102,21.116370097884726,20.5,21.5
3017.0,20.837187863624994,21.143134220410783,5.974195410508315,21.0,0,-0.14313422041078283,21.1133995333488,20.5,21.5
3018.0,20.83421526513437,21.14016104191446,5.972670760846981,21.0,0,-0.14016104191446033,21.110429256951235,20.5,21.5
3019.0,20.831242956233513,21.137188153421125,5.9711453704545505,21.0,0,-0.13718815342112478,21.10745926848777,20.5,21.5
3020.0,20.828270936716358,21.134215554724165,5.9696192404926745,21.0,0,-0.13421555472416458,21.104489567754563,20.5,21.5
3021.0,20.825299206377114,21.131243245617245,5.968092372123567,21.0,0,-0.1312432456172452,21.10152015454805,20.5,21.5
3022.0,20.822327765010264,21.1282712258943,5.966564766510006,21.0,0,-0.12827122589429862,21.098551028664833,20.5,21.5
3023.0,20.819356612410566,21.125299495349537,5.9650364248153265,21.0,0,-0.12529949534953744,21.095582189901926,20.5,21.5
3024.0,20.816385748373047,21.122328053777444,5.96350734820343,21.0,0,-0.12232805377744427,21.092613638056513,20.5,21.5
3025.0,20.813415172693013,21.11935690097277,5.961977537838775,21.0,0,-0.11935690097277174,21.089645372926046,20.5,21.5
3026.0,20.810444885166042,21.116386036730557,5.960446994886379,21.0,0,-0.1163860367305567,21.086677394308406,20.5,21.5
3027.0,20.807474885587986,21.113415460846102,5.958915720511813,21.0,0,-0.11341546084610243,21.08370970200156,20.5,21.5
3028.0,20.804505173754972,21.110445173114982,5.957383715881214,21.0,0,-0.11044517311498225,21.08074229580378,20.5,21.5
3029.0,20.801535749463397,21.10747517333305,5.955850982161268,21.0,0,-0.10747517333305012,21.07777517551373,20.5,21.5
3030.0,20.798566612509937,21.104505461296437,5.954317520519217,21.0,0,-0.10450546129643712,21.074808340930307,20.5,21.5
3031.0,20.79559776269154,21.101536036801537,5.952783332122862,21.0,0,-0.10153603680153722,21.07184179185254,20.5,21.5
3032.0,20.792629199805425,21.098566899645025,5.951248418140551,21.0,0,-0.09856689964502507,21.068875528079904,20.5,21.5
3033.0,20.78966092364909,21.09559804962385,5.949712779741189,21.0,0,-0.09559804962384888,21.065909549412087,20.5,21.5
3034.0,20.78669293402031,21.09262948653523,5.948176418094232,21.0,0,-0.0926294865352304,21.062943855649046,20.5,21.5
3035.0,20.783725230717124,21.089661210176665,5.946639334369687,21.0,0,-0.08966121017666495,21.05997844659101,20.5,21.5
3036.0,20.780757813537853,21.08669322034593,5.945101529738108,21.0,0,-0.08669322034592852,21.057013322038564,20.5,21.5
3037.0,20.777790682281093,21.083725516841064,5.943563005370602,21.0,0,-0.08372551684106355,21.054048481792414,20.5,21.5
3038.0,20.77482383674571,21.080758099460386,5.94202376243882,21.0,0,-0.08075809946038603,21.05108392565361,20.5,21.5
3039.0,20.77185727673085,21.077790968002496,5.940483802114965,21.0,0,-0.07779096800249619,21.048119653423598,20.5,21.5
3040.0,20.768891002035925,21.074824122266257,5.9389431255717815,21.0,0,-0.07482412226625712,21.045155664903866,20.5,21.5
3041.0,20.76592501246063,21.071857562050813,5.937401733982563,21.0,0,-0.07185756205081262,21.042191959896368,20.5,21.5
3042.0,20.762959307804934,21.06889128715558,5.935859628521148,21.0,0,-0.06889128715558002,21.039228538203254,20.5,21.5
3043.0,20.759993887869076,21.065925297380254,5.934316810361912,21.0,0,-0.06592529738025377,21.03626539962699,20.5,21.5
3044.0,20.757028752453575,21.0629595925248,5.932773280679783,21.0,0,-0.06295959252479832,21.033302543970244,20.5,21.5
3045.0,20.75406390135922,21.05999417238946,5.931229040650223,21.0,0,-0.05999417238945881,21.030339971036064,20.5,21.5
3046.0,20.751099334387078,21.057029036774747,5.929684091449239,21.0,0,-0.0570290367747468,21.027377680627627,20.5,21.5
3047.0,20.74813505133849,21.054064185481458,5.928138434253378,21.0,0,-0.05406418548145808,21.02441567254857,20.5,21.5
3048.0,20.745171052015074,21.051099618310662,5.926592070239725,21.0,0,-0.05109961831066201,21.0214539466027,20.5,21.5
3049.0,20.74220733621872,21.04813533506369,5.9250450005859,21.0,0,-0.04813533506369083,21.01849250259398,20.5,21.5
3050.0,20.739243903751593,21.045171335542165,5.923497226470068,21.0,0,-0.04517133554216457,21.015531340326902,20.5,21.5
3051.0,20.736280754416136,21.042207619547977,5.921948749070925,21.0,0,-0.042207619547976805,21.0125704596061,20.5,21.5
3052.0,20.733317888015065,21.03924418688329,5.920399569567704,21.0,0,-0.03924418688329112,21.009609860236434,20.5,21.5
3053.0,20.730355304351377,21.03628103735055,5.918849689140171,21.0,0,-0.03628103735055177,21.00664954202316,20.5,21.5
3054.0,20.727393003228336,21.033318170752473,5.91729910896863,21.0,0,-0.03331817075247301,21.003689504771685,20.5,21.5
3055.0,20.724430984449484,21.03035558689205,5.915747830233914,21.0,0,-0.030355586892049757,21.000729748287817,20.5,21.5
3056.0,20.72146924781864,21.02739328557255,5.914195854117388,21.0,0,-0.027393285572550496,20.997770272377558,20.5,21.5
3057.0,20.7185077931399,21.02443126659752,5.912643181800951,21.0,0,-0.024431266597520818,20.994811076847224,20.5,21.5
3058.0,20.71554662021763,21.021469529770773,5.911089814467031,21.0,0,-0.021469529770772766,20.991852161503292,20.5,21.5
3059.0,20.712585728856478,21.0185080748964,5.909535753298584,21.0,0,-0.01850807489639905,20.988893526152662,20.5,21.5
3060.0,20.709625118861368,21.015546901778777,5.9079809994790935,21.0,0,-0.0155469017787766,20.985935170602552,20.5,21.5
3061.0,20.70666479003749,21.012586010222545,5.906425554192575,21.0,0,-0.01258601022254524,20.98297709466023,20.5,21.5
3062.0,20.70370474219032,21.00962540003263,5.904869418623566,21.0,0,-0.009625400032629017,20.980019298133467,20.5,21.5
3063.0,20.70074497512561,21.006665071014226,5.903312593957131,21.0,0,-0.006665071014225532,20.97706178083019,20.5,21.5
3064.0,20.697785488649377,21.003705022972806,5.901755081378862,21.0,0,-0.003705022972805949,20.97410454255861,20.5,21.5
3065.0,20.694826282567924,21.00074525571412,5.900196882074871,21.0,0,-0.0007452557141185423,20.971147583127244,20.5,21.5
3066.0,20.691867356687826,20.997785769044185,5.898637997231793,21.0,0,0.0022142309558148554,20.96819090234485,20.5,21.5
3067.0,20.688908710815934,20.99482656276931,5.89707842803679,21.0,0,0.0051734372306917464,20.96523450002054,20.5,21.5
3068.0,20.685950344759377,20.99186763669606,5.895518175677539,21.0,0,0.008132363303939627,20.96227837596358,20.5,21.5
3069.0,20.68299225832556,20.988908990631295,5.893957241342242,21.0,0,0.011091009368705329,20.959322529983638,20.5,21.5
3070.0,20.68003445132216,20.98595062438214,5.892395626219618,21.0,0,0.014049375617858573,20.95636696189061,20.5,21.5
3071.0,20.67707692355714,20.982992537756,5.890833331498904,21.0,0,0.017007462243999072,20.953411671494596,20.5,21.5
3072.0,20.674119674838728,20.98003473056056,5.889270358369855,21.0,0,0.01996526943943877,20.950456658606164,20.5,21.5
3073.0,20.671162704975433,20.977077202603773,5.887706708022744,21.0,0,0.022922797396226713,20.947501923035894,20.5,21.5
3074.0,20.668206013776043,20.974119953693865,5.88614238164836,21.0,0,0.02588004630613483,20.944547464594784,20.5,21.5
3075.0,20.665249601049617,20.971162983639356,5.884577380438003,21.0,0,0.02883701636064373,20.941593283094267,20.5,21.5
3076.0,20.662293466605494,20.96820629224903,5.883011705583491,21.0,0,0.03179370775097112,20.938639378345755,20.5,21.5
3077.0,20.65933761025329,20.96524987933194,5.881445358277153,21.0,0,0.03475012066806116,20.93568575016104,20.5,21.5
3078.0,20.65638203180289,20.962293744697426,5.879878339711831,21.0,0,0.037706255302573766,20.9327323983523,20.5,21.5
3079.0,20.653426731064474,20.959337888155112,5.878310651080876,21.0,0,0.040662111844888216,20.929779322731967,20.5,21.5
3080.0,20.650471707848478,20.956382309514886,5.876742293578155,21.0,0,0.04361769048511377,20.92682652311263,20.5,21.5
3081.0,20.647516961965625,20.953427008586907,5.875173268398038,21.0,0,0.046572991413093234,20.923873999307112,20.5,21.5
3082.0,20.64456249322691,20.950471985181633,5.873603576735405,21.0,0,0.04952801481836744,20.92092175112889,20.5,21.5
3083.0,20.64160830144361,20.94751723910978,5.872033219785646,21.0,0,0.052482760890221414,20.91796977839124,20.5,21.5
3084.0,20.63865438642728,20.94456277018234,5.870462198744655,21.0,0,0.05543722981765953,20.91501808090796,20.5,21.5
3085.0,20.635700747989745,20.941608578210595,5.868890514808834,21.0,0,0.058391421789405484,20.912066658493135,20.5,21.5
3086.0,20.63274738594311,20.938654663006094,5.867318169175089,21.0,0,0.061345336993905875,20.90911551096109,20.5,21.5
3087.0,20.629794300099753,20.935701024380663,5.865745163040828,21.0,0,0.06429897561933728,20.90616463812635,20.5,21.5
3088.0,20.62684149027234,20.932747662146408,5.864171497603965,21.0,0,0.06725233785359208,20.90321403980386,20.5,21.5
3089.0,20.623888956273806,20.92979457611571,5.8625971740629135,21.0,0,0.07020542388428908,20.90026371580874,20.5,21.5
3090.0,20.620936697917365,20.926841766101237,5.8610221936165905,21.0,0,0.07315823389876286,20.8973136659565,20.5,21.5
3091.0,20.617984715016505,20.923889231915915,5.859446557464411,21.0,0,0.07611076808408512,20.894363890062692,20.5,21.5
3092.0,20.615033007384994,20.920936973372964,5.857870266806293,21.0,0,0.07906302662703624,20.891414387943453,20.5,21.5
3093.0,20.61208157483688,20.91798499028587,5.856293322842646,21.0,0,0.08201500971413012,20.88846515941493,20.5,21.5
3094.0,20.60913041718648,20.915033282468407,5.854715726774385,21.0,0,0.0849667175315929,20.88551620429378,20.5,21.5
3095.0,20.606179534248398,20.912081849734612,5.853137479802917,21.0,0,0.08791815026538785,20.882567522396663,20.5,21.5
3096.0,20.60322892583751,20.909130691898817,5.851558583130145,21.0,0,0.09086930810118332,20.879619113540862,20.5,21.5
3097.0,20.60027859176897,20.90617980877561,5.8499790379584695,21.0,0,0.09382019122438834,20.87667097754356,20.5,21.5
3098.0,20.597328531858206,20.903229200179876,5.848398845490781,21.0,0,0.09677079982012415,20.873723114222518,20.5,21.5
3099.0,20.594378745920935,20.900278865926765,5.846818006930464,21.0,0,0.09972113407323491,20.870775523395658,20.5,21.5
3100.0,20.591429233773137,20.897328805831712,5.8452365234813985,21.0,0,0.10267119416828763,20.867828204881185,20.5,21.5
3101.0,20.58847999523108,20.894379019710428,5.843654396347952,21.0,0,0.10562098028957223,20.86488115849758,20.5,21.5
3102.0,20.5855310301113,20.891429507378895,5.842071626734981,21.0,0,0.10857049262110507,20.861934384063566,20.5,21.5
3103.0,20.582582338230626,20.888480268653378,5.840488215847838,21.0,0,0.11151973134662185,20.85898788139821,20.5,21.5
3104.0,20.57963391940615,20.885531303350422,5.838904164892355,21.0,0,0.1144686966495776,20.856041650320865,20.5,21.5
3105.0,20.576685773455246,20.882582611286843,5.837319475074857,21.0,0,0.11741738871315732,20.853095690651045,20.5,21.5
3106.0,20.57373790019557,20.87963419227974,5.835734147602153,21.0,0,0.12036580772025829,20.850150002208732,20.5,21.5
3107.0,20.57079029944505,20.87668604614649,5.834148183681542,21.0,0,0.1233139538535113,20.84720458481396,20.5,21.5
3108.0,20.567842971021896,20.87373817270474,5.832561584520803,21.0,0,0.12626182729525937,20.84425943828726,20.5,21.5
3109.0,20.564895914744596,20.87079057177243,5.830974351328199,21.0,0,0.12920942822756842,20.84131456244934,20.5,21.5
3110.0,20.561949130431913,20.867843243167762,5.829386485312479,21.0,0,0.13215675683223793,20.838369957121067,20.5,21.5
3111.0,20.559002617902888,20.864896186709228,5.82779798768287,21.0,0,0.13510381329077248,20.835425622123882,20.5,21.5
3112.0,20.556056376976844,20.86194940221559,5.826208859649083,21.0,0,0.1380505977844102,20.832481557279213,20.5,21.5
3113.0,20.55311040747338,20.859002889505884,5.82461910242131,21.0,0,0.14099711049411567,20.82953776240883,20.5,21.5
3114.0,20.550164709212368,20.856056648399438,5.823028717210218,21.0,0,0.14394335160056215,20.826594237334973,20.5,21.5
3115.0,20.547219282013966,20.85311067871585,5.821437705226955,21.0,0,0.14688932128414933,20.82365098187998,20.5,21.5
3116.0,20.54427412569861,20.850164980274997,5.819846067683145,21.0,0,0.14983501972500335,20.820707995866456,20.5,21.5
3117.0,20.541329240087006,20.84721955289703,5.818253805790892,21.0,0,0.15278044710296967,20.817765279117367,20.5,21.5
3118.0,20.538384625000145,20.844274396402383,5.81666092076277,21.0,0,0.15572560359761667,20.814822831455913,20.5,21.5
3119.0,20.535440280259298,20.84132951061177,5.815067413811832,21.0,0,0.15867048938822848,20.811880652705653,20.5,21.5
3120.0,20.53249620568601,20.83838489534618,5.813473286151601,21.0,0,0.16161510465381923,20.808938742690273,20.5,21.5
3121.0,20.5295524011021,20.83544055042688,5.811878538996076,21.0,0,0.16455944957311885,20.805997101233885,20.5,21.5
3122.0,20.52660886632968,20.832496475675416,5.810283173559725,21.0,0,0.1675035243245837,20.803055728160768,20.5,21.5
3123.0,20.523665601191126,20.82955267091361,5.80868719105749,21.0,0,0.1704473290863895,20.800114623295553,20.5,21.5
3124.0,20.5207226055091,20.826609135963572,5.80709059270478,21.0,0,0.17339086403642767,20.79717378646319,20.5,21.5
3125.0,20.517779879106538,20.823665870647677,5.805493379717475,21.0,0,0.1763341293523233,20.79423321748872,20.5,21.5
3126.0,20.51483742180666,20.820722874788586,5.8038955533119205,21.0,0,0.1792771252114136,20.791292916197683,20.5,21.5
3127.0,20.511895233432963,20.817780148209245,5.802297114704932,21.0,0,0.18221985179075517,20.78835288241583,20.5,21.5
3128.0,20.50895331380922,20.814837690732862,5.80069806511379,21.0,0,0.18516230926713817,20.785413115969032,20.5,21.5
3129.0,20.50601166275948,20.81189550218294,5.79909840575624,21.0,0,0.1881044978170614,20.782473616683706,20.5,21.5
3130.0,20.50307028010808,20.808953582383246,5.797498137850493,21.0,0,0.19104641761675367,20.779534384386324,20.5,21.5
3131.0,20.500129165679628,20.806011931157837,5.795897262615221,21.0,0,0.19398806884216313,20.776595418903742,20.5,21.5
3132.0,20.497188319299013,20.803070548331046,5.794295781269561,21.0,0,0.1969294516689537,20.77365672006314,20.5,21.5
3133.0,20.49424774079141,20.800129433727484,5.792693695033112,21.0,0,0.19987056627251576,20.770718287691864,20.5,21.5
3134.0,20.491307429982257,20.797188587172037,5.79109100512593,21.0,0,0.20281141282796256,20.76778012161757,20.5,21.5
3135.0,20.488367386697284,20.794248008489877,5.789487712768534,21.0,0,0.20575199151012313,20.76484222166827,20.5,21.5
3136.0,20.4854276107625,20.791307697506447,5.787883819181903,21.0,0,0.20869230249355297,20.76190458767215,20.5,21.5
3137.0,20.482488102004183,20.788367654047484,5.7862793255874685,21.0,0,0.21163234595251623,20.75896721945785,20.5,21.5
3138.0,20.4795488602489,20.78542787793898,5.784674233207123,21.0,0,0.21457212206102128,20.75603011685393,20.5,21.5
3139.0,20.47660988532349,20.78248836900723,5.783068543263215,21.0,0,0.21751163099277093,20.753093279689732,20.5,21.5
3140.0,20.473671177055078,20.779549127078788,5.781462256978547,21.0,0,0.22045087292121224,20.750156707794375,20.5,21.5
3141.0,20.470732735271064,20.7766101519805,5.7798553755763775,21.0,0,0.2233898480195009,20.747220400997612,20.5,21.5
3142.0,20.467794559799124,20.77367144353949,5.778247900280412,21.0,0,0.22632855646050842,20.744284359129416,20.5,21.5
3143.0,20.46485665046722,20.770733001583153,5.776639832314818,21.0,0,0.22926699841684695,20.741348582019768,20.5,21.5
3144.0,20.46191900710359,20.76779482593917,5.775031172904207,21.0,0,0.2322051740608302,20.738413069499337,20.5,21.5
3145.0,20.458981629536748,20.764856916435505,5.773421923273641,21.0,0,0.23514308356449476,20.73547782139886,20.5,21.5
3146.0,20.456044517595494,20.761919272900393,5.771812084648637,21.0,0,0.23808072709960726,20.732542837549268,20.5,21.5
3147.0,20.453107671108903,20.758981895162346,5.770201658255157,21.0,0,0.24101810483765362,20.729608117781883,20.5,21.5
3148.0,20.45017108990633,20.756044783050168,5.768590645319607,21.0,0,0.24395521694983202,20.726673661928384,20.5,21.5
3149.0,20.447234773817414,20.753107936392933,5.766979047068848,21.0,0,0.24689206360706706,20.723739469820583,20.5,21.5
3150.0,20.444298722672062,20.750171355019994,5.76536686473018,21.0,0,0.24982864498000623,20.720805541290602,20.5,21.5
3151.0,20.441362936300475,20.74723503876099,5.763754099531349,21.0,0,0.25276496123900927,20.71787187617096,20.5,21.5
3152.0,20.43842741453312,20.744298987445834,5.762140752700549,21.0,0,0.2557010125541659,20.714938474294268,20.5,21.5
3153.0,20.435492157200752,20.74136320090472,5.76052682546641,21.0,0,0.2586367990952816,20.71200533549356,20.5,21.5
3154.0,20.432557164134405,20.738427678968115,5.758912319058011,21.0,0,0.26157232103188477,20.709072459602083,20.5,21.5
3155.0,20.42962243516539,20.735492421466784,5.757297234704866,21.0,0,0.26450757853321605,20.70613984645347,20.5,21.5
3156.0,20.426687970125297,20.73255742823175,5.7556815736369344,21.0,0,0.2674425717682496,20.703207495881415,20.5,21.5
3157.0,20.423753768845998,20.729622699094325,5.7540653370846115,21.0,0,0.27037730090567536,20.700275407720067,20.5,21.5
3158.0,20.420819831159644,20.7266882338861,5.752448526278731,21.0,0,0.27331176611389907,20.697343581803864,20.5,21.5
3159.0,20.417886156898668,20.723754032438954,5.750831142450567,21.0,0,0.2762459675610458,20.694412017967487,20.5,21.5
3160.0,20.41495274589578,20.72082009458503,5.749213186831825,21.0,0,0.2791799054149706,20.69148071604578,20.5,21.5
3161.0,20.412019597983967,20.717886420156766,5.747594660654649,21.0,0,0.2821135798432337,20.688549675874135,20.5,21.5
3162.0,20.4090867129965,20.714953008986868,5.745975565151618,21.0,0,0.28504699101313236,20.68561889728788,20.5,21.5
3163.0,20.406154090766933,20.712019860908324,5.744355901555744,21.0,0,0.2879801390916761,20.682688380122887,20.5,21.5
3164.0,20.40322173112909,20.70908697575441,5.742735671100471,21.0,0,0.2909130242455902,20.67975812421527,20.5,21.5
3165.0,20.400289633917083,20.70615435335867,5.741114875019672,21.0,0,0.29384564664132995,20.676828129401272,20.5,21.5
3166.0,20.397357798965302,20.703221993554937,5.739493514547659,21.0,0,0.2967780064450629,20.673898395517607,20.5,21.5
3167.0,20.39442622610842,20.70028989617732,5.737871590919164,21.0,0,0.2997101038226795,20.670968922401155,20.5,21.5
3168.0,20.39149491518138,20.69735806106021,5.736249105369356,21.0,0,0.3026419389397894,20.66803970988911,20.5,21.5
3169.0,20.388563866019418,20.694426488038278,5.734626059133826,21.0,0,0.3055735119617218,20.665110757818955,20.5,21.5
3170.0,20.38563307845804,20.691495176946468,5.733002453448595,21.0,0,0.3085048230535321,20.662182066028365,20.5,21.5
3171.0,20.382702552333036,20.68856412762002,5.731378289550109,21.0,0,0.31143587237998105,20.65925363435553,20.5,21.5
3172.0,20.37977228748048,20.68563333989443,5.729753568675239,21.0,0,0.3143666601055699,20.65632546263854,20.5,21.5
3173.0,20.37684228373672,20.682702813605495,5.728128292061283,21.0,0,0.3172971863945051,20.653397550716143,20.5,21.5
3174.0,20.373912540938385,20.67977254858929,5.726502460945958,21.0,0,0.32022745141070885,20.650469898427254,20.5,21.5
3175.0,20.370983058922388,20.67684254468216,5.724876076567403,21.0,0,0.32315745531784046,20.647542505610843,20.5,21.5
3176.0,20.368053837525917,20.673912801720736,5.723249140164185,21.0,0,0.32608719827926436,20.644615372106497,20.5,21.5
3177.0,20.365124876586446,20.670983319541925,5.721621652975284,21.0,0,0.329016680458075,20.64168849775382,20.5,21.5
3178.0,20.362196175941722,20.668054097982925,5.719993616240102,21.0,0,0.3319459020170754,20.63876188239292,20.5,21.5
3179.0,20.359267735429782,20.665125136881205,5.718365031198462,21.0,0,0.3348748631187952,20.635835525864007,20.5,21.5
3180.0,20.356339554888937,20.662196436074517,5.716735899090601,21.0,0,0.3378035639254833,20.632909428007636,20.5,21.5
3181.0,20.353411634157776,20.65926799540089,5.715106221157173,21.0,0,0.34073200459911135,20.629983588664608,20.5,21.5
3182.0,20.350483973075175,20.656339814698633,5.71347599863925,21.0,0,0.343660185301367,20.627058007676077,20.5,21.5
3183.0,20.347556571480286,20.65341189380635,5.711845232778318,21.0,0,0.34658810619365,20.62413268488352,20.5,21.5
3184.0,20.344629429212546,20.650484232562903,5.710213924816274,21.0,0,0.3495157674370972,20.62120762012843,20.5,21.5
3185.0,20.341702546111666,20.647556830807446,5.708582075995432,21.0,0,0.35244316919255425,20.618282813252875,20.5,21.5
3186.0,20.338775922017643,20.644629688379418,5.706949687558515,21.0,0,0.3553703116205824,20.615358264099136,20.5,21.5
3187.0,20.33584955677075,20.641702805118534,5.705316760748657,21.0,0,0.35829719488146594,20.6124339725097,20.5,21.5
3188.0,20.332923450211545,20.638776180864788,5.703683296809404,21.0,0,0.36122381913521195,20.609509938327328,20.5,21.5
3189.0,20.329997602180864,20.635849815458453,5.702049296984709,21.0,0,0.3641501845415469,20.606586161395104,20.5,21.5
3190.0,20.327072012519825,20.632923708740083,5.700414762518935,21.0,0,0.3670762912599166,20.603662641556387,20.5,21.5
3191.0,20.324146681069823,20.629997860550517,5.69877969465685,21.0,0,0.37000213944948257,20.600739378654858,20.5,21.5
3192.0,20.32122160767254,20.627072270730874,5.6971440946436305,21.0,0,0.37292772926912576,20.597816372534442,20.5,21.5
3193.0,20.318296792169935,20.624146939122554,5.6955079637248565,21.0,0,0.3758530608774464,20.594893623039347,20.5,21.5
3194.0,20.315372234404247,20.62122186556723,5.693871303146511,21.0,0,0.3787781344327712,20.59197113001398,20.5,21.5
3195.0,20.312447934217996,20.618297049906865,5.692234114154986,21.0,0,0.3817029500931355,20.58904889330322,20.5,21.5
3196.0,20.309523891453985,20.6153724919837,5.69059639799707,21.0,0,0.3846275080163011,20.586126912752043,20.5,21.5
3197.0,20.306600105955294,20.612448191640247,5.688958155919955,21.0,0,0.38755180835975267,20.58320518820573,20.5,21.5
3198.0,20.303676577565287,20.609524148719323,5.687319389171233,21.0,0,0.3904758512806765,20.580283719510085,20.5,21.5
3199.0,20.300753306127607,20.606600363063997,5.685680098998897,21.0,0,0.3933996369360031,20.57736250651073,20.5,21.5
3200.0,20.297830291486182,20.603676834517636,5.684040286651338,21.0,0,0.39632316548236446,20.574441549054022,20.5,21.5
3201.0,20.294907533485215,20.600753562923877,5.6823999533773435,21.0,0,0.3992464370761226,20.571520846986296,20.5,21.5
3202.0,20.291985031969194,20.59783054812666,5.6807591004261,21.0,0,0.4021694518733412,20.568600400154473,20.5,21.5
3203.0,20.289062786782885,20.594907789970183,5.679117729047189,21.0,0,0.4050922100298173,20.56568020840542,20.5,21.5
3204.0,20.28614079777134,20.59198528829893,5.677475840490582,21.0,0,0.40801471170107106,20.56276027158639,20.5,21.5
3205.0,20.283219064779882,20.58906304295767,5.675833436006654,21.0,0,0.41093695704233113,20.559840589545068,20.5,21.5
3206.0,20.280297587654125,20.58614105379145,5.674190516846164,21.0,0,0.4138589462085491,20.55692116212927,20.5,21.5
3207.0,20.277376366239963,20.583219320645604,5.672547084260269,21.0,0,0.416780679354396,20.554001989187135,20.5,21.5
3208.0,20.274455400383566,20.58029784336574,5.67090313950051,21.0,0,0.41970215663425847,20.551083070567117,20.5,21.5
3209.0,20.27153468993139,20.57737662179775,5.669258683818827,21.0,0,0.4226233782022497,20.548164406117838,20.5,21.5
3210.0,20.268614234730165,20.57445565578781,5.667613718467543,21.0,0,0.42554434421219156,20.54524599568839,20.5,21.5
3211.0,20.265694034626915,20.571534945182364,5.665968244699369,21.0,0,0.42846505481763586,20.54232783912792,20.5,21.5
3212.0,20.26277408946893,20.568614489828157,5.664322263767406,21.0,0,0.4313855101718431,20.539409936286084,20.5,21.5
3213.0,20.25985439910379,20.565694289572203,5.662675776925143,21.0,0,0.43430571042779675,20.536492287012667,20.5,21.5
3214.0,20.256934963379354,20.5627743442618,5.6610287854264465,21.0,0,0.4372256557381995,20.533574891157773,20.5,21.5
3215.0,20.254015782143764,20.55985465374452,5.659381290525575,21.0,0,0.4401453462554805,20.53065774857171,20.5,21.5
3216.0,20.25109685524544,20.556935217868226,5.6577332934771665,21.0,0,0.44306478213177414,20.52774085910529,20.5,21.5
3217.0,20.248178182533085,20.55401603648106,5.656084795536243,21.0,0,0.4459839635189411,20.52482422260939,20.5,21.5
3218.0,20.245259763855685,20.551097109431435,5.654435797958208,21.0,0,0.448902890568565,20.521907838935196,20.5,21.5
3219.0,20.242341599062506,20.548178436568065,5.6527863019988445,21.0,0,0.4518215634319347,20.51899170793437,20.5,21.5
3220.0,20.239423688003093,20.54526001773993,5.651136308914314,21.0,0,0.45473998226006884,20.51607582945859,20.5,21.5
3221.0,20.236506030527277,20.5423418527963,5.649485819961159,21.0,0,0.45765814720369846,20.513160203360005,20.5,21.5
3222.0,20.233588626485165,20.539423941586715,5.647834836396299,21.0,0,0.46057605841328453,20.510244829490855,20.5,21.5
3223.0,20.230671475727146,20.53650628396101,5.64618335947703,21.0,0,0.4634937160389896,20.50732970770396,20.5,21.5
3224.0,20.227754578103895,20.533588879769287,5.644531390461022,21.0,0,0.4664111202307133,20.50441483785205,20.5,21.5
3225.0,20.224837933466365,20.53067172886194,5.642878930606323,21.0,0,0.4693282711380604,20.50150021978847,20.5,21.5
3226.0,20.221921541665793,20.52775483108964,5.6412259811713525,21.0,1,0.4722451689103586,20.49858585336666,20.5,21.5
3227.0,20.239005402553694,20.528838186303346,5.639572543414903,21.0,1,0.47116181369665355,20.539671738440397,20.5,21.5
3228.0,20.256085515981866,20.53392099435429,5.63791861859614,21.0,1,0.46607900564571025,20.584749074863723,20.5,21.5
3229.0,20.273161882602388,20.54300245525399,5.636264207974599,21.0,1,0.4569975447460095,20.633817064250998,20.5,21.5
3230.0,20.290234503067463,20.55608176917421,5.634609312810185,21.0,1,0.4439182308257905,20.6868749083764,20.5,21.5
3231.0,20.307303378029413,20.573158136446935,5.632953934363172,21.0,1,0.4268418635530651,20.74392180917419,20.5,21.5
3232.0,20.32436850814068,20.59023075756433,5.631298073894206,21.0,1,0.4097692424356687,20.760956968738295,20.5,21.5
3233.0,20.34142989405383,20.607299633178723,5.629641732664292,21.0,1,0.39270036682127696,20.77798838932264,20.5,21.5
3234.0,20.358487536421553,20.624364763942555,5.627984911934809,21.0,1,0.37563523605744464,20.79501607158088,20.5,21.5
3235.0,20.375541435896654,20.641426150508394,5.6263276129675,21.0,1,0.35857384949160576,20.812040016166783,20.5,21.5
3236.0,20.392591593132067,20.658483793528923,5.624669837024466,21.0,1,0.34151620647107706,20.82906022373421,20.5,21.5
3237.0,20.409638008780846,20.675537693656956,5.623011585368176,21.0,1,0.32446230634304385,20.846076694937288,20.5,21.5
3238.0,20.426680683496162,20.692587851545426,5.621352859261464,21.0,1,0.3074121484545742,20.863089430430122,20.5,21.5
3239.0,20.443719617931315,20.709634267847377,5.619693659967519,21.0,1,0.2903657321526225,20.880098430866894,20.5,21.5
3240.0,20.460754812739722,20.72667694321599,5.618033988749896,21.0,1,0.2733230567840117,20.897103696902096,20.5,21.5
3241.0,20.477786268574924,20.743715878304563,5.616373846872504,21.0,1,0.2562841216954368,20.914105229190312,20.5,21.5
3242.0,20.494813986090584,20.76075107376651,5.6147132355996145,21.0,1,0.2392489262334898,20.93110302838598,20.5,21.5
3243.0,20.511837965940487,20.777782530255376,5.613052156195856,21.0,1,0.2222174697446242,20.948097095144032,20.5,21.5
3244.0,20.528858208778537,20.79481024842482,5.611390609926211,21.0,1,0.2051897515751797,20.965087430119265,20.5,21.5
3245.0,20.545874715258766,20.81183422892863,5.609728598056021,21.0,1,0.18816577107136823,20.982074033966747,20.5,21.5
3246.0,20.562887486035326,20.828854472420712,5.608066121850982,21.0,1,0.17114552757928791,20.999056907341515,20.5,21.5
3247.0,20.57989652176249,20.845870979555094,5.606403182577136,21.0,1,0.1541290204449055,21.01603605089892,20.5,21.5
3248.0,20.59690182309465,20.862883750985926,5.604739781500889,21.0,1,0.13711624901407404,21.03301146529424,20.5,21.5
3249.0,20.613903390686332,20.879892787367485,5.603075919888992,21.0,1,0.12010721263251511,21.049983151183074,20.5,21.5
3250.0,20.630901225192172,20.896898089354163,5.601411599008546,21.0,1,0.10310191064583663,21.06695110922095,20.5,21.5
3251.0,20.647895327266937,20.913899657600485,5.599746820127007,21.0,1,0.08610034239951503,21.0839153400637,20.5,21.5
3252.0,20.66488569756551,20.930897492761087,5.598081584512174,21.0,1,0.06910250723891309,21.100875844367106,20.5,21.5
3253.0,20.6818723367429,20.947891595490738,5.596415893432197,21.0,1,0.05210840450926213,21.117832622787247,20.5,21.5
3254.0,20.698855245454236,20.964881966444317,5.5947497481555715,21.0,1,0.035118033555683326,21.134785675980105,20.5,21.5
3255.0,20.715834424354778,20.98186860627684,5.593083149951142,21.0,1,0.018131393723159306,21.15173500460208,20.5,21.5
3256.0,20.732809874099896,20.99885151564343,5.591416100088093,21.0,1,0.0011484843565696679,21.168680609309327,20.5,21.5
3257.0,20.749781595345095,21.015830695199348,5.589748599835958,21.0,1,-0.0158306951993481,21.185622490758526,20.5,21.5
3258.0,20.76674958874599,21.03280614559997,5.588080650464608,21.0,1,-0.03280614559997019,21.20256064960619,20.5,21.5
3259.0,20.783713854958336,21.049777867500786,5.586412253244261,21.0,1,-0.0497778675007865,21.21949508650895,20.5,21.5
3260.0,20.800674394637994,21.06674586155743,5.5847434094454735,21.0,1,-0.06674586155742901,21.236425802123854,20.5,21.5
3261.0,20.817631208440957,21.083710128425643,5.583074120339143,21.0,1,-0.0837101284256434,21.253352797107787,20.5,21.5
3262.0,20.834584297023337,21.10067066876129,5.581404387196506,21.0,1,-0.10067066876128905,21.270276072117746,20.5,21.5
3263.0,20.851533661041373,21.117627483220367,5.579734211289136,21.0,1,-0.11762748322036742,21.28719562781115,20.5,21.5
3264.0,20.86847930115142,21.134580572458983,5.578063593888944,21.0,1,-0.13458057245898303,21.30411146484514,20.5,21.5
3265.0,20.88542121800997,21.151529937133382,5.5763925362681785,21.0,1,-0.15152993713338248,21.321023583877377,20.5,21.5
3266.0,20.902359412273622,21.168475577899915,5.5747210396994245,21.0,1,-0.1684755778999154,21.337931985565245,20.5,21.5
3267.0,20.919293884599107,21.18541749541507,5.573049105455596,21.0,1,-0.18541749541507002,21.354836670566616,20.5,21.5
3268.0,20.936224635643278,21.20235569033545,5.571376734809948,21.0,1,-0.20235569033545175,21.37173763953927,20.5,21.5
3269.0,20.95315166606311,21.219290163317787,5.569703929036059,21.0,1,-0.21929016331778683,21.388634893141138,20.5,21.5
3270.0,20.970074976515704,21.236220915018936,5.568030689407845,21.0,1,-0.2362209150189365,21.405528432030433,20.5,21.5
3271.0,20.986994567658282,21.25314794609587,5.566357017199552,21.0,1,-0.25314794609586855,21.42241825686519,20.5,21.5
3272.0,21.00391044014819,21.270071257205682,5.564682913685753,21.0,1,-0.27007125720568226,21.43930436830382,20.5,21.5
3273.0,21.020822594642897,21.286990849005605,5.563008380141352,21.0,1,-0.2869908490056048,21.45618676700483,20.5,21.5
3274.0,21.037731031799996,21.30390672215298,5.561333417841576,21.0,1,-0.30390672215298054,21.473065453626738,20.5,21.5
3275.0,21.054635752277203,21.320818877305282,5.5596580280619845,21.0,1,-0.3208188773052818,21.489940428828294,20.5,21.5
3276.0,21.07153675673236,21.337727315120098,5.557982212078459,21.0,0,-0.3377273151200981,21.50681169326826,20.5,21.5
3277.0,21.06843404582343,21.350632036255146,5.556305971167205,21.0,0,-0.3506320362551456,21.47967924760562,20.5,21.5
3278.0,21.0653316202085,21.35953384136827,5.554629306604755,21.0,0,-0.35953384136826827,21.448551892499495,20.5,21.5
3279.0,21.062229479745778,21.36443353095742,5.552952219667962,21.0,0,-0.36443353095742026,21.41343042684894,20.5,21.5
3280.0,21.05912762429376,21.365331905360733,5.551274711633998,21.0,0,-0.36533190536073334,21.374315649393864,20.5,21.5
3281.0,21.05602605371123,21.362229764756506,5.549596783780362,21.0,0,-0.36222976475650626,21.331208358714235,20.5,21.5
3282.0,21.05292476785724,21.35912790916327,5.547918437384865,21.0,0,-0.35912790916327,21.328109353230907,20.5,21.5
3283.0,21.049823766591146,21.356026338439797,5.546239673725643,21.0,0,-0.35602633843979703,21.325010631205068,20.5,21.5
3284.0,21.046723049772574,21.352925052445155,5.544560494081149,21.0,0,-0.3529250524451548,21.321912192498733,20.5,21.5
3285.0,21.043622617261434,21.349824051038688,5.542880899730149,21.0,0,-0.34982405103868786,21.318814036974018,20.5,21.5
3286.0,21.040522468917928,21.34672333408003,5.541200891951728,21.0,0,-0.3467233340800284,21.315716164493434,20.5,21.5
3287.0,21.037422604602533,21.343622901429086,5.539520472025284,21.0,0,-0.3436229014290859,21.31261857491966,20.5,21.5
3288.0,21.034323024176018,21.340522752946065,5.537839641230532,21.0,0,-0.3405227529460646,21.30952126811585,20.5,21.5
3289.0,21.03122372749943,21.33742288849143,5.536158400847496,21.0,0,-0.33742288849143165,21.306424243945102,20.5,21.5
3290.0,21.0281247144341,21.334323307925963,5.534476752156514,21.0,0,-0.3343233079259633,21.30332750227128,20.5,21.5
3291.0,21.025025984841644,21.33122401111071,5.532794696438235,21.0,0,-0.3312240111107094,21.30023104295817,20.5,21.5
3292.0,21.021927538583963,21.328124997906993,5.531112234973618,21.0,0,-0.32812499790699334,21.297134865869833,20.5,21.5
3293.0,21.01882937552324,21.325026268176437,5.529429369043929,21.0,0,-0.32502626817643687,21.294038970870872,20.5,21.5
3294.0,21.015731495521944,21.32192782178094,5.527746099930746,21.0,0,-0.3219278217809389,21.29094335782596,20.5,21.5
3295.0,21.012633898442825,21.318829658582686,5.52606242891595,21.0,0,-0.3188296585826862,21.28784802660016,20.5,21.5
3296.0,21.00953658414892,21.31573177844414,5.52437835728173,21.0,0,-0.3157317784441389,21.284752977058666,20.5,21.5
3297.0,21.006439552503544,21.312634181228056,5.522693886310579,21.0,0,-0.31263418122805575,21.281658209067224,20.5,21.5
3298.0,21.003342803370305,21.309536866797472,5.521009017285297,21.0,0,-0.3095368667974725,21.27856372249164,20.5,21.5
3299.0,21.00024633661309,21.306439835015702,5.519323751488983,21.0,0,-0.30643983501570204,21.275469517197998,20.5,21.5
3300.0,20.997150152096065,21.30334308574635,5.5176380902050415,21.0,0,-0.3033430857463486,21.272375593052814,20.5,21.5
3301.0,20.994054249683685,21.3002466188533,5.515952034717177,21.0,0,-0.3002466188533006,21.26928194992282,20.5,21.5
3302.0,20.99095862924069,21.29715043420073,5.514265586309393,21.0,0,-0.29715043420073073,21.266188587675032,20.5,21.5
3303.0,20.987863290632106,21.294054531653092,5.512578746265993,21.0,0,-0.29405453165309225,21.263095506176708,20.5,21.5
3304.0,20.984768233723234,21.290958911075123,5.510891515871581,21.0,0,-0.29095891107512273,21.260002705295427,20.5,21.5
3305.0,20.981673458379664,21.287863572331844,5.509203896411055,21.0,0,-0.2878635723318439,21.256910184899056,20.5,21.5
3306.0,20.97857896446727,21.28476851528856,5.507515889169611,21.0,0,-0.28476851528856173,21.25381794485574,20.5,21.5
3307.0,20.97548475185221,21.281673739810866,5.50582749543274,21.0,0,-0.2816737398108664,21.250725985033913,20.5,21.5
3308.0,20.972390820400925,21.278579245764632,5.504138716486228,21.0,0,-0.27857924576463233,21.24763430530229,20.5,21.5
3309.0,20.96929716998014,21.275485033016015,5.5024495536161515,21.0,0,-0.27548503301601457,21.244542905529837,20.5,21.5
3310.0,20.966203800456867,21.272391101431452,5.500760008108883,21.0,0,-0.2723911014314524,21.24145178558583,20.5,21.5
3311.0,20.9631107116984,21.26929745087768,5.499070081251085,21.0,0,-0.26929745087768,21.238360945339956,20.5,21.5
3312.0,20.960017903572307,21.266204081221694,5.49737977432971,21.0,0,-0.26620408122169437,21.23527038466184,20.5,21.5
3313.0,20.956925375946458,21.2631109923308,5.495689088632,21.0,0,-0.2631109923308017,21.232180103421875,20.5,21.5
3314.0,20.953833128688995,21.26001818407257,5.493998025445486,21.0,0,-0.26001818407257105,21.229090101490264,20.5,21.5
3315.0,20.950741161668347,21.25692565631487,5.492306586057986,21.0,0,-0.25692565631486985,21.226000378737858,20.5,21.5
3316.0,20.947649474753224,21.253833408925836,5.490614771757604,21.0,0,-0.2538334089258356,21.222910935035493,20.5,21.5
3317.0,20.944558067812626,21.250741441773897,5.488922583832734,21.0,0,-0.2507414417738971,21.219821770254512,20.5,21.5
3318.0,20.94146694071583,21.247649754727775,5.487230023572046,21.0,0,-0.2476497547277745,21.21673288426655,20.5,21.5
3319.0,20.9383760933324,21.244558347656458,5.485537092264499,21.0,0,-0.2445583476564579,21.213644276943292,20.5,21.5
3320.0,20.935285525532187,21.241467220429225,5.483843791199336,21.0,0,-0.2414672204292252,21.210555948156898,20.5,21.5
3321.0,20.932195237185322,21.238376372915646,5.482150121666077,21.0,0,-0.23837637291564562,21.20746789777985,20.5,21.5
3322.0,20.929105228162218,21.235285804985562,5.480456084954528,21.0,0,-0.23528580498556195,21.204380125684725,20.5,21.5
3323.0,20.926015498333577,21.232195516509115,5.478761682354769,21.0,0,-0.2321955165091154,21.20129263174465,20.5,21.5
3324.0,20.92292604757038,21.22910550735671,5.477066915157162,21.0,0,-0.2291055073567101,21.198205415832657,20.5,21.5
3325.0,20.9198368757439,21.22601577739905,5.475371784652347,21.0,0,-0.22601577739904855,21.195118477822433,20.5,21.5
3326.0,20.91674798272568,21.22292632650712,5.473676292131238,21.0,0,-0.22292632650712108,21.192031817587846,20.5,21.5
3327.0,20.913659368387563,21.21983715455219,5.471980438885026,21.0,0,-0.21983715455219155,21.188945435002896,20.5,21.5
3328.0,20.910571032601663,21.216748261405808,5.47028422620518,21.0,0,-0.21674826140580805,21.185859329941973,20.5,21.5
3329.0,20.907482975240384,21.21365964693981,5.468587655383438,21.0,0,-0.21365964693981,21.18277350227983,20.5,21.5
3330.0,20.904395196176413,21.210571311026307,5.466890727711811,21.0,0,-0.21057131102630677,21.179687951891275,20.5,21.5
3331.0,20.90130769528272,21.207483253537717,5.465193444482585,21.0,0,-0.2074832535377169,21.176602678651818,20.5,21.5
3332.0,20.898220472432563,21.20439547434672,5.463495806988314,21.0,0,-0.20439547434671823,21.17351768243673,20.5,21.5
3333.0,20.895133527499475,21.20130797332628,5.461797816521824,21.0,0,-0.20130797332627992,21.170432963121897,20.5,21.5
3334.0,20.89204686035728,21.19822075034966,5.460099474376209,21.0,0,-0.19822075034965891,21.16734852058345,20.5,21.5
3335.0,20.888960470880082,21.19513380529039,5.458400781844829,21.0,0,-0.19513380529038926,21.164264354697693,20.5,21.5
3336.0,20.885874358942274,21.1920471380223,5.456701740221312,21.0,0,-0.1920471380222999,21.161180465341406,20.5,21.5
3337.0,20.88278852441853,21.188960748419493,5.455002350799552,21.0,0,-0.18896074841949329,21.158096852391427,20.5,21.5
3338.0,20.879702967183807,21.185874636356356,5.45330261487371,21.0,0,-0.18587463635635615,21.155013515724985,20.5,21.5
3339.0,20.876617687113345,21.18278880170757,5.451602533738207,21.0,0,-0.18278880170757006,21.15193045521971,20.5,21.5
3340.0,20.87353268408267,21.179703244348087,5.449902108687731,21.0,0,-0.1797032443480866,21.148847670753252,20.5,21.5
3341.0,20.87044795796759,21.17661796415315,5.448201341017226,21.0,0,-0.17661796415314868,21.14576516220377,20.5,21.5
3342.0,20.8673635086442,21.173532960998283,5.4465002320219025,21.0,0,-0.17353296099828341,21.14268292944963,20.5,21.5
3343.0,20.864279335988876,21.1704482347593,5.44479878299723,21.0,0,-0.1704482347592986,21.13960097236945,20.5,21.5
3344.0,20.861195439878276,21.167363785312283,5.4430969952389345,21.0,0,-0.1673637853122827,21.136519290842124,20.5,21.5
3345.0,20.85811182018935,21.16427961253362,5.441394870043003,21.0,0,-0.164279612533619,21.133437884746982,20.5,21.5
3346.0,20.855028476799323,21.161195716299964,5.4396924087056755,21.0,0,-0.16119571629996443,21.13035675396342,20.5,21.5
3347.0,20.851945409585703,21.158112096488267,5.4379896125234515,21.0,0,-0.15811209648826718,21.127275898371295,20.5,21.5
3348.0,20.848862618426292,21.15502875297575,5.4362864827930855,21.0,0,-0.15502875297574903,21.124195317850567,20.5,21.5
3349.0,20.845780103199164,21.15194568563993,5.434583020811583,21.0,0,-0.15194568563993016,21.12111501228174,20.5,21.5
3350.0,20.842697863782686,21.148862894358597,5.432879227876206,21.0,0,-0.14886289435859723,21.118034981545268,20.5,21.5
3351.0,20.839615900055506,21.145780379009835,5.431175105284466,21.0,0,-0.14578037900983531,21.114955225522216,20.5,21.5
3352.0,20.836534211896552,21.142698139472007,5.429470654334127,21.0,0,-0.1426981394720066,21.11187574409372,20.5,21.5
3353.0,20.83345279918504,21.139616175623754,5.4277658763232015,21.0,0,-0.13961617562375395,21.108796537141227,20.5,21.5
3354.0,20.830371661800466,21.136534487344015,5.4260607725499534,21.0,0,-0.13653448734401508,21.105717604546626,20.5,21.5
3355.0,20.827290799622617,21.133453074512,5.424355344312892,21.0,0,-0.13345307451200128,21.102638946191863,20.5,21.5
3356.0,20.824210212531554,21.13037193700721,5.422649592910778,21.0,0,-0.1303719370072116,21.099560561959315,20.5,21.5
3357.0,20.82112990040763,21.127291074709426,5.420943519642612,21.0,0,-0.1272910747094258,21.096482451731568,20.5,21.5
3358.0,20.818049863131478,21.124210487498715,5.419237125807644,21.0,0,-0.12421048749871488,21.093404615391606,20.5,21.5
3359.0,20.814970100584013,21.121130175255423,5.417530412705367,21.0,0,-0.12113017525542347,21.09032705282251,20.5,21.5
3360.0,20.811890612646437,21.118050137860187,5.415823381635518,21.0,0,-0.11805013786018748,21.087249763907828,20.5,21.5
3361.0,20.808811399200234,21.114970375193927,5.414116033898076,21.0,0,-0.11497037519392705,21.084172748531323,20.5,21.5
3362.0,20.805732460127174,21.111890887137832,5.412408370793259,21.0,0,-0.11189088713783235,21.081096006576885,20.5,21.5
3363.0,20.802653795309308,21.1088116735734,5.410700393621528,21.0,0,-0.10881167357339905,21.078019537929066,20.5,21.5
3364.0,20.79957540462897,21.105732734382393,5.408992103683581,21.0,0,-0.10573273438239283,21.07494334247233,20.5,21.5
3365.0,20.796497287968783,21.102654069446864,5.407283502280355,21.0,0,-0.10265406944686362,21.07186742009157,20.5,21.5
3366.0,20.793419445211647,21.099575678649146,5.405574590713025,21.0,0,-0.09957567864914552,21.068791770671965,20.5,21.5
3367.0,20.79034187624075,21.09649756187186,5.403865370283002,21.0,0,-0.09649756187186043,21.06571639409901,20.5,21.5
3368.0,20.787264580939556,21.09341971899791,5.40215584229193,21.0,0,-0.0934197189979109,21.062641290258416,20.5,21.5
3369.0,20.784187559191828,21.09034214991048,5.40044600804169,21.0,0,-0.09034214991048017,21.059566459036173,20.5,21.5
3370.0,20.781110810881597,21.087264854493043,5.398735868834395,21.0,0,-0.08726485449304278,21.05649190031867,20.5,21.5
3371.0,20.77803433589319,21.08418783262935,5.39702542597239,21.0,0,-0.08418783262935037,21.053417613992426,20.5,21.5
3372.0,20.774958134111206,21.08111108420344,5.3953146807582515,21.0,0,-0.08111108420343882,21.050343599944323,20.5,21.5
3373.0,20.771882205420535,21.078034609099635,5.393603634494789,21.0,0,-0.07803460909963533,21.0472698580616,20.5,21.5
3374.0,20.76880654970635,21.074958407202537,5.391892288485036,21.0,0,-0.0749584072025371,21.044196388231555,20.5,21.5
3375.0,20.765731166854106,21.07188247839704,5.390180644032256,21.0,0,-0.07188247839703976,21.041123190342066,20.5,21.5
3376.0,20.76265605674954,21.068806822568312,5.388468702439944,21.0,0,-0.0688068225683125,21.03805026428104,20.5,21.5
3377.0,20.75958121927868,21.06573143960181,5.386756465011816,21.0,0,-0.06573143960180872,21.03497760993677,20.5,21.5
3378.0,20.756506654327826,21.062656329383266,5.385043933051816,21.0,0,-0.06265632938326604,21.03190522719784,20.5,21.5
3379.0,20.75343236178357,21.059581491798706,5.38333110786411,21.0,0,-0.05958149179870631,21.02883311595311,20.5,21.5
3380.0,20.750358341532788,21.056506926734443,5.38161799075309,21.0,0,-0.056506926734442686,21.025761276091806,20.5,21.5
3381.0,20.74728459346263,21.053432634077062,5.37990458302337,21.0,0,-0.05343263407706189,21.022689707503254,20.5,21.5
3382.0,20.744211117460544,21.050358613713435,5.378190885979782,21.0,0,-0.05035861371343486,21.019618410077165,20.5,21.5
3383.0,20.74113791341425,21.04728486553072,5.3764769009273845,21.0,0,-0.04728486553072031,21.016547383703575,20.5,21.5
3384.0,20.738064981211753,21.044211389416358,5.37476262917145,21.0,0,-0.044211389416357605,21.01347662827273,20.5,21.5
3385.0,20.734992320741345,21.04113818525807,5.373048072017469,21.0,0,-0.04113818525807034,21.010406143675198,20.5,21.5
3386.0,20.7319199318916,21.03806525294386,5.371333230771154,21.0,0,-0.03806525294385921,21.007335929801748,20.5,21.5
3387.0,20.728847814551376,21.034992592362027,5.369618106738431,21.0,0,-0.0349925923620269,21.004265986543704,20.5,21.5
3388.0,20.725775968609813,21.031920203401143,5.367902701225439,21.0,0,-0.031920203401142544,21.0011963137923,20.5,21.5
3389.0,20.722704393956338,21.028848085950056,5.366187015538539,21.0,0,-0.028848085950055946,20.99812691143919,20.5,21.5
3390.0,20.719633090480656,21.02577623989792,5.364471050984296,21.0,0,-0.025776239897918884,20.99505777937655,20.5,21.5
3391.0,20.716562058072757,21.022704665134153,5.362754808869492,21.0,0,-0.022704665134153146,20.991988917496496,20.5,21.5
3392.0,20.713491296622916,21.01963336154846,5.36103829050112,21.0,0,-0.01963336154846118,20.98892032569154,20.5,21.5
3393.0,20.71042080602169,21.016562329030837,5.359321497186385,21.0,0,-0.016562329030836764,20.985852003854593,20.5,21.5
3394.0,20.707350586159926,21.013491567471554,5.3576044302326995,21.0,0,-0.013491567471554333,20.98278395187873,20.5,21.5
3395.0,20.70428063692874,21.010421076761173,5.355887090947684,21.0,0,-0.010421076761172543,20.979716169657355,20.5,21.5
3396.0,20.701210958219544,21.00735085679053,5.354169480639166,21.0,0,-0.007350856790530713,20.976648657084112,20.5,21.5
3397.0,20.698141549924028,21.004280907450756,5.352451600615184,21.0,0,-0.004280907450755933,20.973581414053008,20.5,21.5
3398.0,20.695072411934166,21.001211228633245,5.350733452183974,21.0,0,-0.0012112286332452982,20.97051444045814,20.5,21.5
3399.0,20.692003544142217,20.998141820229705,5.3490150366539835,21.0,0,0.0018581797702950098,20.967447736194302,20.5,21.5
3400.0,20.68893494644072,20.9950726821321,5.347296355333861,21.0,0,0.004927317867899461,20.964381301156056,20.5,21.5
3401.0,20.6858666187225,20.992003814232692,5.3455774095324555,21.0,0,0.00799618576730765,20.96131513523861,20.5,21.5
3402.0,20.682798560880663,20.988935216424018,5.343858200558819,21.0,0,0.011064783575982062,20.958249238337274,20.5,21.5
3403.0,20.679730772808597,20.985866888598906,5.342138729722206,21.0,0,0.014133111401093856,20.955183610347788,20.5,21.5
3404.0,20.67666325439998,20.98279883065046,5.340418998332066,21.0,0,0.017201169349540635,20.95211825116599,20.5,21.5
3405.0,20.673596005548767,20.979731042472068,5.3386990076980485,21.0,0,0.02026895752793223,20.949053160688152,20.5,21.5
3406.0,20.670529026149197,20.976663523957406,5.336978759130005,21.0,0,0.023336476042594256,20.945988338810785,20.5,21.5
3407.0,20.667462316095794,20.973596275000432,5.335258253937978,21.0,0,0.026403724999568112,20.942923785430693,20.5,21.5
3408.0,20.66439587528336,20.970529295495385,5.333537493432204,21.0,0,0.02947070450461453,20.93985950044492,20.5,21.5
3409.0,20.66132970360699,20.967462585336786,5.3318164789231215,21.0,0,0.03253741466321358,20.936795483750796,20.5,21.5
3410.0,20.658263800962054,20.964396144419446,5.330095211721355,21.0,0,0.03560385558055401,20.93373173524604,20.5,21.5
3411.0,20.655198167244205,20.961329972638445,5.328373693137727,21.0,0,0.03867002736155456,20.93066825482844,20.5,21.5
3412.0,20.652132802349385,20.958264069889164,5.326651924483245,21.0,0,0.04173593011083554,20.927605042396355,20.5,21.5
3413.0,20.649067706173813,20.955198436067256,5.324929907069113,21.0,0,0.044801563932743704,20.924542097848175,20.5,21.5
3414.0,20.64600287861399,20.952133071068655,5.3232076422067225,21.0,0,0.04786692893134514,20.92147942108264,20.5,21.5
3415.0,20.64293831956671,20.949067974789585,5.321485131207652,21.0,0,0.05093202521041462,20.91841701199889,20.5,21.5
3416.0,20.63987402892904,20.946003147126554,5.31976237538367,21.0,0,0.053996852873446244,20.915354870496238,20.5,21.5
3417.0,20.63681000659833,20.942938587976343,5.3180393760467295,21.0,0,0.057061412023657,20.912292996474235,20.5,21.5
3418.0,20.63374625247222,20.939874297236024,5.316316134508967,21.0,0,0.06012570276397611,20.909231389832833,20.5,21.5
3419.0,20.63068276644863,20.93681027480295,5.314592652082709,21.0,0,0.06318972519704857,20.906170050472227,20.5,21.5
3420.0,20.627619548425756,20.93374652057476,5.312868930080462,21.0,0,0.06625347942523874,20.90310897829286,20.5,21.5
3421.0,20.624556598302085,20.93068303444937,5.311144969814913,21.0,0,0.06931696555063027,20.900048173195454,20.5,21.5
3422.0,20.621493915976387,20.92761981632498,5.309420772598937,21.0,0,0.07238018367501908,20.896987635081093,20.5,21.5
3423.0,20.61843150134771,20.92455686610008,5.307696339745581,21.0,0,0.07544313389992041,20.893927363851066,20.5,21.5
3424.0,20.61536935431539,20.92149418367343,5.305971672568077,21.0,0,0.07850581632656883,20.890867359406947,20.5,21.5
3425.0,20.61230747477904,20.91843176894409,5.304246772379833,21.0,0,0.08156823105591116,20.887807621650666,20.5,21.5
3426.0,20.60924586263856,20.915369621811383,5.302521640494438,21.0,0,0.08463037818861707,20.884748150484324,20.5,21.5
3427.0,20.60618451779413,20.91230774217493,5.300796278225654,21.0,0,0.08769225782506851,20.881688945810417,20.5,21.5
3428.0,20.603123440146216,20.909246129934633,5.299070686887419,21.0,0,0.09075387006536673,20.87863000753165,20.5,21.5
3429.0,20.600062629595566,20.906184784990668,5.297344867793846,21.0,0,0.09381521500933232,20.87557133555101,20.5,21.5
3430.0,20.597002086043204,20.903123707243502,5.295618822259222,21.0,0,0.09687629275649812,20.872512929771844,20.5,21.5
3431.0,20.593941809390447,20.90006289659388,5.293892551598003,21.0,0,0.09993710340611983,20.869454790097663,20.5,21.5
3432.0,20.590881799538888,20.89700235294283,5.292166057124823,21.0,0,0.10299764705716896,20.86639691643234,20.5,21.5
3433.0,20.587822056390404,20.89394207619167,5.290439340154482,21.0,0,0.10605792380832924,20.863339308680068,20.5,21.5
3434.0,20.58476257984716,20.89088206624199,5.288712402001948,21.0,0,0.10911793375801082,20.860281966745173,20.5,21.5
3435.0,20.58170336981159,20.887822322995667,5.286985243982358,21.0,0,0.11217767700433257,20.85722489053245,20.5,21.5
3436.0,20.578644426186422,20.884762846354864,5.2852578674110235,21.0,0,0.1152371536451362,20.854168079946827,20.5,21.5
3437.0,20.575585748874666,20.88170363622202,5.2835302736034135,21.0,0,0.11829636377797925,20.85111153489359,20.5,21.5
3438.0,20.57252733777961,20.87864469249986,5.281802463875165,21.0,0,0.12135530750013857,20.84805525527827,20.5,21.5
3439.0,20.56946919280483,20.875586015091393,5.2800744395420836,21.0,0,0.12441398490860678,20.84499924100671,20.5,21.5
3440.0,20.56641131385418,20.872527603899915,5.278346201920131,21.0,0,0.1274723961000852,20.84194349198513,20.5,21.5
3441.0,20.56335370083179,20.869469458828988,5.276617752325437,21.0,0,0.13053054117101226,20.838888008119717,20.5,21.5
3442.0,20.560296353642087,20.866411579782472,5.274889092074293,21.0,0,0.13358842021752793,20.835832789317315,20.5,21.5
3443.0,20.557239272189772,20.8633539666645,5.273160222483147,21.0,0,0.13664603333549863,20.832777835484794,20.5,21.5
3444.0,20.55418245637983,20.860296619379504,5.27143114486861,21.0,0,0.13970338062049592,20.82972314652953,20.5,21.5
3445.0,20.55112590611753,20.857239537832175,5.269701860547446,21.0,0,0.1427604621678249,20.826668722358885,20.5,21.5
3446.0,20.548069621308418,20.854182721927497,5.267972370836585,21.0,0,0.1458172780725029,20.823614562880717,20.5,21.5
3447.0,20.545013601858322,20.851126171570748,5.266242677053105,21.0,0,0.14887382842925234,20.820560668003253,20.5,21.5
3448.0,20.541957847673363,20.848069886667467,5.264512780514244,21.0,0,0.1519301133325328,20.817507037634662,20.5,21.5
3449.0,20.538902358659932,20.845013867123487,5.262782682537396,21.0,0,0.15498613287651253,20.81445367168369,20.5,21.5
3450.0,20.53584713472471,20.84195811284492,5.261052384440104,21.0,0,0.15804188715507905,20.811400570059256,20.5,21.5
3451.0,20.532792175774652,20.83890262373817,5.259321887540064,21.0,0,0.16109737626182863,20.808347732670676,20.5,21.5
3452.0,20.529737481717007,20.835847399709905,5.257591193155125,21.0,0,0.1641526002900946,20.805295159427246,20.5,21.5
3453.0,20.526683052459294,20.832792440667088,5.255860302603288,21.0,0,0.16720755933291187,20.802242850238915,20.5,21.5
3454.0,20.52362888790932,20.829737746516965,5.2541292172027,21.0,0,0.1702622534830347,20.799190805015737,20.5,21.5
3455.0,20.52057498797518,20.82668331716706,5.25239793827166,21.0,0,0.17331668283294022,20.796139023668005,20.5,21.5
3456.0,20.51752135256524,20.82362915252518,5.250666467128609,21.0,0,0.17637084747482135,20.793087506106367,20.5,21.5
3457.0,20.51446798158815,20.820575252499406,5.248934805092139,21.0,0,0.1794247475005939,20.79003625224168,20.5,21.5
3458.0,20.51141487495285,20.817521616998118,5.247202953480985,21.0,0,0.18247838300188235,20.786985261985233,20.5,21.5
3459.0,20.508362032568556,20.814468245929966,5.24547091361403,21.0,0,0.18553175407003408,20.78393453524845,20.5,21.5
3460.0,20.505309454344765,20.81141513920388,5.243738686810295,21.0,0,0.18858486079611936,20.780884071943028,20.5,21.5
3461.0,20.502257140191258,20.808362296729086,5.242006274388948,21.0,0,0.19163770327091356,20.777833871981144,20.5,21.5
3462.0,20.499205090018098,20.805309718415074,5.240273677669294,21.0,0,0.19469028158492563,20.774783935274954,20.5,21.5
3463.0,20.49615330373563,20.802257404171634,5.2385408979707835,21.0,0,0.19774259582836606,20.77173426173723,20.5,21.5
3464.0,20.493101781254474,20.799205353908818,5.236807936613001,21.0,0,0.20079464609118247,20.768684851280653,20.5,21.5
3465.0,20.490050522485546,20.796153567536972,5.2350747949156755,21.0,0,0.20384643246302758,20.76563570381852,20.5,21.5
3466.0,20.486999527340032,20.793102044966727,5.233341474198667,21.0,0,0.20689795503327346,20.762586819264268,20.5,21.5
3467.0,20.483948795729404,20.790050786108985,5.231607975781975,21.0,0,0.20994921389101506,20.75953819753157,20.5,21.5
3468.0,20.480898327565413,20.786999790874944,5.229874300985733,21.0,0,0.21300020912505602,20.756489838534534,20.5,21.5
3469.0,20.477848122760097,20.78394905917607,5.228140451130212,21.0,0,0.21605094082392995,20.75344174218733,20.5,21.5
3470.0,20.474798181225772,20.780898590924117,5.226406427535814,21.0,0,0.2191014090758827,20.75039390840459,20.5,21.5
3471.0,20.471748502875034,20.777848386031117,5.224672231523071,21.0,0,0.22215161396888305,20.747346337101114,20.5,21.5
3472.0,20.468699087620763,20.77479844440939,5.222937864412652,21.0,0,0.2252015555906084,20.744299028192138,20.5,21.5
3473.0,20.46564993537612,20.77174876597153,5.22120332752535,21.0,0,0.2282512340284697,20.741251981592917,20.5,21.5
3474.0,20.46260104605455,20.768699350630424,5.219468622182091,21.0,0,0.23130064936957595,20.73820519721936,20.5,21.5
3475.0,20.45955241956978,20.765650198299227,5.217733749703929,21.0,0,0.23434980170077324,20.735158674987254,20.5,21.5
3476.0,20.456504055835804,20.76260130889138,5.215998711412046,21.0,0,0.23739869110861989,20.732112414812914,20.5,21.5
3477.0,20.45345595476692,20.75955268232061,5.214263508627749,21.0,0,0.24044731767938998,20.72906641661291,20.5,21.5
3478.0,20.450408116277693,20.756504318500927,5.212528142672467,21.0,0,0.2434956814990734,20.726020680304092,20.5,21.5
3479.0,20.447360540282972,20.75345621734661,5.21079261486776,21.0,0,0.24654378265339005,20.722975205803444,20.5,21.5
3480.0,20.44431322669789,20.75040837877223,5.2090569265353075,21.0,0,0.24959162122776846,20.719929993028448,20.5,21.5
3481.0,20.441266175437857,20.747360802692643,5.207321078996911,21.0,0,0.2526391973073565,20.716885041896763,20.5,21.5
3482.0,20.43821938641857,20.744313489022975,5.205585073574493,21.0,0,0.255686510977025,20.71384035232629,20.5,21.5
3483.0,20.435172859556,20.741266437678636,5.203848911590101,21.0,0,0.258733562321364,20.710795924235246,20.5,21.5
3484.0,20.43212659476641,20.738219648575324,5.202112594365893,21.0,0,0.26178035142467593,20.707751757542205,20.5,21.5
3485.0,20.42908059196633,20.73517312162901,5.200376123224153,21.0,0,0.2648268783709895,20.704707852165875,20.5,21.5
3486.0,20.42603485107258,20.732126856755954,5.198639499487278,21.0,0,0.26787314324404576,20.70166420802539,20.5,21.5
3487.0,20.422989372002263,20.729080853872695,5.196902724477783,21.0,0,0.27091914612730505,20.698620825040102,20.5,21.5
3488.0,20.41994415467276,20.726035112896046,5.1951657995183,21.0,0,0.27396488710395417,20.695577703129555,20.5,21.5
3489.0,20.41689919900173,20.722989633743108,5.193428725931569,21.0,0,0.2770103662568921,20.69253484221373,20.5,21.5
3490.0,20.413854504907114,20.719944416331266,5.191691505040449,21.0,0,0.28005558366873373,20.68949224221285,20.5,21.5
3491.0,20.41081007230714,20.716899460578176,5.189954138167908,21.0,0,0.2831005394218238,20.686449903047276,20.5,21.5
3492.0,20.40776590112031,20.713854766401788,5.188216626637029,21.0,0,0.2861452335982122,20.683407824637904,20.5,21.5
3493.0,20.404721991265415,20.710810333720318,5.186478971771001,21.0,0,0.28918966627968246,20.680366006905615,20.5,21.5
3494.0,20.401678342661516,20.707766162452273,5.184741174893124,21.0,0,0.2922338375477267,20.67732444977183,20.5,21.5
3495.0,20.398634955227962,20.70472225251644,5.183003237326806,21.0,0,0.29527774748355995,20.674283153158107,20.5,21.5
3496.0,20.39559182888438,20.70167860383189,5.181265160395561,21.0,0,0.2983213961681095,20.671242116986395,20.5,21.5
3497.0,20.392548963550684,20.698635216317964,5.179526945423011,21.0,0,0.3013647836820361,20.668201341178698,20.5,21.5
3498.0,20.38950635914706,20.695592089894294,5.177788593732883,21.0,0,0.3044079101057058,20.665160825657598,20.5,21.5
3499.0,20.386464015593976,20.692549224480786,5.176050106649008,21.0,0,0.3074507755192144,20.6621205703457,20.5,21.5
3500.0,20.383421932812187,20.689506619997633,5.174311485495317,21.0,0,0.3104933800023666,20.65908057516611,20.5,21.5
3501.0,20.380380110722722,20.686464276365303,5.172572731595847,21.0,0,0.31353572363469695,20.656040840042,20.5,21.5
3502.0,20.377338549246897,20.683422193504544,5.170833846274736,21.0,0,0.31657780649545586,20.653001364896955,20.5,21.5
3503.0,20.374297248306302,20.68038037133639,5.169094830856218,21.0,0,0.3196196286636095,20.649962149654854,20.5,21.5
3504.0,20.37125620782281,20.677338809782157,5.167355686664631,21.0,0,0.32266119021784334,20.646923194239818,20.5,21.5
3505.0,20.368215427718578,20.674297508763438,5.1656164150244095,21.0,0,0.32570249123656225,20.64388449857625,20.5,21.5
3506.0,20.36517490791604,20.6712564682021,5.1638770172600825,21.0,0,0.32874353179790106,20.64084606258871,20.5,21.5
3507.0,20.362134648337907,20.668215688020304,5.162137494696277,21.0,0,0.33178431197969616,20.637807886202353,20.5,21.5
3508.0,20.359094648907178,20.665175168140475,5.160397848657718,21.0,0,0.3348248318595246,20.63476996934219,20.5,21.5
3509.0,20.356054909547126,20.66213490848534,5.158658080469219,21.0,0,0.3378650915146615,20.63173231193397,20.5,21.5
3510.0,20.353015430181312,20.659094908977885,5.156918191455691,21.0,0,0.3409050910221154,20.628694913903345,20.5,21.5
3511.0,20.349976210733566,20.656055169541393,5.155178182942132,21.0,0,0.34394483045860724,20.625657775176474,20.5,21.5
3512.0,20.346937251128008,20.653015690099412,5.153438056253638,21.0,0,0.3469843099005878,20.622620895679606,20.5,21.5
3513.0,20.343898551289033,20.649976470575787,5.151697812715389,21.0,0,0.3500235294242131,20.619584275339534,20.5,21.5
3514.0,20.340860111141318,20.646937510894624,5.149957453652656,21.0,0,0.3530624891053762,20.616547914082993,20.5,21.5
3515.0,20.33782193060982,20.643898810980325,5.1482169803907984,21.0,0,0.35610118901967525,20.613511811837334,20.5,21.5
3516.0,20.334784009619778,20.64086037075757,5.146476394255265,21.0,0,0.35913962924243137,20.610475968530007,20.5,21.5
3517.0,20.331746348096704,20.637822190151308,5.1447356965715825,21.0,0,0.3621778098486921,20.6074403840887,20.5,21.5
3518.0,20.328708945966397,20.634784269086783,5.142994888665372,21.0,0,0.36521573091321713,20.604405058441532,20.5,21.5
3519.0,20.325671803154936,20.631746607489507,5.141253971862334,21.0,0,0.3682533925104927,20.60136999151675,20.5,21.5
3520.0,20.322634919588676,20.62870920528528,5.13951294748825,21.0,0,0.3712907947147208,20.598335183242998,20.5,21.5
3521.0,20.319598295194258,20.625672062400174,5.13777181686899,21.0,0,0.3743279375998263,20.59530063354912,20.5,21.5
3522.0,20.316561929898594,20.62263517876055,5.136030581330497,21.0,0,0.3773648212394498,20.592266342364315,20.5,21.5
3523.0,20.31352582362888,20.619598554293045,5.134289242198799,21.0,0,0.3804014457069549,20.589232309617994,20.5,21.5
3524.0,20.310489976312592,20.616562188924576,5.1325478008,21.0,0,0.3834378110754244,20.58619853523988,20.5,21.5
3525.0,20.30745438787749,20.613526082582336,5.130806258460286,21.0,0,0.3864739174176641,20.58316501915994,20.5,21.5
3526.0,20.304419058251604,20.610490235193804,5.129064616505916,21.0,0,0.3895097648061956,20.58013176130849,20.5,21.5
3527.0,20.301383987363256,20.607454646686737,5.127322876263226,21.0,0,0.39254535331326323,20.57709876161606,20.5,21.5
3528.0,20.298349175141034,20.60441931698917,5.125581039058627,21.0,0,0.3955806830108308,20.574066020013493,20.5,21.5
3529.0,20.295314621513818,20.601384246029415,5.123839106218604,21.0,0,0.398615753970585,20.571033536431873,20.5,21.5
3530.0,20.292280326410758,20.598349433736068,5.122097079069714,21.0,0,0.4016505662639318,20.5680013108026,20.5,21.5
3531.0,20.28924628976129,20.595314880038007,5.120354958938587,21.0,0,0.40468511996199297,20.564969343057395,20.5,21.5
3532.0,20.286212511495126,20.59228058486438,5.118612747151924,21.0,0,0.40771941513562027,20.561937633128107,20.5,21.5
3533.0,20.283178991542258,20.589246548144622,5.116870445036493,21.0,0,0.4107534518553777,20.558906180947048,20.5,21.5
3534.0,20.280145729832956,20.586212769808448,5.115128053919134,21.0,0,0.41378723019155217,20.555874986446703,20.5,21.5
3535.0,20.277112726297773,20.58317924978585,5.113385575126755,21.0,0,0.4168207502141499,20.552844049559873,20.5,21.5
3536.0,20.274079980867537,20.5801459880071,5.111643009986328,21.0,0,0.41985401199289996,20.5498133702196,20.5,21.5
3537.0,20.27104749347336,20.57711298440275,5.109900359824891,21.0,0,0.42288701559725084,20.54678294835924,20.5,21.5
3538.0,20.268015264046632,20.574080238903626,5.108157625969551,21.0,0,0.42591976109637386,20.543752783912396,20.5,21.5
3539.0,20.264983292519016,20.571047751440837,5.1064148097474735,21.0,0,0.42895224855916325,20.540722876812943,20.5,21.5
3540.0,20.261951578822462,20.568015521945775,5.1046719124858875,21.0,0,0.43198447805422546,20.537693226995152,20.5,21.5
3541.0,20.258920122889194,20.564983550350103,5.102928935512089,21.0,0,0.43501644964989694,20.53466383439339,20.5,21.5
3542.0,20.255888924651718,20.561951836585777,5.101185880153427,21.0,0,0.4380481634142228,20.53163469894252,20.5,21.5
3543.0,20.25285798404282,20.558920380585015,5.099442747737316,21.0,0,0.4410796194149853,20.52860582057739,20.5,21.5
3544.0,20.24982730099556,20.55588918228032,5.097699539591227,21.0,0,0.44411081771967886,20.525577199233386,20.5,21.5
3545.0,20.246796875443277,20.552858241604486,5.095956257042689,21.0,0,0.44714175839551373,20.522548834846138,20.5,21.5
3546.0,20.243766707319597,20.54982755849057,5.094212901419285,21.0,0,0.45017244150943014,20.519520727351406,20.5,21.5
3547.0,20.240736796558416,20.54679713287191,5.092469474048659,21.0,0,0.4532028671280912,20.516492876685298,20.5,21.5
3548.0,20.237707143093914,20.543766964682128,5.090725976258508,21.0,0,0.4562330353178723,20.513465282784317,20.5,21.5
3549.0,20.234677746860548,20.54073705385513,5.0889824093765785,21.0,0,0.4592629461448716,20.510437945585135,20.5,21.5
3550.0,20.23164860779305,20.537707400325083,5.087238774730672,21.0,0,0.4622925996749174,20.507410865024625,20.5,21.5
3551.0,20.228619725826437,20.53467800402645,5.085495073648644,21.0,0,0.4653219959735502,20.504384041040122,20.5,21.5
3552.0,20.225591100896,20.531648864893967,5.0837513074583995,21.0,0,0.4683511351060332,20.501357473569136,20.5,21.5
3553.0,20.222562732937313,20.528619982862647,5.08200747748789,21.0,1,0.4713800171373528,20.49833116254945,20.5,21.5
3554.0,20.23953462188622,20.52959135786778,5.08026358506512,21.0,1,0.4704086421322202,20.539305107919105,20.5,21.5
3555.0,20.256502767678857,20.534562189844944,5.078519631518138,21.0,1,0.4654378101550556,20.58427050961659,20.5,21.5
3556.0,20.273467171051625,20.54353167888998,5.07677561817504,21.0,1,0.45646832111001956,20.63322656934034,20.5,21.5
3557.0,20.29042783274105,20.55649902525899,5.075031546363969,21.0,1,0.4435009747410099,20.686172488949087,20.5,21.5
3558.0,20.307384753483774,20.57346342936828,5.073287417413113,21.0,1,0.42653657063171835,20.743107470461197,20.5,21.5
3559.0,20.324337934016558,20.590424091794347,5.071543232650699,21.0,1,0.40957590820565315,20.760030716055,20.5,21.5
3560.0,20.341287375076284,20.607381013273834,5.069798993405002,21.0,1,0.39261898672616624,20.776950228068703,20.5,21.5
3561.0,20.35823307739995,20.6243341945435,5.0680547010043355,21.0,1,0.3756658054564994,20.79386600724017,20.5,21.5
3562.0,20.375175041724674,20.641283636340226,5.066310356777053,21.0,1,0.35871636365977366,20.810778054307484,20.5,21.5
3563.0,20.392113268787686,20.65822933940101,5.064565962051549,21.0,1,0.3417706605989892,20.827686370008855,20.5,21.5
3564.0,20.409047759326338,20.67517130446297,5.062821518156256,21.0,1,0.324828695537029,20.844590955082573,20.5,21.5
3565.0,20.425978514078103,20.692109532263334,5.061077026419646,21.0,1,0.30789046773666584,20.861491810266966,20.5,21.5
3566.0,20.44290553378057,20.709044023539455,5.059332488170222,21.0,1,0.2909559764605447,20.878388936300667,20.5,21.5
3567.0,20.45982881917145,20.72597477902881,5.057587904736527,21.0,1,0.27402522097118975,20.89528233392236,20.5,21.5
3568.0,20.476748370988563,20.742901799468985,5.0558432774471385,21.0,1,0.25709820053101495,20.912172003870733,20.5,21.5
3569.0,20.493664189969856,20.75982508559769,5.054098607630663,21.0,1,0.24017491440230998,20.92905794688474,20.5,21.5
3570.0,20.51057627685339,20.776744638152742,5.052353896615746,21.0,1,0.22325536184725792,20.945940163703263,20.5,21.5
3571.0,20.52748463237734,20.793660457872097,5.05060914573106,21.0,1,0.20633954212790329,20.962818655065643,20.5,21.5
3572.0,20.544389257280013,20.81057254549381,5.048864356305307,21.0,1,0.18942745450619114,20.97969342171093,20.5,21.5
3573.0,20.56129015229982,20.827480901756058,5.047119529667221,21.0,1,0.17251909824394218,20.996564464378547,20.5,21.5
3574.0,20.578187318175292,20.844385527397144,5.045374667145563,21.0,1,0.15561447260285632,21.013431783808002,20.5,21.5
3575.0,20.595080755645085,20.861286423155484,5.043629770069122,21.0,1,0.13871357684451624,21.030295380738885,20.5,21.5
3576.0,20.61197046544797,20.878183589769613,5.041884839766714,21.0,1,0.12181641023038736,21.0471552559109,20.5,21.5
3577.0,20.628856448322836,20.895077027978175,5.040139877567179,21.0,1,0.10492297202182499,21.0640114100638,20.5,21.5
3578.0,20.645738705008686,20.91196673851995,5.03839488479938,21.0,1,0.08803326148004942,21.080863843937706,20.5,21.5
3579.0,20.662617236244643,20.92885272213382,5.036649862792205,21.0,1,0.07114727786618147,21.097712558272498,20.5,21.5
3580.0,20.67949204276995,20.945734979558793,5.034904812874567,21.0,1,0.05426502044120696,21.114557553808538,20.5,21.5
3581.0,20.696363125323973,20.962613511533995,5.033159736375395,21.0,1,0.03738648846600512,21.131398831286013,20.5,21.5
3582.0,20.713230484646182,20.979488318798666,5.031414634623642,21.0,1,0.020511681201334397,21.148236391445373,20.5,21.5
3583.0,20.730094121476178,20.99635940209216,5.029669508948277,21.0,1,0.003640597907839549,21.16507023502711,20.5,21.5
3584.0,20.74695403655367,21.01322676215397,5.02792436067829,21.0,1,-0.013226762153969673,21.181900362772062,20.5,21.5
3585.0,20.763810230618496,21.03009039972368,5.026179191142689,21.0,1,-0.03009039972367944,21.198726775420777,20.5,21.5
3586.0,20.780662704410602,21.046950315541004,5.024434001670494,21.0,1,-0.04695031554100382,21.215549473714248,20.5,21.5
3587.0,20.797511458670055,21.063806510345778,5.022688793590746,21.0,1,-0.06380651034577767,21.232368458393516,20.5,21.5
3588.0,20.81435649413704,21.08065898487795,5.020943568232492,21.0,1,-0.08065898487794954,21.249183730199668,20.5,21.5
3589.0,20.83119781155186,21.09750773987759,5.0191983269248,21.0,1,-0.09750773987758876,21.26599528987398,20.5,21.5
3590.0,20.848035411654934,21.114352776084875,5.017453070996748,21.0,1,-0.11435277608487482,21.282803138157735,20.5,21.5
3591.0,20.864869295186804,21.131194094240115,5.015707801777423,21.0,1,-0.13119409424011508,21.299607275792518,20.5,21.5
3592.0,20.881699462888122,21.148031695083727,5.013962520595922,21.0,1,-0.14803169508372704,21.316407703519847,20.5,21.5
3593.0,20.898525915499665,21.164865579356253,5.012217228781357,21.0,1,-0.16486557935625257,21.333204422081508,20.5,21.5
3594.0,20.915348653762322,21.181695747798344,5.01047192766284,21.0,1,-0.18169574779834363,21.349997432219254,20.5,21.5
3595.0,20.932167678417102,21.198522201150777,5.008726618569494,21.0,1,-0.19852220115077657,21.366786734675106,20.5,21.5
3596.0,20.94898299020513,21.215344940154445,5.0069813028304475,21.0,1,-0.21534494015444494,21.38357233019113,20.5,21.5
3597.0,20.965794589867656,21.23216396555035,5.0052359817748355,21.0,1,-0.2321639655503489,21.40035421950939,20.5,21.5
3598.0,20.98260247814604,21.248979278079627,5.003490656731797,21.0,1,-0.24897927807962716,21.41713240337241,20.5,21.5
3599.0,20.999406655781755,21.265790878483514,5.00174532903047,21.0,1,-0.26579087848351435,21.433906882522386,20.5,21.5
