t,T_true,T_meas,T_out,setpoint,heater,error,T_pred,lower,upper
0.0,19.0,19.2,8.0,21.0,1,1.8000000000000007,19.2,20.0,22.0
1.0,19.0028,19.2014,8.001163552572116,21.0,1,1.7986000000000004,19.2014,20.0,22.0
2.0,19.005599672710517,19.202799890903506,8.00232710356895,21.0,1,1.7972001090964937,19.202799890903506,20.0,22.0
3.0,19.008399018196688,19.2041996727268,8.003490651415223,21.0,1,1.7958003272731986,19.2041996727268,20.0,22.0
4.0,19.011198036523332,19.205599345486107,8.00465419453566,21.0,1,1.7944006545138933,19.205599345486107,20.0,22.0
5.0,19.013996727754936,19.208398691037093,8.005817731354993,21.0,1,1.7916013089629068,19.208398691037093,20.0,22.0
6.0,19.016795091955657,19.211197709428227,8.006981260297962,21.0,1,1.7888022905717733,19.211197709428227,20.0,22.0
7.0,19.019593129189325,19.213996400723985,8.008144779789315,21.0,1,1.7860035992760146,19.213996400723985,20.0,22.0
8.0,19.022390839519446,19.21679476498854,8.009308288253816,21.0,1,1.7832052350114616,19.21679476498854,20.0,22.0
9.0,19.02518822300919,19.21959280228571,8.010471784116246,21.0,1,1.7804071977142897,19.21959280228571,20.0,22.0
10.0,19.027985279721413,19.222390512679006,8.011635265801397,21.0,1,1.7776094873209942,19.222390512679006,20.0,22.0
11.0,19.030782009718628,19.225187896231596,8.012798731734085,21.0,1,1.7748121037684044,19.225187896231596,20.0,22.0
12.0,19.03357841306303,19.227984953006338,8.013962180339146,21.0,1,1.772015046993662,19.227984953006338,20.0,22.0
13.0,19.036374489816485,19.230781683065747,8.015125610041437,21.0,1,1.7692183169342535,19.230781683065747,20.0,22.0
14.0,19.03917024004053,19.233578086472015,8.016289019265846,21.0,1,1.766421913527985,19.233578086472015,20.0,22.0
15.0,19.041965663796375,19.23637416328701,8.017452406437284,21.0,1,1.7636258367129898,19.23637416328701,20.0,22.0
16.0,19.044760761144904,19.239169913572265,8.018615769980693,21.0,1,1.7608300864277346,19.239169913572265,20.0,22.0
17.0,19.04755553214667,19.241965337388994,8.019779108321048,21.0,1,1.7580346626110064,19.241965337388994,20.0,22.0
18.0,19.050349976861906,19.244760434798074,8.020942419883356,21.0,1,1.7552395652019257,19.244760434798074,20.0,22.0
19.0,19.05314409535051,19.247555205860074,8.022105703092665,21.0,1,1.752444794139926,19.247555205860074,20.0,22.0
20.0,19.05593788767206,19.250349650635208,8.023268956374057,21.0,1,1.7496503493647921,19.250349650635208,20.0,22.0
21.0,19.0587313538858,19.25314376918339,8.024432178152653,21.0,1,1.7468562308166113,19.25314376918339,20.0,22.0
22.0,19.061524494050655,19.25593756156419,8.025595366853622,21.0,1,1.7440624384358117,19.25593756156419,20.0,22.0
23.0,19.064317308225217,19.258731027836852,8.026758520902176,21.0,1,1.741268972163148,19.258731027836852,20.0,22.0
24.0,19.06710979646775,19.2615241680603,8.02792163872357,21.0,1,1.7384758319396987,19.2615241680603,20.0,22.0
25.0,19.0699019588362,19.26431698229313,8.029084718743112,21.0,1,1.7356830177068687,19.26431698229313,20.0,22.0
26.0,19.072693795388183,19.267109470593606,8.03024775938616,21.0,1,1.7328905294063937,19.267109470593606,20.0,22.0
27.0,19.075485306180983,19.269901633019675,8.031410759078128,21.0,1,1.7300983669803252,19.269901633019675,20.0,22.0
28.0,19.078276491271563,19.27269346962894,8.032573716244482,21.0,1,1.7273065303710595,19.27269346962894,20.0,22.0
29.0,19.08106735071656,19.2754849804787,8.033736629310743,21.0,1,1.7245150195212986,19.2754849804787,20.0,22.0
30.0,19.08385788457228,19.27827616562592,8.0348994967025,21.0,1,1.7217238343740817,19.27827616562592,20.0,22.0
31.0,19.086648092894706,19.28106702512722,8.036062316845399,21.0,1,1.7189329748727786,19.28106702512722,20.0,22.0
32.0,19.089437975739497,19.283857559038925,8.037225088165146,21.0,1,1.7161424409610753,19.283857559038925,20.0,22.0
33.0,19.09222753316198,19.28664776741701,8.03838780908752,21.0,1,1.7133522325829915,19.28664776741701,20.0,22.0
34.0,19.095016765217167,19.289437650317133,8.039550478038365,21.0,1,1.710562349682867,19.289437650317133,20.0,22.0
35.0,19.09780567195973,19.29222720779462,8.040713093443596,21.0,1,1.707772792205379,19.29222720779462,20.0,22.0
36.0,19.100594253444026,19.295016439904483,8.0418756537292,21.0,1,1.704983560095517,19.295016439904483,20.0,22.0
37.0,19.10338250972408,19.2978053467014,8.043038157321238,21.0,1,1.7021946532986014,19.2978053467014,20.0,22.0
38.0,19.1061704408536,19.300593928239724,8.04420060264585,21.0,1,1.6994060717602757,19.300593928239724,20.0,22.0
39.0,19.10895804688596,19.303382184573483,8.045362988129254,21.0,1,1.6966178154265172,19.303382184573483,20.0,22.0
40.0,19.111745327874207,19.30617011575638,8.046525312197746,21.0,1,1.6938298842436197,19.30617011575638,20.0,22.0
41.0,19.11453228387107,19.30895772184179,8.047687573277711,21.0,1,1.6910422781582106,19.30895772184179,20.0,22.0
42.0,19.11731891492895,19.311745002882766,8.048849769795613,21.0,1,1.6882549971172338,19.311745002882766,20.0,22.0
43.0,19.120105221099923,19.31453195893203,8.050011900178008,21.0,1,1.6854680410679705,19.31453195893203,20.0,22.0
44.0,19.12289120243574,19.317318590041985,8.05117396285154,21.0,1,1.6826814099580147,19.317318590041985,20.0,22.0
45.0,19.12567685898782,19.32010489626471,8.052335956242944,21.0,1,1.6798951037352907,19.32010489626471,20.0,22.0
46.0,19.12846219080727,19.32289087765195,8.05349787877905,21.0,1,1.6771091223480497,19.32289087765195,20.0,22.0
47.0,19.131247197944862,19.32567653425513,8.054659728886781,21.0,1,1.6743234657448696,19.32567653425513,20.0,22.0
48.0,19.13403188045105,19.32846186612536,8.055821504993164,21.0,1,1.6715381338746411,19.32846186612536,20.0,22.0
49.0,19.13681623837596,19.3312468733134,8.05698320552532,21.0,1,1.6687531266865996,19.3312468733134,20.0,22.0
50.0,19.13960027176939,19.334031555869714,8.058144828910477,21.0,1,1.6659684441302858,19.334031555869714,20.0,22.0
51.0,19.14238398068082,19.336815913844426,8.059306373575962,21.0,1,1.6631840861555744,19.336815913844426,20.0,22.0
52.0,19.1451673651594,19.339599947287333,8.060467837949215,21.0,1,1.6604000527126672,19.339599947287333,20.0,22.0
53.0,19.147950425253956,19.34238365624791,8.06162922045778,21.0,1,1.657616343752089,19.34238365624791,20.0,22.0
54.0,19.150733161012997,19.34516704077532,8.062790519529313,21.0,1,1.6548329592246809,19.34516704077532,20.0,22.0
55.0,19.1535155724847,19.347950100918382,8.063951733591585,21.0,1,1.652049899081618,19.347950100918382,20.0,22.0
56.0,19.156297659716923,19.3507328367256,8.06511286107248,21.0,1,1.6492671632743985,19.3507328367256,20.0,22.0
57.0,19.159079422757195,19.35351524824516,8.0662739004,21.0,1,1.6464847517548407,19.35351524824516,20.0,22.0
58.0,19.161860861652723,19.35629733552491,8.067434850002265,21.0,1,1.6437026644750894,19.35629733552491,20.0,22.0
59.0,19.164641976450394,19.35907909861239,8.068595708307518,21.0,1,1.6409209013876094,19.35907909861239,20.0,22.0
60.0,19.167422767196765,19.361860537554804,8.069756473744125,21.0,1,1.6381394624451957,19.361860537554804,20.0,22.0
61.0,19.170203233938075,19.364641652399037,8.070917144740578,21.0,1,1.6353583476009632,19.364641652399037,20.0,22.0
62.0,19.172983376720236,19.367422443191646,8.072077719725497,21.0,1,1.6325775568083536,19.367422443191646,20.0,22.0
63.0,19.175763195588836,19.370202909978865,8.073238197127631,21.0,1,1.6297970900211354,19.370202909978865,20.0,22.0
64.0,19.178542690589143,19.372983052806614,8.074398575375863,21.0,1,1.6270169471933862,19.372983052806614,20.0,22.0
65.0,19.1813218617661,19.37576287172048,8.075558852899208,21.0,1,1.6242371282795212,19.37576287172048,20.0,22.0
66.0,19.184100709164326,19.378542366765732,8.076719028126819,21.0,1,1.621457633234268,19.378542366765732,20.0,22.0
67.0,19.18687923282812,19.38132153798731,8.077879099487985,21.0,1,1.6186784620126886,19.38132153798731,20.0,22.0
68.0,19.18965743280145,19.384100385429832,8.079039065412141,21.0,1,1.6158996145701678,19.384100385429832,20.0,22.0
69.0,19.192435309127973,19.3868789091376,8.080198924328858,21.0,1,1.6131210908623999,19.3868789091376,20.0,22.0
70.0,19.19521286185101,19.38965710915458,8.081358674667857,21.0,1,1.6103428908454198,19.38965710915458,20.0,22.0
71.0,19.197990091013576,19.39243498552443,8.082518314859005,21.0,1,1.6075650144755684,19.39243498552443,20.0,22.0
72.0,19.200766996658345,19.395212538290476,8.083677843332316,21.0,1,1.604787461709524,19.395212538290476,20.0,22.0
73.0,19.20354357882768,19.397989767495723,8.084837258517956,21.0,1,1.602010232504277,19.397989767495723,20.0,22.0
74.0,19.20631983756362,19.40076667318285,8.085996558846244,21.0,1,1.5992333268171492,19.40076667318285,20.0,22.0
75.0,19.209095772907876,19.403543255394222,8.087155742747658,21.0,1,1.5964567446057778,19.403543255394222,20.0,22.0
76.0,19.211871384901844,19.406319514171877,8.08831480865283,21.0,1,1.5936804858281235,19.406319514171877,20.0,22.0
77.0,19.214646673586593,19.409095449557526,8.089473754992552,21.0,1,1.590904550442474,19.409095449557526,20.0,22.0
78.0,19.217421639002875,19.411871061592564,8.09063258019778,21.0,1,1.5881289384074364,19.411871061592564,20.0,22.0
79.0,19.220196281191114,19.414646350318062,8.091791282699631,21.0,1,1.585353649681938,19.414646350318062,20.0,22.0
80.0,19.222970600191417,19.41742131577477,8.092949860929393,21.0,1,1.5825786842252292,19.41742131577477,20.0,22.0
81.0,19.225744596043565,19.420195958003113,8.094108313318515,21.0,1,1.579804041996887,19.420195958003113,20.0,22.0
82.0,19.22851826878702,19.4229702770432,8.095266638298622,21.0,1,1.5770297229568015,19.4229702770432,20.0,22.0
83.0,19.231291618460922,19.42574427293481,8.09642483430151,21.0,1,1.5742557270651893,19.42574427293481,20.0,22.0
84.0,19.23406464510409,19.428517945717406,8.09758289975915,21.0,1,1.571482054282594,19.428517945717406,20.0,22.0
85.0,19.23683734875502,19.431291295430125,8.098740833103689,21.0,1,1.5687087045698753,19.431291295430125,20.0,22.0
86.0,19.23960972945189,19.434064322111787,8.09989863276745,21.0,1,1.5659356778882128,19.434064322111787,20.0,22.0
87.0,19.242381787232553,19.436837025800894,8.101056297182947,21.0,1,1.5631629741991055,19.436837025800894,20.0,22.0
88.0,19.245153522134544,19.43960940653562,8.102213824782863,21.0,1,1.5603905934643798,19.43960940653562,20.0,22.0
89.0,19.247924934195073,19.44238146435382,8.103371214000079,21.0,1,1.5576185356461814,19.44238146435382,20.0,22.0
90.0,19.250696023451034,19.44515319929302,8.104528463267654,21.0,1,1.5548468007069793,19.44515319929302,20.0,22.0
91.0,19.253466789938997,19.44792461139044,8.10568557101884,21.0,1,1.552075388609559,19.44792461139044,20.0,22.0
92.0,19.256237233695213,19.450695700682978,8.106842535687084,21.0,1,1.549304299317022,19.450695700682978,20.0,22.0
93.0,19.25900735475561,19.45346646720719,8.107999355706022,21.0,1,1.546533532792811,19.45346646720719,20.0,22.0
94.0,19.2617771531558,19.456236910999337,8.109156029509489,21.0,1,1.543763089000663,19.456236910999337,20.0,22.0
95.0,19.264546628931072,19.459007032095347,8.110312555531511,21.0,1,1.5409929679046535,19.459007032095347,20.0,22.0
96.0,19.26731578211639,19.461776830530823,8.111468932206325,21.0,1,1.5382231694691768,19.461776830530823,20.0,22.0
97.0,19.27008461274641,19.46454630634106,8.112625157968363,21.0,1,1.5354536936589405,19.46454630634106,20.0,22.0
98.0,19.272853120855455,19.46731545956103,8.113781231252261,21.0,1,1.5326845404389715,19.46731545956103,20.0,22.0
99.0,19.275621306477536,19.47008429022538,8.114937150492867,21.0,1,1.5299157097746203,19.47008429022538,20.0,22.0
100.0,19.27838916964634,19.47285279836843,8.11609291412523,21.0,1,1.5271472016315712,19.47285279836843,20.0,22.0
101.0,19.281156710395233,19.4756209840242,8.117248520584615,21.0,1,1.5243790159758,19.4756209840242,20.0,22.0
102.0,19.28392392875727,19.478388847226377,8.1184039683065,21.0,1,1.5216111527736231,19.478388847226377,20.0,22.0
103.0,19.28669082476518,19.481156388008323,8.119559255726575,21.0,1,1.5188436119916773,19.481156388008323,20.0,22.0
104.0,19.289457398451372,19.48392360640309,8.120714381280749,21.0,1,1.5160763935969115,19.48392360640309,20.0,22.0
105.0,19.292223649847937,19.486690502443412,8.121869343405148,21.0,1,1.5133094975565875,19.486690502443412,20.0,22.0
106.0,19.294989578986648,19.489457076161692,8.12302414053612,21.0,1,1.5105429238383081,19.489457076161692,20.0,22.0
107.0,19.297755185898957,19.49222332759003,8.124178771110241,21.0,1,1.507776672409971,19.49222332759003,20.0,22.0
108.0,19.300520470616,19.494989256760192,8.125333233564303,21.0,1,1.5050107432398079,19.494989256760192,20.0,22.0
109.0,19.30328543316859,19.497754863703637,8.126487526335337,21.0,1,1.502245136296363,19.497754863703637,20.0,22.0
110.0,19.306050073587222,19.500520148451493,8.127641647860594,21.0,1,1.4994798515485073,19.500520148451493,20.0,22.0
111.0,19.30881439190208,19.50328511103458,8.128795596577563,21.0,1,1.4967148889654212,19.50328511103458,20.0,22.0
112.0,19.311578388143015,19.506049751483395,8.129949370923963,21.0,1,1.4939502485166045,19.506049751483395,20.0,22.0
113.0,19.31434206233957,19.50881406982811,8.131102969337752,21.0,1,1.4911859301718913,19.50881406982811,20.0,22.0
114.0,19.31710541452097,19.511578066098586,8.132256390257123,21.0,1,1.4884219339014138,19.511578066098586,20.0,22.0
115.0,19.319868444716118,19.514341740324365,8.133409632120513,21.0,1,1.4856582596756347,19.514341740324365,20.0,22.0
116.0,19.322631152953598,19.51710509253467,8.134562693366599,21.0,1,1.4828949074653295,19.51710509253467,20.0,22.0
117.0,19.32539353926168,19.519868122758403,8.135715572434304,21.0,1,1.4801318772415968,19.519868122758403,20.0,22.0
118.0,19.328155603668314,19.522630831024152,8.136868267762797,21.0,1,1.477369168975848,19.522630831024152,20.0,22.0
119.0,19.330917346201133,19.525393217360183,8.138020777791494,21.0,1,1.4746067826398175,19.525393217360183,20.0,22.0
120.0,19.333678766887452,19.528155281794447,8.139173100960065,21.0,1,1.4718447182055527,19.528155281794447,20.0,22.0
121.0,19.336439865754265,19.530917024354583,8.140325235708431,21.0,1,1.4690829756454171,19.530917024354583,20.0,22.0
122.0,19.339200642828256,19.5336784450679,8.14147718047677,21.0,1,1.466321554932101,19.5336784450679,20.0,22.0
123.0,19.341961098135787,19.536439543961393,8.142628933705511,21.0,1,1.463560456038607,19.536439543961393,20.0,22.0
124.0,19.344721231702902,19.53920032106175,8.143780493835353,21.0,1,1.4607996789382511,19.53920032106175,20.0,22.0
125.0,19.34748104355533,19.541960776395324,8.144931859307247,21.0,1,1.4580392236046755,19.541960776395324,20.0,22.0
126.0,19.35024053371848,19.54472090998817,8.146083028562412,21.0,1,1.4552790900118318,19.54472090998817,20.0,22.0
127.0,19.35299970221745,19.54748072186601,8.147234000042332,21.0,1,1.452519278133991,19.54748072186601,20.0,22.0
128.0,19.355758549077013,19.550240212054256,8.148384772188757,21.0,1,1.4497597879457444,19.550240212054256,20.0,22.0
129.0,19.358517074321636,19.552999380578,8.14953534344371,21.0,1,1.447000619421999,19.552999380578,20.0,22.0
130.0,19.36127527797546,19.555758227462025,8.150685712249484,21.0,1,1.4442417725379748,19.555758227462025,20.0,22.0
131.0,19.364033160062313,19.55851675273079,8.151835877048645,21.0,1,1.4414832472692112,19.55851675273079,20.0,22.0
132.0,19.36679072060571,19.561274956408443,8.152985836284039,21.0,1,1.4387250435915568,19.561274956408443,20.0,22.0
133.0,19.369547959628846,19.56403283851881,8.154135588398784,21.0,1,1.4359671614811909,19.56403283851881,20.0,22.0
134.0,19.3723048771546,19.566790399085402,8.155285131836287,21.0,1,1.4332096009145978,19.566790399085402,20.0,22.0
135.0,19.375061473205538,19.569547638131418,8.156434465040231,21.0,1,1.430452361868582,19.569547638131418,20.0,22.0
136.0,19.377817747803906,19.57230455567974,8.157583586454585,21.0,1,1.4276954443202605,19.57230455567974,20.0,22.0
137.0,19.380573700971635,19.575061151752923,8.158732494523605,21.0,1,1.424938848247077,19.575061151752923,20.0,22.0
138.0,19.383329332730344,19.577817426373223,8.159881187691834,21.0,1,1.4221825736267775,19.577817426373223,20.0,22.0
139.0,19.386084643101338,19.580573379562566,8.161029664404113,21.0,1,1.4194266204374344,19.580573379562566,20.0,22.0
140.0,19.388839632105597,19.583329011342578,8.162177923105567,21.0,1,1.4166709886574225,19.583329011342578,20.0,22.0
141.0,19.391594299763796,19.586084321734553,8.163325962241622,21.0,1,1.4139156782654467,19.586084321734553,20.0,22.0
142.0,19.39434864609629,19.58883931075949,8.164473780258,21.0,1,1.4111606892405106,19.58883931075949,20.0,22.0
143.0,19.397102671123122,19.591593978438045,8.165621375600718,21.0,1,1.4084060215619552,19.591593978438045,20.0,22.0
144.0,19.39985637486402,19.59434832479058,8.166768746716102,21.0,1,1.4056516752094197,19.59434832479058,20.0,22.0
145.0,19.40260975733839,19.597102349837137,8.167915892050777,21.0,1,1.4028976501628634,19.597102349837137,20.0,22.0
146.0,19.405362818565333,19.599856053597446,8.169062810051674,21.0,1,1.4001439464025545,19.599856053597446,20.0,22.0
147.0,19.40811555856363,19.602609436090912,8.170209499166033,21.0,1,1.397390563909088,19.602609436090912,20.0,22.0
148.0,19.41086797735175,19.605362497336635,8.171355957841401,21.0,1,1.3946375026633646,19.605362497336635,20.0,22.0
149.0,19.413620074947847,19.608115237353402,8.172502184525642,21.0,1,1.3918847626465976,19.608115237353402,20.0,22.0
150.0,19.416371851369764,19.610867656159677,8.17364817766693,21.0,1,1.3891323438403234,19.610867656159677,20.0,22.0
151.0,19.419123306635022,19.613619753773616,8.174793935713756,21.0,1,1.3863802462263841,19.613619753773616,20.0,22.0
152.0,19.42187444076084,19.61637153021306,8.17593945711493,21.0,1,1.3836284697869417,19.61637153021306,20.0,22.0
153.0,19.42462525376411,19.61912298549553,8.177084740319584,21.0,1,1.3808770145044704,19.61912298549553,20.0,22.0
154.0,19.42737574566142,19.621874119638242,8.178229783777166,21.0,1,1.3781258803617575,19.621874119638242,20.0,22.0
155.0,19.43012591646904,19.6246249326581,8.179374585937458,21.0,1,1.3753750673418992,19.6246249326581,20.0,22.0
156.0,19.432875766202937,19.627375424571685,8.18051914525056,21.0,1,1.3726245754283148,19.627375424571685,20.0,22.0
157.0,19.435625294878747,19.630125595395267,8.181663460166908,21.0,1,1.369874404604733,19.630125595395267,20.0,22.0
158.0,19.438374502511806,19.63287544514481,8.18280752913726,21.0,1,1.3671245548551916,19.63287544514481,20.0,22.0
159.0,19.44112338911713,19.635624973835952,8.18395135061272,21.0,1,1.3643750261640477,19.635624973835952,20.0,22.0
160.0,19.44387195470943,19.63837418148403,8.185094923044714,21.0,1,1.3616258185159715,19.63837418148403,20.0,22.0
161.0,19.446620199303098,19.641123068104058,8.186238244885013,21.0,1,1.3588769318959422,19.641123068104058,20.0,22.0
162.0,19.449368122912215,19.643871633710752,8.187381314585725,21.0,1,1.3561283662892478,19.643871633710752,20.0,22.0
163.0,19.45211572555055,19.6466198783185,8.188524130599298,21.0,1,1.3533801216815,19.6466198783185,20.0,22.0
164.0,19.45486300723156,19.649367801941388,8.189666691378525,21.0,1,1.3506321980586122,19.649367801941388,20.0,22.0
165.0,19.457609967968388,19.65211540459318,8.190808995376544,21.0,1,1.3478845954068213,19.65211540459318,20.0,22.0
166.0,19.46035660777387,19.654862686287334,8.191951041046844,21.0,1,1.3451373137126659,19.654862686287334,20.0,22.0
167.0,19.463102926660525,19.657609647037,8.193092826843257,21.0,1,1.342390352963001,19.657609647037,20.0,22.0
168.0,19.46584892464056,19.660356286855,8.194234351219972,21.0,1,1.3396437131450014,19.660356286855,20.0,22.0
169.0,19.468594601725876,19.663102605753863,8.19537561263153,21.0,1,1.3368973942461366,19.663102605753863,20.0,22.0
170.0,19.471339957928055,19.665848603745797,8.19651660953283,21.0,1,1.334151396254203,19.665848603745797,20.0,22.0
171.0,19.474084993258376,19.6685942808427,8.197657340379125,21.0,1,1.3314057191572992,19.6685942808427,20.0,22.0
172.0,19.476829707727802,19.671339637056157,8.198797803626034,21.0,1,1.3286603629438432,19.671339637056157,20.0,22.0
173.0,19.47957410134698,19.67408467239744,8.199937997729533,21.0,1,1.3259153276025586,19.67408467239744,20.0,22.0
174.0,19.482318174126256,19.676829386877518,8.201077921145965,21.0,1,1.3231706131224819,19.676829386877518,20.0,22.0
175.0,19.48506192607566,19.679573780507038,8.202217572332039,21.0,1,1.320426219492962,19.679573780507038,20.0,22.0
176.0,19.48780535720491,19.682317853296347,8.20335694974483,21.0,1,1.3176821467036532,19.682317853296347,20.0,22.0
177.0,19.490548467523418,19.685061605255466,8.20449605184179,21.0,1,1.3149383947445337,19.685061605255466,20.0,22.0
178.0,19.49329125704028,19.687805036394128,8.205634877080739,21.0,1,1.3121949636058723,19.687805036394128,20.0,22.0
179.0,19.49603372576429,19.690548146721735,8.20677342391987,21.0,1,1.309451853278265,19.690548146721735,20.0,22.0
180.0,19.49877587370392,19.693290936247386,8.20791169081776,21.0,1,1.3067090637526135,19.693290936247386,20.0,22.0
181.0,19.501517700867343,19.696033404979875,8.209049676233356,21.0,1,1.3039665950201247,19.696033404979875,20.0,22.0
182.0,19.504259207262415,19.698775552927675,8.210187378625994,21.0,1,1.3012244470723253,19.698775552927675,20.0,22.0
183.0,19.507000392896686,19.701517380098956,8.211324796455388,21.0,1,1.2984826199010442,19.701517380098956,20.0,22.0
184.0,19.509741257777396,19.704258886501577,8.212461928181641,21.0,1,1.2957411134984227,19.704258886501577,20.0,22.0
185.0,19.512481801911477,19.70700007214309,8.21359877226524,21.0,1,1.2929999278569113,19.70700007214309,20.0,22.0
186.0,19.515222025305548,19.70974093703073,8.214735327167062,21.0,1,1.2902590629692696,19.70974093703073,20.0,22.0
187.0,19.51796192796592,19.71248148117143,8.21587159134838,21.0,1,1.2875185188285698,19.71248148117143,20.0,22.0
188.0,19.520701509898597,19.71522170457181,8.217007563270853,21.0,1,1.2847782954281897,19.71522170457181,20.0,22.0
189.0,19.52344077110927,19.717961607238188,8.218143241396543,21.0,1,1.2820383927618124,19.717961607238188,20.0,22.0
190.0,19.52617971160333,19.720701189176555,8.219278624187904,21.0,1,1.2792988108234447,19.720701189176555,20.0,22.0
191.0,19.528918331385846,19.723440450392612,8.220413710107792,21.0,1,1.2765595496073878,19.723440450392612,20.0,22.0
192.0,19.53165663046159,19.726179390891748,8.221548497619468,21.0,1,1.2738206091082525,19.726179390891748,20.0,22.0
193.0,19.534394608835022,19.72891801067903,8.22268298518659,21.0,1,1.2710819893209688,19.72891801067903,20.0,22.0
194.0,19.53713226651029,19.731656309759234,8.22381717127323,21.0,1,1.2683436902407657,19.731656309759234,20.0,22.0
195.0,19.539869603491244,19.734394288136816,8.224951054343865,21.0,1,1.2656057118631843,19.734394288136816,20.0,22.0
196.0,19.542606619781413,19.73713194581593,8.226084632863378,21.0,1,1.2628680541840716,19.73713194581593,20.0,22.0
197.0,19.54534331538403,19.73986928280042,8.22721790529707,21.0,1,1.26013071719958,19.73986928280042,20.0,22.0
198.0,19.548079690302014,19.742606299093815,8.228350870110656,21.0,1,1.257393700906185,19.742606299093815,20.0,22.0
199.0,19.550815744537974,19.745342994699353,8.229483525770263,21.0,1,1.254657005300647,19.745342994699353,20.0,22.0
200.0,19.55355147809422,19.74807936961995,8.23061587074244,21.0,1,1.2519206303800487,19.74807936961995,20.0,22.0
201.0,19.55628689097275,19.750815423858217,8.231747903494158,21.0,1,1.2491845761417828,19.750815423858217,20.0,22.0
202.0,19.559021983175253,19.75355115741646,8.232879622492806,21.0,1,1.2464488425835398,19.75355115741646,20.0,22.0
203.0,19.561756754703115,19.75628657029668,8.234011026206202,21.0,1,1.2437134297033197,19.75628657029668,20.0,22.0
204.0,19.564491205557417,19.75902166250057,8.23514211310259,21.0,1,1.2409783374994312,19.75902166250057,20.0,22.0
205.0,19.567225335738925,19.76175643402951,8.236272881650642,21.0,1,1.238243565970489,19.76175643402951,20.0,22.0
206.0,19.569959145248106,19.764490884884584,8.23740333031946,21.0,1,1.2355091151154163,19.764490884884584,20.0,22.0
207.0,19.57269263408512,19.767225015066554,8.238533457578582,21.0,1,1.232774984933446,19.767225015066554,20.0,22.0
208.0,19.575425802249818,19.769958824575895,8.239663261897977,21.0,1,1.2300411754241054,19.769958824575895,20.0,22.0
209.0,19.57815864974175,19.77269231341276,8.240792741748056,21.0,1,1.2273076865872383,19.77269231341276,20.0,22.0
210.0,19.58089117656015,19.775425481577006,8.241921895599667,21.0,1,1.224574518422994,19.775425481577006,20.0,22.0
211.0,19.58362338270396,19.778158329068177,8.2430507219241,21.0,1,1.2218416709318234,19.778158329068177,20.0,22.0
212.0,19.586355268171804,19.780890855885513,8.244179219193086,21.0,1,1.219109144114487,19.780890855885513,20.0,22.0
213.0,19.589086832962007,19.78362306202795,8.245307385878803,21.0,1,1.2163769379720506,19.78362306202795,20.0,22.0
214.0,19.591818077072592,19.786354947494118,8.246435220453877,21.0,1,1.213645052505882,19.786354947494118,20.0,22.0
215.0,19.594549000501267,19.789086512282342,8.247562721391386,21.0,1,1.210913487717658,19.789086512282342,20.0,22.0
216.0,19.597279603245447,19.79181775639064,8.248689887164854,21.0,1,1.208182243609361,19.79181775639064,20.0,22.0
217.0,19.60000988530223,19.794548679816725,8.249816716248265,21.0,1,1.2054513201832755,19.794548679816725,20.0,22.0
218.0,19.60273984666842,19.79727928255801,8.250943207116054,21.0,1,1.2027207174419914,19.79727928255801,20.0,22.0
219.0,19.60546948734051,19.800009564611592,8.252069358243114,21.0,1,1.1999904353884077,19.800009564611592,20.0,22.0
220.0,19.60819880731469,19.802739525974278,8.253195168104801,21.0,1,1.1972604740257218,19.802739525974278,20.0,22.0
221.0,19.610927806586847,19.80546916664256,8.254320635176933,21.0,1,1.1945308333574403,19.80546916664256,20.0,22.0
222.0,19.613656485152564,19.808198486612625,8.25544575793579,21.0,1,1.1918015133873752,19.808198486612625,20.0,22.0
223.0,19.616384843007122,19.810927485880367,8.256570534858119,21.0,1,1.1890725141196334,19.810927485880367,20.0,22.0
224.0,19.619112880145494,19.813656164441362,8.257694964421134,21.0,1,1.1863438355586382,19.813656164441362,20.0,22.0
225.0,19.62184059656235,19.816384522290896,8.25881904510252,21.0,1,1.183615477709104,19.816384522290896,20.0,22.0
226.0,19.624567992252057,19.819112559423935,8.259942775380438,21.0,1,1.1808874405760648,19.819112559423935,20.0,22.0
227.0,19.62729506720868,19.82184027583516,8.261066153733516,21.0,1,1.1781597241648392,19.82184027583516,20.0,22.0
228.0,19.630021821425988,19.824567671518935,8.262189178640865,21.0,1,1.1754323284810653,19.824567671518935,20.0,22.0
229.0,19.632748254897432,19.827294746469324,8.26331184858207,21.0,1,1.1727052535306761,19.827294746469324,20.0,22.0
230.0,19.63547436761617,19.830021500680086,8.264434162037203,21.0,1,1.1699784993199138,19.830021500680086,20.0,22.0
231.0,19.638200159575053,19.832747934144685,8.265556117486808,21.0,1,1.1672520658553154,19.832747934144685,20.0,22.0
232.0,19.640925630766635,19.835474046856277,8.266677713411926,21.0,1,1.1645259531437233,19.835474046856277,20.0,22.0
233.0,19.643650781183165,19.838199838807714,8.267798948294075,21.0,1,1.1618001611922857,19.838199838807714,20.0,22.0
234.0,19.646375610816587,19.84092530999154,8.268919820615265,21.0,1,1.1590746900084596,19.84092530999154,20.0,22.0
235.0,19.64910011965855,19.843650460400017,8.270040328858,21.0,1,1.156349539599983,19.843650460400017,20.0,22.0
236.0,19.651824307700387,19.846375290025083,8.271160471505274,21.0,1,1.1536247099749168,19.846375290025083,20.0,22.0
237.0,19.654548174933147,19.849099798858383,8.272280247040575,21.0,1,1.1509002011416172,19.849099798858383,20.0,22.0
238.0,19.65727172134757,19.851823986891265,8.273399653947887,21.0,1,1.1481760131087348,19.851823986891265,20.0,22.0
239.0,19.65999494693409,19.854547854114763,8.274518690711702,21.0,1,1.145452145885237,19.854547854114763,20.0,22.0
240.0,19.662717851682846,19.857271400519625,8.275637355816999,21.0,1,1.1427285994803746,19.857271400519625,20.0,22.0
241.0,19.665440435583672,19.859994626096285,8.276755647749273,21.0,1,1.1400053739037155,19.859994626096285,20.0,22.0
242.0,19.668162698626105,19.86271753083488,8.277873564994515,21.0,1,1.1372824691651218,19.86271753083488,20.0,22.0
243.0,19.67088464079938,19.86544011472524,8.278991106039228,21.0,1,1.1345598852747614,19.86544011472524,20.0,22.0
244.0,19.673606262092427,19.868162377756903,8.280108269370427,21.0,1,1.131837622243097,19.868162377756903,20.0,22.0
245.0,19.67632756249388,19.87088431991911,8.28122505347563,21.0,1,1.12911568008089,19.87088431991911,20.0,22.0
246.0,19.679048541992078,19.873605941200793,8.282341456842877,21.0,1,1.1263940587992067,19.873605941200793,20.0,22.0
247.0,19.681769200575047,19.87632724159058,8.283457477960717,21.0,1,1.1236727584094197,19.87632724159058,20.0,22.0
248.0,19.684489538230526,19.87904822107681,8.284573115318219,21.0,1,1.1209517789231889,19.87904822107681,20.0,22.0
249.0,19.687209554945944,19.881768879647517,8.285688367404973,21.0,1,1.1182311203524833,19.881768879647517,20.0,22.0
250.0,19.689929250708435,19.884489217290426,8.28680323271109,21.0,1,1.115510782709574,19.884489217290426,20.0,22.0
251.0,19.692648625504834,19.887209233992976,8.287917709727203,21.0,1,1.1127907660070235,19.887209233992976,20.0,22.0
252.0,19.695367679321677,19.889928929742304,8.289031796944471,21.0,1,1.1100710702576961,19.889928929742304,20.0,22.0
253.0,19.6980864121452,19.89264830452524,8.290145492854583,21.0,1,1.1073516954747618,19.89264830452524,20.0,22.0
254.0,19.700804823961345,19.895367358328322,8.291258795949755,21.0,1,1.104632641671678,19.895367358328322,20.0,22.0
255.0,19.703522914755744,19.89808609113778,8.292371704722736,21.0,1,1.101913908862219,19.89808609113778,20.0,22.0
256.0,19.706240684513737,19.90080450293956,8.29348421766681,21.0,1,1.099195497060439,19.90080450293956,20.0,22.0
257.0,19.708958133220367,19.9035225937193,8.294596333275795,21.0,1,1.0964774062807017,19.9035225937193,20.0,22.0
258.0,19.71167526086038,19.906240363462334,8.295708050044047,21.0,1,1.0937596365376656,19.906240363462334,20.0,22.0
259.0,19.714392067418213,19.908957812153705,8.296819366466464,21.0,1,1.0910421878462948,19.908957812153705,20.0,22.0
260.0,19.717108552878024,19.91167493977816,8.297930281038482,21.0,1,1.088325060221841,19.91167493977816,20.0,22.0
261.0,19.719824717223656,19.914391746320142,8.299040792256086,21.0,1,1.0856082536798581,19.914391746320142,20.0,22.0
262.0,19.722540560438663,19.9171082317638,8.300150898615806,21.0,1,1.0828917682361983,19.9171082317638,20.0,22.0
263.0,19.7252560825063,19.919824396092984,8.301260598614716,21.0,1,1.0801756039070156,19.919824396092984,20.0,22.0
264.0,19.72797128340952,19.922540239291248,8.302369890750445,21.0,1,1.0774597607087522,19.922540239291248,20.0,22.0
265.0,19.730686163130986,19.92525576134184,8.30347877352117,21.0,1,1.074744238658159,19.92525576134184,20.0,22.0
266.0,19.733400721653066,19.92797096222772,8.304587245425628,21.0,1,1.0720290377722783,19.92797096222772,20.0,22.0
267.0,19.73611495895782,19.930685841931552,8.305695304963105,21.0,1,1.0693141580684475,19.930685841931552,20.0,22.0
268.0,19.73882887502702,19.933400400435694,8.306802950633452,21.0,1,1.0665995995643058,19.933400400435694,20.0,22.0
269.0,19.74154246984214,19.93611463772222,8.307910180937077,21.0,1,1.0638853622777802,19.93611463772222,20.0,22.0
270.0,19.74425574338436,19.938828553772893,8.309016994374947,21.0,1,1.0611714462271067,19.938828553772893,20.0,22.0
271.0,19.74696869563456,19.94154214856919,8.310123389448602,21.0,1,1.0584578514308092,19.94154214856919,20.0,22.0
272.0,19.749681326573324,19.944255422092294,8.31122936466014,21.0,1,1.0557445779077064,19.944255422092294,20.0,22.0
273.0,19.75239363618094,19.94696837432308,8.312334918512233,21.0,1,1.053031625676919,19.94696837432308,20.0,22.0
274.0,19.755105624437405,19.949681005242134,8.31344004950812,21.0,1,1.0503189947578662,19.949681005242134,20.0,22.0
275.0,19.757817291322418,19.95239331482974,8.314544756151614,21.0,1,1.0476066851702583,19.95239331482974,20.0,22.0
276.0,19.760528636815383,19.95510530306591,8.315649036947102,21.0,1,1.0448946969340902,19.95510530306591,20.0,22.0
277.0,19.763239660895408,19.957816969930327,8.316752890399549,21.0,1,1.0421830300696726,19.957816969930327,20.0,22.0
278.0,19.765950363541307,19.9605283154024,8.317856315014497,21.0,1,1.0394716845976006,19.9605283154024,20.0,22.0
279.0,19.7686607447316,19.96323933946124,8.31895930929807,21.0,1,1.0367606605387607,19.96323933946124,20.0,22.0
280.0,19.771370804444516,19.96595004208566,8.320061871756971,21.0,1,1.0340499579143412,19.96595004208566,20.0,22.0
281.0,19.774080542657977,19.96866042325418,8.321164000898493,21.0,1,1.0313395767458218,19.96866042325418,20.0,22.0
282.0,19.776789959349625,19.971370482945023,8.322265695230511,21.0,1,1.028629517054977,19.971370482945023,20.0,22.0
283.0,19.7794990544968,19.97408022113612,8.323366953261491,21.0,1,1.02591977886388,19.97408022113612,20.0,22.0
284.0,19.78220782807655,19.97678963780511,8.32446777350049,21.0,1,1.0232103621948916,19.97678963780511,20.0,22.0
285.0,19.784916280065637,19.979498732929333,8.325568154457157,21.0,1,1.0205012670706672,19.979498732929333,20.0,22.0
286.0,19.787624410440515,19.982207506485842,8.326668094641734,21.0,1,1.0177924935141576,19.982207506485842,20.0,22.0
287.0,19.790332219177355,19.98491595845139,8.327767592565063,21.0,1,1.0150840415486115,19.98491595845139,20.0,22.0
288.0,19.79303970625203,19.987624088802434,8.328866646738582,21.0,1,1.0123759111975659,19.987624088802434,20.0,22.0
289.0,19.79574687164013,19.990331897515148,8.329965255674335,21.0,1,1.0096681024848522,19.990331897515148,20.0,22.0
290.0,19.79845371531694,19.99303938456541,8.331063417884959,21.0,1,1.0069606154345898,19.99303938456541,20.0,22.0
291.0,19.801160237257452,19.995746549928796,8.332161131883703,21.0,1,1.0042534500712037,19.995746549928796,20.0,22.0
292.0,19.803866437436376,19.998453393580597,8.333258396184425,21.0,1,1.001546606419403,19.998453393580597,20.0,22.0
293.0,19.806572315828127,20.001159915495816,8.334355209301583,21.0,1,0.9988400845041845,20.001159915495816,20.0,22.0
294.0,19.80927787240682,20.003866115649153,8.335451569750255,21.0,1,0.9961338843508472,20.003866115649153,20.0,22.0
295.0,19.81198310714629,20.006571994015022,8.336547476046126,21.0,1,0.9934280059849776,20.006571994015022,20.0,22.0
296.0,19.81468802002007,20.009277550567546,8.337642926705499,21.0,1,0.9907224494324538,20.009277550567546,20.0,22.0
297.0,19.81739261100141,20.011982785280555,8.338737920245292,21.0,1,0.988017214719445,20.011982785280555,20.0,22.0
298.0,19.820096880063257,20.01468769812758,8.339832455183041,21.0,1,0.985312301872419,20.01468769812758,20.0,22.0
299.0,19.82280082717828,20.017392289081876,8.340926530036906,21.0,1,0.9826077109181242,20.017392289081876,20.0,22.0
300.0,19.825504452318853,20.020096558116386,8.34202014332567,21.0,1,0.9799034418836143,20.020096558116386,20.0,22.0
301.0,19.828207755457054,20.022800505203783,8.343113293568734,21.0,1,0.977199494796217,20.022800505203783,20.0,22.0
302.0,19.830910736564675,20.02550413031644,8.344205979286135,21.0,1,0.9744958696835617,20.02550413031644,20.0,22.0
303.0,19.83361339561322,20.028207433426427,8.345298198998535,21.0,1,0.9717925665735727,20.028207433426427,20.0,22.0
304.0,19.836315732573897,20.030910414505552,8.346389951227225,21.0,1,0.9690895854944479,20.030910414505552,20.0,22.0
305.0,19.83901774741763,20.03361307352531,8.347481234494131,21.0,1,0.9663869264746907,20.03361307352531,20.0,22.0
306.0,19.841719440115043,20.036315410456904,8.348572047321815,21.0,1,0.9636845895430959,20.036315410456904,20.0,22.0
307.0,19.844420810636485,20.039017425271265,8.349662388233474,21.0,1,0.9609825747287353,20.039017425271265,20.0,22.0
308.0,19.847121858952004,20.041719117939024,8.350752255752944,21.0,1,0.9582808820609756,20.041719117939024,20.0,22.0
309.0,19.849822585031365,20.044420488430518,8.351841648404703,21.0,1,0.9555795115694821,20.044420488430518,20.0,22.0
310.0,19.85252298884404,20.0471215367158,8.35293056471387,21.0,1,0.9528784632842004,20.0471215367158,20.0,22.0
311.0,19.855223070359212,20.04982226276463,8.35401900320621,21.0,1,0.9501777372353715,20.04982226276463,20.0,22.0
312.0,19.85792282954578,20.052522666546487,8.355106962408136,21.0,1,0.9474773334535129,20.052522666546487,20.0,22.0
313.0,19.860622266372353,20.05522274803056,8.35619444084671,21.0,1,0.9447772519694411,20.05522274803056,20.0,22.0
314.0,19.863321380807246,20.057922507185737,8.357281437049643,21.0,1,0.9420774928142635,20.057922507185737,20.0,22.0
315.0,19.866020172818494,20.060621943980628,8.3583679495453,21.0,1,0.9393780560193719,20.060621943980628,20.0,22.0
316.0,19.86871864237384,20.063321058383554,8.3594539768627,21.0,1,0.9366789416164458,20.063321058383554,20.0,22.0
317.0,19.871416789440737,20.066019850362544,8.36053951753152,21.0,1,0.9339801496374562,20.066019850362544,20.0,22.0
318.0,19.874114613986354,20.068718319885345,8.361624570082093,21.0,1,0.9312816801146546,20.068718319885345,20.0,22.0
319.0,19.87681211597757,20.071416466919413,8.362709133045417,21.0,1,0.9285835330805874,20.071416466919413,20.0,22.0
320.0,19.879509295380984,20.07411429143191,8.36379320495315,21.0,1,0.9258857085680887,20.07411429143191,20.0,22.0
321.0,19.882206152162897,20.076811793389723,8.36487678433762,21.0,1,0.923188206610277,20.076811793389723,20.0,22.0
322.0,19.884902686289333,20.079508972759445,8.365959869731812,21.0,1,0.9204910272405549,20.079508972759445,20.0,22.0
323.0,19.887598897726022,20.08220582950738,8.367042459669388,21.0,1,0.9177941704926198,20.08220582950738,20.0,22.0
324.0,19.89029478643841,20.084902363599547,8.368124552684678,21.0,1,0.9150976364004535,20.084902363599547,20.0,22.0
325.0,19.89299035239166,20.087598575001678,8.369206147312685,21.0,1,0.9124014249983219,20.087598575001678,20.0,22.0
326.0,19.895685595550646,20.09029446367923,8.370287242089086,21.0,1,0.9097055363207716,20.09029446367923,20.0,22.0
327.0,19.898380515879953,20.092990029597352,8.371367835550235,21.0,1,0.9070099704026475,20.092990029597352,20.0,22.0
328.0,19.901075113343886,20.095685272720925,8.372447926233166,21.0,1,0.9043147272790755,20.095685272720925,20.0,22.0
329.0,19.903769387906465,20.09838019301454,8.373527512675594,21.0,1,0.9016198069854617,20.09838019301454,20.0,22.0
330.0,19.90646333953142,20.10107479044249,8.374606593415912,21.0,1,0.8989252095575111,20.10107479044249,20.0,22.0
331.0,19.9091569681822,20.103769064968795,8.375685166993204,21.0,1,0.8962309350312054,20.103769064968795,20.0,22.0
332.0,19.911850273821962,20.106463016557196,8.376763231947237,21.0,1,0.8935369834428037,20.106463016557196,20.0,22.0
333.0,19.914543256413587,20.109156645171137,8.377840786818467,21.0,1,0.8908433548288635,20.109156645171137,20.0,22.0
334.0,19.91723591591967,20.111849950773777,8.37891783014804,21.0,1,0.8881500492262226,20.111849950773777,20.0,22.0
335.0,19.919928252302515,20.114542933327996,8.379994360477799,21.0,1,0.8854570666720036,20.114542933327996,20.0,22.0
336.0,19.922620265524152,20.117235592796384,8.381070376350275,21.0,1,0.8827644072036165,20.117235592796384,20.0,22.0
337.0,19.925311955546317,20.11992792914126,8.382145876308698,21.0,1,0.8800720708587413,20.11992792914126,20.0,22.0
338.0,19.92800332233047,20.122619942324636,8.383220858896998,21.0,1,0.8773800576753636,20.122619942324636,20.0,22.0
339.0,19.93069436583778,20.12531163230826,8.384295322659804,21.0,1,0.8746883676917392,20.12531163230826,20.0,22.0
340.0,19.933385086029144,20.128002999053585,8.385369266142447,21.0,1,0.8719970009464149,20.128002999053585,20.0,22.0
341.0,19.936075482865167,20.13069404252179,8.386442687890968,21.0,1,0.8693059574782112,20.13069404252179,20.0,22.0
342.0,19.938765556306173,20.133384762673764,8.387515586452103,21.0,1,0.8666152373262364,20.133384762673764,20.0,22.0
343.0,19.941455306312204,20.136075159470106,8.388587960373307,21.0,1,0.8639248405298936,20.136075159470106,20.0,22.0
344.0,19.944144732843014,20.138765232871155,8.389659808202738,21.0,1,0.8612347671288454,20.138765232871155,20.0,22.0
345.0,19.946833835858087,20.141454982836944,8.390731128489273,21.0,1,0.8585450171630562,20.141454982836944,20.0,22.0
346.0,19.949522615316614,20.144144409327232,8.391801919782498,21.0,1,0.8558555906727676,20.144144409327232,20.0,22.0
347.0,19.95221107117751,20.1468335123015,8.392872180632716,21.0,1,0.8531664876984983,20.1468335123015,20.0,22.0
348.0,19.9548992033994,20.149522291718938,8.393941909590952,21.0,1,0.850477708281062,20.149522291718938,20.0,22.0
349.0,19.95758701194064,20.15221074753846,8.395011105208942,21.0,1,0.8477892524615385,20.15221074753846,20.0,22.0
350.0,19.960274496759293,20.154898879718704,8.396079766039156,21.0,1,0.8451011202812957,20.154898879718704,20.0,22.0
351.0,19.96296165781315,20.15758668821801,8.39714789063478,21.0,1,0.8424133117819892,20.15758668821801,20.0,22.0
352.0,19.965648495059714,20.160274172994452,8.398215477549728,21.0,1,0.8397258270055481,20.160274172994452,20.0,22.0
353.0,19.96833500845621,20.162961334005814,8.399282525338643,21.0,1,0.8370386659941857,20.162961334005814,20.0,22.0
354.0,19.971021197959587,20.165648171209604,8.400349032556894,21.0,1,0.8343518287903962,20.165648171209604,20.0,22.0
355.0,19.973707063526508,20.168334684563046,8.40141499776059,21.0,1,0.831665315436954,20.168334684563046,20.0,22.0
356.0,19.976392605113354,20.17102087402309,8.402480419506563,21.0,1,0.828979125976911,20.17102087402309,20.0,22.0
357.0,19.97907782267623,20.173706739546393,8.403545296352391,21.0,1,0.8262932604536068,20.173706739546393,20.0,22.0
358.0,19.981762716170966,20.176392281089342,8.40460962685638,21.0,1,0.8236077189106581,20.176392281089342,20.0,22.0
359.0,19.984447285553102,20.179077498608045,8.405673409577586,21.0,1,0.820922501391955,20.179077498608045,20.0,22.0
360.0,19.98713153077791,20.181762392058324,8.406736643075801,21.0,1,0.8182376079416755,20.181762392058324,20.0,22.0
361.0,19.989815451800368,20.18444696139573,8.407799325911556,21.0,1,0.8155530386042713,20.18444696139573,20.0,22.0
362.0,19.99249904857519,20.187131206575522,8.408861456646138,21.0,1,0.812868793424478,20.187131206575522,20.0,22.0
363.0,19.995182321056806,20.189815127552688,8.409923033841572,21.0,1,0.8101848724473122,20.189815127552688,20.0,22.0
364.0,19.997865269199362,20.19249872428194,8.41098405606064,21.0,1,0.8075012757180602,20.19249872428194,20.0,22.0
365.0,20.000547892956735,20.195181996717707,8.412044521866868,21.0,1,0.8048180032822927,20.195181996717707,20.0,22.0
366.0,20.00323019228252,20.197864944814135,8.413104429824541,21.0,1,0.8021350551858646,20.197864944814135,20.0,22.0
367.0,20.005912167130028,20.200547568525103,8.414163778498699,21.0,1,0.7994524314748972,20.200547568525103,20.0,22.0
368.0,20.0085938174523,20.203229867804204,8.415222566455133,21.0,1,0.7967701321957961,20.203229867804204,20.0,22.0
369.0,20.011275143202102,20.205911842604753,8.416280792260402,21.0,1,0.7940881573952474,20.205911842604753,20.0,22.0
370.0,20.013956144331914,20.20859349287979,8.417338454481818,21.0,1,0.791406507120211,20.20859349287979,20.0,22.0
371.0,20.016636820793945,20.211274818582076,8.418395551687462,21.0,1,0.7887251814179237,20.211274818582076,20.0,22.0
372.0,20.019317172540124,20.213955819664093,8.419452082446178,21.0,1,0.7860441803359066,20.213955819664093,20.0,22.0
373.0,20.021997199522104,20.216636496078056,8.420508045327574,21.0,1,0.7833635039219438,20.216636496078056,20.0,22.0
374.0,20.024676901691265,20.21931684777589,8.421563438902032,21.0,1,0.7806831522241104,20.21931684777589,20.0,22.0
375.0,20.027356278998706,20.221996874709248,8.4226182617407,21.0,1,0.778003125290752,20.221996874709248,20.0,22.0
376.0,20.030035331395254,20.224676576829513,8.423672512415502,21.0,1,0.7753234231704873,20.224676576829513,20.0,22.0
377.0,20.03271405883146,20.227355954087777,8.424726189499134,21.0,1,0.772644045912223,20.227355954087777,20.0,22.0
378.0,20.035392461257594,20.230035006434875,8.425779291565073,21.0,1,0.7699649935651252,20.230035006434875,20.0,22.0
379.0,20.038070538623654,20.232713733821353,8.42683181718757,21.0,1,0.7672862661786475,20.232713733821353,20.0,22.0
380.0,20.040748290879367,20.235392136197486,8.427883764941654,21.0,1,0.7646078638025138,20.235392136197486,20.0,22.0
381.0,20.04342571797418,20.23807021351327,8.428935133403145,21.0,1,0.7619297864867285,20.23807021351327,20.0,22.0
382.0,20.046102819857268,20.240747965718434,8.429985921148642,21.0,1,0.7592520342815661,20.240747965718434,20.0,22.0
383.0,20.048779596477527,20.24342539276242,8.43103612675553,21.0,1,0.7565746072375816,20.24342539276242,20.0,22.0
384.0,20.05145604778358,20.246102494594403,8.432085748801983,21.0,1,0.7538975054055967,20.246102494594403,20.0,22.0
385.0,20.054132173723787,20.248779271163286,8.433134785866963,21.0,1,0.7512207288367136,20.248779271163286,20.0,22.0
386.0,20.056807974246215,20.251455722417695,8.434183236530227,21.0,1,0.7485442775823046,20.251455722417695,20.0,22.0
387.0,20.05948344929867,20.254131848305974,8.435231099372327,21.0,1,0.745868151694026,20.254131848305974,20.0,22.0
388.0,20.062158598828685,20.256807648776203,8.436278372974607,21.0,1,0.7431923512237972,20.256807648776203,20.0,22.0
389.0,20.064833422783515,20.25948312377619,8.437325055919208,21.0,1,0.7405168762238112,20.25948312377619,20.0,22.0
390.0,20.067507921110142,20.26215827325346,8.438371146789077,21.0,1,0.7378417267465416,20.26215827325346,20.0,22.0
391.0,20.070182093755278,20.26483309715527,8.439416644167956,21.0,1,0.7351669028447283,20.26483309715527,20.0,22.0
392.0,20.07285594066536,20.26750759542861,8.440461546640394,21.0,1,0.7324924045713885,20.26750759542861,20.0,22.0
393.0,20.075529461786555,20.270181768020187,8.441505852791746,21.0,1,0.729818231979813,20.270181768020187,20.0,22.0
394.0,20.078202657064757,20.272855614876438,8.44254956120817,21.0,1,0.7271443851235624,20.272855614876438,20.0,22.0
395.0,20.080875526445585,20.275529135943525,8.443592670476637,21.0,1,0.7244708640564745,20.275529135943525,20.0,22.0
396.0,20.08354806987439,20.278202331167346,8.444635179184928,21.0,1,0.7217976688326537,20.278202331167346,20.0,22.0
397.0,20.08622028729625,20.280875200493522,8.445677085921638,21.0,1,0.7191247995064778,20.280875200493522,20.0,22.0
398.0,20.088892178655975,20.283547743867405,8.446718389276176,21.0,1,0.7164522561325946,20.283547743867405,20.0,22.0
399.0,20.0915637438981,20.286219961234075,8.44775908783877,21.0,1,0.7137800387659254,20.286219961234075,20.0,22.0
400.0,20.09423498296689,20.288891852538335,8.448799180200462,21.0,1,0.7111081474616654,20.288891852538335,20.0,22.0
401.0,20.096905895806334,20.291563417724724,8.44983866495312,21.0,1,0.7084365822752758,20.291563417724724,20.0,22.0
402.0,20.099576482360163,20.29423465673751,8.450877540689431,21.0,1,0.7057653432624917,20.29423465673751,20.0,22.0
403.0,20.10224674257183,20.29690556952068,8.451915806002908,21.0,1,0.7030944304793216,20.29690556952068,20.0,22.0
404.0,20.104916676384516,20.29957615601796,8.45295345948789,21.0,1,0.7004238439820405,20.29957615601796,20.0,22.0
405.0,20.107586283741135,20.30224641617281,8.453990499739547,21.0,1,0.6977535838271898,20.30224641617281,20.0,22.0
406.0,20.110255564584335,20.304916349928412,8.455026925353874,21.0,1,0.695083650071588,20.304916349928412,20.0,22.0
407.0,20.112924518856488,20.307585957227676,8.456062734927702,21.0,1,0.6924140427723238,20.307585957227676,20.0,22.0
408.0,20.1155931464997,20.310255238013248,8.457097927058694,21.0,1,0.689744761986752,20.310255238013248,20.0,22.0
409.0,20.118261447455815,20.312924192227506,8.458132500345352,21.0,1,0.6870758077724943,20.312924192227506,20.0,22.0
410.0,20.120929421666393,20.315592819812558,8.459166453387011,21.0,1,0.6844071801874421,20.315592819812558,20.0,22.0
411.0,20.123597069072737,20.31826112071024,8.460199784783851,21.0,1,0.6817388792897603,20.31826112071024,20.0,22.0
412.0,20.12626438961588,20.320929094862116,8.46123249313689,21.0,1,0.679070905137884,20.320929094862116,20.0,22.0
413.0,20.128931383236583,20.323596742209492,8.462264577047991,21.0,1,0.6764032577905077,20.323596742209492,20.0,22.0
414.0,20.131598049875347,20.326264062693397,8.463296035119862,21.0,1,0.6737359373066028,20.326264062693397,20.0,22.0
415.0,20.134264389472396,20.328931056254596,8.464326865956057,21.0,1,0.6710689437454036,20.328931056254596,20.0,22.0
416.0,20.136930401967692,20.33159772283359,8.465357068160982,21.0,1,0.6684022771664111,20.33159772283359,20.0,22.0
417.0,20.13959608730093,20.3342640623706,8.466386640339891,21.0,1,0.6657359376293996,20.3342640623706,20.0,22.0
418.0,20.14226144541154,20.336930074805593,8.467415581098894,21.0,1,0.6630699251944066,20.336930074805593,20.0,22.0
419.0,20.144926476238677,20.33959576007826,8.468443889044954,21.0,1,0.6604042399217391,20.33959576007826,20.0,22.0
420.0,20.14759117972124,20.34226111812803,8.469471562785891,21.0,1,0.6577388818719712,20.34226111812803,20.0,22.0
421.0,20.15025555579785,20.344926148894057,8.470498600930384,21.0,1,0.6550738511059429,20.344926148894057,20.0,22.0
422.0,20.15291960440688,20.347590852315246,8.47152500208797,21.0,1,0.6524091476847538,20.347590852315246,20.0,22.0
423.0,20.155583325486415,20.350255228330223,8.472550764869053,21.0,1,0.6497447716697771,20.350255228330223,20.0,22.0
424.0,20.15824671897429,20.352919276877344,8.4735758878849,21.0,1,0.6470807231226559,20.352919276877344,20.0,22.0
425.0,20.160909784808073,20.35558299789471,8.474600369747641,21.0,1,0.6444170021052891,20.35558299789471,20.0,22.0
426.0,20.16357252292506,20.358246391320154,8.475624209070276,21.0,1,0.6417536086798457,20.358246391320154,20.0,22.0
427.0,20.16623493326229,20.360909457091235,8.476647404466675,21.0,1,0.6390905429087645,20.360909457091235,20.0,22.0
428.0,20.16889701575653,20.36357219514526,8.47766995455158,21.0,1,0.6364278048547405,20.36357219514526,20.0,22.0
429.0,20.17155877034429,20.36623460541926,8.478691857940607,21.0,1,0.6337653945807418,20.36623460541926,20.0,22.0
430.0,20.17422019696181,20.368896687850004,8.479713113250247,21.0,1,0.631103312149996,20.368896687850004,20.0,22.0
431.0,20.176881295545066,20.371558442374003,8.480733719097866,21.0,1,0.6284415576259974,20.371558442374003,20.0,22.0
432.0,20.179542066029775,20.3742198689275,8.481753674101714,21.0,1,0.6257801310724993,20.3742198689275,20.0,22.0
433.0,20.182202508351388,20.37688096744647,8.482772976880922,21.0,1,0.6231190325535287,20.37688096744647,20.0,22.0
434.0,20.184862622445095,20.37954173786663,8.483791626055496,21.0,1,0.6204582621333685,20.37954173786663,20.0,22.0
435.0,20.18752240824582,20.382202180123432,8.484809620246336,21.0,1,0.6177978198765679,20.382202180123432,20.0,22.0
436.0,20.19018186568822,20.384862294152065,8.485826958075227,21.0,1,0.6151377058479355,20.384862294152065,20.0,22.0
437.0,20.1928409947067,20.38752207988745,8.486843638164839,21.0,1,0.6124779201125499,20.38752207988745,20.0,22.0
438.0,20.195499795235392,20.39018153726425,8.487859659138733,21.0,1,0.609818462735749,20.39018153726425,20.0,22.0
439.0,20.19815826720817,20.392840666216866,8.488875019621366,21.0,1,0.6071593337831338,20.392840666216866,20.0,22.0
440.0,20.200816410558655,20.395499466679432,8.489889718238087,21.0,1,0.604500533320568,20.395499466679432,20.0,22.0
441.0,20.20347422522019,20.39815793858583,8.490903753615141,21.0,1,0.6018420614141711,20.39815793858583,20.0,22.0
442.0,20.20613171112587,20.40081608186966,8.49191712437967,21.0,1,0.5991839181303398,20.40081608186966,20.0,22.0
443.0,20.208788868208522,20.403473896464284,8.492929829159719,21.0,1,0.5965261035357159,20.403473896464284,20.0,22.0
444.0,20.211445696400713,20.406131382302796,8.493941866584231,21.0,1,0.5938686176972041,20.406131382302796,20.0,22.0
445.0,20.214102195634748,20.40878853931801,8.494953235283054,21.0,1,0.5912114606819898,20.40878853931801,20.0,22.0
446.0,20.21675836584268,20.411445367442507,8.495963933886943,21.0,1,0.5885546325574929,20.411445367442507,20.0,22.0
447.0,20.219414206956287,20.414101866608593,8.496973961027555,21.0,1,0.5858981333914066,20.414101866608593,20.0,22.0
448.0,20.2220697189071,20.41675803674831,8.497983315337464,21.0,1,0.583241963251691,20.41675803674831,20.0,22.0
449.0,20.224724901626388,20.419413877793442,8.498991995450147,21.0,1,0.580586122206558,20.419413877793442,20.0,22.0
450.0,20.227379755045153,20.42206938967552,8.5,21.0,1,0.5779306103244792,20.42206938967552,20.0,22.0
451.0,20.230034279094145,20.424724572325815,8.501007327622329,21.0,1,0.5752754276741854,20.424724572325815,20.0,22.0
452.0,20.23268847370385,20.427379425675326,8.50201397695336,21.0,1,0.5726205743246737,20.427379425675326,20.0,22.0
453.0,20.2353423388045,20.430033949654806,8.503019946630236,21.0,1,0.5699660503451938,20.430033949654806,20.0,22.0
454.0,20.237995874326064,20.432688144194742,8.504025235291017,21.0,1,0.5673118558052579,20.432688144194742,20.0,22.0
455.0,20.240649080198256,20.435342009225362,8.50502984157469,21.0,1,0.5646579907746379,20.435342009225362,20.0,22.0
456.0,20.243301956350532,20.437995544676642,8.506033764121163,21.0,1,0.5620044553233576,20.437995544676642,20.0,22.0
457.0,20.245954502712085,20.44064875047829,8.507037001571273,21.0,1,0.5593512495217112,20.44064875047829,20.0,22.0
458.0,20.248606719211857,20.44330162655976,8.508039552566778,21.0,1,0.5566983734402413,20.44330162655976,20.0,22.0
459.0,20.251258605778528,20.44595417285025,8.50904141575037,21.0,1,0.5540458271497499,20.44595417285025,20.0,22.0
460.0,20.25391016234052,20.4486063892787,8.510042589765675,21.0,1,0.5513936107212984,20.4486063892787,20.0,22.0
461.0,20.256561388826007,20.451258275773796,8.511043073257245,21.0,1,0.548741724226204,20.451258275773796,20.0,22.0
462.0,20.259212285162892,20.453909832263957,8.51204286487057,21.0,1,0.5460901677360432,20.453909832263957,20.0,22.0
463.0,20.261862851278835,20.456561058677355,8.513041963252082,21.0,1,0.5434389413226448,20.456561058677355,20.0,22.0
464.0,20.26451308710123,20.459211954941896,8.514040367049141,21.0,1,0.540788045058104,20.459211954941896,20.0,22.0
465.0,20.267162992557218,20.461862520985235,8.515038074910054,21.0,1,0.5381374790147646,20.461862520985235,20.0,22.0
466.0,20.269812567573688,20.46451275673477,8.516035085484072,21.0,1,0.53548724326523,20.46451275673477,20.0,22.0
467.0,20.27246181207727,20.467162662117648,8.517031397421384,21.0,1,0.5328373378823521,20.467162662117648,20.0,22.0
468.0,20.275110725994338,20.469812237060747,8.51802700937313,21.0,1,0.5301877629392528,20.469812237060747,20.0,22.0
469.0,20.277759309251014,20.472461481490704,8.519021919991395,21.0,1,0.5275385185092958,20.472461481490704,20.0,22.0
470.0,20.280407561773163,20.475110395333893,8.520016127929216,21.0,1,0.5248896046661073,20.475110395333893,20.0,22.0
471.0,20.283055483486393,20.477758978516437,8.521009631840576,21.0,1,0.5222410214835627,20.477758978516437,20.0,22.0
472.0,20.285703074316064,20.480407230964197,8.522002430380418,21.0,1,0.5195927690358033,20.480407230964197,20.0,22.0
473.0,20.288350334187278,20.48305515260278,8.522994522204636,21.0,1,0.5169448473972196,20.48305515260278,20.0,22.0
474.0,20.29099726302488,20.485702743357557,8.523985905970079,21.0,1,0.5142972566424433,20.485702743357557,20.0,22.0
475.0,20.29364386075347,20.488350003153617,8.52497658033456,21.0,1,0.5116499968463835,20.488350003153617,20.0,22.0
476.0,20.296290127297386,20.490996931915813,8.525966543956848,21.0,1,0.509003068084187,20.490996931915813,20.0,22.0
477.0,20.29893606258072,20.493643529568743,8.526955795496677,21.0,1,0.5063564704312569,20.493643529568743,20.0,22.0
478.0,20.3015816665273,20.49628979603675,8.527944333614743,21.0,1,0.5037102039632515,20.49628979603675,20.0,22.0
479.0,20.30422693906072,20.498935731243915,8.52893215697271,21.0,1,0.5010642687560853,20.498935731243915,20.0,22.0
480.0,20.3068718801043,20.501581335114082,8.529919264233206,21.0,1,0.4984186648859179,20.501581335114082,20.0,22.0
481.0,20.309516489581124,20.504226607570832,8.530905654059831,21.0,1,0.49577339242916807,20.504226607570832,20.0,22.0
482.0,20.31216076741402,20.506871548537493,8.531891325117158,21.0,1,0.49312845146250694,20.506871548537493,20.0,22.0
483.0,20.31480471352556,20.509516157937146,8.53287627607073,21.0,1,0.49048384206285434,20.509516157937146,20.0,22.0
484.0,20.31744832783807,20.512160435692614,8.533860505587066,21.0,1,0.48783956430738584,20.512160435692614,20.0,22.0
485.0,20.320091610273618,20.514804381726478,8.534844012333664,21.0,1,0.4851956182735222,20.514804381726478,20.0,22.0
486.0,20.32273456075403,20.51744799596106,8.535826794978997,21.0,1,0.48255200403893994,20.51744799596106,20.0,22.0
487.0,20.325377179200874,20.520091278318432,8.536808852192518,21.0,1,0.47990872168156784,20.520091278318432,20.0,22.0
488.0,20.328019465535473,20.522734228720413,8.537790182644667,21.0,1,0.4772657712795869,20.522734228720413,20.0,22.0
489.0,20.330661419678894,20.525376847088577,8.538770785006863,21.0,1,0.4746231529114233,20.525376847088577,20.0,22.0
490.0,20.333303041551957,20.528019133344248,8.539750657951513,21.0,1,0.4719808666557519,20.528019133344248,20.0,22.0
491.0,20.335944331075236,20.530661087408486,8.540729800152011,21.0,1,0.46933891259151395,20.530661087408486,20.0,22.0
492.0,20.338585288169053,20.533302709202125,8.54170821028274,21.0,1,0.4666972907978746,20.533302709202125,20.0,22.0
493.0,20.341225912753476,20.535943998645724,8.542685887019076,21.0,1,0.46405600135427605,20.535943998645724,20.0,22.0
494.0,20.34386620474833,20.53858495565961,8.543662829037384,21.0,1,0.4614150443403915,20.53858495565961,20.0,22.0
495.0,20.346506164073187,20.541225580163854,8.544639035015027,21.0,1,0.4587744198361463,20.541225580163854,20.0,22.0
496.0,20.349145790647373,20.543865872078282,8.545614503630365,21.0,1,0.45613412792171815,20.543865872078282,20.0,22.0
497.0,20.35178508438997,20.546505831322463,8.546589233562754,21.0,1,0.4534941686775369,20.546505831322463,20.0,22.0
498.0,20.354424045219805,20.54914545781573,8.547563223492551,21.0,1,0.45085454218427046,20.54914545781573,20.0,22.0
499.0,20.35706267305546,20.551784751477154,8.548536472101114,21.0,1,0.4482152485228461,20.551784751477154,20.0,22.0
500.0,20.359700967815268,20.55442371222557,8.549508978070806,21.0,1,0.44557628777442915,20.55442371222557,20.0,22.0
501.0,20.36233892941732,20.55706233997956,8.550480740084996,21.0,1,0.44293766002044066,20.55706233997956,20.0,22.0
502.0,20.364976557779453,20.559700634657457,8.551451756828058,21.0,1,0.4402993653425433,20.559700634657457,20.0,22.0
503.0,20.367613852819265,20.562338596177348,8.552422026985376,21.0,1,0.43766140382265206,20.562338596177348,20.0,22.0
504.0,20.3702508144541,20.564976224457077,8.553391549243344,21.0,1,0.4350237755429234,20.564976224457077,20.0,22.0
505.0,20.37288744260106,20.567613519414238,8.554360322289371,21.0,1,0.43238648058576246,20.567613519414238,20.0,22.0
506.0,20.375523737176994,20.570250480966173,8.55532834481188,21.0,1,0.42974951903382674,20.570250480966173,20.0,22.0
507.0,20.37815969809852,20.572887109029985,8.556295615500305,21.0,1,0.42711289097001526,20.572887109029985,20.0,22.0
508.0,20.380795325282,20.57552340352253,8.557262133045104,21.0,1,0.4244765964774686,20.57552340352253,20.0,22.0
509.0,20.383430618643555,20.578159364360424,8.558227896137753,21.0,1,0.4218406356395761,20.578159364360424,20.0,22.0
510.0,20.386065578099053,20.58079499146002,8.559192903470747,21.0,1,0.4192050085399792,20.58079499146002,20.0,22.0
511.0,20.388700203564127,20.58343028473745,8.560157153737606,21.0,1,0.4165697152625505,20.58343028473745,20.0,22.0
512.0,20.39133449495416,20.58606524410858,8.561120645632878,21.0,1,0.4139347558914217,20.58606524410858,20.0,22.0
513.0,20.393968452184296,20.58869986948904,8.562083377852131,21.0,1,0.41130013051095915,20.58869986948904,20.0,22.0
514.0,20.39660207516943,20.59133416079421,8.563045349091967,21.0,1,0.4086658392057885,20.59133416079421,20.0,22.0
515.0,20.399235363824214,20.593968117939248,8.564006558050014,21.0,1,0.406031882060752,20.593968117939248,20.0,22.0
516.0,20.40186831806306,20.59660174083903,8.564967003424938,21.0,1,0.4033982591609693,20.59660174083903,20.0,22.0
517.0,20.40450093780013,20.599235029408227,8.565926683916434,21.0,1,0.40076497059177285,20.599235029408227,20.0,22.0
518.0,20.40713322294935,20.601867983561238,8.56688559822523,21.0,1,0.39813201643876184,20.601867983561238,20.0,22.0
519.0,20.409765173424407,20.604500603212234,8.567843745053102,21.0,1,0.39549939678776624,20.604500603212234,20.0,22.0
520.0,20.412396789138732,20.607132888275135,8.568801123102851,21.0,1,0.39286711172486477,20.607132888275135,20.0,22.0
521.0,20.415028070005526,20.60976483866363,8.569757731078331,21.0,1,0.3902351613363706,20.60976483866363,20.0,22.0
522.0,20.41765901593774,20.61239645429115,8.570713567684432,21.0,1,0.38760354570884914,20.61239645429115,20.0,22.0
523.0,20.42028962684809,20.615027735070903,8.57166863162709,21.0,1,0.38497226492909675,20.615027735070903,20.0,22.0
524.0,20.422919902649046,20.61765868091583,8.572622921613283,21.0,1,0.38234131908416913,20.61765868091583,20.0,22.0
525.0,20.42554984325284,20.62028929173865,8.573576436351047,21.0,1,0.37971070826134934,20.62028929173865,20.0,22.0
526.0,20.42817944857146,20.622919567451838,8.574529174549456,21.0,1,0.37708043254816204,20.622919567451838,20.0,22.0
527.0,20.430808718516655,20.625549507967623,8.575481134918643,21.0,1,0.374450492032377,20.625549507967623,20.0,22.0
528.0,20.433437652999935,20.62817911319799,8.576432316169793,21.0,1,0.3718208868020092,20.62817911319799,20.0,22.0
529.0,20.43606625193257,20.630808383054692,8.577382717015142,21.0,1,0.369191616945308,20.630808383054692,20.0,22.0
530.0,20.438694515225585,20.633437317449243,8.578332336167987,21.0,1,0.3665626825507573,20.633437317449243,20.0,22.0
531.0,20.441322442789772,20.636065916292903,8.579281172342679,21.0,1,0.3639340837070968,20.636065916292903,20.0,22.0
532.0,20.443950034535682,20.638694179496706,8.580229224254632,21.0,1,0.3613058205032935,20.638694179496706,20.0,22.0
533.0,20.446577290373625,20.641322106971447,8.581176490620324,21.0,1,0.3586778930285526,20.641322106971447,20.0,22.0
534.0,20.449204210213676,20.643949698627672,8.58212297015729,21.0,1,0.35605030137232774,20.643949698627672,20.0,22.0
535.0,20.451830793965666,20.64657695437569,8.583068661584134,21.0,1,0.3534230456243108,20.64657695437569,20.0,22.0
536.0,20.45445704153919,20.649203874125572,8.58401356362053,21.0,1,0.3507961258744281,20.649203874125572,20.0,22.0
537.0,20.457082952843606,20.65183045778716,8.584957674987216,21.0,1,0.34816954221284035,20.65183045778716,20.0,22.0
538.0,20.459708527788035,20.65445670527004,8.585900994406,21.0,1,0.3455432947299606,20.65445670527004,20.0,22.0
539.0,20.462333766281358,20.657082616483574,8.586843520599768,21.0,1,0.34291738351642564,20.657082616483574,20.0,22.0
540.0,20.46495866823222,20.659708191336886,8.587785252292473,21.0,1,0.3402918086631139,20.659708191336886,20.0,22.0
541.0,20.467583233549032,20.662333429738858,8.588726188209149,21.0,1,0.3376665702611419,20.662333429738858,20.0,22.0
542.0,20.470207462139964,20.664958331598125,8.589666327075903,21.0,1,0.33504166840187466,20.664958331598125,20.0,22.0
543.0,20.47283135391295,20.66758289682311,8.590605667619926,21.0,1,0.33241710317689055,20.66758289682311,20.0,22.0
544.0,20.475454908775692,20.670207125321973,8.591544208569484,21.0,1,0.3297928746780272,20.670207125321973,20.0,22.0
545.0,20.47807812663565,20.67283101700266,8.59248194865393,21.0,1,0.327168982997339,20.67283101700266,20.0,22.0
546.0,20.480701007400054,20.675454571772867,8.593418886603702,21.0,1,0.3245454282271325,20.675454571772867,20.0,22.0
547.0,20.483323550975893,20.678077789540055,8.594355021150317,21.0,1,0.3219222104599453,20.678077789540055,20.0,22.0
548.0,20.485945757269928,20.68070067021145,8.59529035102639,21.0,1,0.31929932978854936,20.68070067021145,20.0,22.0
549.0,20.48856762618868,20.683323213694045,8.596224874965616,21.0,1,0.31667678630595475,20.683323213694045,20.0,22.0
550.0,20.491189157638434,20.6859454198946,8.597158591702787,21.0,1,0.3140545801053989,20.6859454198946,20.0,22.0
551.0,20.493810351525248,20.68856728871964,8.598091499973783,21.0,1,0.31143271128036076,20.68856728871964,20.0,22.0
552.0,20.496431207754938,20.69118882007545,8.599023598515586,21.0,1,0.3088111799245503,20.69118882007545,20.0,22.0
553.0,20.49905172623309,20.693810013868084,8.599954886066266,21.0,1,0.3061899861319155,20.693810013868084,20.0,22.0
554.0,20.50167190686506,20.69643087000336,8.600885361364996,21.0,1,0.30356912999663876,20.69643087000336,20.0,22.0
555.0,20.50429174955596,20.699051388386867,8.601815023152048,21.0,1,0.30094861161313347,20.699051388386867,20.0,22.0
556.0,20.50691125421068,20.701671568923953,8.602743870168794,21.0,1,0.29832843107604745,20.701671568923953,20.0,22.0
557.0,20.509530420733874,20.70429141151974,8.603671901157709,21.0,1,0.2957085884802595,20.70429141151974,20.0,22.0
558.0,20.51214924902996,20.706910916079114,8.604599114862374,21.0,1,0.2930890839208864,20.706910916079114,20.0,22.0
559.0,20.514767739003126,20.709530082506724,8.605525510027478,21.0,1,0.2904699174932759,20.709530082506724,20.0,22.0
560.0,20.517385890557332,20.712148910707,8.606451085398813,21.0,1,0.2878510892929995,20.712148910707,20.0,22.0
561.0,20.5200037035963,20.714767400584126,8.607375839723286,21.0,1,0.285232599415874,20.714767400584126,20.0,22.0
562.0,20.522621178023524,20.717385552042053,8.608299771748914,21.0,1,0.2826144479579469,20.717385552042053,20.0,22.0
563.0,20.525238313742268,20.720003364984514,8.609222880224827,21.0,1,0.2799966350154861,20.720003364984514,20.0,22.0
564.0,20.527855110655565,20.722620839315006,8.610145163901267,21.0,1,0.277379160684994,20.722620839315006,20.0,22.0
565.0,20.530471568666215,20.725237974936782,8.6110666215296,21.0,1,0.2747620250632181,20.725237974936782,20.0,22.0
566.0,20.533087687676787,20.72785477175288,8.611987251862303,21.0,1,0.27214522824711906,20.72785477175288,20.0,22.0
567.0,20.535703467589624,20.730471229666097,8.612907053652977,21.0,1,0.26952877033390266,20.730471229666097,20.0,22.0
568.0,20.538318908306838,20.733087348579012,8.613826025656342,21.0,1,0.26691265142098786,20.733087348579012,20.0,22.0
569.0,20.540934009730307,20.735703128393958,8.614744166628247,21.0,1,0.2642968716060423,20.735703128393958,20.0,22.0
570.0,20.543548771761685,20.738318569013053,8.615661475325659,21.0,1,0.26168143098694685,20.738318569013053,20.0,22.0
571.0,20.546163194302398,20.740933670338173,8.616577950506676,21.0,1,0.2590663296618274,20.740933670338173,20.0,22.0
572.0,20.548777277253638,20.743548432270977,8.617493590930522,21.0,1,0.2564515677290231,20.743548432270977,20.0,22.0
573.0,20.551391020516373,20.746162854712885,8.618408395357553,21.0,1,0.25383714528711465,20.746162854712885,20.0,22.0
574.0,20.55400442399134,20.74877693756509,8.61932236254926,21.0,1,0.2512230624349101,20.74877693756509,20.0,22.0
575.0,20.556617487579054,20.751390680728566,8.62023549126826,21.0,1,0.24860931927143426,20.751390680728566,20.0,22.0
576.0,20.55923021117979,20.754004084104043,8.62114778027831,21.0,1,0.24599591589595704,20.754004084104043,20.0,22.0
577.0,20.561842594693612,20.756617147592035,8.622059228344304,21.0,1,0.2433828524079651,20.756617147592035,20.0,22.0
578.0,20.564454638020344,20.759229871092828,8.622969834232272,21.0,1,0.24077012890717242,20.759229871092828,20.0,22.0
579.0,20.567066341059586,20.76184225450648,8.623879596709386,21.0,1,0.23815774549352042,20.76184225450648,20.0,22.0
580.0,20.569677703710717,20.76445429773281,8.62478851454396,21.0,1,0.23554570226718852,20.76445429773281,20.0,22.0
581.0,20.572288725872884,20.767066000671427,8.625696586505452,21.0,1,0.23293399932857284,20.767066000671427,20.0,22.0
582.0,20.57489940744501,20.769677363221707,8.626603811364461,21.0,1,0.23032263677829334,20.769677363221707,20.0,22.0
583.0,20.577509748325795,20.7722883852828,8.627510187892739,21.0,1,0.22771161471720092,20.7722883852828,20.0,22.0
584.0,20.580119748413708,20.774899066753623,8.62841571486318,21.0,1,0.22510093324637737,20.774899066753623,20.0,22.0
585.0,20.582729407606998,20.77750940753288,8.629320391049838,21.0,1,0.22249059246712122,20.77750940753288,20.0,22.0
586.0,20.585338725803688,20.780119407519038,8.630224215227907,21.0,1,0.21988059248096192,20.780119407519038,20.0,22.0
587.0,20.587947702901573,20.78272906661035,8.631127186173742,21.0,1,0.2172709333896492,20.78272906661035,20.0,22.0
588.0,20.590556338798226,20.785338384704836,8.63202930266485,21.0,1,0.2146616152951637,20.785338384704836,20.0,22.0
589.0,20.593164633390998,20.787947361700297,8.6329305634799,21.0,1,0.21205263829970278,20.787947361700297,20.0,22.0
590.0,20.595772586577016,20.7905559974943,8.63383096739871,21.0,1,0.20944400250569828,20.7905559974943,20.0,22.0
591.0,20.59838019825318,20.7931642919842,8.634730513202268,21.0,1,0.20683570801579876,20.7931642919842,20.0,22.0
592.0,20.60098746831617,20.79577224506712,8.635629199672717,21.0,1,0.20422775493288015,20.79577224506712,20.0,22.0
593.0,20.60359439666244,20.79837985663996,8.636527025593367,21.0,1,0.20162014336003864,20.79837985663996,20.0,22.0
594.0,20.606200983188227,20.800987126599402,8.63742398974869,21.0,1,0.1990128734005978,20.800987126599402,20.0,22.0
595.0,20.60880722778954,20.80359405484191,8.638320090924328,21.0,1,0.19640594515809084,20.80359405484191,20.0,22.0
596.0,20.611413130362166,20.806200641263707,8.63921532790709,21.0,1,0.1937993587362925,20.806200641263707,20.0,22.0
597.0,20.614018690801675,20.80880688576081,8.640109699484956,21.0,1,0.19119311423919072,20.80880688576081,20.0,22.0
598.0,20.616623909003412,20.811412788229,8.641003204447074,21.0,1,0.1885872117710008,20.811412788229,20.0,22.0
599.0,20.6192287848625,20.814018348563856,8.641895841583768,21.0,1,0.1859816514361441,20.814018348563856,20.0,22.0
600.0,20.621833318273843,20.816623566660716,8.64278760968654,21.0,1,0.18337643333928355,20.816623566660716,20.0,22.0
601.0,20.624437509132125,20.819228442414705,8.643678507548062,21.0,1,0.18077155758529528,20.819228442414705,20.0,22.0
602.0,20.62704135733181,20.82183297572073,8.644568533962186,21.0,1,0.17816702427926856,20.82183297572073,20.0,22.0
603.0,20.629644862767133,20.824437166473476,8.645457687723951,21.0,1,0.17556283352652358,20.824437166473476,20.0,22.0
604.0,20.632248025332125,20.8270410145674,8.646345967629566,21.0,1,0.1729589854326008,20.8270410145674,20.0,22.0
605.0,20.634850844920585,20.829644519896746,8.647233372476432,21.0,1,0.17035548010325385,20.829644519896746,20.0,22.0
606.0,20.637453321426097,20.83224768235554,8.648119901063131,21.0,1,0.1677523176444602,20.83224768235554,20.0,22.0
607.0,20.640055454742026,20.834850501837586,8.649005552189431,21.0,1,0.16514949816241398,20.834850501837586,20.0,22.0
608.0,20.642657244761516,20.837452978236463,8.649890324656289,21.0,1,0.16254702176353675,20.837452978236463,20.0,22.0
609.0,20.645258691377496,20.840055111445537,8.650774217265852,21.0,1,0.1599448885544632,20.840055111445537,20.0,22.0
610.0,20.647859794482674,20.842656901357955,8.651657228821456,21.0,1,0.15734309864204477,20.842656901357955,20.0,22.0
611.0,20.65046055396954,20.845258347866643,8.652539358127632,21.0,1,0.15474165213335667,20.845258347866643,20.0,22.0
612.0,20.653060969730372,20.847859450864313,8.653420603990105,21.0,1,0.1521405491356873,20.847859450864313,20.0,22.0
613.0,20.655661041657225,20.850460210243455,8.654300965215796,21.0,1,0.14953978975654536,20.850460210243455,20.0,22.0
614.0,20.658260769641938,20.85306062589634,8.655180440612826,21.0,1,0.14693937410365976,20.85306062589634,20.0,22.0
615.0,20.66086015357613,20.85566069771503,8.656059028990507,21.0,1,0.14433930228496905,20.85566069771503,20.0,22.0
616.0,20.663459193351216,20.858260425591368,8.656936729159362,21.0,1,0.14173957440863205,20.858260425591368,20.0,22.0
617.0,20.666057888858376,20.86085980941697,8.657813539931112,21.0,1,0.1391401905830314,20.86085980941697,20.0,22.0
618.0,20.66865623998859,20.863458849083237,8.65868946011868,21.0,1,0.1365411509167629,20.863458849083237,20.0,22.0
619.0,20.671254246632614,20.86605754448137,8.6595644885362,21.0,1,0.13394245551862838,20.86605754448137,20.0,22.0
620.0,20.673851908680994,20.868655895502346,8.660438623999008,21.0,1,0.13134410449765355,20.868655895502346,20.0,22.0
621.0,20.676449226024058,20.871253902036916,8.661311865323652,21.0,1,0.12874609796308434,20.871253902036916,20.0,22.0
622.0,20.67904619855192,20.873851563975624,8.66218421132789,21.0,1,0.1261484360243763,20.873851563975624,20.0,22.0
623.0,20.681642826154473,20.876448881208802,8.663055660830691,21.0,1,0.12355111879119818,20.876448881208802,20.0,22.0
624.0,20.684239108721407,20.879045853626558,8.663926212652242,21.0,1,0.12095414637344248,20.879045853626558,20.0,22.0
625.0,20.686835046142193,20.8816424811188,8.664795865613938,21.0,1,0.11835751888120072,20.8816424811188,20.0,22.0
626.0,20.68943063830609,20.884238763575205,8.665664618538397,21.0,1,0.1157612364247953,20.884238763575205,20.0,22.0
627.0,20.692025885102137,20.88683470088525,8.666532470249452,21.0,1,0.11316529911475115,20.88683470088525,20.0,22.0
628.0,20.694620786419165,20.889430292938187,8.66739941957216,21.0,1,0.11056970706181346,20.889430292938187,20.0,22.0
629.0,20.697215342145796,20.892025539623067,8.668265465332794,21.0,1,0.10797446037693348,20.892025539623067,20.0,22.0
630.0,20.699809552170432,20.89462044082871,8.66913060635886,21.0,1,0.10537955917128983,20.89462044082871,20.0,22.0
631.0,20.70240341638127,20.897214996443743,8.669994841479074,21.0,1,0.10278500355625653,20.897214996443743,20.0,22.0
632.0,20.70499693466629,20.899809206356576,8.67085816952339,21.0,1,0.10019079364342431,20.899809206356576,20.0,22.0
633.0,20.707590106913262,20.902403070455396,8.671720589322991,21.0,1,0.0975969295446042,20.902403070455396,20.0,22.0
634.0,20.710182933009744,20.904996588628187,8.67258209971028,21.0,1,0.09500341137181323,20.904996588628187,20.0,22.0
635.0,20.712775412843083,20.907589760762715,8.673442699518901,21.0,1,0.0924102392372852,20.907589760762715,20.0,22.0
636.0,20.715367546300417,20.910182586746544,8.674302387583724,21.0,1,0.08981741325345638,20.910182586746544,20.0,22.0
637.0,20.717959333268674,20.91277506646702,8.675161162740856,21.0,1,0.08722493353297978,20.91277506646702,20.0,22.0
638.0,20.720550773634567,20.915367199811282,8.676019023827642,21.0,1,0.084632800188718,20.915367199811282,20.0,22.0
639.0,20.723141867284607,20.917958986666257,8.67687596968266,21.0,1,0.08204101333374325,20.917958986666257,20.0,22.0
640.0,20.725732614105087,20.92055042691866,8.677731999145733,21.0,1,0.07944957308134093,20.92055042691866,20.0,22.0
641.0,20.728323013982095,20.923141520454994,8.678587111057917,21.0,1,0.07685847954500602,20.923141520454994,20.0,22.0
642.0,20.73091306680151,20.92573226716156,8.679441304261516,21.0,1,0.07426773283843957,20.92573226716156,20.0,22.0
643.0,20.733502772449,20.928322666924448,8.680294577600078,21.0,1,0.07167733307555224,20.928322666924448,20.0,22.0
644.0,20.736092130810032,20.930912719629532,8.681146929918393,21.0,1,0.06908728037046785,20.930912719629532,20.0,22.0
645.0,20.738681141769852,20.933502425162484,8.681998360062499,21.0,1,0.06649757483751628,20.933502425162484,20.0,22.0
646.0,20.741269805213513,20.936091783408767,8.682848866879683,21.0,1,0.06390821659123347,20.936091783408767,20.0,22.0
647.0,20.743858121025845,20.938680794253635,8.683698449218484,21.0,1,0.06131920574636496,20.938680794253635,20.0,22.0
648.0,20.746446089091485,20.94126945758213,8.684547105928688,21.0,1,0.05873054241786946,20.94126945758213,20.0,22.0
649.0,20.749033709294853,20.943857773279092,8.68539483586134,21.0,1,0.056142226720908184,20.943857773279092,20.0,22.0
650.0,20.751620981520166,20.946445741229155,8.686241637868733,21.0,1,0.053554258770844854,20.946445741229155,20.0,22.0
651.0,20.754207905651434,20.94903336131674,8.687087510804423,21.0,1,0.0509666386832599,20.94903336131674,20.0,22.0
652.0,20.756794481572463,20.951620633426064,8.687932453523219,21.0,1,0.04837936657393627,20.951620633426064,20.0,22.0
653.0,20.75938070916685,20.954207557441137,8.68877646488119,21.0,1,0.045792442558862945,20.954207557441137,20.0,22.0
654.0,20.761966588317996,20.956794133245765,8.68961954373567,21.0,1,0.04320586675423499,20.956794133245765,20.0,22.0
655.0,20.76455211890908,20.95938036072355,8.69046168894525,21.0,1,0.04061963927644996,20.95938036072355,20.0,22.0
656.0,20.767137300823087,20.961966239757878,8.691302899369788,21.0,1,0.03803376024212213,20.961966239757878,20.0,22.0
657.0,20.769722133942796,20.964551770231946,8.692143173870408,21.0,1,0.03544822976805406,20.964551770231946,20.0,22.0
658.0,20.772306618150782,20.96713695202873,8.692982511309497,21.0,1,0.0328630479712686,20.96713695202873,20.0,22.0
659.0,20.774890753329416,20.96972178503102,8.693820910550718,21.0,1,0.03027821496898042,20.96972178503102,20.0,22.0
660.0,20.77747453936086,20.972306269121372,8.694658370458997,21.0,1,0.02769373087862803,20.972306269121372,20.0,22.0
661.0,20.78005797612708,20.974890404182172,8.695494889900537,21.0,1,0.025109595817827568,20.974890404182172,20.0,22.0
662.0,20.782641063509832,20.97747419009558,8.69633046774281,21.0,1,0.022525809904418992,20.97747419009558,20.0,22.0
663.0,20.78522380139068,20.98005762674356,8.697165102854564,21.0,1,0.019942373256441215,20.98005762674356,20.0,22.0
664.0,20.787806189650972,20.982640714007868,8.697998794105827,21.0,1,0.0173592859921321,20.982640714007868,20.0,22.0
665.0,20.790388228171864,20.98522345177007,8.6988315403679,21.0,1,0.014776548229928466,20.98522345177007,20.0,22.0
666.0,20.792969916834302,20.987805839911516,8.699663340513366,21.0,1,0.01219416008848384,20.987805839911516,20.0,22.0
667.0,20.795551255519037,20.990387878313356,8.700494193416086,21.0,1,0.009612121686643604,20.990387878313356,20.0,22.0
668.0,20.798132244106615,20.992969566856544,8.70132409795121,21.0,1,0.007030433143455639,20.992969566856544,20.0,22.0
669.0,20.800712882477384,20.99555090542183,8.702153052995163,21.0,1,0.004449094578170332,20.99555090542183,20.0,22.0
670.0,20.803293170511488,20.998131893889752,8.702981057425662,21.0,1,0.0018681061102476804,20.998131893889752,20.0,22.0
671.0,20.80587310808887,21.000712532140668,8.70380811012171,21.0,1,-0.0007125321406675766,21.000712532140668,20.0,22.0
672.0,20.80845269508928,21.003292820054718,8.704634209963595,21.0,1,-0.003292820054717538,21.003292820054718,20.0,22.0
673.0,20.811031931392254,21.005872757511845,8.7054593558329,21.0,1,-0.00587275751184535,21.005872757511845,20.0,22.0
674.0,20.81361081687714,21.00845234439179,8.706283546612495,21.0,1,-0.008452344391791655,21.00845234439179,20.0,22.0
675.0,20.816189351423088,21.011031580574116,8.707106781186548,21.0,1,-0.011031580574115907,21.011031580574116,20.0,22.0
676.0,20.81876753490904,21.01361046593815,8.707929058440516,21.0,1,-0.013610465938150185,21.01361046593815,20.0,22.0
677.0,20.821345367213745,21.016189000363042,8.708750377261156,21.0,1,-0.016189000363041828,21.016189000363042,20.0,22.0
678.0,20.823922848215755,21.01876718372774,8.70957073653652,21.0,1,-0.018767183727739223,21.01876718372774,20.0,22.0
679.0,20.826499977793418,21.021345015911,8.710390135155963,21.0,1,-0.02134501591099891,21.021345015911,20.0,22.0
680.0,20.82907675582489,21.023922496791357,8.711208572010138,21.0,1,-0.023922496791357162,21.023922496791357,20.0,22.0
681.0,20.831653182188127,21.026499626247176,8.712026045990996,21.0,1,-0.026499626247176167,21.026499626247176,20.0,22.0
682.0,20.83422925676089,21.029076404156605,8.7128425559918,21.0,1,-0.02907640415660495,21.029076404156605,20.0,22.0
683.0,20.836804979420734,21.031652830397597,8.713658100907113,21.0,1,-0.03165283039759714,21.031652830397597,20.0,22.0
684.0,20.83938035004503,21.03422890484792,8.714472679632804,21.0,1,-0.034228904847921626,21.03422890484792,20.0,22.0
685.0,20.84195536851095,21.036804627385134,8.715286291066052,21.0,1,-0.036804627385134125,21.036804627385134,20.0,22.0
686.0,20.84453003469546,21.039379997886602,8.716098934105345,21.0,1,-0.03937999788660207,21.039379997886602,20.0,22.0
687.0,20.84710434847534,21.04195501622949,8.716910607650483,21.0,1,-0.04195501622949038,21.04195501622949,20.0,22.0
688.0,20.849678309727175,21.04452968229078,8.717721310602577,21.0,1,-0.04452968229077925,21.04452968229078,20.0,22.0
689.0,20.85225191832735,21.047103995947243,8.718531041864052,21.0,1,-0.047103995947242794,21.047103995947243,20.0,22.0
690.0,20.854825174152058,21.049677957075467,8.719339800338652,21.0,1,-0.04967795707546685,21.049677957075467,20.0,22.0
691.0,20.857398077077296,21.052251565551835,8.720147584931432,21.0,1,-0.052251565551834744,21.052251565551835,20.0,22.0
692.0,20.859970626978868,21.054824821252538,8.72095439454877,21.0,1,-0.05482482125253796,21.054824821252538,20.0,22.0
693.0,20.862542823732383,21.05739772405358,8.721760228098361,21.0,1,-0.05739772405357968,21.05739772405358,20.0,22.0
694.0,20.865114667213255,21.05997027383076,8.722565084489228,21.0,1,-0.05997027383076059,21.05997027383076,20.0,22.0
695.0,20.86768615729671,21.06254247045969,8.723368962631708,21.0,1,-0.06254247045968953,21.06254247045969,20.0,22.0
696.0,20.870257293857776,21.065114313815787,8.724171861437467,21.0,1,-0.06511431381578703,21.065114313815787,20.0,22.0
697.0,20.87282807677129,21.06768580377427,8.724973779819498,21.0,1,-0.06768580377427114,21.06768580377427,20.0,22.0
698.0,20.8753985059119,21.07025694021017,8.725774716692118,21.0,1,-0.07025694021017159,21.07025694021017,20.0,22.0
699.0,20.877968581154057,21.072827722998333,8.726574670970976,21.0,1,-0.0728277229983334,21.072827722998333,20.0,22.0
700.0,20.88053830237202,21.075398152013396,8.727373641573049,21.0,1,-0.0753981520133955,21.075398152013396,20.0,22.0
701.0,20.88310766943986,21.07796822712981,8.728171627416646,21.0,1,-0.07796822712980855,21.07796822712981,20.0,22.0
702.0,20.885676682231455,21.080537948221842,8.72896862742141,21.0,1,-0.08053794822184202,21.080537948221842,20.0,22.0
703.0,20.888245340620493,21.083107315163563,8.729764640508321,21.0,1,-0.08310731516356284,21.083107315163563,20.0,22.0
704.0,20.89081364448047,21.085676327828846,8.73055966559969,21.0,1,-0.08567632782884615,21.085676327828846,20.0,22.0
705.0,20.893381593684694,21.088244986091382,8.73135370161917,21.0,1,-0.08824498609138232,21.088244986091382,20.0,22.0
706.0,20.895949188106282,21.09081328982467,8.73214674749175,21.0,1,-0.09081328982466985,21.09081328982467,20.0,22.0
707.0,20.89851642761816,21.09338123890201,8.732938802143762,21.0,1,-0.09338123890200833,21.09338123890201,20.0,22.0
708.0,20.901083312093064,21.095948833196523,8.733729864502877,21.0,1,-0.09594883319652325,21.095948833196523,20.0,22.0
709.0,20.903649841403546,21.09851607258114,8.734519933498111,21.0,1,-0.09851607258114115,21.09851607258114,20.0,22.0
710.0,20.906216015421965,21.101082956928593,8.73530900805983,21.0,1,-0.10108295692859315,21.101082956928593,20.0,22.0
711.0,20.90878183402049,21.103649486111436,8.736097087119735,21.0,1,-0.10364948611143632,21.103649486111436,20.0,22.0
712.0,20.91134729707111,21.10621566000203,8.736884169610883,21.0,1,-0.10621566000202876,21.10621566000203,20.0,22.0
713.0,20.913912404445618,21.108781478472537,8.737670254467682,21.0,1,-0.10878147847253672,21.108781478472537,20.0,22.0
714.0,20.916477156015624,21.111346941394952,8.738455340625883,21.0,1,-0.11134694139495238,21.111346941394952,20.0,22.0
715.0,20.919041551652548,21.11391204864107,8.739239427022596,21.0,1,-0.11391204864106896,21.11391204864107,20.0,22.0
716.0,20.92160559122762,21.116476800082495,8.74002251259628,21.0,1,-0.11647680008249495,21.116476800082495,20.0,22.0
717.0,20.924169274611895,21.11904119559065,8.74080459628675,21.0,1,-0.11904119559065052,21.11904119559065,20.0,22.0
718.0,20.92673260167623,21.121605235036775,8.741585677035179,21.0,1,-0.12160523503677467,21.121605235036775,20.0,22.0
719.0,20.9292955722913,21.124168918291907,8.742365753784098,21.0,1,-0.12416891829190746,21.124168918291907,20.0,22.0
720.0,20.9318581863276,21.12673224522692,8.743144825477394,21.0,1,-0.1267322452269184,21.12673224522692,20.0,22.0
721.0,20.93442044365543,21.12929521571248,8.743922891060318,21.0,1,-0.1292952157124816,21.12929521571248,20.0,22.0
722.0,20.936982344144912,21.131857829619083,8.744699949479482,21.0,1,-0.13185782961908288,21.131857829619083,20.0,22.0
723.0,20.93954388766598,21.134420086817034,8.745475999682862,21.0,1,-0.134420086817034,21.134420086817034,20.0,22.0
724.0,20.942105074088385,21.13698198717645,8.746251040619798,21.0,1,-0.13698198717645127,21.13698198717645,20.0,22.0
725.0,20.94466590328169,21.139543530567273,8.747025071240996,21.0,1,-0.13954353056727342,21.139543530567273,20.0,22.0
726.0,20.947226375115285,21.142104716859244,8.747798090498533,21.0,1,-0.14210471685924375,21.142104716859244,20.0,22.0
727.0,20.94978648945836,21.14466554592193,8.74857009734585,21.0,1,-0.14466554592193148,21.14466554592193,20.0,22.0
728.0,20.95234624617994,21.147226017624725,8.749341090737763,21.0,1,-0.14722601762472465,21.147226017624725,20.0,22.0
729.0,20.954905645148852,21.149786131836816,8.75011106963046,21.0,1,-0.14978613183681588,21.149786131836816,20.0,22.0
730.0,20.95746468623375,21.152345888427227,8.750880032981499,21.0,1,-0.1523458884272273,21.152345888427227,20.0,22.0
731.0,20.960023369303098,21.15490528726479,8.751647979749817,21.0,1,-0.15490528726478914,21.15490528726479,20.0,22.0
732.0,20.962581694225186,21.157464328218154,8.752414908895725,21.0,1,-0.15746432821815404,21.157464328218154,20.0,22.0
733.0,20.96513966086812,21.16002301115579,8.75318081938091,21.0,1,-0.16002301115578987,21.16002301115579,20.0,22.0
734.0,20.967697269099823,21.16258133594598,8.753945710168443,21.0,1,-0.1625813359459798,21.16258133594598,20.0,22.0
735.0,20.970254518788035,21.165139302456836,8.754709580222771,21.0,1,-0.1651393024568364,21.165139302456836,20.0,22.0
736.0,20.97281140980032,21.16769691055628,8.755472428509727,21.0,1,-0.16769691055628044,21.16769691055628,20.0,22.0
737.0,20.975367942004063,21.17025416011206,8.756234253996523,21.0,1,-0.17025416011205863,21.17025416011206,20.0,22.0
738.0,20.97792411526646,21.172811050991726,8.756995055651757,21.0,1,-0.17281105099172578,21.172811050991726,20.0,22.0
739.0,20.98047992945454,21.17536758306267,8.757754832445414,21.0,1,-0.17536758306266975,21.17536758306267,20.0,22.0
740.0,20.983035384435137,21.177923756192094,8.758513583348869,21.0,1,-0.17792375619209366,21.177923756192094,20.0,22.0
741.0,20.98559048007492,21.180479570247012,8.759271307334881,21.0,1,-0.18047957024701233,21.180479570247012,20.0,22.0
742.0,20.98814521624037,21.183035025094277,8.760028003377602,21.0,1,-0.18303502509427716,21.183035025094277,20.0,22.0
743.0,20.990699592797796,21.185590120600544,8.760783670452575,21.0,1,-0.18559012060054414,21.185590120600544,20.0,22.0
744.0,20.993253609613326,21.1881448566323,8.761538307536737,21.0,1,-0.18814485663229874,21.1881448566323,20.0,22.0
745.0,20.995807266552912,21.19069923305586,8.762291913608419,21.0,1,-0.19069923305585945,21.19069923305586,20.0,22.0
746.0,20.998360563482322,21.19325324973734,8.763044487647345,21.0,1,-0.1932532497373387,21.19325324973734,20.0,22.0
747.0,21.000913500267156,21.195806906542696,8.763796028634642,21.0,1,-0.19580690654269617,21.195806906542696,20.0,22.0
748.0,21.00346607677283,21.198360203337703,8.764546535552832,21.0,1,-0.1983602033377032,21.198360203337703,20.0,22.0
749.0,21.00601829286459,21.200913139987954,8.765296007385835,21.0,1,-0.20091313998795357,21.200913139987954,20.0,22.0
750.0,21.008570148407493,21.20346571635887,8.766044443118979,21.0,1,-0.20346571635887045,21.20346571635887,20.0,22.0
751.0,21.011121643266435,21.206017932315692,8.766791841738986,21.0,1,-0.20601793231569232,21.206017932315692,20.0,22.0
752.0,21.01367277730613,21.208569787723484,8.767538202233988,21.0,1,-0.20856978772348356,21.208569787723484,20.0,22.0
753.0,21.016223550391114,21.21112128244714,8.768283523593523,21.0,1,-0.21112128244714157,21.21112128244714,20.0,22.0
754.0,21.018773962385755,21.213672416351375,8.769027804808532,21.0,1,-0.21367241635137546,21.213672416351375,20.0,22.0
755.0,21.02132401315424,21.216223189300724,8.769771044871367,21.0,1,-0.21622318930072382,21.216223189300724,20.0,22.0
756.0,21.023873702560582,21.21877360115955,8.77051324277579,21.0,1,-0.21877360115955113,21.21877360115955,20.0,22.0
757.0,21.026423030468624,21.22132365179205,8.77125439751697,21.0,1,-0.22132365179205138,21.22132365179205,20.0,22.0
758.0,21.028971996742033,21.223873341062234,8.77199450809149,21.0,1,-0.22387334106223378,21.223873341062234,20.0,22.0
759.0,21.031520601244303,21.22642266883394,8.772733573497352,21.0,1,-0.22642266883394058,21.22642266883394,20.0,22.0
760.0,21.034068843838753,21.228971634970843,8.773471592733964,21.0,1,-0.2289716349708435,21.228971634970843,20.0,22.0
761.0,21.036616724388534,21.231520239336437,8.774208564802159,21.0,1,-0.23152023933643662,21.231520239336437,20.0,22.0
762.0,21.039164242756616,21.234068481794033,8.774944488704179,21.0,1,-0.23406848179403283,21.234068481794033,20.0,22.0
763.0,21.041711398805806,21.23661636220679,8.775679363443695,21.0,1,-0.23661636220678872,21.23661636220679,20.0,22.0
764.0,21.044258192398733,21.239163880437676,8.776413188025789,21.0,1,-0.2391638804376761,21.239163880437676,20.0,22.0
765.0,21.046804623397858,21.241711036349496,8.77714596145697,21.0,1,-0.2417110363494963,21.241711036349496,20.0,22.0
766.0,21.04935069166547,21.244257829804884,8.77787768274517,21.0,1,-0.24425782980488364,21.244257829804884,20.0,22.0
767.0,21.051896397063686,21.2468042606663,8.778608350899745,21.0,1,-0.24680426066629835,21.2468042606663,20.0,22.0
768.0,21.054441739454454,21.249350328796027,8.779337964931473,21.0,1,-0.2493503287960266,21.249350328796027,20.0,22.0
769.0,21.056986718699548,21.25189603405619,8.780066523852566,21.0,1,-0.2518960340561911,21.25189603405619,20.0,22.0
770.0,21.05953133466058,21.254441376308733,8.78079402667666,21.0,1,-0.2544413763087334,21.254441376308733,20.0,22.0
771.0,21.062075587198983,21.256986355415435,8.78152047241882,21.0,1,-0.25698635541543524,21.256986355415435,20.0,22.0
772.0,21.064619476176027,21.2595309712379,8.782245860095543,21.0,1,-0.2595309712379006,21.2595309712379,20.0,22.0
773.0,21.067163001452812,21.262075223637574,8.782970188724763,21.0,1,-0.26207522363757363,21.262075223637574,20.0,22.0
774.0,21.069706162890267,21.26461911247572,8.783693457325839,21.0,1,-0.2646191124757209,21.26461911247572,20.0,22.0
775.0,21.072248960349153,21.26716263761343,8.784415664919576,21.0,1,-0.2671626376134313,21.26716263761343,20.0,22.0
776.0,21.074791393690067,21.26970579891165,8.785136810528206,21.0,1,-0.2697057989116516,21.26970579891165,20.0,22.0
777.0,21.077333462773435,21.272248596231133,8.785856893175401,21.0,1,-0.2722485962311332,21.272248596231133,20.0,22.0
778.0,21.079875167459516,21.274791029432475,8.786575911886278,21.0,1,-0.2747910294324747,21.274791029432475,20.0,22.0
779.0,21.0824165076084,21.2773330983761,8.787293865687387,21.0,1,-0.27733309837610065,21.2773330983761,20.0,22.0
780.0,21.084957483080014,21.279874802922272,8.788010753606722,21.0,1,-0.2798748029222722,21.279874802922272,20.0,22.0
781.0,21.08749809373412,21.282416142931083,8.788726574673722,21.0,1,-0.2824161429310834,21.282416142931083,20.0,22.0
782.0,21.090038339430308,21.284957118262458,8.789441327919269,21.0,1,-0.28495711826245795,21.284957118262458,20.0,22.0
783.0,21.092578220028006,21.287497728776156,8.79015501237569,21.0,1,-0.287497728776156,21.287497728776156,20.0,22.0
784.0,21.095117735386477,21.29003797433177,8.79086762707676,21.0,1,-0.2900379743317707,21.29003797433177,20.0,22.0
785.0,21.097656885364817,21.292577854788732,8.791579171057704,21.0,1,-0.2925778547887319,21.292577854788732,20.0,22.0
786.0,21.100195669821954,21.295117370006302,8.79228964335519,21.0,1,-0.29511737000630234,21.295117370006302,20.0,22.0
787.0,21.10273408861666,21.29765651984357,8.792999043007345,21.0,1,-0.2976565198435708,21.29765651984357,20.0,22.0
788.0,21.10527214160754,21.300195304159477,8.793707369053745,21.0,1,-0.3001953041594767,21.300195304159477,20.0,22.0
789.0,21.10780982865303,21.302733722812786,8.794414620535418,21.0,1,-0.30273372281278554,21.302733722812786,20.0,22.0
790.0,21.110347149611403,21.305271775662103,8.795120796494848,21.0,1,-0.30527177566210284,21.305271775662103,20.0,22.0
791.0,21.11288410434078,21.30780946256587,8.795825895975975,21.0,1,-0.3078094625658707,21.30780946256587,20.0,22.0
792.0,21.115420692699107,21.31034678338236,8.796529918024197,21.0,1,-0.31034678338236077,21.31034678338236,20.0,22.0
793.0,21.117956914544173,21.312883737969685,8.79723286168637,21.0,1,-0.3128837379696847,21.312883737969685,20.0,22.0
794.0,21.120492769733602,21.3154203261858,8.797934726010809,21.0,1,-0.3154203261858015,21.3154203261858,20.0,22.0
795.0,21.123028258124858,21.317956547888492,8.798635510047292,21.0,1,-0.3179565478884925,21.317956547888492,20.0,22.0
796.0,21.125563379575244,21.320492402935383,8.799335212847062,21.0,1,-0.3204924029353826,21.320492402935383,20.0,22.0
797.0,21.128098133941897,21.32302789118394,8.80003383346282,21.0,1,-0.3230278911839406,21.32302789118394,20.0,22.0
798.0,21.1306325210818,21.325563012491465,8.800731370948734,21.0,1,-0.3255630124914646,21.325563012491465,20.0,22.0
799.0,21.133166540851775,21.3280977667151,8.801427824360442,21.0,1,-0.32809776671509994,21.3280977667151,20.0,22.0
800.0,21.135700193108477,21.330632153711825,8.802123192755044,21.0,1,-0.3306321537118251,21.330632153711825,20.0,22.0
801.0,21.138233477708408,21.33316617333846,8.802817475191114,21.0,1,-0.33316617333845855,21.33316617333846,20.0,22.0
802.0,21.140766394507903,21.335699825451663,8.803510670728695,21.0,1,-0.33569982545166255,21.335699825451663,20.0,22.0
803.0,21.143298943363146,21.338233109907932,8.8042027784293,21.0,1,-0.3382331099079323,21.338233109907932,20.0,22.0
804.0,21.145831124130158,21.340766026563607,8.804893797355914,21.0,1,-0.34076602656360677,21.340766026563607,20.0,22.0
805.0,21.148362936664803,21.343298575274876,8.805583726573,21.0,1,-0.3432985752748756,21.343298575274876,20.0,22.0
806.0,21.150894380822784,21.345830755897754,8.806272565146491,21.0,1,-0.34583075589775447,21.345830755897754,20.0,22.0
807.0,21.153425456459647,21.3483625682881,8.806960312143802,21.0,1,-0.3483625682880991,21.3483625682881,20.0,22.0
808.0,21.155956163430783,21.350894012301627,8.807646966633822,21.0,1,-0.35089401230162665,21.350894012301627,20.0,22.0
809.0,21.158486501591423,21.353425087793877,8.80833252768692,21.0,1,-0.3534250877938767,21.353425087793877,20.0,22.0
810.0,21.161016470796643,21.35595579462025,8.809016994374947,21.0,1,-0.3559557946202503,21.35595579462025,20.0,22.0
811.0,21.163546070901358,21.358486132635967,8.809700365771233,21.0,1,-0.3584861326359672,21.358486132635967,20.0,22.0
812.0,21.166075301760333,21.3610161016961,8.810382640950595,21.0,1,-0.36101610169610154,21.3610161016961,20.0,22.0
813.0,21.16860416322817,21.36354570165558,8.811063818989327,21.0,1,-0.3635457016555783,21.36354570165558,20.0,22.0
814.0,21.171132655159322,21.366074932369163,8.811743898965215,21.0,1,-0.36607493236916255,21.366074932369163,20.0,22.0
815.0,21.173660777408084,21.36860379369145,8.812422879957529,21.0,1,-0.3686037936914488,21.36860379369145,20.0,22.0
816.0,21.176188529828593,21.371132285476897,8.813100761047028,21.0,1,-0.3711322854768966,21.371132285476897,20.0,22.0
817.0,21.178715912274836,21.3736604075798,8.813777541315957,21.0,1,-0.37366040757979846,21.3736604075798,20.0,22.0
818.0,21.181242924600642,21.376188159854287,8.814453219848057,21.0,1,-0.3761881598542871,21.376188159854287,20.0,22.0
819.0,21.18376956665969,21.37871554215436,8.815127795728554,21.0,1,-0.3787155421543602,21.37871554215436,20.0,22.0
820.0,21.186295838305504,21.381242554333845,8.815801268044172,21.0,1,-0.3812425543338449,21.381242554333845,20.0,22.0
821.0,21.188821739391454,21.38376919624642,8.816473635883126,21.0,1,-0.38376919624641914,21.38376919624642,20.0,22.0
822.0,21.191347269770752,21.386295467745605,8.817144898335128,21.0,1,-0.3862954677456045,21.386295467745605,20.0,22.0
823.0,21.193872429296466,21.38882136868477,8.817815054491387,21.0,1,-0.3888213686847699,21.38882136868477,20.0,22.0
824.0,21.196397217821506,21.39134689891713,8.818484103444606,21.0,1,-0.39134689891713137,21.39134689891713,20.0,22.0
825.0,21.19892163519863,21.393872058295756,8.819152044288991,21.0,1,-0.3938720582957558,21.393872058295756,20.0,22.0
826.0,21.201445681280447,21.396396846673554,8.819818876120248,21.0,1,-0.3963968466735537,21.396396846673554,20.0,22.0
827.0,21.203969355919416,21.398921263903283,8.820484598035582,21.0,1,-0.39892126390328286,21.398921263903283,20.0,22.0
828.0,21.20649265896784,21.401445309837563,8.821149209133704,21.0,1,-0.40144530983756255,21.401445309837563,20.0,22.0
829.0,21.209015590277872,21.403968984328834,8.821812708514825,21.0,1,-0.4039689843288343,21.403968984328834,20.0,22.0
830.0,21.211538149701518,21.406492287229412,8.822475095280662,21.0,1,-0.4064922872294119,21.406492287229412,20.0,22.0
831.0,21.214060337090633,21.40901521839145,8.823136368534442,21.0,1,-0.40901521839144905,21.40901521839145,20.0,22.0
832.0,21.216582152296922,21.411537777666947,8.823796527380896,21.0,1,-0.4115377776669469,21.411537777666947,20.0,22.0
833.0,21.21910359517194,21.414059964907768,8.824455570926263,21.0,1,-0.41405996490776786,21.414059964907768,20.0,22.0
834.0,21.22162466556709,21.41658177996561,8.825113498278295,21.0,1,-0.4165817799656111,21.41658177996561,20.0,22.0
835.0,21.224145363333633,21.419103222692033,8.825770308546254,21.0,1,-0.4191032226920335,21.419103222692033,20.0,22.0
836.0,21.226665688322676,21.42162429293844,8.826426000840915,21.0,1,-0.4216242929384393,21.42162429293844,20.0,22.0
837.0,21.22918564038518,21.424144990556094,8.827080574274563,21.0,1,-0.4241449905560941,21.424144990556094,20.0,22.0
838.0,21.231705219371957,21.426665315396093,8.827734027961,21.0,1,-0.4266653153960931,21.426665315396093,20.0,22.0
839.0,21.234224425133675,21.429185267309407,8.828386361015548,21.0,1,-0.429185267309407,21.429185267309407,20.0,22.0
840.0,21.236743257520853,21.43170484614685,8.829037572555041,21.0,1,-0.43170484614685023,21.43170484614685,20.0,22.0
841.0,21.23926171638386,21.434224051759085,8.829687661697834,21.0,1,-0.4342240517590845,21.434224051759085,20.0,22.0
842.0,21.241779801572925,21.436742883996637,8.830336627563797,21.0,1,-0.4367428839966365,21.436742883996637,20.0,22.0
843.0,21.24429751293812,21.43926134270987,8.830984469274329,21.0,1,-0.4392613427098695,21.43926134270987,20.0,22.0
844.0,21.24681485032939,21.44177942774901,8.831631185952341,21.0,1,-0.4417794277490117,21.44177942774901,20.0,22.0
845.0,21.249331813596513,21.444297138964146,8.832276776722278,21.0,1,-0.4442971389641457,21.444297138964146,20.0,22.0
846.0,21.251848402589136,21.446814476205198,8.8329212407101,21.0,1,-0.44681447620519776,21.446814476205198,20.0,22.0
847.0,21.25436461715676,21.449331439321963,8.833564577043296,21.0,1,-0.44933143932196273,21.449331439321963,20.0,22.0
848.0,21.25688045714874,21.451848028164086,8.834206784850885,21.0,1,-0.4518480281640862,21.451848028164086,20.0,22.0
849.0,21.259395922414278,21.454364242581068,8.834847863263407,21.0,1,-0.4543642425810681,21.454364242581068,20.0,22.0
850.0,21.261911012802447,21.456880082422256,8.835487811412936,21.0,1,-0.45688008242225564,21.456880082422256,20.0,22.0
851.0,21.26442572816217,21.459395547536865,8.836126628433076,21.0,1,-0.4593955475368645,21.459395547536865,20.0,22.0
852.0,21.266940068342223,21.461910637773958,8.836764313458962,21.0,1,-0.4619106377739577,21.461910637773958,20.0,22.0
853.0,21.269454033191245,21.46442535298246,8.837400865627258,21.0,1,-0.46442535298245957,21.46442535298246,20.0,22.0
854.0,21.27196762255773,21.466939693011152,8.838036284076168,21.0,1,-0.46693969301115246,21.466939693011152,20.0,22.0
855.0,21.274480836290035,21.469453657708673,8.838670567945424,21.0,1,-0.469453657708673,21.469453657708673,20.0,22.0
856.0,21.276993674236365,21.471967246923512,8.8393037163763,21.0,1,-0.4719672469235121,21.471967246923512,20.0,22.0
857.0,21.279506136244795,21.47448046050403,8.839935728511605,21.0,1,-0.47448046050402937,21.47448046050403,20.0,22.0
858.0,21.28201822216325,21.47699329829843,8.840566603495684,21.0,1,-0.4769932982984315,21.47699329829843,20.0,22.0
859.0,21.284529931839515,21.479505760154787,8.841196340474426,21.0,1,-0.47950576015478674,21.479505760154787,20.0,22.0
860.0,21.287041265121243,21.48201784592103,8.841824938595257,21.0,1,-0.48201784592102825,21.48201784592103,20.0,22.0
861.0,21.28955222185594,21.484529555444944,8.842452397007147,21.0,1,-0.4845295554449436,21.484529555444944,20.0,22.0
862.0,21.292062801890967,21.48704088857418,8.843078714860608,21.0,1,-0.4870408885741817,21.48704088857418,20.0,22.0
863.0,21.294573005073563,21.489551845156246,8.843703891307698,21.0,1,-0.48955184515624595,21.489551845156246,20.0,22.0
864.0,21.29708283125081,21.4920624250385,8.844327925502014,21.0,1,-0.49206242503850106,21.4920624250385,20.0,22.0
865.0,21.299592280269657,21.494572628068187,8.84495081659871,21.0,1,-0.49457262806818747,21.494572628068187,20.0,22.0
866.0,21.302101351976923,21.497082454092386,8.845572563754478,21.0,1,-0.4970824540923857,21.497082454092386,20.0,22.0
867.0,21.304610046219278,21.49959190295805,8.846193166127565,21.0,1,-0.49959190295804845,21.49959190295805,20.0,22.0
868.0,21.30711836284326,21.502100974511983,8.846812622877762,21.0,1,-0.5021009745119827,21.502100974511983,20.0,22.0
869.0,21.309626301695264,21.504609668600878,8.847430933166416,21.0,1,-0.5046096686008781,21.504609668600878,20.0,22.0
870.0,21.312133862621558,21.507117985071257,8.848048096156425,21.0,1,-0.5071179850712575,21.507117985071257,20.0,22.0
871.0,21.314641045468264,21.509625923769526,8.84866411101224,21.0,1,-0.5096259237695264,21.509625923769526,20.0,22.0
872.0,21.317147850081373,21.51213348454194,8.849278976899868,21.0,1,-0.5121334845419412,21.51213348454194,20.0,22.0
873.0,21.319654276306736,21.514640667234637,8.849892692986863,21.0,1,-0.5146406672346373,21.514640667234637,20.0,22.0
874.0,21.322160323990072,21.517147471693598,8.85050525844235,21.0,1,-0.5171474716935975,21.517147471693598,20.0,22.0
875.0,21.324665992976964,21.519653897764684,8.851116672437,21.0,1,-0.5196538977646838,21.519653897764684,20.0,22.0
876.0,21.327171283112857,21.522159945293602,8.851726934143048,21.0,1,-0.5221599452936019,21.522159945293602,20.0,22.0
877.0,21.329676194243063,21.524665614125936,8.852336042734288,21.0,1,-0.5246656141259365,21.524665614125936,20.0,22.0
878.0,21.332180726212762,21.52717090410714,8.852943997386076,21.0,1,-0.5271709041071411,21.52717090410714,20.0,22.0
879.0,21.334684878866998,21.52967581508252,8.853550797275327,21.0,1,-0.5296758150825198,21.52967581508252,20.0,22.0
880.0,21.33718865205068,21.532180346897263,8.854156441580525,21.0,1,-0.5321803468972632,21.532180346897263,20.0,22.0
881.0,21.339692045608587,21.534684499396405,8.854760929481715,21.0,1,-0.5346844993964055,21.534684499396405,20.0,22.0
882.0,21.34219505938536,21.537188272424864,8.855364260160506,21.0,1,-0.5371882724248636,21.537188272424864,20.0,22.0
883.0,21.344697693225516,21.53969166582742,8.855966432800079,21.0,1,-0.5396916658274193,21.53969166582742,20.0,22.0
884.0,21.347199946973433,21.542194679448706,8.856567446585176,21.0,1,-0.5421946794487056,21.542194679448706,20.0,22.0
885.0,21.349701820473356,21.54469731313324,8.857167300702113,21.0,1,-0.5446973131332413,21.54469731313324,20.0,22.0
886.0,21.3522033135694,21.547199566725403,8.857765994338774,21.0,1,-0.5471995667254035,21.547199566725403,20.0,22.0
887.0,21.354704426105556,21.54970144006944,8.858363526684615,21.0,1,-0.5497014400694411,21.54970144006944,20.0,22.0
888.0,21.357205157925673,21.55220293300947,8.858959896930664,21.0,1,-0.5522029330094718,21.55220293300947,20.0,22.0
889.0,21.359705508873475,21.554704045389478,8.859555104269523,21.0,1,-0.554704045389478,21.554704045389478,20.0,22.0
890.0,21.362205478792553,21.557204777053318,8.860149147895365,21.0,1,-0.5572047770533182,21.557204777053318,20.0,22.0
891.0,21.364705067526373,21.559705127844712,8.860742027003944,21.0,1,-0.5597051278447118,21.559705127844712,20.0,22.0
892.0,21.36720427491827,21.56220509760725,8.861333740792585,21.0,1,-0.5622050976072508,21.56220509760725,20.0,22.0
893.0,21.369703100811442,21.564704686184406,8.861924288460195,21.0,1,-0.5647046861844061,21.564704686184406,20.0,22.0
894.0,21.372201545048974,21.567203893419506,8.862513669207257,21.0,1,-0.5672038934195065,21.567203893419506,20.0,22.0
895.0,21.374699607473804,21.569702719155753,8.863101882235837,21.0,1,-0.5697027191557531,21.569702719155753,20.0,22.0
896.0,21.377197287928755,21.57220116323623,8.863688926749576,21.0,1,-0.5722011632362296,21.57220116323623,20.0,22.0
897.0,21.37969458625652,21.57469922550388,8.864274801953705,21.0,1,-0.5746992255038812,21.57469922550388,20.0,22.0
898.0,21.38219150229966,21.577196905801525,8.86485950705503,21.0,1,-0.5771969058015252,21.577196905801525,20.0,22.0
899.0,21.38468803590061,21.57969420397185,8.86544304126195,21.0,1,-0.5796942039718509,21.57969420397185,20.0,22.0
900.0,21.38718418690168,21.58219111985743,-16.13397459621556,21.0,1,-0.5821911198574306,21.58219111985743,20.0,22.0
901.0,21.384679955145057,21.58368765330069,-16.133393406165936,21.0,1,-0.5836876533006894,21.58368765330069,20.0,22.0
902.0,21.382176340472796,21.584184004143943,-16.132813389376018,21.0,1,-0.5841840041439426,21.584184004143943,20.0,22.0
903.0,21.379673342526825,21.583680372189377,-16.13223454663107,21.0,1,-0.5836803721893773,21.583680372189377,20.0,22.0
904.0,21.377170960948995,21.582176957199053,-16.131656878714765,21.0,1,-0.5821769571990529,21.582176957199053,20.0,22.0
905.0,21.374669195381063,21.579673958894926,-16.13108038640917,21.0,1,-0.5796739588949258,21.579673958894926,20.0,22.0
906.0,21.372168045464704,21.577171576958857,-16.13050507049478,21.0,1,-0.5771715769588575,21.577171576958857,20.0,22.0
907.0,21.369667510841513,21.5746698110326,-16.12993093175049,21.0,1,-0.5746698110325994,21.5746698110326,20.0,22.0
908.0,21.367167591152995,21.572168660757832,-16.1293579709536,21.0,1,-0.572168660757832,21.572168660757832,20.0,22.0
909.0,21.364668286040573,21.56966812577615,-16.12878618887981,21.0,1,-0.5696681257761504,21.56966812577615,20.0,22.0
910.0,21.362169595145588,21.567168205729054,-16.128215586303238,21.0,1,-0.5671682057290539,21.567168205729054,20.0,22.0
911.0,21.359671518109298,21.56466890025797,-16.127646163996392,21.0,1,-0.5646689002579706,21.56466890025797,20.0,22.0
912.0,21.357174054572877,21.562170209004243,-16.12707792273019,21.0,1,-0.5621702090042433,21.562170209004243,20.0,22.0
913.0,21.354677204177417,21.559672131609126,-16.12651086327395,21.0,1,-0.5596721316091262,21.559672131609126,20.0,22.0
914.0,21.352180966563928,21.557174667713802,-16.125944986395382,21.0,1,-0.5571746677138023,21.557174667713802,20.0,22.0
915.0,21.349685341373338,21.55467781695935,-16.125380292860605,21.0,1,-0.5546778169593516,21.55467781695935,20.0,22.0
916.0,21.34719032824649,21.55218157898679,-16.124816783434134,21.0,1,-0.5521815789867901,21.55218157898679,20.0,22.0
917.0,21.344695926824155,21.549685953437045,-16.124254458878873,21.0,1,-0.5496859534370451,21.549685953437045,20.0,22.0
918.0,21.342202136747016,21.54719093995097,-16.123693319956136,21.0,1,-0.5471909399509691,21.54719093995097,20.0,22.0
919.0,21.339708957655674,21.54469653816932,-16.12313336742562,21.0,1,-0.544696538169319,21.54469653816932,20.0,22.0
920.0,21.337216389190658,21.542202747732784,-16.122574602045418,21.0,1,-0.5422027477327838,21.542202747732784,20.0,22.0
921.0,21.33472443099241,21.53970956828197,-16.122017024572017,21.0,1,-0.539709568281971,21.53970956828197,20.0,22.0
922.0,21.332233082701297,21.5372169994574,-16.1214606357603,21.0,1,-0.5372169994573994,21.5372169994574,20.0,22.0
923.0,21.329742343957605,21.534725040899513,-16.120905436363536,21.0,1,-0.534725040899513,21.534725040899513,20.0,22.0
924.0,21.32725221440154,21.532233692248685,-16.120351427133386,21.0,1,-0.5322336922486848,21.532233692248685,20.0,22.0
925.0,21.324762693673232,21.5297429531452,-16.119798608819888,21.0,1,-0.5297429531451989,21.5297429531452,20.0,22.0
926.0,21.322273781412733,21.527252823229265,-16.11924698217149,21.0,1,-0.527252823229265,21.527252823229265,20.0,22.0
927.0,21.319785477260016,21.52476330214101,-16.11869654793501,21.0,1,-0.524763302141011,21.52476330214101,20.0,22.0
928.0,21.317297780854975,21.522274389520483,-16.118147306855654,21.0,1,-0.5222743895204829,21.522274389520483,20.0,22.0
929.0,21.314810691837433,21.519786085007663,-16.117599259677014,21.0,1,-0.519786085007663,21.519786085007663,20.0,22.0
930.0,21.31232420984713,21.517298388242445,-16.117052407141074,21.0,1,-0.5172983882424447,21.517298388242445,20.0,22.0
931.0,21.309838334523732,21.51481129886464,-16.116506749988183,21.0,1,-0.5148112988646396,21.51481129886464,20.0,22.0
932.0,21.30735306550683,21.512324816514003,-16.115962288957093,21.0,1,-0.5123248165140026,21.512324816514003,20.0,22.0
933.0,21.30486840243594,21.5098389408302,-16.115419024784917,21.0,1,-0.5098389408301998,21.5098389408302,20.0,22.0
934.0,21.302384344950497,21.50735367145281,-16.114876958207155,21.0,1,-0.5073536714528117,21.50735367145281,20.0,22.0
935.0,21.299900892689866,21.504869008021366,-16.114336089957696,21.0,1,-0.504869008021366,21.504869008021366,20.0,22.0
936.0,21.297418045293337,21.502384950175284,-16.113796420768786,21.0,1,-0.5023849501752835,21.502384950175284,20.0,22.0
937.0,21.294935802400126,21.499901497553942,-16.113257951371065,21.0,1,-0.4999014975539424,21.499901497553942,20.0,22.0
938.0,21.29245416364937,21.49741864979663,-16.11272068249354,21.0,1,-0.49741864979662864,21.49741864979663,20.0,22.0
939.0,21.289973128680142,21.494936406542557,-16.1121846148636,21.0,1,-0.494936406542557,21.494936406542557,20.0,22.0
940.0,21.287492697131434,21.492454767430868,-16.111649749206997,21.0,1,-0.4924547674308677,21.492454767430868,20.0,22.0
941.0,21.285012868642166,21.489973732100633,-16.11111608624786,21.0,1,-0.48997373210063344,21.489973732100633,20.0,22.0
942.0,21.282533642851188,21.48749330019085,-16.110583626708703,21.0,1,-0.4874933001908488,21.48749330019085,20.0,22.0
943.0,21.280055019397278,21.48501347134043,-16.11005237131039,21.0,1,-0.48501347134043016,21.48501347134043,20.0,22.0
944.0,21.277576997919137,21.48253424518823,-16.109522320772157,21.0,1,-0.48253424518822996,21.48253424518823,20.0,22.0
945.0,21.2750995780554,21.480055621373022,-16.10899347581163,21.0,1,-0.4800556213730225,21.480055621373022,20.0,22.0
946.0,21.272622759444626,21.477577599533515,-16.108465837144784,21.0,1,-0.47757759953351453,21.477577599533515,20.0,22.0
947.0,21.270146541725307,21.47510017930834,-16.10793940548596,21.0,1,-0.47510017930833826,21.47510017930834,20.0,22.0
948.0,21.267670924535864,21.47262336033606,-16.107414181547874,21.0,1,-0.47262336033605834,21.47262336033606,20.0,22.0
949.0,21.26519590751465,21.47014714225516,-16.1068901660416,21.0,1,-0.4701471422551613,21.47014714225516,20.0,22.0
950.0,21.26272149029994,21.46767152470407,-16.10636735967659,21.0,1,-0.4676715247040697,21.46767152470407,20.0,22.0
951.0,21.260247672529943,21.46519650732113,-16.10584576316063,21.0,1,-0.4651965073211315,21.46519650732113,20.0,22.0
952.0,21.257774453842803,21.46272208974463,-16.105325377199904,21.0,1,-0.4627220897446307,21.46272208974463,20.0,22.0
953.0,21.255301833876594,21.460248271612777,-16.104806202498924,21.0,1,-0.4602482716127767,21.460248271612777,20.0,22.0
954.0,21.25282981226932,21.457775052563715,-16.104288239760585,21.0,1,-0.457775052563715,21.457775052563715,20.0,22.0
955.0,21.250358388658913,21.45530243223551,-16.10377148968614,21.0,1,-0.45530243223550926,21.45530243223551,20.0,22.0
956.0,21.247887562683243,21.452830410266166,-16.103255952975175,21.0,1,-0.45283041026616644,21.452830410266166,20.0,22.0
957.0,21.24541733398011,21.45035898629363,-16.10274163032567,21.0,1,-0.45035898629362947,21.45035898629363,20.0,22.0
958.0,21.24294770218725,21.44788815995576,-16.10222852243394,21.0,1,-0.4478881599557596,21.44788815995576,20.0,22.0
959.0,21.240478666942327,21.44541793089036,-16.101716629994648,21.0,1,-0.4454179308903612,21.44541793089036,20.0,22.0
960.0,21.23801022788294,21.442948298735168,-16.101205953700834,21.0,1,-0.4429482987351676,21.442948298735168,20.0,22.0
961.0,21.23554238464662,21.440479263127845,-16.100696494243874,21.0,1,-0.4404792631278447,21.440479263127845,20.0,22.0
962.0,21.23307513687084,21.438010823705987,-16.1001882523135,21.0,1,-0.4380108237059872,21.438010823705987,20.0,22.0
963.0,21.230608484193006,21.435542980107137,-16.099681228597806,21.0,1,-0.43554298010713666,21.435542980107137,20.0,22.0
964.0,21.228142426250447,21.43307573196876,-16.099175423783223,21.0,1,-0.4330757319687599,21.43307573196876,20.0,22.0
965.0,21.22567696268044,21.43060907892826,-16.09867083855454,21.0,1,-0.43060907892825995,21.43060907892826,20.0,22.0
966.0,21.223212093120193,21.428143020622976,-16.098167473594884,21.0,1,-0.4281430206229757,21.428143020622976,20.0,22.0
967.0,21.22074781720685,21.42567755669018,-16.09766532958575,21.0,1,-0.4256775566901787,21.42567755669018,20.0,22.0
968.0,21.21828413457749,21.423212686767076,-16.097164407206964,21.0,1,-0.42321268676707646,21.423212686767076,20.0,22.0
969.0,21.215821044869134,21.420748410490813,-16.0966647071367,21.0,1,-0.4207484104908126,21.420748410490813,20.0,22.0
970.0,21.213358547718734,21.41828472749847,-16.09616623005148,21.0,1,-0.41828472749847023,21.41828472749847,20.0,22.0
971.0,21.21089664276318,21.41582163742707,-16.095668976626172,21.0,1,-0.4158216374270687,21.41582163742707,20.0,22.0
972.0,21.208435329639304,21.41335913991356,-16.09517294753398,21.0,1,-0.41335913991355966,21.41335913991356,20.0,22.0
973.0,21.20597460798387,21.410897234594838,-16.094678143446462,21.0,1,-0.41089723459483807,21.410897234594838,20.0,22.0
974.0,21.203514477433583,21.408435921107728,-16.09418456503351,21.0,1,-0.40843592110772775,21.408435921107728,20.0,22.0
975.0,21.201054937625088,21.405975199089,-16.09369221296335,21.0,1,-0.40597519908899926,21.405975199089,20.0,22.0
976.0,21.19859598819497,21.403515068175356,-16.093201087902564,21.0,1,-0.40351506817535565,21.403515068175356,20.0,22.0
977.0,21.196137628779752,21.401055528003447,-16.092711190516063,21.0,1,-0.4010555280034467,21.401055528003447,20.0,22.0
978.0,21.193679859015894,21.39859657820985,-16.092222521467093,21.0,1,-0.39859657820985106,21.39859657820985,20.0,22.0
979.0,21.1912226785398,21.396138218431094,-16.09173508141724,21.0,1,-0.3961382184310942,21.396138218431094,20.0,22.0
980.0,21.18876608698781,21.393680448303634,-16.091248871026437,21.0,1,-0.393680448303634,21.393680448303634,20.0,22.0
981.0,21.186310083996204,21.391223267463882,-16.090763890952932,21.0,1,-0.39122326746388225,21.391223267463882,20.0,22.0
982.0,21.183854669201214,21.388766675548172,-16.09028014185332,21.0,1,-0.38876667554817246,21.388766675548172,20.0,22.0
983.0,21.181399842239003,21.386310672192792,-16.089797624382534,21.0,1,-0.386310672192792,21.386310672192792,20.0,22.0
984.0,21.178945602745678,21.383855257033968,-16.08931633919382,21.0,1,-0.38385525703396794,21.383855257033968,20.0,22.0
985.0,21.17649195035729,21.381400429707867,-16.088836286938783,21.0,1,-0.3814004297078668,21.381400429707867,20.0,22.0
986.0,21.17403888470983,21.378946189850588,-16.088357468267333,21.0,1,-0.3789461898505877,21.378946189850588,20.0,22.0
987.0,21.171586405439236,21.376492537098194,-16.087879883827725,21.0,1,-0.3764925370981942,21.376492537098194,20.0,22.0
988.0,21.169134512181383,21.374039471086668,-16.087403534266542,21.0,1,-0.37403947108666813,21.374039471086668,20.0,22.0
989.0,21.166683204572095,21.371586991451952,-16.086928420228688,21.0,1,-0.3715869914519523,21.371586991451952,20.0,22.0
990.0,21.164232482247137,21.369135097829922,-16.0864545423574,21.0,1,-0.36913509782992193,21.369135097829922,20.0,22.0
991.0,21.161782344842216,21.366683789856403,-16.08598190129424,21.0,1,-0.3666837898564026,21.366683789856403,20.0,22.0
992.0,21.159332791992988,21.364233067167156,-16.085510497679095,21.0,1,-0.36423306716715587,21.364233067167156,20.0,22.0
993.0,21.156883823335054,21.36178292939789,-16.085040332150175,21.0,1,-0.36178292939789003,21.36178292939789,20.0,22.0
994.0,21.154435438503956,21.35933337618426,-16.084571405344022,21.0,1,-0.3593333761842601,21.35933337618426,20.0,22.0
995.0,21.151987637135186,21.356884407161868,-16.084103717895488,21.0,1,-0.35688440716186776,21.356884407161868,20.0,22.0
996.0,21.14954041886418,21.354436021966258,-16.083637270437762,21.0,1,-0.3544360219662579,21.354436021966258,20.0,22.0
997.0,21.14709378332632,21.351988220232926,-16.083172063602337,21.0,1,-0.35198822023292564,21.351988220232926,20.0,22.0
998.0,21.144647730156933,21.349541001597302,-16.082708098019044,21.0,1,-0.34954100159730217,21.349541001597302,20.0,22.0
999.0,21.142202258991297,21.34709436569477,-16.082245374316017,21.0,1,-0.3470943656947689,21.34709436569477,20.0,22.0
1000.0,21.139757369464636,21.34464831216066,-16.081783893119727,21.0,1,-0.34464831216066116,21.34464831216066,20.0,22.0
1001.0,21.13731306121212,21.342202840630247,-16.081323655054945,21.0,1,-0.34220284063024664,21.342202840630247,20.0,22.0
1002.0,21.134869333868867,21.339757950738758,-16.080864660744766,21.0,1,-0.3397579507387576,21.339757950738758,20.0,22.0
1003.0,21.132426187069946,21.33731364212136,-16.080406910810606,21.0,1,-0.3373136421213587,21.33731364212136,20.0,22.0
1004.0,21.12998362045037,21.334869914413176,-16.07995040587219,21.0,1,-0.3348699144131757,21.334869914413176,20.0,22.0
1005.0,21.127541633645105,21.33242676724927,-16.079495146547558,21.0,1,-0.3324267672492702,21.33242676724927,20.0,22.0
1006.0,21.125100226289067,21.32998420026466,-16.07904113345307,21.0,1,-0.32998420026466135,21.32998420026466,20.0,22.0
1007.0,21.12265939801712,21.32754221309431,-16.07858836720339,21.0,1,-0.3275422130943113,21.32754221309431,20.0,22.0
1008.0,21.120219148464077,21.32510080537314,-16.0781368484115,21.0,1,-0.3251008053731397,21.32510080537314,20.0,22.0
1009.0,21.1177794772647,21.322659976736002,-16.077686577688688,21.0,1,-0.3226599767360021,21.322659976736002,20.0,22.0
1010.0,21.11534038405371,21.320219726817726,-16.077237555644558,21.0,1,-0.3202197268177258,21.320219726817726,20.0,22.0
1011.0,21.11290186846577,21.317780055253067,-16.07678978288702,21.0,1,-0.31778005525306696,21.317780055253067,20.0,22.0
1012.0,21.1104639301355,21.315340961676743,-16.07634326002229,21.0,1,-0.31534096167674264,21.315340961676743,20.0,22.0
1013.0,21.10802656869747,21.31290244572342,-16.075897987654905,21.0,1,-0.3129024457234202,21.31290244572342,20.0,22.0
1014.0,21.105589783786197,21.310464507027717,-16.075453966387688,21.0,1,-0.3104645070277172,21.310464507027717,20.0,22.0
1015.0,21.103153575036163,21.30802714522421,-16.075011196821784,21.0,1,-0.3080271452242087,21.30802714522421,20.0,22.0
1016.0,21.100717942081793,21.30559035994741,-16.07456967955664,21.0,1,-0.30559035994740924,21.30559035994741,20.0,22.0
1017.0,21.098282884557467,21.303154150831805,-16.074129415190008,21.0,1,-0.30315415083180497,21.303154150831805,20.0,22.0
1018.0,21.095848402097516,21.300718517511815,-16.073690404317936,21.0,1,-0.30071851751181455,21.300718517511815,20.0,22.0
1019.0,21.093414494336233,21.29828345962182,-16.073252647534783,21.0,1,-0.2982834596218211,21.29828345962182,20.0,22.0
1020.0,21.09098116090786,21.295848976796158,-16.07281614543321,21.0,1,-0.29584897679615807,21.295848976796158,20.0,22.0
1021.0,21.08854840144659,21.29341506866912,-16.07238089860418,21.0,1,-0.2934150686691197,21.29341506866912,20.0,22.0
1022.0,21.086116215586582,21.29098173487494,-16.071946907636953,21.0,1,-0.29098173487493995,21.29098173487494,20.0,22.0
1023.0,21.083684602961938,21.288548975047824,-16.071514173119084,21.0,1,-0.2885489750478243,21.288548975047824,20.0,22.0
1024.0,21.081253563206722,21.28611678882192,-16.07108269563644,21.0,1,-0.2861167888219214,21.28611678882192,20.0,22.0
1025.0,21.078823095954952,21.28368517583134,-16.07065247577318,21.0,1,-0.2836851758313408,21.28368517583134,20.0,22.0
1026.0,21.076393200840606,21.281254135710142,-16.07022351411175,21.0,1,-0.28125413571014235,21.281254135710142,20.0,22.0
1027.0,21.073963877497615,21.27882366809235,-16.069795811232908,21.0,1,-0.2788236680923504,21.27882366809235,20.0,22.0
1028.0,21.07153512555987,21.276393772611932,-16.0693693677157,21.0,1,-0.2763937726119323,21.276393772611932,20.0,22.0
1029.0,21.069106944661215,21.273964448902834,-16.06894418413747,21.0,1,-0.27396444890283433,21.273964448902834,20.0,22.0
1030.0,21.066679334435456,21.271535696598935,-16.068520261073857,21.0,1,-0.27153569659893506,21.271535696598935,20.0,22.0
1031.0,21.064252294516354,21.269107515334085,-16.068097599098788,21.0,1,-0.2691075153340847,21.269107515334085,20.0,22.0
1032.0,21.06182582453763,21.26667990474209,-16.06767619878449,21.0,1,-0.2666799047420909,21.26667990474209,20.0,22.0
1033.0,21.05939992413297,21.26425286445671,-16.06725606070147,21.0,1,-0.2642528644567115,21.26425286445671,20.0,22.0
1034.0,21.056974592936,21.26182639411167,-16.066837185418542,21.0,1,-0.26182639411166875,21.26182639411167,20.0,22.0
1035.0,21.05454983058033,21.259400493340642,-16.0664195735028,21.0,1,-0.2594004933406424,21.259400493340642,20.0,22.0
1036.0,21.052125636699515,21.256975161777277,-16.066003225519626,21.0,1,-0.25697516177727664,21.256975161777277,20.0,22.0
1037.0,21.04970201092707,21.254550399055166,-16.065588142032702,21.0,1,-0.25455039905516585,21.254550399055166,20.0,22.0
1038.0,21.04727895289648,21.25212620480787,-16.065174323603983,21.0,1,-0.25212620480786896,21.25212620480787,20.0,22.0
1039.0,21.04485646224118,21.249702578668902,-16.06476177079373,21.0,1,-0.24970257866890222,21.249702578668902,20.0,22.0
1040.0,21.042434538594573,21.24727952027175,-16.06435048416047,21.0,1,-0.24727952027174993,21.24727952027175,20.0,22.0
1041.0,21.040013181590023,21.24485702924985,-16.063940464261027,21.0,1,-0.2448570292498502,21.24485702924985,20.0,22.0
1042.0,21.03759239086085,21.242435105236606,-16.063531711650512,21.0,1,-0.2424351052366056,21.242435105236606,20.0,22.0
1043.0,21.03517216604035,21.240013747865383,-16.063124226882316,21.0,1,-0.2400137478653832,21.240013747865383,20.0,22.0
1044.0,21.032752506761767,21.237592956769497,-16.062718010508107,21.0,1,-0.23759295676949677,21.237592956769497,20.0,22.0
1045.0,21.03033341265831,21.235172731582246,-16.062313063077855,21.0,1,-0.23517273158224583,21.235172731582246,20.0,22.0
1046.0,21.027914883363163,21.232753071936873,-16.061909385139792,21.0,1,-0.2327530719368731,21.232753071936873,20.0,22.0
1047.0,21.02549691850946,21.230333977466593,-16.061506977240445,21.0,1,-0.2303339774665929,21.230333977466593,20.0,22.0
1048.0,21.02307951773031,21.227915447804588,-16.061105839924608,21.0,1,-0.2279154478045875,21.227915447804588,20.0,22.0
1049.0,21.020662680658777,21.22549748258399,-16.060705973735374,21.0,1,-0.2254974825839895,21.22549748258399,20.0,22.0
1050.0,21.018246406927897,21.223080081437907,-16.06030737921409,21.0,1,-0.22308008143790659,21.223080081437907,20.0,22.0
1051.0,21.015830696170667,21.22066324399941,-16.059910056900407,21.0,1,-0.22066324399941095,21.22066324399941,20.0,22.0
1052.0,21.013415548020053,21.21824696990153,-16.05951400733224,21.0,1,-0.2182469699015286,21.21824696990153,20.0,22.0
1053.0,21.011000962108984,21.215831258777264,-16.059119231045777,21.0,1,-0.21583125877726417,21.215831258777264,20.0,22.0
1054.0,21.00858693807035,21.21341611025958,-16.05872572857549,21.0,1,-0.21341611025957974,21.21341611025958,20.0,22.0
1055.0,21.00617347553702,21.211001523981402,-16.058333500454125,21.0,1,-0.21100152398140182,21.211001523981402,20.0,22.0
1056.0,21.003760574141822,21.208587499575632,-16.057942547212704,21.0,1,-0.20858749957563205,21.208587499575632,20.0,22.0
1057.0,21.00134823351755,21.20617403667513,-16.05755286938052,21.0,1,-0.20617403667512946,21.20617403667513,20.0,22.0
1058.0,20.99893645329697,21.203761134912728,-16.057164467485137,21.0,1,-0.20376113491272818,21.203761134912728,20.0,22.0
1059.0,20.996525233112813,21.20134879392122,-16.0567773420524,21.0,1,-0.20134879392121974,21.20134879392122,20.0,22.0
1060.0,20.99411457259778,21.19893701333337,-16.056391493606416,21.0,1,-0.19893701333337077,21.19893701333337,20.0,22.0
1061.0,20.99170447138454,21.196525792781912,-16.056006922669575,21.0,1,-0.1965257927819124,21.196525792781912,20.0,22.0
1062.0,20.98929492910573,21.194115131899547,-16.05562362976252,21.0,1,-0.19411513189954732,21.194115131899547,20.0,22.0
1063.0,20.986885945393954,21.191705030318946,-16.055241615404178,21.0,1,-0.19170503031894626,21.191705030318946,20.0,22.0
1064.0,20.984477519881796,21.189295487672744,-16.054860880111747,21.0,1,-0.1892954876727444,21.189295487672744,20.0,22.0
1065.0,20.982069652201798,21.18688650359355,-16.054481424400684,21.0,1,-0.18688650359354853,21.18688650359355,20.0,22.0
1066.0,20.979662341986476,21.184478077713933,-16.054103248784713,21.0,1,-0.18447807771393343,21.184478077713933,20.0,22.0
1067.0,20.97725558886832,21.182070209666453,-16.053726353775833,21.0,1,-0.1820702096664526,21.182070209666453,20.0,22.0
1068.0,20.974849392479793,21.17966289908362,-16.0533507398843,21.0,1,-0.17966289908362043,21.17966289908362,20.0,22.0
1069.0,20.97244375245332,21.177256145597926,-16.05297640761865,21.0,1,-0.17725614559792646,21.177256145597926,20.0,22.0
1070.0,20.970038668421306,21.174849948841832,-16.052603357485673,21.0,1,-0.1748499488418318,21.174849948841832,20.0,22.0
1071.0,20.967634140016123,21.17244430844776,-16.052231589990413,21.0,1,-0.1724443084477585,21.17244430844776,20.0,22.0
1072.0,20.96523016687012,21.170039224048118,-16.051861105636203,21.0,1,-0.1700392240481179,21.170039224048118,20.0,22.0
1073.0,20.96282674861562,21.167634695275286,-16.051491904924617,21.0,1,-0.16763469527528585,21.167634695275286,20.0,22.0
1074.0,20.96042388488491,21.165230721761603,-16.051123988355503,21.0,1,-0.1652307217616027,21.165230721761603,20.0,22.0
1075.0,20.958021575310262,21.16282730313939,-16.050757356426967,21.0,1,-0.16282730313939098,21.16282730313939,20.0,22.0
1076.0,20.955619819523914,21.16042443904095,-16.050392009635374,21.0,1,-0.16042443904094839,21.16042443904095,20.0,22.0
1077.0,20.953218617158083,21.158022129098544,-16.050027948475346,21.0,1,-0.15802212909854418,21.158022129098544,20.0,22.0
1078.0,20.950817967844955,21.155620372944412,-16.049665173439777,21.0,1,-0.1556203729444121,21.155620372944412,20.0,22.0
1079.0,20.948417871216698,21.153219170210768,-16.04930368501981,21.0,1,-0.15321917021076814,21.153219170210768,20.0,22.0
1080.0,20.94601832690545,21.150818520529807,-16.048943483704846,21.0,1,-0.15081852052980693,21.150818520529807,20.0,22.0
1081.0,20.943619334543328,21.14841842353369,-16.048584569982545,21.0,1,-0.14841842353369117,21.14841842353369,20.0,22.0
1082.0,20.941220893762424,21.146018878854555,-16.04822694433883,21.0,1,-0.1460188788545551,21.146018878854555,20.0,22.0
1083.0,20.938823004194802,21.143619886124526,-16.047870607257863,21.0,1,-0.14361988612452592,21.143619886124526,20.0,22.0
1084.0,20.936425665472512,21.14122144497569,-16.047515559222077,21.0,1,-0.14122144497569167,21.14122144497569,20.0,22.0
1085.0,20.934028877227572,21.138823555040112,-16.047161800712164,21.0,1,-0.138823555040112,21.138823555040112,20.0,22.0
1086.0,20.931632639091983,21.136426215949843,-16.046809332207054,21.0,1,-0.13642621594984305,21.136426215949843,20.0,22.0
1087.0,20.929236950697724,21.134029427336905,-16.046458154183938,21.0,1,-0.13402942733690537,21.134029427336905,20.0,22.0
1088.0,20.92684181167675,21.131633188833295,-16.046108267118264,21.0,1,-0.13163318883329467,21.131633188833295,20.0,22.0
1089.0,20.92444722166099,21.12923750007099,-16.045759671483722,21.0,1,-0.1292375000709889,21.12923750007099,20.0,22.0
1090.0,20.92205318028236,21.126842360681945,-16.04541236775227,21.0,1,-0.12684236068194465,21.126842360681945,20.0,22.0
1091.0,20.919659687172754,21.124447770298097,-16.045066356394095,21.0,1,-0.12444777029809728,21.124447770298097,20.0,22.0
1092.0,20.917266741964042,21.12205372855136,-16.044721637877657,21.0,1,-0.12205372855136076,21.12205372855136,20.0,22.0
1093.0,20.914874344288073,21.119660235073628,-16.04437821266965,21.0,1,-0.11966023507362777,21.119660235073628,20.0,22.0
1094.0,20.912482493776682,21.117267289496766,-16.04403608123502,21.0,1,-0.11726728949676613,21.117267289496766,20.0,22.0
1095.0,20.91009119006168,21.11487489145263,-16.043695244036964,21.0,1,-0.11487489145262941,21.11487489145263,20.0,22.0
1096.0,20.907700432774863,21.11248304057305,-16.04335570153693,21.0,1,-0.11248304057304992,21.11248304057305,20.0,22.0
1097.0,20.905310221548,21.110091736489842,-16.043017454194608,21.0,1,-0.11009173648984216,21.110091736489842,20.0,22.0
1098.0,20.90292055601285,21.107700978834796,-16.04268050246793,21.0,1,-0.10770097883479579,21.107700978834796,20.0,22.0
1099.0,20.900531435801156,21.105310767239693,-16.04234484681309,21.0,1,-0.10531076723969335,21.105310767239693,20.0,22.0
1100.0,20.898142860544635,21.102921101336282,-16.04201048768451,21.0,1,-0.10292110133628185,21.102921101336282,20.0,22.0
1101.0,20.89575482987499,21.10053198075631,-16.041677425534864,21.0,1,-0.10053198075630831,21.10053198075631,20.0,22.0
1102.0,20.893367343423908,21.098143405131488,-16.041345660815075,21.0,1,-0.09814340513148778,21.098143405131488,20.0,22.0
1103.0,20.89098040082306,21.09575537409353,-16.0410151939743,21.0,1,-0.09575537409353174,21.09575537409353,20.0,22.0
1104.0,20.888594001704103,21.09336788727412,-16.04068602545994,21.0,1,-0.09336788727411971,21.09336788727412,20.0,22.0
1105.0,20.88620814569867,21.090980944304924,-16.04035815571765,21.0,1,-0.0909809443049241,21.090980944304924,20.0,22.0
1106.0,20.883822832438387,21.088594544817603,-16.040031585191315,21.0,1,-0.0885945448176031,21.088594544817603,20.0,22.0
1107.0,20.88143806155486,21.086208688443797,-16.039706314323055,21.0,1,-0.08620868844379714,21.086208688443797,20.0,22.0
1108.0,20.879053832679684,21.083823374815122,-16.039382343553253,21.0,1,-0.08382337481512181,21.083823374815122,20.0,22.0
1109.0,20.876670145444436,21.081438603563193,-16.039059673320512,21.0,1,-0.08143860356319266,21.081438603563193,20.0,22.0
1110.0,20.874286999480685,21.079054374319593,-16.03873830406168,21.0,1,-0.07905437431959328,21.079054374319593,20.0,22.0
1111.0,20.871904394419975,21.07667068671591,-16.038418236211847,21.0,1,-0.07667068671591082,21.07667068671591,20.0,22.0
1112.0,20.869522329893847,21.074287540383708,-16.038099470204337,21.0,1,-0.07428754038370755,21.074287540383708,20.0,22.0
1113.0,20.86714080553383,21.071904934954535,-16.037782006470714,21.0,1,-0.0719049349545351,21.071904934954535,20.0,22.0
1114.0,20.86475982097143,21.069522870059934,-16.037465845440778,21.0,1,-0.0695228700599344,21.069522870059934,20.0,22.0
1115.0,20.862379375838145,21.067141345331425,-16.03715098754256,21.0,1,-0.06714134533142513,21.067141345331425,20.0,22.0
1116.0,20.85999946976547,21.064760360400523,-16.036837433202344,21.0,1,-0.06476036040052335,21.064760360400523,20.0,22.0
1117.0,20.857620102384875,21.06237991489873,-16.03652518284462,21.0,1,-0.06237991489873096,21.06237991489873,20.0,22.0
1118.0,20.855241273327827,21.06000000845753,-16.036214236892146,21.0,1,-0.06000000845752851,21.06000000845753,20.0,22.0
1119.0,20.852862982225783,21.0576206407084,-16.035904595765892,21.0,1,-0.05762064070840012,21.0576206407084,20.0,22.0
1120.0,20.850485228710184,21.055241811282805,-16.03559625988506,21.0,1,-0.05524181128280503,21.055241811282805,20.0,22.0
1121.0,20.848108012412464,21.052863519812206,-16.0352892296671,21.0,1,-0.05286351981220605,21.052863519812206,20.0,22.0
1122.0,20.845731332964046,21.050485765928038,-16.034983505527688,21.0,1,-0.05048576592803755,21.050485765928038,20.0,22.0
1123.0,20.84335518999635,21.048108549261745,-16.034679087880725,21.0,1,-0.04810854926174457,21.048108549261745,20.0,22.0
1124.0,20.840979583140772,21.04573186944474,-16.03437597713835,21.0,1,-0.04573186944474017,21.04573186944474,20.0,22.0
1125.0,20.838604512028716,21.043355726108445,-16.034074173710934,21.0,1,-0.043355726108444514,21.043355726108445,20.0,22.0
1126.0,20.83622997629157,21.040980118884267,-16.033773678007066,21.0,1,-0.040980118884267114,21.040980118884267,20.0,22.0
1127.0,20.83385597556071,21.0386050474036,-16.033474490433584,21.0,1,-0.03860504740359971,21.0386050474036,20.0,22.0
1128.0,20.83148250946751,21.03623051129783,-16.03317661139554,21.0,1,-0.0362305112978305,21.03623051129783,20.0,22.0
1129.0,20.829109577643337,21.033856510198344,-16.03288004129622,21.0,1,-0.033856510198344125,21.033856510198344,20.0,22.0
1130.0,20.826737179719547,21.03148304373651,-16.032584780537135,21.0,1,-0.03148304373651101,21.03148304373651,20.0,22.0
1131.0,20.824365315327498,21.029110111543698,-16.03229082951803,21.0,1,-0.029110111543698025,21.029110111543698,20.0,22.0
1132.0,20.82199398409853,21.02673771325126,-16.031998188636866,21.0,1,-0.026737713251261397,21.02673771325126,20.0,22.0
1133.0,20.819623185663982,21.024365848490554,-16.031706858289837,21.0,1,-0.024365848490553788,21.024365848490554,20.0,22.0
1134.0,20.817252919655193,21.021994516892924,-16.03141683887137,21.0,1,-0.02199451689292431,21.021994516892924,20.0,22.0
1135.0,20.814883185703486,21.01962371808971,-16.0311281307741,21.0,1,-0.019623718089711417,21.01962371808971,20.0,22.0
1136.0,20.81251398344019,21.01725345171225,-16.0308407343889,21.0,1,-0.017253451712250012,21.01725345171225,20.0,22.0
1137.0,20.810145312496626,21.014883717391868,-16.03055465010486,21.0,1,-0.01488371739186789,21.014883717391868,20.0,22.0
1138.0,20.807777172504107,21.012514514759893,-16.030269878309305,21.0,1,-0.012514514759892847,21.012514514759893,20.0,22.0
1139.0,20.805409563093946,21.010145843447642,-16.02998641938776,21.0,1,-0.010145843447642022,21.010145843447642,20.0,22.0
1140.0,20.80304248389745,21.007777703086436,-16.029704273724004,21.0,1,-0.007777703086436105,21.007777703086436,20.0,22.0
1141.0,20.800675934545925,21.00541009330758,-16.02942344170001,21.0,1,-0.005410093307581576,21.00541009330758,20.0,22.0
1142.0,20.798309914670675,21.003043013742392,-16.02914392369599,21.0,1,-0.00304301374239202,21.003043013742392,20.0,22.0
1143.0,20.795944423903002,21.00067646402217,-16.028865720090366,21.0,1,-0.0006764640221703644,21.00067646402217,20.0,22.0
1144.0,20.793579461874202,20.998310443778223,-16.028588831259786,21.0,1,0.0016895562217769111,20.998310443778223,20.0,22.0
1145.0,20.791215028215575,20.99594495264185,-16.02831325757912,21.0,1,0.004055047358150432,20.99594495264185,20.0,22.0
1146.0,20.788851122558416,20.99357999024435,-16.028038999421454,21.0,1,0.006420009755650824,20.99357999024435,20.0,22.0
1147.0,20.78648774453402,20.991215556217018,-16.027766057158093,21.0,1,0.008784443782982265,20.991215556217018,20.0,22.0
1148.0,20.784124893773683,20.988851650191155,-16.027494431158562,21.0,1,0.011148349808845381,20.988851650191155,20.0,22.0
1149.0,20.781762569908697,20.986488271798052,-16.027224121790603,21.0,1,0.013511728201947903,20.986488271798052,20.0,22.0
1150.0,20.779400772570355,20.98412542066901,-16.026955129420177,21.0,1,0.015874579330990457,20.98412542066901,20.0,22.0
1151.0,20.777039501389957,20.981763096435316,-16.02668745441146,21.0,1,0.018236903564684326,20.981763096435316,20.0,22.0
1152.0,20.774678755998796,20.97940129872827,-16.02642109712684,21.0,1,0.020598701271730135,20.97940129872827,20.0,22.0
1153.0,20.77231853602817,20.977040027179168,-16.026156057926933,21.0,1,0.022959972820832064,20.977040027179168,20.0,22.0
1154.0,20.76995884110938,20.974679281419306,-16.02589233717056,21.0,1,0.02532071858069429,20.974679281419306,20.0,22.0
1155.0,20.76759967087372,20.97231906107998,-16.025629935214766,21.0,1,0.027680938920020992,20.97231906107998,20.0,22.0
1156.0,20.765241024952505,20.969959365792487,-16.025368852414797,21.0,1,0.030040634207512795,20.969959365792487,20.0,22.0
1157.0,20.762882902977033,20.967600195188133,-16.02510908912413,21.0,1,0.03239980481186677,20.967600195188133,20.0,22.0
1158.0,20.760525304578614,20.965241548898224,-16.024850645694436,21.0,1,0.034758451101776444,20.965241548898224,20.0,22.0
1159.0,20.75816822938856,20.96288342655406,-16.02459352247562,21.0,1,0.03711657344593888,20.96288342655406,20.0,22.0
1160.0,20.755811677038185,20.960525827786952,-16.024337719815787,21.0,1,0.03947417221304761,20.960525827786952,20.0,22.0
1161.0,20.753455647158813,20.95816875222821,-16.02408323806125,21.0,1,0.04183124777178904,20.95816875222821,20.0,22.0
1162.0,20.75110013938177,20.95581219950916,-16.023830077556553,21.0,1,0.044187800490838924,20.95581219950916,20.0,22.0
1163.0,20.748745153338383,20.953456169261113,-16.023578238644426,21.0,1,0.04654383073888724,20.953456169261113,20.0,22.0
1164.0,20.746390688659986,20.951100661115397,-16.023327721665833,21.0,1,0.04889933888460263,20.951100661115397,20.0,22.0
1165.0,20.744036744977922,20.948745674703346,-16.023078526959928,21.0,1,0.05125432529665375,20.948745674703346,20.0,22.0
1166.0,20.741683321923535,20.94639120965629,-16.022830654864094,21.0,1,0.053608790343709245,20.94639120965629,20.0,22.0
1167.0,20.739330419128176,20.944037265605573,-16.022584105713904,21.0,1,0.055962734394427116,20.944037265605573,20.0,22.0
1168.0,20.736978036223206,20.941683842182538,-16.022338879843158,21.0,1,0.0583161578174618,20.941683842182538,20.0,22.0
1169.0,20.73462617283999,20.93933093901854,-16.02209497758385,21.0,1,0.06066906098146063,20.93933093901854,20.0,22.0
1170.0,20.732274828609906,20.936978555744936,-16.021852399266194,21.0,1,0.06302144425506384,20.936978555744936,20.0,22.0
1171.0,20.72992400316433,20.934626691993095,-16.021611145218603,21.0,1,0.06537330800690455,20.934626691993095,20.0,22.0
1172.0,20.727573696134655,20.93227534739439,-16.0213712157677,21.0,1,0.06772465260560878,20.93227534739439,20.0,22.0
1173.0,20.725223907152277,20.929924521580205,-16.021132611238315,21.0,1,0.07007547841979545,20.929924521580205,20.0,22.0
1174.0,20.722874635848598,20.927574214181924,-16.020895331953483,21.0,1,0.07242578581807635,20.927574214181924,20.0,22.0
1175.0,20.72052588185504,20.92522442483095,-16.02065937823445,21.0,1,0.07477557516904909,20.92522442483095,20.0,22.0
1176.0,20.71817764480302,20.922875153158692,-16.020424750400657,21.0,1,0.07712484684130771,20.922875153158692,20.0,22.0
1177.0,20.71582992432398,20.920526398796557,-16.020191448769758,21.0,1,0.07947360120344271,20.920526398796557,20.0,22.0
1178.0,20.713482720049363,20.918178161375973,-16.019959473657615,21.0,1,0.08182183862402681,20.918178161375973,20.0,22.0
1179.0,20.71113603161062,20.915830440528378,-16.01972882537828,21.0,1,0.08416955947162208,20.915830440528378,20.0,22.0
1180.0,20.708789858639225,20.913483235885217,-16.01949950424402,21.0,1,0.08651676411478348,20.913483235885217,20.0,22.0
1181.0,20.706444200766647,20.911136547077938,-16.019271510565307,21.0,1,0.08886345292206244,20.911136547077938,20.0,22.0
1182.0,20.70409905762438,20.90879037373802,-16.019044844650807,21.0,1,0.09120962626197837,20.90879037373802,20.0,22.0
1183.0,20.701754428843923,20.906444715496935,-16.018819506807397,21.0,1,0.09355528450306494,20.906444715496935,20.0,22.0
1184.0,20.69941031405679,20.90409957198617,-16.018595497340147,21.0,1,0.09590042801383092,20.90409957198617,20.0,22.0
1185.0,20.69706671289451,20.901754942837226,-16.018372816552336,21.0,1,0.09824505716277443,20.901754942837226,20.0,22.0
1186.0,20.694723624988622,20.89941082768162,-16.01815146474544,21.0,1,0.10058917231837938,20.89941082768162,20.0,22.0
1187.0,20.692381049970674,20.897067226150877,-16.01793144221914,21.0,1,0.10293277384912258,20.897067226150877,20.0,22.0
1188.0,20.690038987472235,20.89472413787654,-16.01771274927131,21.0,1,0.10527586212345952,20.89472413787654,20.0,22.0
1189.0,20.687697437124886,20.892381562490158,-16.017495386198036,21.0,1,0.10761843750984212,20.892381562490158,20.0,22.0
1190.0,20.68535639856022,20.8900394996233,-16.01727935329359,21.0,1,0.10996050037670102,20.8900394996233,20.0,22.0
1191.0,20.68301587140985,20.887697948907544,-16.017064650850443,21.0,1,0.11230205109245617,20.887697948907544,20.0,22.0
1192.0,20.6806758553054,20.88535690997449,-16.016851279159287,21.0,1,0.11464309002550976,20.88535690997449,20.0,22.0
1193.0,20.678336349878506,20.883016382455743,-16.016639238508986,21.0,1,0.1169836175442569,20.883016382455743,20.0,22.0
1194.0,20.675997354760828,20.880676365982932,-16.016428529186612,21.0,1,0.1193236340170678,20.880676365982932,20.0,22.0
1195.0,20.673658869584038,20.878336860187694,-16.016219151477443,21.0,1,0.12166313981230559,20.878336860187694,20.0,22.0
1196.0,20.671320893979825,20.87599786470169,-16.016011105664937,21.0,1,0.1240021352983085,20.87599786470169,20.0,22.0
1197.0,20.668983427579896,20.87365937915659,-16.01580439203076,21.0,1,0.12634062084341124,20.87365937915659,20.0,22.0
1198.0,20.666646470015973,20.871321403184083,-16.01559901085477,21.0,1,0.12867859681591653,20.871321403184083,20.0,22.0
1199.0,20.6643100209198,20.86898393641588,-16.01539496241503,21.0,1,0.13101606358412,20.86898393641588,20.0,22.0
1200.0,20.661974079923134,20.866646978483697,-16.015192246987795,21.0,1,0.13335302151630302,20.866646978483697,20.0,22.0
1201.0,20.65963864665775,20.86431052901928,-16.014990864847498,21.0,1,0.1356894709807186,20.86431052901928,20.0,22.0
1202.0,20.65730372075545,20.861974587654394,-16.01479081626679,21.0,1,0.1380254123456055,20.861974587654394,20.0,22.0
1203.0,20.654969301848045,20.859639154020805,-16.01459210151651,21.0,1,0.1403608459791954,20.859639154020805,20.0,22.0
1204.0,20.652635389567372,20.85730422775032,-16.014394720865685,21.0,1,0.14269577224968089,20.85730422775032,20.0,22.0
1205.0,20.650301983545287,20.85496980847475,-16.01419867458154,21.0,1,0.14503019152525098,20.85496980847475,20.0,22.0
1206.0,20.64796908341366,20.852635895825934,-16.014003962929493,21.0,1,0.1473641041740663,20.852635895825934,20.0,22.0
1207.0,20.64563668880439,20.85030248943572,-16.01381058617316,21.0,1,0.14969751056428038,20.85030248943572,20.0,22.0
1208.0,20.643304799349394,20.84796958893599,-16.013618544574342,21.0,1,0.15203041106401116,20.84796958893599,20.0,22.0
1209.0,20.64097341468061,20.845637193958638,-16.01342783839303,21.0,1,0.15436280604136243,20.845637193958638,20.0,22.0
1210.0,20.638642534429994,20.843305304135576,-16.01323846788742,21.0,1,0.15669469586442375,20.843305304135576,20.0,22.0
1211.0,20.63631215822953,20.84097391909875,-16.013050433313893,21.0,1,0.15902608090124914,20.84097391909875,20.0,22.0
1212.0,20.63398228571122,20.838643038480118,-16.012863734927013,21.0,1,0.161356961519882,20.838643038480118,20.0,22.0
1213.0,20.631652916507093,20.836312661911656,-16.012678372979547,21.0,1,0.16368733808834435,20.836312661911656,20.0,22.0
1214.0,20.629324050249195,20.833982789025377,-16.012494347722452,21.0,1,0.16601721097462274,20.833982789025377,20.0,22.0
1215.0,20.6269956865696,20.831653419453296,-16.012311659404862,21.0,1,0.1683465805467037,20.831653419453296,20.0,22.0
1216.0,20.624667825100406,20.829324552827472,-16.01213030827412,21.0,1,0.17067544717252758,20.829324552827472,20.0,22.0
1217.0,20.62234046547373,20.826996188779976,-16.011950294575744,21.0,1,0.17300381122002406,20.826996188779976,20.0,22.0
1218.0,20.62001360732172,20.824668326942902,-16.011771618553446,21.0,1,0.17533167305709796,20.824668326942902,20.0,22.0
1219.0,20.617687250276546,20.82234096694837,-16.01159428044913,21.0,1,0.17765903305162922,20.82234096694837,20.0,22.0
1220.0,20.6153613939704,20.82001410842853,-16.011418280502888,21.0,1,0.17998589157146938,20.82001410842853,20.0,22.0
1221.0,20.613036038035506,20.817687751015548,-16.011243618952996,21.0,1,0.1823122489844522,20.817687751015548,20.0,22.0
1222.0,20.610711182104108,20.815361894341624,-16.011070296035918,21.0,1,0.1846381056583759,20.815361894341624,20.0,22.0
1223.0,20.60838682580848,20.81303653803898,-16.01089831198631,21.0,1,0.18696346196102098,20.81303653803898,20.0,22.0
1224.0,20.606062968780922,20.810711681739853,-16.01072766703701,21.0,1,0.18928831826014658,20.810711681739853,20.0,22.0
1225.0,20.603739610653758,20.808387325076524,-16.010558361419058,21.0,1,0.19161267492347633,20.808387325076524,20.0,22.0
1226.0,20.601416751059343,20.80606346768129,-16.010390395361654,21.0,1,0.193936532318709,20.80606346768129,20.0,22.0
1227.0,20.59909438963006,20.80374010918648,-16.01022376909221,21.0,1,0.19625989081351847,20.80374010918648,20.0,22.0
1228.0,20.596772525998315,20.801417249224446,-16.010058482836314,21.0,1,0.19858275077555376,20.801417249224446,20.0,22.0
1229.0,20.59445115979655,20.79909488742757,-16.009894536817733,21.0,1,0.20090511257242838,20.79909488742757,20.0,22.0
1230.0,20.592130290657227,20.796773023428266,-16.00973193125843,21.0,1,0.2032269765717345,20.796773023428266,20.0,22.0
1231.0,20.589809918212843,20.794451656858968,-16.00957066637855,21.0,1,0.20554834314103232,20.794451656858968,20.0,22.0
1232.0,20.587490042095926,20.792130787352143,-16.00941074239642,21.0,1,0.20786921264785718,20.792130787352143,20.0,22.0
1233.0,20.585170661939028,20.789810414540284,-16.009252159528558,21.0,1,0.210189585459716,20.789810414540284,20.0,22.0
1234.0,20.582851777374735,20.78749053805592,-16.009094917989657,21.0,1,0.21250946194408016,20.78749053805592,20.0,22.0
1235.0,20.58053338803566,20.785171157531607,-16.008939017992603,21.0,1,0.21482884246839262,20.785171157531607,20.0,22.0
1236.0,20.578215493554456,20.782852272599932,-16.00878445974846,21.0,1,0.21714772740006794,20.782852272599932,20.0,22.0
1237.0,20.575898093563797,20.780533882893504,-16.008631243466475,21.0,1,0.21946611710649577,20.780533882893504,20.0,22.0
1238.0,20.57358118769639,20.77821598804498,-16.008479369354088,21.0,1,0.22178401195501962,20.77821598804498,20.0,22.0
1239.0,20.571264775584982,20.77589858768703,-16.008328837616908,21.0,1,0.22410141231296876,20.77589858768703,20.0,22.0
1240.0,20.56894885686234,20.773581681452363,-16.008179648458736,21.0,1,0.22641831854763694,20.773581681452363,20.0,22.0
1241.0,20.56663343116128,20.77126526897373,-16.008031802081554,21.0,1,0.22873473102627173,20.77126526897373,20.0,22.0
1242.0,20.56431849811463,20.768949349883897,-16.007885298685522,21.0,1,0.23105065011610293,20.768949349883897,20.0,22.0
1243.0,20.56200405735527,20.76663392381567,-16.007740138468982,21.0,1,0.23336607618432836,20.76663392381567,20.0,22.0
1244.0,20.559690108516104,20.764318990401897,-16.00759632162847,21.0,1,0.23568100959810323,20.764318990401897,20.0,22.0
1245.0,20.557376651230076,20.762004549275442,-16.00745384835868,21.0,1,0.23799545072455786,20.762004549275442,20.0,22.0
1246.0,20.555063685130158,20.759690600069217,-16.007312718852504,21.0,1,0.24030939993078348,20.759690600069217,20.0,22.0
1247.0,20.55275120984936,20.757377142416164,-16.007172933301018,21.0,1,0.24262285758383584,20.757377142416164,20.0,22.0
1248.0,20.55043922502073,20.755064175949254,-16.007034491893464,21.0,1,0.24493582405074577,20.755064175949254,20.0,22.0
1249.0,20.54812773027735,20.752751700301502,-16.006897394817273,21.0,1,0.24724829969849793,20.752751700301502,20.0,22.0
1250.0,20.545816725252333,20.75043971510595,-16.006761642258056,21.0,1,0.24956028489404858,20.75043971510595,20.0,22.0
1251.0,20.54350620957883,20.748128219995685,-16.006627234399602,21.0,1,0.25187178000431487,20.748128219995685,20.0,22.0
1252.0,20.541196182890033,20.74581721460382,-16.00649417142388,21.0,1,0.25418278539617845,20.74581721460382,20.0,22.0
1253.0,20.538886644819172,20.74350669856351,-16.006362453511038,21.0,1,0.25649330143648896,20.74350669856351,20.0,22.0
1254.0,20.536577594999507,20.741196671507943,-16.006232080839403,21.0,1,0.258803328492057,20.741196671507943,20.0,22.0
1255.0,20.53426903306434,20.738887133070342,-16.00610305358548,21.0,1,0.2611128669296576,20.738887133070342,20.0,22.0
1256.0,20.531960958647012,20.736578082883977,-16.005975371923952,21.0,1,0.26342191711602325,20.736578082883977,20.0,22.0
1257.0,20.5296533713809,20.73426952058215,-16.005849036027683,21.0,1,0.2657304794178508,20.73426952058215,20.0,22.0
1258.0,20.527346270899418,20.7319614457982,-16.005724046067716,21.0,1,0.26803855420180156,20.7319614457982,20.0,22.0
1259.0,20.525039656836025,20.729653858165502,-16.005600402213265,21.0,1,0.2703461418344979,20.729653858165502,20.0,22.0
1260.0,20.522733528824215,20.727346757317477,-16.005478104631727,21.0,1,0.272653242682523,20.727346757317477,20.0,22.0
1261.0,20.520427886497522,20.72504014288758,-16.005357153488674,21.0,1,0.274959857112421,20.72504014288758,20.0,22.0
1262.0,20.518122729489527,20.722734014509303,-16.00523754894786,21.0,1,0.2772659854906969,20.722734014509303,20.0,22.0
1263.0,20.51581805743384,20.720428371816187,-16.005119291171212,21.0,1,0.2795716281838132,20.720428371816187,20.0,22.0
1264.0,20.513513869964118,20.718123214441807,-16.005002380318828,21.0,1,0.2818767855581932,20.718123214441807,20.0,22.0
1265.0,20.51121016671406,20.715818542019775,-16.004886816548996,21.0,1,0.28418145798022465,20.715818542019775,20.0,22.0
1266.0,20.50890694731741,20.713514354183754,-16.00477260001817,21.0,1,0.2864856458162457,20.713514354183754,20.0,22.0
1267.0,20.506604211407943,20.711210650567438,-16.00465973088098,21.0,1,0.2887893494325624,20.711210650567438,20.0,22.0
1268.0,20.504301958619486,20.708907430804565,-16.004548209290235,21.0,1,0.2910925691954347,20.708907430804565,20.0,22.0
1269.0,20.502000188585903,20.706604694528924,-16.00443803539692,21.0,1,0.2933953054710763,20.706604694528924,20.0,22.0
1270.0,20.499698900941105,20.70430244137433,-16.004329209350196,21.0,1,0.29569755862566893,20.70430244137433,20.0,22.0
1271.0,20.497398095319046,20.702000670974655,-16.004221731297395,21.0,1,0.29799932902534465,20.702000670974655,20.0,22.0
1272.0,20.495097771353723,20.699699382963807,-16.00411560138403,21.0,1,0.3003006170361928,20.699699382963807,20.0,22.0
1273.0,20.492797928679177,20.697398576975747,-16.00401081975378,21.0,1,0.3026014230242531,20.697398576975747,20.0,22.0
1274.0,20.490498566929492,20.695098252644463,-16.003907386548512,21.0,1,0.30490174735553666,20.695098252644463,20.0,22.0
1275.0,20.488199685738795,20.692798409604002,-16.003805301908255,21.0,1,0.3072015903959979,20.692798409604002,20.0,22.0
1276.0,20.485901284741267,20.690499047488448,-16.003704565971216,21.0,1,0.3095009525115522,20.690499047488448,20.0,22.0
1277.0,20.483603363571124,20.688200165931924,-16.003605178873777,21.0,1,0.31179983406807565,20.688200165931924,20.0,22.0
1278.0,20.481305921862635,20.685901764568616,-16.003507140750497,21.0,1,0.31409823543138415,20.685901764568616,20.0,22.0
1279.0,20.479008959250113,20.68360384303274,-16.003410451734098,21.0,1,0.31639615696726153,20.68360384303274,20.0,22.0
1280.0,20.476712475367915,20.68130640095856,-16.003315111955494,21.0,1,0.31869359904143835,20.68130640095856,20.0,22.0
1281.0,20.47441646985045,20.6790094379804,-16.003221121543753,21.0,1,0.32099056201959897,20.6790094379804,20.0,22.0
1282.0,20.47212094233217,20.67671295373261,-16.003128480626124,21.0,1,0.3232870462673887,20.67671295373261,20.0,22.0
1283.0,20.46982589244758,20.6744169478496,-16.003037189328037,21.0,1,0.3255830521503995,20.6744169478496,20.0,22.0
1284.0,20.467531319831227,20.672121419965823,-16.00294724777308,21.0,1,0.32787858003417725,20.672121419965823,20.0,22.0
1285.0,20.465237224117708,20.669826369715782,-16.00285865608302,21.0,1,0.330173630284218,20.669826369715782,20.0,22.0
1286.0,20.462943604941668,20.66753179673402,-16.002771414377804,21.0,1,0.3324682032659787,20.66753179673402,20.0,22.0
1287.0,20.460650461937803,20.665237700655148,-16.002685522775543,21.0,1,0.33476229934485247,20.665237700655148,20.0,22.0
1288.0,20.45835779474086,20.662944081113803,-16.002600981392515,21.0,1,0.3370559188861968,20.662944081113803,20.0,22.0
1289.0,20.456065602985632,20.660650937744684,-16.002517790343184,21.0,1,0.3393490622553159,20.660650937744684,20.0,22.0
1290.0,20.453773886306966,20.65835827018254,-16.002435949740175,21.0,1,0.34164172981746077,20.65835827018254,20.0,22.0
1291.0,20.451482644339755,20.656066078062157,-16.002355459694293,21.0,1,0.3439339219378432,20.656066078062157,20.0,22.0
1292.0,20.44919187671895,20.653774361018385,-16.0022763203145,21.0,1,0.34622563898161474,20.653774361018385,20.0,22.0
1293.0,20.44690158307954,20.651483118686123,-16.00219853170795,21.0,1,0.34851688131387704,20.651483118686123,20.0,22.0
1294.0,20.44461176305658,20.64919235070031,-16.002122093979953,21.0,1,0.3508076492996892,20.64919235070031,20.0,22.0
1295.0,20.442322416285176,20.646902056695957,-16.00204700723399,21.0,1,0.35309794330404287,20.646902056695957,20.0,22.0
1296.0,20.44003354240047,20.6446122363081,-16.001973271571728,21.0,1,0.35538776369190117,20.6446122363081,20.0,22.0
1297.0,20.437745141037677,20.642322889171847,-16.001900887092987,21.0,1,0.3576771108281527,20.642322889171847,20.0,22.0
1298.0,20.435457211832052,20.64003401492235,-16.001829853895764,21.0,1,0.35996598507765043,20.64003401492235,20.0,22.0
1299.0,20.433169754418905,20.637745613194813,-16.001760172076235,21.0,1,0.36225438680518707,20.637745613194813,20.0,22.0
1300.0,20.430882768433605,20.635457683624498,8.998308158271268,21.0,1,0.36454231637550194,20.635457683624498,20.0,22.0
1301.0,20.433596253511574,20.634170225846717,8.998375137054234,21.0,1,0.36582977415328344,20.634170225846717,20.0,22.0
1302.0,20.436309209288282,20.63388303949684,8.99844076418198,21.0,1,0.36611696050315956,20.63388303949684,20.0,22.0
1303.0,20.43902163559926,20.634595924250284,8.99850503956566,21.0,1,0.3654040757497157,20.634595924250284,20.0,22.0
1304.0,20.441733532280054,20.636308679822513,8.998567963118255,21.0,1,0.3636913201774874,20.636308679822513,20.0,22.0
1305.0,20.44444489916622,20.639021105969036,8.998629534754574,21.0,1,0.36097889403096417,20.639021105969036,20.0,22.0
1306.0,20.44715573609334,20.64173300248539,8.998689754391258,21.0,1,0.3582669975146118,20.64173300248539,20.0,22.0
1307.0,20.449866042897,20.644444369207132,8.998748621946776,21.0,1,0.35555563079286756,20.644444369207132,20.0,22.0
1308.0,20.45257581941281,20.647155205969845,8.998806137341434,21.0,1,0.3528447940301547,20.647155205969845,20.0,22.0
1309.0,20.455285065476396,20.64986551260911,8.998862300497363,21.0,1,0.35013448739088915,20.64986551260911,20.0,22.0
1310.0,20.4579937809234,20.65257528896055,8.998917111338525,21.0,1,0.3474247110394515,20.65257528896055,20.0,22.0
1311.0,20.460701965589482,20.655284534859778,8.998970569790714,21.0,1,0.3447154651402222,20.655284534859778,20.0,22.0
1312.0,20.463409619310323,20.657993250142443,8.999022675781557,21.0,1,0.34200674985755697,20.657993250142443,20.0,22.0
1313.0,20.466116741921617,20.660701434644203,8.99907342924051,21.0,1,0.33929856535579717,20.660701434644203,20.0,22.0
1314.0,20.46882333325908,20.663409088200744,8.999122830098859,21.0,1,0.3365909117992558,20.663409088200744,20.0,22.0
1315.0,20.47152939315845,20.666116210647754,8.999170878289721,21.0,1,0.33388378935224594,20.666116210647754,20.0,22.0
1316.0,20.474234921455473,20.668822801820955,8.999217573748048,21.0,1,0.331177198179045,20.668822801820955,20.0,22.0
1317.0,20.47693991798593,20.671528861556077,8.999262916410622,21.0,1,0.3284711384439234,20.671528861556077,20.0,22.0
1318.0,20.479644382585615,20.67423438968888,8.999306906216052,21.0,1,0.3257656103111195,20.67423438968888,20.0,22.0
1319.0,20.48234831509034,20.676939386055132,8.999349543104785,21.0,1,0.3230606139448682,20.676939386055132,20.0,22.0
1320.0,20.485051715335945,20.679643850490628,8.999390827019095,21.0,1,0.3203561495093723,20.679643850490628,20.0,22.0
1321.0,20.48775458315828,20.682347782831194,8.999430757903092,21.0,1,0.3176522171688063,20.682347782831194,20.0,22.0
1322.0,20.49045691839323,20.68505118291265,8.999469335702713,21.0,1,0.31494881708734823,20.68505118291265,20.0,22.0
1323.0,20.493158720876693,20.687754050570867,8.999506560365731,21.0,1,0.3122459494291334,20.687754050570867,20.0,22.0
1324.0,20.49585999044459,20.690456385641717,8.999542431841748,21.0,1,0.30954361435828304,20.690456385641717,20.0,22.0
1325.0,20.49856072693287,20.693158187961103,8.9995769500822,21.0,1,0.30684181203889693,20.693158187961103,20.0,22.0
1326.0,20.501260930177498,20.695859457364946,8.999610115040355,21.0,1,0.30414054263505363,20.695859457364946,20.0,22.0
1327.0,20.50396060001447,20.698560193689197,8.999641926671309,21.0,1,0.30143980631080325,20.698560193689197,20.0,22.0
1328.0,20.5066597362798,20.70126039676982,8.999672384931998,21.0,1,0.29873960323018167,20.70126039676982,20.0,22.0
1329.0,20.50935833880953,20.703960066442804,8.999701489781183,21.0,1,0.2960399335571964,20.703960066442804,20.0,22.0
1330.0,20.512056407439726,20.706659202544177,8.999729241179462,21.0,1,0.29334079745582287,20.706659202544177,20.0,22.0
1331.0,20.514753942006475,20.70935780490997,8.999755639089262,21.0,1,0.29064219509002953,20.70935780490997,20.0,22.0
1332.0,20.517450942345892,20.712055873376254,8.999780683474846,21.0,1,0.2879441266237457,20.712055873376254,20.0,22.0
1333.0,20.520147408294118,20.714753407779117,8.999804374302306,21.0,1,0.2852465922208829,20.714753407779117,20.0,22.0
1334.0,20.52284333968732,20.717450407954676,8.999826711539567,21.0,1,0.28254959204532426,20.717450407954676,20.0,22.0
1335.0,20.52553873636169,20.720146873739065,8.999847695156392,21.0,1,0.27985312626093517,20.720146873739065,20.0,22.0
1336.0,20.52823359815345,20.72284280496846,8.999867325124367,21.0,1,0.27715719503153835,20.72284280496846,20.0,22.0
1337.0,20.530927924898844,20.725538201479054,8.999885601416919,21.0,1,0.2744617985209459,20.725538201479054,20.0,22.0
1338.0,20.533621716434148,20.72823306310706,8.999902524009304,21.0,1,0.2717669368929414,20.72823306310706,20.0,22.0
1339.0,20.53631497259566,20.730927389688727,8.99991809287861,21.0,1,0.26907261031127305,20.730927389688727,20.0,22.0
1340.0,20.53900769321972,20.733621181060336,8.999932308003762,21.0,1,0.2663788189396641,20.733621181060336,20.0,22.0
1341.0,20.541699878142676,20.736314437058176,8.999945169365512,21.0,1,0.26368556294182355,20.736314437058176,20.0,22.0
1342.0,20.544391527200922,20.739007157518593,8.999956676946448,21.0,1,0.2609928424814072,20.739007157518593,20.0,22.0
1343.0,20.547082640230872,20.741699342277936,8.999966830730992,21.0,1,0.2583006577220637,20.741699342277936,20.0,22.0
1344.0,20.54977321706897,20.7443909911726,8.999975630705395,21.0,1,0.255609008827399,20.7443909911726,20.0,22.0
1345.0,20.552463257551697,20.747082104038995,8.999983076857744,21.0,1,0.252917895961005,20.747082104038995,20.0,22.0
1346.0,20.555152761515558,20.749772680713573,8.999989169177958,21.0,1,0.2502273192864273,20.749772680713573,20.0,22.0
1347.0,20.55784172879709,20.752462721032806,8.99999390765779,21.0,1,0.24753727896719369,20.752462721032806,20.0,22.0
1348.0,20.56053015923286,20.755152224833203,8.999997292290823,21.0,1,0.24484777516679657,20.755152224833203,20.0,22.0
1349.0,20.563218052659472,20.757841191951304,8.999999323072476,21.0,1,0.24215880804869627,20.757841191951304,20.0,22.0
1350.0,20.565905408913554,20.760529622223675,9.0,21.0,1,0.23947037777632474,20.760529622223675,20.0,22.0
1351.0,20.568592227831772,20.763217515486918,8.999999323072476,21.0,1,0.23678248451308193,20.763217515486918,20.0,22.0
1352.0,20.57127850925082,20.765904871577664,8.999997292290823,21.0,1,0.23409512842233582,20.765904871577664,20.0,22.0
1353.0,20.57396425300743,20.768591690332578,8.99999390765779,21.0,1,0.23140830966742243,20.768591690332578,20.0,22.0
1354.0,20.57664945893836,20.771277971588354,8.999989169177958,21.0,1,0.2287220284116458,20.771277971588354,20.0,22.0
1355.0,20.579334126880408,20.77396371518173,8.999983076857744,21.0,1,0.22603628481827087,20.77396371518173,20.0,22.0
1356.0,20.582018256670402,20.77664892094945,8.999975630705395,21.0,1,0.2233510790505484,20.77664892094945,20.0,22.0
1357.0,20.584701848145208,20.779333588728328,8.999966830730992,21.0,1,0.2206664112716723,20.779333588728328,20.0,22.0
1358.0,20.587384901141725,20.78201771835519,8.999956676946448,21.0,1,0.2179822816448116,20.78201771835519,20.0,22.0
1359.0,20.590067415496886,20.784701309666893,8.999945169365512,21.0,1,0.2152986903331069,20.784701309666893,20.0,22.0
1360.0,20.59274939104766,20.787384362500347,8.999932308003762,21.0,1,0.21261563749965262,20.787384362500347,20.0,22.0
1361.0,20.595430827631052,20.790066876692478,8.99991809287861,21.0,1,0.2099331233075219,20.790066876692478,20.0,22.0
1362.0,20.598111725084102,20.79274885208026,8.999902524009304,21.0,1,0.20725114791974164,20.79274885208026,20.0,22.0
1363.0,20.60079208324389,20.79543028850069,8.999885601416919,21.0,1,0.20456971149931036,20.79543028850069,20.0,22.0
1364.0,20.603471901947522,20.798111185790816,8.999867325124367,21.0,1,0.20188881420918392,20.798111185790816,20.0,22.0
1365.0,20.606151181032157,20.800791543787717,8.999847695156392,21.0,1,0.19920845621228267,20.800791543787717,20.0,22.0
1366.0,20.608829920334983,20.8034713623285,8.999826711539567,21.0,1,0.19652863767149853,20.8034713623285,20.0,22.0
1367.0,20.611508119693223,20.80615064125033,8.999804374302306,21.0,1,0.19384935874967013,20.80615064125033,20.0,22.0
1368.0,20.614185778944144,20.80882938039038,8.999780683474846,21.0,1,0.19117061960961834,20.80882938039038,20.0,22.0
1369.0,20.61686289792505,20.811507579585886,8.999755639089262,21.0,1,0.1884924204141143,20.811507579585886,20.0,22.0
1370.0,20.619539476473282,20.81418523867411,8.999729241179462,21.0,1,0.18581476132589003,20.81418523867411,20.0,22.0
1371.0,20.622215514426223,20.816862357492358,8.999701489781183,21.0,1,0.18313764250764208,20.816862357492358,20.0,22.0
1372.0,20.624891011621294,20.819538935877972,8.999672384931998,21.0,1,0.1804610641220279,20.819538935877972,20.0,22.0
1373.0,20.627565967895958,20.822214973668338,8.999641926671309,21.0,1,0.17778502633166227,20.822214973668338,20.0,22.0
1374.0,20.630240383087713,20.824890470700872,8.999610115040355,21.0,1,0.17510952929912804,20.824890470700872,20.0,22.0
1375.0,20.632914257034106,20.827565426813035,8.9995769500822,21.0,1,0.17243457318696542,20.827565426813035,20.0,22.0
1376.0,20.635587589572715,20.830239841842335,8.999542431841748,21.0,1,0.16976015815766488,20.830239841842335,20.0,22.0
1377.0,20.63826038054117,20.83291371562631,8.999506560365731,21.0,1,0.16708628437368844,20.83291371562631,20.0,22.0
1378.0,20.640932629777133,20.835587048002544,8.999469335702713,21.0,1,0.16441295199745554,20.835587048002544,20.0,22.0
1379.0,20.64360433711832,20.838259838808664,8.999430757903092,21.0,1,0.16174016119133583,20.838259838808664,20.0,22.0
1380.0,20.646275502402474,20.84093208788234,8.999390827019095,21.0,1,0.15906791211765992,20.84093208788234,20.0,22.0
1381.0,20.648946125467397,20.843603795061277,8.999349543104785,21.0,1,0.15639620493872286,20.843603795061277,20.0,22.0
1382.0,20.651616206150923,20.846274960183226,8.999306906216052,21.0,1,0.15372503981677355,20.846274960183226,20.0,22.0
1383.0,20.654285744290934,20.848945583085985,8.999262916410622,21.0,1,0.15105441691401467,20.848945583085985,20.0,22.0
1384.0,20.656954739725357,20.851615663607394,8.999217573748048,21.0,1,0.1483843363926063,20.851615663607394,20.0,22.0
1385.0,20.659623192292162,20.85428520158533,8.999170878289721,21.0,1,0.1457147984146694,20.85428520158533,20.0,22.0
1386.0,20.66229110182936,20.85695419685772,8.999122830098859,21.0,1,0.14304580314227877,20.85695419685772,20.0,22.0
1387.0,20.664958468175016,20.85962264926254,8.99907342924051,21.0,1,0.1403773507374595,20.85962264926254,20.0,22.0
1388.0,20.66762529116723,20.862290558637802,8.999022675781557,21.0,1,0.13770944136219754,20.862290558637802,20.0,22.0
1389.0,20.670291570644153,20.86495792482156,8.998970569790714,21.0,1,0.1350420751784398,20.86495792482156,20.0,22.0
1390.0,20.672957306443983,20.867624747651924,8.998917111338525,21.0,1,0.13237525234807634,20.867624747651924,20.0,22.0
1391.0,20.675622498404962,20.870291026967045,8.998862300497363,21.0,1,0.1297089730329546,20.870291026967045,20.0,22.0
1392.0,20.67828714636538,20.87295676260512,8.998806137341434,21.0,1,0.12704323739487933,20.87295676260512,20.0,22.0
1393.0,20.680951250163577,20.875621954404387,8.998748621946776,21.0,1,0.12437804559561272,20.875621954404387,20.0,22.0
1394.0,20.683614809637934,20.878286602203143,8.998689754391258,21.0,1,0.12171339779685653,20.878286602203143,20.0,22.0
1395.0,20.686277824626885,20.880950705839727,8.998629534754574,21.0,1,0.11904929416027343,20.880950705839727,20.0,22.0
1396.0,20.68894029496891,20.883614265152513,8.998567963118255,21.0,1,0.11638573484748704,20.883614265152513,20.0,22.0
1397.0,20.69160222050254,20.886277279979943,8.998505039565662,21.0,1,0.11372272002005701,20.886277279979943,20.0,22.0
1398.0,20.69426360106635,20.8889397501605,8.99844076418198,21.0,1,0.11106024983950036,20.8889397501605,20.0,22.0
1399.0,20.69692443649897,20.89160167553271,8.998375137054234,21.0,1,0.10839832446729147,20.89160167553271,20.0,22.0
1400.0,20.69958472663908,20.89426305593515,8.998308158271268,21.0,1,0.10573694406485146,20.89426305593515,20.0,22.0
1401.0,20.702244471325407,20.89692389120645,8.998239827923765,21.0,1,0.10307610879355167,20.89692389120645,20.0,22.0
1402.0,20.704903670396728,20.899584181185286,8.998170146104234,21.0,1,0.10041581881471373,20.899584181185286,20.0,22.0
1403.0,20.70756232369187,20.902243925710394,8.998099112907013,21.0,1,0.09775607428960598,20.902243925710394,20.0,22.0
1404.0,20.710220431049713,20.90490312462054,8.998026728428272,21.0,1,0.09509687537946121,20.90490312462054,20.0,22.0
1405.0,20.71287799230919,20.907561777754562,8.997952992766008,21.0,1,0.09243822224543763,20.907561777754562,20.0,22.0
1406.0,20.71553500730928,20.91021988495134,8.997877906020047,21.0,1,0.08978011504866146,20.91021988495134,20.0,22.0
1407.0,20.718191475889025,20.912877446049798,8.99780146829205,21.0,1,0.08712255395020208,20.912877446049798,20.0,22.0
1408.0,20.720847397887507,20.915534460888928,8.9977236796855,21.0,1,0.08446553911107202,20.915534460888928,20.0,22.0
1409.0,20.723502773143867,20.91819092930776,8.997644540305709,21.0,1,0.08180907069224119,20.91819092930776,20.0,22.0
1410.0,20.7261576014973,20.920846851145377,8.997564050259824,21.0,1,0.07915314885462266,20.920846851145377,20.0,22.0
1411.0,20.728811882787053,20.923502226240934,8.997482209656816,21.0,1,0.07649777375906552,20.923502226240934,20.0,22.0
1412.0,20.731465616852425,20.926157054433617,8.997399018607485,21.0,1,0.07384294556638338,20.926157054433617,20.0,22.0
1413.0,20.734118803532777,20.92881133556267,8.997314477224458,21.0,1,0.07118866443732941,20.92881133556267,20.0,22.0
1414.0,20.736771442667514,20.9314650694674,8.997228585622194,21.0,1,0.06853493053259996,20.9314650694674,20.0,22.0
1415.0,20.739423534096105,20.934118255987165,8.997141343916978,21.0,1,0.06588174401283453,20.934118255987165,20.0,22.0
1416.0,20.74207507765807,20.93677089496137,8.99705275222692,21.0,1,0.06322910503863,20.93677089496137,20.0,22.0
1417.0,20.744726073192982,20.93942298622948,8.996962810671963,21.0,1,0.06057701377051927,20.93942298622948,20.0,22.0
1418.0,20.747376520540477,20.94207452963102,8.996871519373874,21.0,1,0.05792547036897844,20.94207452963102,20.0,22.0
1419.0,20.750026419540244,20.944725525005566,8.996778878456247,21.0,1,0.05527447499443383,20.944725525005566,20.0,22.0
1420.0,20.752675770032027,20.947375972192752,8.996684888044506,21.0,1,0.05262402780724784,20.947375972192752,20.0,22.0
1421.0,20.75532457185563,20.95002587103226,8.9965895482659,21.0,1,0.04997412896774023,20.95002587103226,20.0,22.0
1422.0,20.757972824850913,20.952675221363847,8.996492859249503,21.0,1,0.04732477863615259,20.952675221363847,20.0,22.0
1423.0,20.760620528857793,20.95532402302731,8.996394821126223,21.0,1,0.04467597697269099,20.95532402302731,20.0,22.0
1424.0,20.763267683716247,20.95797227586251,8.996295434028784,21.0,1,0.04202772413749045,20.95797227586251,20.0,22.0
1425.0,20.76591428926631,20.960619979709367,8.996194698091745,21.0,1,0.0393800202906327,20.960619979709367,20.0,22.0
1426.0,20.768560345348074,20.963267134407854,8.996092613451488,21.0,1,0.03673286559214617,20.963267134407854,20.0,22.0
1427.0,20.771205851801696,20.96591373979801,8.995989180246218,21.0,1,0.03408626020198824,20.96591373979801,20.0,22.0
1428.0,20.773850808467383,20.968559795719933,8.99588439861597,21.0,1,0.03144020428006655,20.968559795719933,20.0,22.0
1429.0,20.776495215185413,20.971205302013765,8.995778268702605,21.0,1,0.028794697986235462,20.971205302013765,20.0,22.0
1430.0,20.779139071796116,20.973850258519725,8.995670790649804,21.0,1,0.026149741480274713,20.973850258519725,20.0,22.0
1431.0,20.781782378139887,20.976494665078086,8.99556196460308,21.0,1,0.02350533492191431,20.976494665078086,20.0,22.0
1432.0,20.78442513405718,20.979138521529183,8.995451790709765,21.0,1,0.020861478470816763,20.979138521529183,20.0,22.0
1433.0,20.78706733938851,20.981781827713412,8.995340269119021,21.0,1,0.01821817228658773,20.981781827713412,20.0,22.0
1434.0,20.789708993974457,20.98442458347122,8.99522739998183,21.0,1,0.015575416528779584,20.98442458347122,20.0,22.0
1435.0,20.79235009765566,20.98706678864313,8.995113183451004,21.0,1,0.012933211356870089,20.98706678864313,20.0,22.0
1436.0,20.79499065027282,20.98970844306972,8.99499761968117,21.0,1,0.010291556930280166,20.98970844306972,20.0,22.0
1437.0,20.7976306516667,20.992349546591623,8.994880708828788,21.0,1,0.0076504534083774445,20.992349546591623,20.0,22.0
1438.0,20.800270101678134,20.994990099049545,8.994762451052138,21.0,1,0.0050099009504549485,20.994990099049545,20.0,22.0
1439.0,20.80290900014801,20.997630100284255,8.994642846511324,21.0,1,0.002369899715745305,20.997630100284255,20.0,22.0
1440.0,20.805547346917283,21.00026955013658,8.994521895368273,21.0,1,-0.0002695501365792552,21.00026955013658,20.0,22.0
1441.0,20.808185141826975,21.002908448447407,8.994399597786735,21.0,1,-0.0029084484474068972,21.002908448447407,20.0,22.0
1442.0,20.81082238471817,21.005546795057704,8.994275953932284,21.0,1,-0.005546795057703946,21.005546795057704,20.0,22.0
1443.0,20.81345907543201,21.00818458980848,8.994150963972315,21.0,1,-0.008184589808479359,21.00818458980848,20.0,22.0
1444.0,20.816095213809717,21.01082183254082,8.994024628076048,21.0,1,-0.010821832540820253,21.01082183254082,20.0,22.0
1445.0,20.81873079969257,21.013458523095878,8.99389694641452,21.0,1,-0.013458523095877695,21.013458523095878,20.0,22.0
1446.0,20.821365832921916,21.016094661314867,8.993767919160597,21.0,1,-0.0160946613148667,21.016094661314867,20.0,22.0
1447.0,20.824000313339162,21.018730247039066,8.99363754648896,21.0,1,-0.018730247039066228,21.018730247039066,20.0,22.0
1448.0,20.826634240785793,21.021365280109823,8.993505828576119,21.0,1,-0.02136528010982275,21.021365280109823,20.0,22.0
1449.0,20.82926761510335,21.023999760368547,8.993372765600396,21.0,1,-0.023999760368546674,21.023999760368547,20.0,22.0
1450.0,20.831900436133452,21.026633687656727,8.993238357741943,21.0,1,-0.02663368765672658,21.026633687656727,20.0,22.0
1451.0,20.834532703717773,21.029267061815897,8.993102605182727,21.0,1,-0.029267061815897222,21.029267061815897,20.0,22.0
1452.0,20.837164417698066,21.03189988268768,8.992965508106536,21.0,1,-0.03189988268767863,21.03189988268768,20.0,22.0
1453.0,20.83979557791615,21.03453215011375,8.992827066698982,21.0,1,-0.034532150113751214,21.03453215011375,20.0,22.0
1454.0,20.842426184213906,21.037163863935863,8.992687281147495,21.0,1,-0.037163863935862906,21.037163863935863,20.0,22.0
1455.0,20.845056236433294,21.03979502399583,8.992546151641323,21.0,1,-0.039795023995829126,21.03979502399583,20.0,22.0
1456.0,20.847685734416334,21.042425630135543,8.992403678371533,21.0,1,-0.04242563013554346,21.042425630135543,20.0,22.0
1457.0,20.850314678005127,21.045055682196953,8.992259861531016,21.0,1,-0.04505568219695277,21.045055682196953,20.0,22.0
1458.0,20.85294306704183,21.047685180022093,8.992114701314478,21.0,1,-0.047685180022092766,21.047685180022093,20.0,22.0
1459.0,20.855570901368687,21.050314123453045,8.991968197918444,21.0,1,-0.05031412345304531,21.050314123453045,20.0,22.0
1460.0,20.858198180827998,21.052942512331988,8.991820351541262,21.0,1,-0.05294251233198821,21.052942512331988,20.0,22.0
1461.0,20.86082490526214,21.05557034650115,8.99167116238309,21.0,1,-0.055570346501149004,21.05557034650115,20.0,22.0
1462.0,20.863451074513566,21.058197625802837,8.991520630645912,21.0,1,-0.05819762580283694,21.058197625802837,20.0,22.0
1463.0,20.866076688424794,21.06082435007943,8.991368756533523,21.0,1,-0.06082435007942877,21.06082435007943,20.0,22.0
1464.0,20.868701746838415,21.063450519173376,8.991215540251542,21.0,1,-0.06345051917337585,21.063450519173376,20.0,22.0
1465.0,20.871326249597097,21.066076132927193,8.991060982007399,21.0,1,-0.0660761329271935,21.066076132927193,20.0,22.0
1466.0,20.87395019654358,21.068701191183482,8.990905082010343,21.0,1,-0.06870119118348228,21.068701191183482,20.0,22.0
1467.0,20.87657358752067,21.071325693784903,8.990747840471444,21.0,1,-0.07132569378490317,21.071325693784903,20.0,22.0
1468.0,20.879196422371262,21.07394964057419,8.99058925760358,21.0,1,-0.07394964057419173,21.07394964057419,20.0,22.0
1469.0,20.881818700938307,21.07657303139417,8.990429333621451,21.0,1,-0.07657303139416882,21.07657303139417,20.0,22.0
1470.0,20.884440423064845,21.079195866087723,8.990268068741571,21.0,1,-0.07919586608772278,21.079195866087723,20.0,22.0
1471.0,20.88706158859398,21.081818144497802,8.990105463182267,21.0,1,-0.08181814449780234,21.081818144497802,20.0,22.0
1472.0,20.8896821973689,21.08443986646745,8.989941517163688,21.0,1,-0.08443986646744861,21.08443986646745,20.0,22.0
1473.0,20.89230224923286,21.087061031839767,8.98977623090779,21.0,1,-0.08706103183976666,21.087061031839767,20.0,22.0
1474.0,20.894921744029194,21.089681640457947,8.989609604638344,21.0,1,-0.0896816404579468,21.089681640457947,20.0,22.0
1475.0,20.897540681601317,21.09230169216524,8.989441638580944,21.0,1,-0.09230169216523976,21.09230169216524,20.0,22.0
1476.0,20.900159061792714,21.094921186804985,8.989272332962988,21.0,1,-0.09492118680498507,21.094921186804985,20.0,22.0
1477.0,20.902776884446947,21.097540124220593,8.989101688013692,21.0,1,-0.09754012422059333,21.097540124220593,20.0,22.0
1478.0,20.90539414940766,21.100158504255553,8.988929703964084,21.0,1,-0.10015850425555328,21.100158504255553,20.0,22.0
1479.0,20.90801085651857,21.10277632675343,8.988756381047006,21.0,1,-0.1027763267534283,21.10277632675343,20.0,22.0
1480.0,20.910627005623475,21.10539359155786,8.988581719497112,21.0,1,-0.10539359155785988,21.10539359155786,20.0,22.0
1481.0,20.91324259656625,21.108010298512568,8.988405719550867,21.0,1,-0.10801029851256772,21.108010298512568,20.0,22.0
1482.0,20.915857629190846,21.110626447461346,8.988228381446552,21.0,1,-0.11062644746134609,21.110626447461346,20.0,22.0
1483.0,20.918472103341298,21.113242038248075,8.988049705424256,21.0,1,-0.11324203824807455,21.113242038248075,20.0,22.0
1484.0,20.921086018861715,21.115857070716704,8.98786969172588,21.0,1,-0.1158570707167037,21.115857070716704,20.0,22.0
1485.0,20.92369937559629,21.118471544711266,8.987688340595138,21.0,1,-0.11847154471126586,21.118471544711266,20.0,22.0
1486.0,20.926312173389288,21.12108546007587,8.98750565227755,21.0,1,-0.12108546007587151,21.12108546007587,20.0,22.0
1487.0,20.928924412085067,21.123698816654716,8.987321627020453,21.0,1,-0.12369881665471638,21.123698816654716,20.0,22.0
1488.0,20.931536091528052,21.12631161429207,8.987136265072987,21.0,1,-0.12631161429207083,21.12631161429207,20.0,22.0
1489.0,20.93414721156276,21.12892385283228,8.986949566686109,21.0,1,-0.1289238528322798,21.12892385283228,20.0,22.0
1490.0,20.936757772033783,21.131535532119777,8.98676153211258,21.0,1,-0.1315355321197771,21.131535532119777,20.0,22.0
1491.0,20.939367772785797,21.134146651999078,8.98657216160697,21.0,1,-0.13414665199907816,21.134146651999078,20.0,22.0
1492.0,20.941977213663563,21.136757212314777,8.98638145542566,21.0,1,-0.13675721231477667,21.136757212314777,20.0,22.0
1493.0,20.944586094511916,21.13936721291155,8.986189413826839,21.0,1,-0.13936721291155152,21.13936721291155,20.0,22.0
1494.0,20.94719441517578,21.141976653634153,8.985996037070505,21.0,1,-0.14197665363415268,21.141976653634153,20.0,22.0
1495.0,20.94980217550016,21.144585534327426,8.98580132541846,21.0,1,-0.14458553432742605,21.144585534327426,20.0,22.0
1496.0,20.952409375330145,21.147193854836296,8.985605279134315,21.0,1,-0.14719385483629566,21.147193854836296,20.0,22.0
1497.0,20.955016014510907,21.149801615005764,8.98540789848349,21.0,1,-0.14980161500576372,21.149801615005764,20.0,22.0
1498.0,20.9576220928877,21.15240881468092,8.98520918373321,21.0,1,-0.15240881468092127,21.15240881468092,20.0,22.0
1499.0,20.960227610305868,21.15501545370694,8.985009135152502,21.0,1,-0.15501545370694103,21.15501545370694,20.0,22.0
1500.0,20.96283256661084,21.157621531929077,8.984807753012207,21.0,1,-0.15762153192907746,21.157621531929077,20.0,22.0
1501.0,20.96543696164812,21.160227049192674,8.984605037584968,21.0,1,-0.16022704919267383,21.160227049192674,20.0,22.0
1502.0,20.968040795263306,21.162832005343155,8.984400989145229,21.0,1,-0.16283200534315512,21.162832005343155,20.0,22.0
1503.0,20.970644067302082,21.16543640022603,8.984195607969243,21.0,1,-0.16543640022603157,21.16543640022603,20.0,22.0
1504.0,20.973246777610214,21.168040233686902,8.983988894335065,21.0,1,-0.16804023368690224,21.168040233686902,20.0,22.0
1505.0,20.97584892603356,21.170643505571444,8.983780848522558,21.0,1,-0.17064350557144436,21.170643505571444,20.0,22.0
1506.0,20.978450512418057,21.17324621572543,8.983571470813386,21.0,1,-0.17324621572543109,21.17324621572543,20.0,22.0
1507.0,20.981051536609737,21.175848363994717,8.983360761491014,21.0,1,-0.17584836399471726,21.175848363994717,20.0,22.0
1508.0,20.983651998454715,21.178449950225247,8.983148720840713,21.0,1,-0.17844995022524657,21.178449950225247,20.0,22.0
1509.0,20.986251897799193,21.18105097426304,8.982935349149555,21.0,1,-0.18105097426304084,21.18105097426304,20.0,22.0
1510.0,20.988851234489463,21.18365143595422,8.982720646706413,21.0,1,-0.1836514359542214,21.18365143595422,20.0,22.0
1511.0,20.991450008371906,21.18625133514499,8.982504613801966,21.0,1,-0.18625133514499126,21.18625133514499,20.0,22.0
1512.0,20.994048219292992,21.188850671681642,8.982287250728689,21.0,1,-0.18885067168164227,21.188850671681642,20.0,22.0
1513.0,20.99664586709928,21.19144944541056,8.98206855778086,21.0,1,-0.19144944541055864,21.19144944541056,20.0,22.0
1514.0,20.999242951637417,21.194047656178203,8.98184853525456,21.0,1,-0.19404765617820274,21.194047656178203,20.0,22.0
1515.0,21.00183947275414,21.196645303831136,8.981627183447664,21.0,1,-0.19664530383113643,21.196645303831136,20.0,22.0
1516.0,21.004435430296276,21.19924238821601,8.981404502659853,21.0,1,-0.19924238821601037,21.19924238821601,20.0,22.0
1517.0,21.00703082411075,21.20183890917956,8.981180493192603,21.0,1,-0.2018389091795605,21.20183890917956,20.0,22.0
1518.0,21.009625654044566,21.20443486656862,8.980955155349191,21.0,1,-0.20443486656861865,21.20443486656862,20.0,22.0
1519.0,21.012219919944826,21.207030260230102,8.980728489434693,21.0,1,-0.20703026023010196,21.207030260230102,20.0,22.0
1520.0,21.014813621658725,21.20962509001102,8.98050049575598,21.0,1,-0.20962509001101992,21.20962509001102,20.0,22.0
1521.0,21.017406759033545,21.21221935575847,8.980271174621722,21.0,1,-0.21221935575847084,21.21221935575847,20.0,22.0
1522.0,21.01999933191666,21.214813057319656,8.980040526342387,21.0,1,-0.21481305731965605,21.214813057319656,20.0,22.0
1523.0,21.022591340155547,21.217406194541855,8.979808551230242,21.0,1,-0.21740619454185506,21.217406194541855,20.0,22.0
1524.0,21.02518278359776,21.21999876727244,8.979575249599344,21.0,1,-0.21999876727243972,21.21999876727244,20.0,22.0
1525.0,21.02777366209096,21.22259077535889,8.979340621765552,21.0,1,-0.2225907753588885,21.22259077535889,20.0,22.0
1526.0,21.030363975482896,21.22518221864876,8.979104668046515,21.0,1,-0.22518221864876153,21.22518221864876,20.0,22.0
1527.0,21.032953723621407,21.22777309698971,8.978867388761685,21.0,1,-0.22777309698971138,21.22777309698971,20.0,22.0
1528.0,21.035542906354436,21.23036341022949,8.9786287842323,21.0,1,-0.23036341022949003,21.23036341022949,20.0,22.0
1529.0,21.038131523530012,21.232953158215942,8.978388854781397,21.0,1,-0.23295315821594187,21.232953158215942,20.0,22.0
1530.0,21.040719574996263,21.235542340797004,8.978147600733806,21.0,1,-0.23554234079700365,21.235542340797004,20.0,22.0
1531.0,21.04330706060141,21.238130957820704,8.977905022416149,21.0,1,-0.23813095782070448,21.238130957820704,20.0,22.0
1532.0,21.045893980193775,21.240719009135177,8.977661120156842,21.0,1,-0.24071900913517652,21.240719009135177,20.0,22.0
1533.0,21.048480333621768,21.243306494588644,8.977415894286096,21.0,1,-0.24330649458864428,21.243306494588644,20.0,22.0
1534.0,21.0510661207339,21.245893414029418,8.977169345135907,21.0,1,-0.24589341402941756,21.245893414029418,20.0,22.0
1535.0,21.05365134137878,21.248479767305923,8.976921473040072,21.0,1,-0.24847976730592336,21.248479767305923,20.0,22.0
1536.0,21.056235995405114,21.251065554266667,8.976672278334167,21.0,1,-0.2510655542666669,21.251065554266667,20.0,22.0
1537.0,21.0588200826617,21.253650774760253,8.976421761355573,21.0,1,-0.2536507747602528,21.253650774760253,20.0,22.0
1538.0,21.06140360299744,21.256235428635385,8.976169922443448,21.0,1,-0.2562354286353852,21.256235428635385,20.0,22.0
1539.0,21.06398655626133,21.25881951574087,8.975916761938748,21.0,1,-0.25881951574087125,21.25881951574087,20.0,22.0
1540.0,21.066568942302467,21.261403035925607,8.975662280184213,21.0,1,-0.261403035925607,21.261403035925607,20.0,22.0
1541.0,21.069150760970043,21.263985989038595,8.97540647752438,21.0,1,-0.26398598903859494,21.263985989038595,20.0,22.0
1542.0,21.071732012113355,21.266568374928923,8.975149354305563,21.0,1,-0.26656837492892294,21.266568374928923,20.0,22.0
1543.0,21.074312695581792,21.269150193445796,8.974890910875873,21.0,1,-0.26915019344579605,21.269150193445796,20.0,22.0
1544.0,21.07689281122485,21.2717314444385,8.974631147585203,21.0,1,-0.27173144443850106,21.2717314444385,20.0,22.0
1545.0,21.079472358892122,21.27431212775643,8.974370064785235,21.0,1,-0.2743121277564313,21.27431212775643,20.0,22.0
1546.0,21.082051338433303,21.276892243249087,8.97410766282944,21.0,1,-0.2768922432490868,21.276892243249087,20.0,22.0
1547.0,21.08462974969818,21.279471790766053,8.973843942073067,21.0,1,-0.27947179076605266,21.279471790766053,20.0,22.0
1548.0,21.087207592536654,21.282050770157024,8.973578902873161,21.0,1,-0.2820507701570243,21.282050770157024,20.0,22.0
1549.0,21.08978486679872,21.2846291812718,8.973312545588543,21.0,1,-0.28462918127180004,21.2846291812718,20.0,22.0
1550.0,21.09236157233448,21.28720702396027,8.973044870579823,21.0,1,-0.28720702396027065,21.28720702396027,20.0,22.0
1551.0,21.094937708994127,21.289784298072433,8.972775878209397,21.0,1,-0.28978429807243344,21.289784298072433,20.0,22.0
1552.0,21.09751327662797,21.29236100345839,8.972505568841438,21.0,1,-0.2923610034583888,21.29236100345839,20.0,22.0
1553.0,21.100088275086414,21.29493713996834,8.972233942841907,21.0,1,-0.29493713996834003,21.29493713996834,20.0,22.0
1554.0,21.102662704219966,21.29751270745259,8.971961000578546,21.0,1,-0.29751270745259006,21.29751270745259,20.0,22.0
1555.0,21.105236563879238,21.30008770576154,8.97168674242088,21.0,1,-0.3000877057615412,21.30008770576154,20.0,22.0
1556.0,21.107809853914947,21.302662134745706,8.971411168740214,21.0,1,-0.3026621347457059,21.302662134745706,20.0,22.0
1557.0,21.110382574177912,21.305235994255693,8.971134279909636,21.0,1,-0.3052359942556926,21.305235994255693,20.0,22.0
1558.0,21.112954724519057,21.307809284142223,8.970856076304011,21.0,1,-0.3078092841422233,21.307809284142223,20.0,22.0
1559.0,21.115526304789412,21.310382004256113,8.97057655829999,21.0,1,-0.3103820042561125,21.310382004256113,20.0,22.0
1560.0,21.118097314840114,21.31295415444829,8.970295726275996,21.0,1,-0.31295415444828834,21.31295415444829,20.0,22.0
1561.0,21.1206677545224,21.315525734569782,8.970013580612237,21.0,1,-0.31552573456978195,21.315525734569782,20.0,22.0
1562.0,21.12323762368762,21.318096744471724,8.969730121690697,21.0,1,-0.318096744471724,21.318096744471724,20.0,22.0
1563.0,21.12580692218722,21.32066718400535,8.969445349895139,21.0,1,-0.32066718400535166,21.32066718400535,20.0,22.0
1564.0,21.128375649872762,21.323237053022023,8.9691592656111,21.0,1,-0.323237053022023,21.323237053022023,20.0,22.0
1565.0,21.13094380659591,21.32580635137318,8.9688718692259,21.0,1,-0.32580635137318126,21.32580635137318,20.0,22.0
1566.0,21.133511392208433,21.32837507891039,8.968583161128631,21.0,1,-0.3283750789103905,21.32837507891039,20.0,22.0
1567.0,21.136078406562216,21.330943235485307,8.968293141710161,21.0,1,-0.33094323548530724,21.330943235485307,20.0,22.0
1568.0,21.138644849509244,21.333510820949716,8.968001811363134,21.0,1,-0.33351082094971574,21.333510820949716,20.0,22.0
1569.0,21.141210720901615,21.336077835155486,8.967709170481971,21.0,1,-0.3360778351554856,21.336077835155486,20.0,22.0
1570.0,21.14377602059153,21.338644277954607,8.967415219462865,21.0,1,-0.3386442779546073,21.338644277954607,20.0,22.0
1571.0,21.146340748431307,21.341210149199185,8.96711995870378,21.0,1,-0.3412101491991848,21.341210149199185,20.0,22.0
1572.0,21.148904904273362,21.34377544874141,8.96682338860446,21.0,1,-0.3437754487414111,21.34377544874141,20.0,22.0
1573.0,21.151468487970227,21.346340176433607,8.966525509566415,21.0,1,-0.3463401764336069,21.346340176433607,20.0,22.0
1574.0,21.154031499374547,21.348904332128193,8.966226321992933,21.0,1,-0.3489043321281926,21.348904332128193,20.0,22.0
1575.0,21.15659393833907,21.351467915677702,8.965925826289068,21.0,1,-0.3514679156777021,21.351467915677702,20.0,22.0
1576.0,21.15915580471666,21.354030926934772,8.96562402286165,21.0,1,-0.35403092693477234,21.354030926934772,20.0,22.0
1577.0,21.161717098360292,21.35659336575216,8.965320912119275,21.0,1,-0.35659336575216116,21.35659336575216,20.0,22.0
1578.0,21.164277819123043,21.359155231982722,8.965016494472312,21.0,1,-0.35915523198272226,21.359155231982722,20.0,22.0
1579.0,21.166837966858115,21.361716525479437,8.964710770332898,21.0,1,-0.3617165254794372,21.361716525479437,20.0,22.0
1580.0,21.16939754141881,21.364277246095384,8.964403740114939,21.0,1,-0.3642772460953836,21.364277246095384,20.0,22.0
1581.0,21.17195654265855,21.36683739368376,8.96409540423411,21.0,1,-0.36683739368375967,21.36683739368376,20.0,22.0
1582.0,21.174514970430863,21.369396968097874,8.963785763107854,21.0,1,-0.3693969680978739,21.369396968097874,20.0,22.0
1583.0,21.1770728245894,21.37195596919114,8.963474817155378,21.0,1,-0.3719559691911414,21.37195596919114,20.0,22.0
1584.0,21.17963010498791,21.374514396817105,8.963162566797658,21.0,1,-0.37451439681710497,21.374514396817105,20.0,22.0
1585.0,21.182186811480275,21.3770722508294,8.962849012457438,21.0,1,-0.3770722508294,21.3770722508294,20.0,22.0
1586.0,21.18474294392047,21.379629531081783,8.962534154559222,21.0,1,-0.37962953108178255,21.379629531081783,20.0,22.0
1587.0,21.187298502162598,21.382186237428126,8.962217993529286,21.0,1,-0.38218623742812596,21.382186237428126,20.0,22.0
1588.0,21.189853486060873,21.384742369722424,8.961900529795662,21.0,1,-0.38474236972242437,21.384742369722424,20.0,22.0
1589.0,21.19240789546962,21.38729792781877,8.961581763788152,21.0,1,-0.38729792781877137,21.38729792781877,20.0,22.0
1590.0,21.194961730243286,21.389852911571374,8.961261695938319,21.0,1,-0.38985291157137425,21.389852911571374,20.0,22.0
1591.0,21.197514990236424,21.392407320834568,8.960940326679488,21.0,1,-0.3924073208345682,21.392407320834568,20.0,22.0
1592.0,21.200067675303714,21.394961155462788,8.960617656446747,21.0,1,-0.39496115546278787,21.394961155462788,20.0,22.0
1593.0,21.20261978529994,21.397514415310603,8.960293685676943,21.0,1,-0.39751441531060294,21.397514415310603,20.0,22.0
1594.0,21.205171320080016,21.400067100232683,8.959968414808687,21.0,1,-0.40006710023268255,21.400067100232683,20.0,22.0
1595.0,21.207722279498963,21.40261921008382,8.959641844282348,21.0,1,-0.4026192100838202,21.40261921008382,20.0,22.0
1596.0,21.21027266341192,21.40517074471892,8.959313974540057,21.0,1,-0.40517074471891945,21.40517074471892,20.0,22.0
1597.0,21.212822471674148,21.407721703993,8.9589848060257,21.0,1,-0.4077217039930012,21.407721703993,20.0,22.0
1598.0,21.215371704141017,21.410272087761218,8.958654339184925,21.0,1,-0.4102720877612178,21.410272087761218,20.0,22.0
1599.0,21.217920360668025,21.41282189587882,8.958322574465134,21.0,1,-0.412821895878821,21.41282189587882,20.0,22.0
1600.0,21.220468441110786,21.415371128201183,8.95798951231549,21.0,1,-0.4153711282011834,21.415371128201183,20.0,22.0
1601.0,21.223015945325027,21.41791978458381,8.95765515318691,21.0,1,-0.41791978458380896,21.41791978458381,20.0,22.0
1602.0,21.2255628731666,21.420467864882298,8.957319497532067,21.0,1,-0.4204678648822977,21.420467864882298,20.0,22.0
1603.0,21.228109224491472,21.423015368952388,8.956982545805392,21.0,1,-0.4230153689523881,21.423015368952388,20.0,22.0
1604.0,21.230654999155735,21.425562296649932,8.95664429846307,21.0,1,-0.4255622966499324,21.425562296649932,20.0,22.0
1605.0,21.2332001970156,21.428108647830896,8.956304755963036,21.0,1,-0.4281086478308964,21.428108647830896,20.0,22.0
1606.0,21.235744817927387,21.430654422351363,8.955963918764981,21.0,1,-0.4306544223513633,21.430654422351363,20.0,22.0
1607.0,21.238288861747556,21.43319962006756,8.955621787330353,21.0,1,-0.4331996200675583,21.43319962006756,20.0,22.0
1608.0,21.240832328332672,21.4357442408358,8.955278362122344,21.0,1,-0.435744240835799,21.4357442408358,20.0,22.0
1609.0,21.24337521753943,21.438288284512538,8.954933643605903,21.0,1,-0.438288284512538,21.438288284512538,20.0,22.0
1610.0,21.245917529224645,21.440831750954352,8.954587632247732,21.0,1,-0.44083175095435223,21.440831750954352,20.0,22.0
1611.0,21.24845926324525,21.44337464001792,8.954240328516278,21.0,1,-0.4433746400179217,21.44337464001792,20.0,22.0
1612.0,21.251000419458304,21.445916951560072,8.953891732881738,21.0,1,-0.44591695156007205,21.445916951560072,20.0,22.0
1613.0,21.25354099772099,21.448458685437735,8.953541845816062,21.0,1,-0.4484586854377355,21.448458685437735,20.0,22.0
1614.0,21.25608099789061,21.450999841507972,8.953190667792947,21.0,1,-0.4509998415079721,21.450999841507972,20.0,22.0
1615.0,21.25862041982459,21.453540419627963,8.952838199287836,21.0,1,-0.4535404196279629,21.453540419627963,20.0,22.0
1616.0,21.261159263380485,21.456080419655013,8.952484440777921,21.0,1,-0.456080419655013,21.456080419655013,20.0,22.0
1617.0,21.263697528415964,21.458619841446545,8.952129392742139,21.0,1,-0.458619841446545,21.458619841446545,20.0,22.0
1618.0,21.26623521478883,21.461158684860116,8.951773055661175,21.0,1,-0.46115868486011635,21.461158684860116,20.0,22.0
1619.0,21.268772322357,21.46369694975339,8.951415430017454,21.0,1,-0.46369694975339115,21.46369694975339,20.0,22.0
1620.0,21.271308850978535,21.466234635984183,8.951056516295154,21.0,1,-0.4662346359841827,21.466234635984183,20.0,22.0
1621.0,21.273844800511597,21.468771743410404,8.950696314980188,21.0,1,-0.46877174341040373,21.468771743410404,20.0,22.0
1622.0,21.27638017081449,21.47130827189011,8.950334826560221,21.0,1,-0.47130827189010915,21.47130827189011,20.0,22.0
1623.0,21.27891496174564,21.47384422128147,8.949972051524652,21.0,1,-0.4738442212814711,21.47384422128147,20.0,22.0
1624.0,21.281449173163598,21.47637959144279,8.949607990364628,21.0,1,-0.4763795914427895,21.47637959144279,20.0,22.0
1625.0,21.28398280492704,21.478914382232492,8.949242643573033,21.0,1,-0.4789143822324924,21.478914382232492,20.0,22.0
1626.0,21.286515856894766,21.481448593509125,8.948876011644497,21.0,1,-0.48144859350912483,21.481448593509125,20.0,22.0
1627.0,21.289048328925716,21.483982225131367,8.948508095075383,21.0,1,-0.483982225131367,21.483982225131367,20.0,22.0
1628.0,21.291580220878945,21.48651527695803,8.948138894363797,21.0,1,-0.48651527695803054,21.48651527695803,20.0,22.0
1629.0,21.29411153261364,21.48904774884804,8.947768410009585,21.0,1,-0.4890477488480407,21.48904774884804,20.0,22.0
1630.0,21.29664226398912,21.491579640660458,8.94739664251433,21.0,1,-0.4915796406604578,21.491579640660458,20.0,22.0
1631.0,21.299172414864827,21.494110952254466,8.947023592381347,21.0,1,-0.49411095225446644,21.494110952254466,20.0,22.0
1632.0,21.30170198510033,21.49664168348939,8.946649260115697,21.0,1,-0.49664168348938986,21.49664168348939,20.0,22.0
1633.0,21.30423097455533,21.499171834224665,8.946273646224167,21.0,1,-0.49917183422466493,21.499171834224665,20.0,22.0
1634.0,21.306759383089666,21.50170140431987,8.945896751215287,21.0,1,-0.5017014043198706,21.50170140431987,20.0,22.0
1635.0,21.30928721056329,21.504230393634707,8.945518575599317,21.0,1,-0.5042303936347068,21.504230393634707,20.0,22.0
1636.0,21.3118144568363,21.506758802029005,8.945139119888251,21.0,1,-0.5067588020290046,21.506758802029005,20.0,22.0
1637.0,21.31434112176891,21.509286629362716,8.94475838459582,21.0,1,-0.5092866293627161,21.509286629362716,20.0,22.0
1638.0,21.316867205221474,21.51181387549595,8.944376370237482,21.0,1,-0.5118138754959496,21.51181387549595,20.0,22.0
1639.0,21.319392707054476,21.514340540288906,8.943993077330427,21.0,1,-0.5143405402889059,21.514340540288906,20.0,22.0
1640.0,21.32191762712853,21.51686662360196,8.943608506393584,21.0,1,-0.5168666236019597,21.51686662360196,20.0,22.0
1641.0,21.324441965304384,21.519392125295575,8.9432226579476,21.0,1,-0.5193921252955747,21.519392125295575,20.0,22.0
1642.0,21.326965721442914,21.521917045230374,8.942835532514863,21.0,1,-0.5219170452303743,21.521917045230374,20.0,22.0
1643.0,21.329488895405127,21.524441383267106,8.942447130619481,21.0,1,-0.5244413832671064,21.524441383267106,20.0,22.0
1644.0,21.33201148705217,21.526965139266643,8.942057452787296,21.0,1,-0.5269651392666432,21.526965139266643,20.0,22.0
1645.0,21.334533496245317,21.52948831309,8.941666499545875,21.0,1,-0.529488313089999,21.52948831309,20.0,22.0
1646.0,21.337054922845976,21.532010904598316,8.941274271424511,21.0,1,-0.5320109045983159,21.532010904598316,20.0,22.0
1647.0,21.33957576671569,21.534532913652875,8.940880768954225,21.0,1,-0.5345329136528747,21.534532913652875,20.0,22.0
1648.0,21.34209602771614,21.537054340115073,8.940485992667762,21.0,1,-0.5370543401150734,21.537054340115073,20.0,22.0
1649.0,21.344615705709128,21.539575183846463,8.940089943099592,21.0,1,-0.5395751838464626,21.539575183846463,20.0,22.0
1650.0,21.347134800556606,21.54209544470872,8.939692620785909,21.0,1,-0.5420954447087212,21.54209544470872,20.0,22.0
1651.0,21.34965331212065,21.544615122563652,8.939294026264628,21.0,1,-0.544615122563652,21.544615122563652,20.0,22.0
1652.0,21.35217124026348,21.54713421727321,8.93889416007539,21.0,1,-0.5471342172732108,21.54713421727321,20.0,22.0
1653.0,21.354688584847445,21.549652728699474,8.938493022759555,21.0,1,-0.5496527286994741,21.549652728699474,20.0,22.0
1654.0,21.35720534573503,21.552170656704654,8.938090614860206,21.0,1,-0.5521706567046536,21.552170656704654,20.0,22.0
1655.0,21.359721522788853,21.554688001151103,8.937686936922145,21.0,1,-0.5546880011511028,21.554688001151103,20.0,22.0
1656.0,21.36223711587168,21.557204761901307,8.937281989491892,21.0,1,-0.557204761901307,21.557204761901307,20.0,22.0
1657.0,21.364752124846405,21.55972093881789,8.936875773117688,21.0,1,-0.5597209388178896,21.55972093881789,20.0,22.0
1658.0,21.36726654957606,21.562236531763613,8.93646828834949,21.0,1,-0.5622365317636131,21.562236531763613,20.0,22.0
1659.0,21.369780389923815,21.56475154060137,8.936059535738973,21.0,1,-0.564751540601371,21.56475154060137,20.0,22.0
1660.0,21.37229364575298,21.5672659651942,8.93564951583953,21.0,1,-0.5672659651941991,21.5672659651942,20.0,22.0
1661.0,21.374806316926996,21.56977980540526,8.935238229206272,21.0,1,-0.5697798054052612,21.56977980540526,20.0,22.0
1662.0,21.377318403309452,21.57229306109787,8.934825676396015,21.0,1,-0.57229306109787,21.57229306109787,20.0,22.0
1663.0,21.37982990476407,21.574805732135474,8.934411857967298,21.0,1,-0.5748057321354736,21.574805732135474,20.0,22.0
1664.0,21.38234082115471,21.57731781838165,8.933996774480374,21.0,1,-0.5773178183816512,21.57731781838165,20.0,22.0
1665.0,21.384851152345377,21.57982931970013,8.933580426497201,21.0,1,-0.5798293197001314,21.57982931970013,20.0,22.0
1666.0,21.387360898200207,21.582340235954778,8.93316281458146,21.0,1,-0.5823402359547778,21.582340235954778,20.0,22.0
1667.0,21.389870058583483,21.584850567009585,8.93274393929853,21.0,1,-0.5848505670095854,21.584850567009585,20.0,22.0
1668.0,21.392378633359627,21.5873603127287,8.932323801215512,21.0,1,-0.5873603127286984,21.5873603127287,20.0,22.0
1669.0,21.394886622393198,21.589869472976396,8.931902400901212,21.0,1,-0.589869472976396,21.589869472976396,20.0,22.0
1670.0,21.3973940255489,21.592378047617103,8.931479738926143,21.0,1,-0.5923780476171032,21.592378047617103,20.0,22.0
1671.0,21.399900842691572,21.594886036515376,8.931055815862528,21.0,1,-0.5948860365153763,21.594886036515376,20.0,22.0
1672.0,21.402407073686206,21.597393439535917,8.930630632284299,21.0,1,-0.5973934395359173,21.597393439535917,20.0,22.0
1673.0,21.404912718397924,21.599900256543577,8.930204188767092,21.0,1,-0.5999002565435774,21.599900256543577,20.0,22.0
1674.0,21.407417776691997,21.602406487403336,8.929776485888251,21.0,1,-0.6024064874033357,21.602406487403336,20.0,22.0
1675.0,21.409922248433837,21.60491213198032,8.929347524226822,21.0,1,-0.6049121319803206,21.60491213198032,20.0,22.0
1676.0,21.412426133488996,21.607417190139806,8.928917304363559,21.0,1,-0.607417190139806,21.607417190139806,20.0,22.0
1677.0,21.41492943172317,21.6099216617472,8.928485826880914,21.0,1,-0.609921661747201,21.6099216617472,20.0,22.0
1678.0,21.417432143002202,21.612425546668053,8.928053092363047,21.0,1,-0.612425546668053,21.612425546668053,20.0,22.0
1679.0,21.419934267192072,21.61492884476807,8.927619101395818,21.0,1,-0.6149288447680696,21.61492884476807,20.0,22.0
1680.0,21.422435804158912,21.61743155591309,8.927183854566788,21.0,1,-0.6174315559130896,21.61743155591309,20.0,22.0
1681.0,21.424936753768993,21.619933679969087,8.926747352465217,21.0,1,-0.6199336799690869,21.619933679969087,20.0,22.0
1682.0,21.427437115888733,21.6224352168022,8.926309595682065,21.0,1,-0.6224352168021987,21.6224352168022,20.0,22.0
1683.0,21.429936890384692,21.624936166278697,8.925870584809994,21.0,1,-0.6249361662786974,21.624936166278697,20.0,22.0
1684.0,21.432436077123576,21.627436528265,8.92543032044336,21.0,1,-0.627436528265001,21.627436528265,20.0,22.0
1685.0,21.43493467597224,21.629936302627666,8.924988803178216,21.0,1,-0.6299363026276659,21.629936302627666,20.0,22.0
1686.0,21.43743268679768,21.632435489233405,8.924546033612312,21.0,1,-0.632435489233405,21.632435489233405,20.0,22.0
1687.0,21.439930109467046,21.634934087949063,8.924102012345097,21.0,1,-0.6349340879490626,21.634934087949063,20.0,22.0
1688.0,21.44242694384762,21.637432098641646,8.923656739977709,21.0,1,-0.6374320986416464,21.637432098641646,20.0,22.0
1689.0,21.444923189806847,21.6399295211783,8.923210217112981,21.0,1,-0.6399295211782992,21.6399295211783,20.0,22.0
1690.0,21.447418847212308,21.642426355426316,8.922762444355442,21.0,1,-0.6424263554263163,21.642426355426316,20.0,22.0
1691.0,21.449913915931738,21.64492260125313,8.922313422311312,21.0,1,-0.6449226012531284,21.64492260125313,20.0,22.0
1692.0,21.452408395833015,21.647418258526322,8.9218631515885,21.0,1,-0.6474182585263222,21.647418258526322,20.0,22.0
1693.0,21.454902286784165,21.64991332711363,8.921411632796609,21.0,1,-0.6499133271136301,21.64991332711363,20.0,22.0
1694.0,21.457395588653366,21.652407806882938,8.920958866546929,21.0,1,-0.6524078068829375,21.652407806882938,20.0,22.0
1695.0,21.459888301308943,21.654901697702265,8.92050485345244,21.0,1,-0.6549016977022646,21.654901697702265,20.0,22.0
1696.0,21.462380424619372,21.657394999439795,8.92004959412781,21.0,1,-0.657394999439795,21.657394999439795,20.0,22.0
1697.0,21.464871958453273,21.65988771196384,8.919593089189394,21.0,1,-0.6598877119638402,21.65988771196384,20.0,22.0
1698.0,21.46736290267942,21.662379835142893,8.919135339255234,21.0,1,-0.6623798351428931,21.662379835142893,20.0,22.0
1699.0,21.469853257166733,21.664871368845564,8.918676344945057,21.0,1,-0.6648713688455636,21.664871368845564,20.0,22.0
1700.0,21.472343021784287,21.667362312940632,8.918216106880275,21.0,1,-0.6673623129406323,21.667362312940632,20.0,22.0
1701.0,21.474832196401305,21.669852667297018,8.917754625683981,21.0,1,-0.6698526672970182,21.669852667297018,20.0,22.0
1702.0,21.477320780887162,21.672342431783797,8.917291901980956,21.0,1,-0.6723424317837967,21.672342431783797,20.0,22.0
1703.0,21.47980877511138,21.67483160627019,8.916827936397663,21.0,1,-0.6748316062701889,21.67483160627019,20.0,22.0
1704.0,21.48229617894364,21.677320190625572,8.91636272956224,21.0,1,-0.6773201906255721,21.677320190625572,20.0,22.0
1705.0,21.484782992253763,21.67980818471947,8.91589628210451,21.0,1,-0.6798081847194695,21.67980818471947,20.0,22.0
1706.0,21.487269214911734,21.682295588421557,8.91542859465598,21.0,1,-0.6822955884215567,21.682295588421557,20.0,22.0
1707.0,21.489754846787683,21.68478240160166,8.914959667849825,21.0,1,-0.6847824016016588,21.68478240160166,20.0,22.0
1708.0,21.492239887751897,21.687268624129764,8.914489502320906,21.0,1,-0.6872686241297643,21.687268624129764,20.0,22.0
1709.0,21.49472433767481,21.689754255876,8.914018098705762,21.0,1,-0.6897542558760001,21.689754255876,20.0,22.0
1710.0,21.497208196427017,21.692239296710653,8.9135454576426,21.0,1,-0.6922392967106532,21.692239296710653,20.0,22.0
1711.0,21.49969146387926,21.694723746504156,8.913071579771312,21.0,1,-0.694723746504156,21.694723746504156,20.0,22.0
1712.0,21.502174139902436,21.697207605127108,8.912596465733458,21.0,1,-0.6972076051271081,21.697207605127108,20.0,22.0
1713.0,21.504656224367604,21.699690872450248,8.912120116172273,21.0,1,-0.6996908724502475,21.699690872450248,20.0,22.0
1714.0,21.507137717145966,21.70217354834448,8.911642531732666,21.0,1,-0.7021735483444793,21.70217354834448,20.0,22.0
1715.0,21.509618618108885,21.704655632680854,8.911163713061217,21.0,1,-0.7046556326808542,21.704655632680854,20.0,22.0
1716.0,21.512098927127877,21.70713712533058,8.910683660806177,21.0,1,-0.7071371253305792,21.70713712533058,20.0,22.0
1717.0,21.51457864407461,21.709618026165014,8.910202375617468,21.0,1,-0.709618026165014,21.709618026165014,20.0,22.0
1718.0,21.51705776882092,21.71209833505568,8.909719858146678,21.0,1,-0.7120983350556784,21.71209833505568,20.0,22.0
1719.0,21.519536301238784,21.71457805187424,8.909236109047068,21.0,1,-0.7145780518742413,21.71457805187424,20.0,22.0
1720.0,21.522014241200345,21.717057176492535,8.908751128973565,21.0,1,-0.7170571764925349,21.717057176492535,20.0,22.0
1721.0,21.5244915885779,21.71953570878254,8.908264918582757,21.0,1,-0.7195357087825407,21.71953570878254,20.0,22.0
1722.0,21.5269683432439,21.7220136486164,8.907777478532909,21.0,1,-0.7220136486164002,21.7220136486164,20.0,22.0
1723.0,21.52944450507096,21.72449099586641,8.907288809483939,21.0,1,-0.724490995866411,21.72449099586641,20.0,22.0
1724.0,21.531920073931843,21.72696775040502,8.906798912097436,21.0,1,-0.72696775040502,21.72696775040502,20.0,22.0
1725.0,21.534395049699476,21.72944391210485,8.90630778703665,21.0,1,-0.7294439121048484,21.72944391210485,20.0,22.0
1726.0,21.536869432246945,21.731919480838656,8.905815434966494,21.0,1,-0.7319194808386555,21.731919480838656,20.0,22.0
1727.0,21.53934322144749,21.73439445647937,8.905321856553538,21.0,1,-0.7343944564793716,21.73439445647937,20.0,22.0
1728.0,21.54181641717451,21.736868838900083,8.90482705246602,21.0,1,-0.736868838900083,21.736868838900083,20.0,22.0
1729.0,21.544289019301566,21.73934262797403,8.90433102337383,21.0,1,-0.7393426279740289,21.73934262797403,20.0,22.0
1730.0,21.54676102770238,21.741815823574612,8.90383376994852,21.0,1,-0.741815823574612,21.741815823574612,20.0,22.0
1731.0,21.54923244225083,21.744288425575387,8.9033352928633,21.0,1,-0.7442884255753874,21.744288425575387,20.0,22.0
1732.0,21.55170326282095,21.746760433850078,8.902835592793036,21.0,1,-0.7467604338500777,21.746760433850078,20.0,22.0
1733.0,21.554173489286946,21.74923184827257,8.902334670414248,21.0,1,-0.7492318482725686,21.74923184827257,20.0,22.0
1734.0,21.55664312152317,21.751702668716895,8.901832526405114,21.0,1,-0.7517026687168951,21.751702668716895,20.0,22.0
1735.0,21.559112159404147,21.754172895057245,8.901329161445462,21.0,1,-0.7541728950572448,21.754172895057245,20.0,22.0
1736.0,21.561580602804554,21.75664252716799,8.900824576216777,21.0,1,-0.7566425271679904,21.75664252716799,20.0,22.0
1737.0,21.564048451599238,21.759111564923646,8.900318771402194,21.0,1,-0.7591115649236464,21.759111564923646,20.0,22.0
1738.0,21.5665157056632,21.761580008198898,8.899811747686497,21.0,1,-0.7615800081988979,21.761580008198898,20.0,22.0
1739.0,21.568982364871605,21.764047856868583,8.899303505756126,21.0,1,-0.7640478568685829,21.764047856868583,20.0,22.0
1740.0,21.57144842909978,21.76651511080771,8.898794046299168,21.0,1,-0.7665151108077097,21.76651511080771,20.0,22.0
1741.0,21.57391389822322,21.768981769891443,8.898283370005352,21.0,1,-0.7689817698914432,21.768981769891443,20.0,22.0
1742.0,21.57637877211758,21.77144783399511,8.897771477566064,21.0,1,-0.7714478339951114,21.77144783399511,20.0,22.0
1743.0,21.57884305065867,21.773913302994206,8.89725836967433,21.0,1,-0.773913302994206,21.773913302994206,20.0,22.0
1744.0,21.58130673372247,21.77637817676438,8.896744047024823,21.0,1,-0.7763781767643785,21.77637817676438,20.0,22.0
1745.0,21.583769821185133,21.778842455181454,8.896228510313863,21.0,1,-0.7788424551814543,21.778842455181454,20.0,22.0
1746.0,21.58623231292296,21.7813061381214,8.895711760239413,21.0,1,-0.7813061381214013,21.7813061381214,20.0,22.0
1747.0,21.588694208812424,21.783769225460368,8.895193797501076,21.0,1,-0.7837692254603681,21.783769225460368,20.0,22.0
1748.0,21.59115550873016,21.78623171707467,8.894674622800098,21.0,1,-0.7862317170746707,21.78623171707467,20.0,22.0
1749.0,21.593616212552973,21.78869361284077,8.894154236839368,21.0,1,-0.7886936128407704,21.78869361284077,20.0,22.0
1750.0,21.59607632015783,21.791154912635314,8.893632640323412,21.0,1,-0.7911549126353137,21.791154912635314,20.0,22.0
1751.0,21.598535831421863,21.793615616335096,8.893109833958396,21.0,1,-0.7936156163350958,21.793615616335096,20.0,22.0
1752.0,21.60099474622237,21.796075723817086,8.892585818452126,21.0,1,-0.7960757238170864,21.796075723817086,20.0,22.0
1753.0,21.603453064436817,21.798535234958415,8.89206059451404,21.0,1,-0.7985352349584147,21.798535234958415,20.0,22.0
1754.0,21.605910785942832,21.800994149636388,8.891534162855217,21.0,1,-0.8009941496363879,21.800994149636388,20.0,22.0
1755.0,21.608367910618213,21.803452467728466,8.891006524188368,21.0,1,-0.8034524677284658,21.803452467728466,20.0,22.0
1756.0,21.610824438340927,21.805910189112275,8.89047767922784,21.0,1,-0.8059101891122751,21.805910189112275,20.0,22.0
1757.0,21.613280368989106,21.808367313665624,8.889947628689614,21.0,1,-0.8083673136656238,21.808367313665624,20.0,22.0
1758.0,21.615735702441047,21.810823841266473,8.889416373291297,21.0,1,-0.8108238412664726,21.810823841266473,20.0,22.0
1759.0,21.618190438575215,21.81327977179295,8.888883913752137,21.0,1,-0.8132797717929492,21.81327977179295,20.0,22.0
1760.0,21.62064457727025,21.815735105123355,8.888350250793003,21.0,1,-0.8157351051233555,21.815735105123355,20.0,22.0
1761.0,21.623098118404958,21.818189841136157,8.8878153851364,21.0,1,-0.8181898411361566,21.818189841136157,20.0,22.0
1762.0,21.625551061858303,21.820643979709995,8.88727931750646,21.0,1,-0.8206439797099954,21.820643979709995,20.0,22.0
1763.0,21.628003407509432,21.823097520723675,8.886742048628935,21.0,1,-0.8230975207236746,21.823097520723675,20.0,22.0
1764.0,21.630455155237655,21.825550464056164,8.886203579231214,21.0,1,-0.825550464056164,21.825550464056164,20.0,22.0
1765.0,21.632906304922454,21.828002809586604,8.885663910042306,21.0,1,-0.8280028095866037,21.828002809586604,20.0,22.0
1766.0,21.635356856443476,21.830454557194308,8.885123041792843,21.0,1,-0.830454557194308,21.830454557194308,20.0,22.0
1767.0,21.637806809680544,21.832905706758755,8.884580975215083,21.0,1,-0.8329057067587549,21.832905706758755,20.0,22.0
1768.0,21.64025616451365,21.8353562581596,8.884037711042907,21.0,1,-0.8353562581595995,21.8353562581596,20.0,22.0
1769.0,21.642704920822958,21.837806211276657,8.883493250011815,21.0,1,-0.8378062112766571,21.837806211276657,20.0,22.0
1770.0,21.645153078488796,21.840255565989924,8.882947592858928,21.0,1,-0.8402555659899242,21.840255565989924,20.0,22.0
1771.0,21.64760063739167,21.842704322179564,8.882400740322986,21.0,1,-0.8427043221795643,21.842704322179564,20.0,22.0
1772.0,21.650047597412254,21.845152479725904,8.881852693144348,21.0,1,-0.845152479725904,21.845152479725904,20.0,22.0
1773.0,21.6524939584314,21.847600038509455,8.881303452064992,21.0,1,-0.8476000385094551,21.847600038509455,20.0,22.0
1774.0,21.654939720330127,21.85004699841089,8.88075301782851,21.0,1,-0.8500469984108889,21.85004699841089,20.0,22.0
1775.0,21.657384882989625,21.852493359311055,8.880201391180112,21.0,1,-0.8524933593110546,21.852493359311055,20.0,22.0
1776.0,21.659829446291262,21.854939121090975,8.879648572866616,21.0,1,-0.8549391210909754,21.854939121090975,20.0,22.0
1777.0,21.662273410116576,21.857384283631838,8.879094563636462,21.0,1,-0.8573842836318377,21.857384283631838,20.0,22.0
1778.0,21.66471677434728,21.859828846815017,8.878539364239698,21.0,1,-0.8598288468150166,21.859828846815017,20.0,22.0
1779.0,21.66715953886526,21.862272810522047,8.877982975427981,21.0,1,-0.8622728105220467,21.862272810522047,20.0,22.0
1780.0,21.669601703552573,21.864716174634637,8.877425397954582,21.0,1,-0.864716174634637,21.864716174634637,20.0,22.0
1781.0,21.672043268291453,21.867158939034674,8.87686663257438,21.0,1,-0.8671589390346739,21.867158939034674,20.0,22.0
1782.0,21.67448423296431,21.86960110360422,8.876306680043864,21.0,1,-0.8696011036042215,21.86960110360422,20.0,22.0
1783.0,21.676924597453727,21.872042668225514,8.875745541121127,21.0,1,-0.8720426682255145,21.872042668225514,20.0,22.0
1784.0,21.67936436164246,21.874483632780954,8.875183216565867,21.0,1,-0.8744836327809544,21.874483632780954,20.0,22.0
1785.0,21.681803525413443,21.876923997153124,8.874619707139395,21.0,1,-0.8769239971531242,21.876923997153124,20.0,22.0
1786.0,21.68424208864979,21.87936376122479,8.87405501360462,21.0,1,-0.8793637612247913,21.87936376122479,20.0,22.0
1787.0,21.68668005123478,21.88180292487889,8.873489136726052,21.0,1,-0.8818029248788903,21.88180292487889,20.0,22.0
1788.0,21.68911741305188,21.88424148799852,8.87292207726981,21.0,1,-0.8842414879985192,21.88424148799852,20.0,22.0
1789.0,21.691554173984724,21.886679450466975,8.872353836003608,21.0,1,-0.8866794504669748,21.886679450466975,20.0,22.0
1790.0,21.693990333917128,21.88911681216771,8.871784413696762,21.0,1,-0.8891168121677104,21.88911681216771,20.0,22.0
1791.0,21.696425892733085,21.89155357298437,8.871213811120189,21.0,1,-0.8915535729843711,21.89155357298437,20.0,22.0
1792.0,21.698860850316763,21.89398973280077,8.870642029046401,21.0,1,-0.8939897328007689,21.89398973280077,20.0,22.0
1793.0,21.70129520655251,21.896425291500897,8.87006906824951,21.0,1,-0.896425291500897,21.896425291500897,20.0,22.0
1794.0,21.70372896132485,21.89886024896892,8.869494929505219,21.0,1,-0.8988602489689193,21.89886024896892,20.0,22.0
1795.0,21.706162114518484,21.901294605089188,8.86891961359083,21.0,1,-0.9012946050891877,21.901294605089188,20.0,22.0
1796.0,21.7085946660183,21.903728359746232,8.868343121285237,21.0,1,-0.903728359746232,21.903728359746232,20.0,22.0
1797.0,21.711026615709354,21.906161512824745,8.867765453368929,21.0,1,-0.9061615128247453,21.906161512824745,20.0,22.0
1798.0,21.713457963476888,21.908594064209627,8.867186610623982,21.0,1,-0.9085940642096269,21.908594064209627,20.0,22.0
1799.0,21.715888709206318,21.91102601378592,8.866606593834065,21.0,1,-0.9110260137859214,21.91102601378592,20.0,22.0
1800.0,21.718318852783245,21.913457361438873,8.86602540378444,21.0,1,-0.9134573614388728,21.913457361438873,20.0,22.0
1801.0,21.720748394093444,21.9158881070539,8.86544304126195,21.0,1,-0.9158881070538989,21.9158881070539,20.0,22.0
1802.0,21.72317733302288,21.918318250516602,8.864859507055032,21.0,1,-0.9183182505166023,21.918318250516602,20.0,22.0
1803.0,21.725605669457686,21.920747791712763,8.864274801953705,21.0,1,-0.9207477917127633,21.920747791712763,20.0,22.0
1804.0,21.728033403284186,21.923176730528336,8.863688926749576,21.0,1,-0.9231767305283363,21.923176730528336,20.0,22.0
1805.0,21.73046053438888,21.925605066849464,8.863101882235837,21.0,1,-0.9256050668494638,21.925605066849464,20.0,22.0
1806.0,21.73288706265845,21.928032800562466,8.862513669207258,21.0,1,-0.9280328005624661,21.928032800562466,20.0,22.0
1807.0,21.735312987979757,21.93045993155384,8.861924288460195,21.0,1,-0.9304599315538411,21.93045993155384,20.0,22.0
1808.0,21.737738310239852,21.932886459710275,8.861333740792585,21.0,1,-0.9328864597102751,21.932886459710275,20.0,22.0
1809.0,21.740163029325963,21.935312384918632,8.860742027003944,21.0,1,-0.9353123849186318,21.935312384918632,20.0,22.0
1810.0,21.742587145125498,21.937737707065953,8.860149147895365,21.0,1,-0.9377377070659527,21.937737707065953,20.0,22.0
1811.0,21.745010657526052,21.94016242603947,8.859555104269523,21.0,1,-0.9401624260394712,21.94016242603947,20.0,22.0
1812.0,21.7474335664154,21.942586541726598,8.858959896930665,21.0,1,-0.9425865417265982,21.942586541726598,20.0,22.0
1813.0,21.7498558716815,21.94501005401493,8.858363526684615,21.0,1,-0.9450100540149293,21.94501005401493,20.0,22.0
1814.0,21.752277573212503,21.947432962792238,8.857765994338774,21.0,1,-0.947432962792238,21.947432962792238,20.0,22.0
1815.0,21.75469867089673,21.949855267946482,8.857167300702113,21.0,1,-0.9498552679464822,21.949855267946482,20.0,22.0
1816.0,21.75711916462269,21.95227696936581,8.856567446585176,21.0,1,-0.9522769693658084,21.95227696936581,20.0,22.0
1817.0,21.75953905427908,21.954698066938548,8.855966432800079,21.0,1,-0.9546980669385476,21.954698066938548,20.0,22.0
1818.0,21.761958339754784,21.957118560553205,8.855364260160506,21.0,1,-0.9571185605532051,21.957118560553205,20.0,22.0
1819.0,21.764377020938866,21.959538450098474,8.854760929481715,21.0,1,-0.9595384500984743,21.959538450098474,20.0,22.0
1820.0,21.766795097720575,21.961957735463244,8.854156441580525,21.0,1,-0.961957735463244,21.961957735463244,20.0,22.0
1821.0,21.769212569989346,21.964376416536574,8.853550797275327,21.0,1,-0.9643764165365738,21.964376416536574,20.0,22.0
1822.0,21.771629437634804,21.966794493207722,8.852943997386076,21.0,1,-0.9667944932077219,21.966794493207722,20.0,22.0
1823.0,21.774045700546754,21.969211965366114,8.852336042734288,21.0,1,-0.9692119653661138,21.969211965366114,20.0,22.0
1824.0,21.77646135861519,21.97162883290138,8.851726934143048,21.0,1,-0.9716288329013807,21.97162883290138,20.0,22.0
1825.0,21.778876411730295,21.974045095703325,8.851116672437,21.0,1,-0.9740450957033246,21.974045095703325,20.0,22.0
1826.0,21.781290859782438,21.976460753661947,8.85050525844235,21.0,1,-0.9764607536619465,21.976460753661947,20.0,22.0
1827.0,21.78370470266217,21.97887580666742,8.849892692986863,21.0,1,-0.9788758066674212,21.97887580666742,20.0,22.0
1828.0,21.786117940260237,21.981290254610116,8.849278976899868,21.0,1,-0.9812902546101157,21.981290254610116,20.0,22.0
1829.0,21.788530572467565,21.983704097380592,8.84866411101224,21.0,1,-0.983704097380592,21.983704097380592,20.0,22.0
1830.0,21.790942599175274,21.986117334869586,8.848048096156425,21.0,1,-0.9861173348695864,21.986117334869586,20.0,22.0
1831.0,21.79335402027467,21.988529966968038,8.847430933166416,21.0,1,-0.9885299669680379,21.988529966968038,20.0,22.0
1832.0,21.79576483565725,21.990941993567052,8.846812622877762,21.0,1,-0.990941993567052,21.990941993567052,20.0,22.0
1833.0,21.79817504521469,21.99335341455794,8.846193166127565,21.0,1,-0.9933534145579408,21.99335341455794,20.0,22.0
1834.0,21.800584648838875,21.9957642298322,8.845572563754478,21.0,1,-0.9957642298322007,21.9957642298322,20.0,22.0
1835.0,21.802993646421857,21.99817443928152,8.844950816598711,21.0,1,-0.9981744392815202,21.99817443928152,20.0,22.0
1836.0,21.80540203785589,22.000584042797765,8.844327925502014,21.0,0,-1.0005840427977652,22.000584042797765,20.0,22.0
1837.0,21.80280982303342,22.001993040273003,8.843703891307698,21.0,0,-1.0019930402730033,22.001993040273003,20.0,22.0
1838.0,21.800218001847075,22.002401631599476,8.843078714860608,21.0,0,-1.0024016315994757,22.002401631599476,20.0,22.0
1839.0,21.797626573989678,22.00181001662964,8.842452397007147,21.0,0,-1.0018100166296406,22.00181001662964,20.0,22.0
1840.0,21.79503553915428,22.000218395176127,8.841824938595257,21.0,0,-1.0002183951761268,22.000218395176127,20.0,22.0
1841.0,21.79244489703417,21.997626967011783,8.841196340474426,21.0,0,-0.997626967011783,21.997626967011783,20.0,22.0
1842.0,21.78985464732286,21.99503593186967,8.840566603495684,21.0,0,-0.9950359318696691,21.99503593186967,20.0,22.0
1843.0,21.787264789714094,21.992445289443076,8.839935728511605,21.0,0,-0.9924452894430758,21.992445289443076,20.0,22.0
1844.0,21.784675323901855,21.989855039425507,8.8393037163763,21.0,0,-0.9898550394255068,21.989855039425507,20.0,22.0
1845.0,21.78208624958035,21.98726518151072,8.838670567945424,21.0,0,-0.9872651815107183,21.98726518151072,20.0,22.0
1846.0,21.77949756644402,21.98467571539269,8.838036284076168,21.0,0,-0.9846757153926902,21.98467571539269,20.0,22.0
1847.0,21.77690927418755,21.98208664076563,8.83740086562726,21.0,0,-0.9820866407656297,21.98208664076563,20.0,22.0
1848.0,21.774321372505838,21.97949795732398,8.836764313458962,21.0,0,-0.9794979573239786,21.97949795732398,20.0,22.0
1849.0,21.771733861094027,21.976909664762417,8.836126628433076,21.0,0,-0.9769096647624167,21.976909664762417,20.0,22.0
1850.0,21.769146739647496,21.974321762775848,8.835487811412936,21.0,0,-0.9743217627758476,21.974321762775848,20.0,22.0
1851.0,21.766560007861848,21.97173425105941,8.834847863263407,21.0,0,-0.9717342510594094,21.97173425105941,20.0,22.0
1852.0,21.76397366543293,21.969147129308485,8.834206784850885,21.0,0,-0.9691471293084852,21.969147129308485,20.0,22.0
1853.0,21.761387712056813,21.96656039721868,8.833564577043296,21.0,0,-0.9665603972186787,21.96656039721868,20.0,22.0
1854.0,21.75880214742981,21.96397405448584,8.8329212407101,21.0,0,-0.9639740544858384,21.96397405448584,20.0,22.0
1855.0,21.756216971248467,21.961388100806026,8.832276776722278,21.0,0,-0.9613881008060261,21.961388100806026,20.0,22.0
1856.0,21.75363218320956,21.95880253587557,8.831631185952341,21.0,0,-0.9588025358755701,21.95880253587557,20.0,22.0
1857.0,21.751047783010108,21.956217359391005,8.830984469274329,21.0,0,-0.9562173593910046,21.956217359391005,20.0,22.0
1858.0,21.74846377034736,21.953632571049116,8.830336627563797,21.0,0,-0.9536325710491163,21.953632571049116,20.0,22.0
1859.0,21.745880144918804,21.95104817054692,8.829687661697832,21.0,0,-0.9510481705469189,21.95104817054692,20.0,22.0
1860.0,21.74329690642216,21.948464157581657,8.829037572555041,21.0,0,-0.9484641575816575,21.948464157581657,20.0,22.0
1861.0,21.740714054555387,21.94588053185082,8.828386361015548,21.0,0,-0.9458805318508183,21.94588053185082,20.0,22.0
1862.0,21.738131589016678,21.943297293052133,8.827734027961,21.0,0,-0.9432972930521331,21.943297293052133,20.0,22.0
1863.0,21.735549509504466,21.940714440883557,8.827080574274563,21.0,0,-0.940714440883557,21.940714440883557,20.0,22.0
1864.0,21.73296781571742,21.938131975043284,8.826426000840915,21.0,0,-0.9381319750432837,21.938131975043284,20.0,22.0
1865.0,21.730386507354446,21.935549895229737,8.825770308546254,21.0,0,-0.9355498952297374,21.935549895229737,20.0,22.0
1866.0,21.727805584114684,21.9329682011416,8.825113498278295,21.0,0,-0.9329682011415983,21.9329682011416,20.0,22.0
1867.0,21.725225045697517,21.93038689247777,8.824455570926263,21.0,0,-0.9303868924777703,21.93038689247777,20.0,22.0
1868.0,21.722644891802563,21.927805968937392,8.823796527380896,21.0,0,-0.9278059689373919,21.927805968937392,20.0,22.0
1869.0,21.72006512212968,21.925225430219847,8.823136368534442,21.0,0,-0.9252254302198466,21.925225430219847,20.0,22.0
1870.0,21.71748573637896,21.92264527602475,8.822475095280662,21.0,0,-0.922645276024749,21.92264527602475,20.0,22.0
1871.0,21.714906734250743,21.920065506051962,8.821812708514825,21.0,0,-0.9200655060519622,21.920065506051962,20.0,22.0
1872.0,21.712328115445597,21.91748612000158,8.821149209133704,21.0,0,-0.9174861200015805,21.91748612000158,20.0,22.0
1873.0,21.709749879664336,21.914907117573936,8.820484598035582,21.0,0,-0.9149071175739358,21.914907117573936,20.0,22.0
1874.0,21.70717202660801,21.9123284984696,8.819818876120248,21.0,0,-0.9123284984695985,21.9123284984696,20.0,22.0
1875.0,21.704594555977913,21.90975026238939,8.819152044288991,21.0,0,-0.9097502623893909,21.90975026238939,20.0,22.0
1876.0,21.702017467475574,21.90717240903436,8.818484103444606,21.0,0,-0.9071724090343594,21.90717240903436,20.0,22.0
1877.0,21.69944076080277,21.904594938105795,8.817815054491387,21.0,0,-0.9045949381057952,21.904594938105795,20.0,22.0
1878.0,21.696864435661507,21.90201784930523,8.817144898335128,21.0,0,-0.9020178493052313,21.90201784930523,20.0,22.0
1879.0,21.69428849175404,21.89944114233443,8.816473635883126,21.0,0,-0.8994411423344317,21.89944114233443,20.0,22.0
1880.0,21.691712928782866,21.896864816895423,8.815801268044172,21.0,0,-0.8968648168954232,21.896864816895423,20.0,22.0
1881.0,21.68913774645072,21.89428887269045,8.815127795728554,21.0,0,-0.8942888726904492,21.89428887269045,20.0,22.0
1882.0,21.686562944460576,21.89171330942201,8.814453219848057,21.0,0,-0.8917133094220091,21.89171330942201,20.0,22.0
1883.0,21.683988522515655,21.88913812679284,8.813777541315957,21.0,0,-0.8891381267928402,21.88913812679284,20.0,22.0
1884.0,21.681414480319415,21.886563324505918,8.813100761047028,21.0,0,-0.8865633245059179,21.886563324505918,20.0,22.0
1885.0,21.67884081757556,21.883988902264456,8.812422879957529,21.0,0,-0.8839889022644556,21.883988902264456,20.0,22.0
1886.0,21.676267533988035,21.88141485977192,8.811743898965215,21.0,0,-0.8814148597719189,21.88141485977192,20.0,22.0
1887.0,21.673694629261032,21.87884119673201,8.811063818989327,21.0,0,-0.8788411967320116,21.87884119673201,20.0,22.0
1888.0,21.671122103098977,21.87626791284868,8.810382640950595,21.0,0,-0.8762679128486788,21.87626791284868,20.0,22.0
1889.0,21.668549955206547,21.873695007826104,8.809700365771235,21.0,0,-0.8736950078261039,21.873695007826104,20.0,22.0
1890.0,21.66597818528866,21.871122481368722,8.809016994374947,21.0,0,-0.8711224813687224,21.871122481368722,20.0,22.0
1891.0,21.66340679305048,21.86855033318121,8.80833252768692,21.0,0,-0.8685503331812114,21.86855033318121,20.0,22.0
1892.0,21.66083577819741,21.86597856296849,8.807646966633822,21.0,0,-0.8659785629684897,21.86597856296849,20.0,22.0
1893.0,21.658265140435095,21.863407170435714,8.806960312143802,21.0,0,-0.863407170435714,21.863407170435714,20.0,22.0
1894.0,21.655694879469436,21.860836155288293,8.806272565146491,21.0,0,-0.8608361552882933,21.860836155288293,20.0,22.0
1895.0,21.65312499500657,21.858265517231878,8.805583726573,21.0,0,-0.858265517231878,21.858265517231878,20.0,22.0
1896.0,21.650555486752886,21.855695255972357,8.804893797355914,21.0,0,-0.855695255972357,21.855695255972357,20.0,22.0
1897.0,21.647986354415007,21.853125371215878,8.8042027784293,21.0,0,-0.853125371215878,21.853125371215878,20.0,22.0
1898.0,21.64541759769981,21.850555862668823,8.803510670728695,21.0,0,-0.8505558626688234,21.850555862668823,20.0,22.0
1899.0,21.642849216314417,21.84798673003782,8.802817475191114,21.0,0,-0.847986730037821,21.84798673003782,20.0,22.0
1900.0,21.640281209966194,21.845417973029747,8.802123192755044,21.0,0,-0.8454179730297469,21.845417973029747,20.0,22.0
1901.0,21.637713578362753,21.842849591351722,8.801427824360442,21.0,0,-0.8428495913517224,21.842849591351722,20.0,22.0
1902.0,21.635146321211952,21.840281584711114,8.800731370948734,21.0,0,-0.8402815847111142,21.840281584711114,20.0,22.0
1903.0,21.6325794382219,21.83771395281553,8.80003383346282,21.0,0,-0.8377139528155304,21.83771395281553,20.0,22.0
1904.0,21.630012929100946,21.835146695372835,8.799335212847062,21.0,0,-0.8351466953728348,21.835146695372835,20.0,22.0
1905.0,21.627446793557695,21.832579812091133,8.798635510047292,21.0,0,-0.832579812091133,21.832579812091133,20.0,22.0
1906.0,21.624881031300994,21.830013302678783,8.797934726010809,21.0,0,-0.8300133026787826,21.830013302678783,20.0,22.0
1907.0,21.622315642039936,21.82744716684438,8.79723286168637,21.0,0,-0.8274471668443795,21.82744716684438,20.0,22.0
1908.0,21.619750625483867,21.824881404296775,8.796529918024197,21.0,0,-0.8248814042967751,21.824881404296775,20.0,22.0
1909.0,21.617185981342374,21.82231601474506,8.795825895975975,21.0,0,-0.8223160147450592,21.82231601474506,20.0,22.0
1910.0,21.614621709325302,21.81975099789858,8.795120796494848,21.0,0,-0.8197509978985806,21.81975099789858,20.0,22.0
1911.0,21.612057809142737,21.81718635346693,8.794414620535418,21.0,0,-0.8171863534669299,21.81718635346693,20.0,22.0
1912.0,21.609494280505015,21.814622081159946,8.793707369053745,21.0,0,-0.8146220811599463,21.814622081159946,20.0,22.0
1913.0,21.606931123122724,21.812058180687718,8.792999043007347,21.0,0,-0.8120581806877176,21.812058180687718,20.0,22.0
1914.0,21.604368336706703,21.80949465176058,8.79228964335519,21.0,0,-0.8094946517605806,21.80949465176058,20.0,22.0
1915.0,21.601805920968033,21.80693149408912,8.791579171057704,21.0,0,-0.8069314940891203,21.80693149408912,20.0,22.0
1916.0,21.59924387561805,21.804368707384185,8.79086762707676,21.0,0,-0.8043687073841852,21.804368707384185,20.0,22.0
1917.0,21.596682200368342,21.801806291356847,8.79015501237569,21.0,0,-0.8018062913568471,21.801806291356847,20.0,22.0
1918.0,21.594120894930743,21.799244245718448,8.789441327919269,21.0,0,-0.7992442457184481,21.799244245718448,20.0,22.0
1919.0,21.591559959017342,21.79668257018058,8.788726574673722,21.0,0,-0.7966825701805789,21.79668257018058,20.0,22.0
1920.0,21.588999392340472,21.794121264455065,8.788010753606722,21.0,0,-0.7941212644550646,21.794121264455065,20.0,22.0
1921.0,21.586439194612726,21.791560328254004,8.787293865687387,21.0,0,-0.791560328254004,21.791560328254004,20.0,22.0
1922.0,21.58387936554694,21.788999761289727,8.786575911886278,21.0,0,-0.7889997612897268,21.788999761289727,20.0,22.0
1923.0,21.58131990485621,21.786439563274822,8.785856893175403,21.0,0,-0.786439563274822,21.786439563274822,20.0,22.0
1924.0,21.578760812253872,21.783879733922127,8.785136810528206,21.0,0,-0.7838797339221273,21.783879733922127,20.0,22.0
1925.0,21.576202087453527,21.78132027294474,8.784415664919576,21.0,0,-0.7813202729447397,21.78132027294474,20.0,22.0
1926.0,21.57364373016902,21.778761180055998,8.783693457325839,21.0,0,-0.7787611800559979,21.778761180055998,20.0,22.0
1927.0,21.57108574011445,21.7762024549695,8.782970188724763,21.0,0,-0.7762024549694999,21.7762024549695,20.0,22.0
1928.0,21.568528117004174,21.773644097399092,8.782245860095543,21.0,0,-0.7736440973990923,21.773644097399092,20.0,22.0
1929.0,21.565970860552792,21.77108610705888,8.78152047241882,21.0,0,-0.7710861070588813,21.77108610705888,20.0,22.0
1930.0,21.563413970475164,21.76852848366321,8.78079402667666,21.0,0,-0.7685284836632107,21.76852848366321,20.0,22.0
1931.0,21.560857446486406,21.765971226926684,8.780066523852566,21.0,0,-0.7659712269266841,21.765971226926684,20.0,22.0
1932.0,21.55830128830188,21.76341433656417,8.779337964931473,21.0,0,-0.7634143365641712,21.76341433656417,20.0,22.0
1933.0,21.555745495637208,21.760857812290777,8.778608350899745,21.0,0,-0.7608578122907765,21.760857812290777,20.0,22.0
1934.0,21.55319006820826,21.75830165382187,8.77787768274517,21.0,0,-0.7583016538218708,21.75830165382187,20.0,22.0
1935.0,21.550635005731166,21.75574586087307,8.777145961456972,21.0,0,-0.7557458608730698,21.75574586087307,20.0,22.0
1936.0,21.548080307922312,21.753190433160256,8.776413188025789,21.0,0,-0.7531904331602561,21.753190433160256,20.0,22.0
1937.0,21.545525974498332,21.750635370399543,8.775679363443695,21.0,0,-0.750635370399543,21.750635370399543,20.0,22.0
1938.0,21.54297200517612,21.748080672307328,8.774944488704179,21.0,0,-0.7480806723073279,21.748080672307328,20.0,22.0
1939.0,21.540418399672827,21.74552633860024,8.774208564802159,21.0,0,-0.7455263386002393,21.74552633860024,20.0,22.0
1940.0,21.537865157705852,21.742972368995176,8.773471592733964,21.0,0,-0.7429723689951757,21.742972368995176,20.0,22.0
1941.0,21.53531227899286,21.740418763209284,8.772733573497352,21.0,0,-0.7404187632092842,21.740418763209284,20.0,22.0
1942.0,21.53275976325176,21.73786552095997,8.77199450809149,21.0,0,-0.7378655209599714,21.73786552095997,20.0,22.0
1943.0,21.53020761020073,21.735312641964896,8.77125439751697,21.0,0,-0.7353126419648959,21.735312641964896,20.0,22.0
1944.0,21.52765581955819,21.73276012594197,8.77051324277579,21.0,0,-0.7327601259419687,21.73276012594197,20.0,22.0
1945.0,21.525104391042834,21.730207972609364,8.769771044871367,21.0,0,-0.7302079726093638,21.730207972609364,20.0,22.0
1946.0,21.5225533243736,21.72765618168551,8.769027804808532,21.0,0,-0.7276561816855107,21.72765618168551,20.0,22.0
1947.0,21.520002619269686,21.725104752889095,8.768283523593523,21.0,0,-0.725104752889095,21.725104752889095,20.0,22.0
1948.0,21.51745227545055,21.72255368593906,8.76753820223399,21.0,0,-0.7225536859390616,21.72255368593906,20.0,22.0
1949.0,21.51490229263591,21.720002980554604,8.766791841738986,21.0,0,-0.7200029805546038,21.720002980554604,20.0,22.0
1950.0,21.51235267054573,21.717452636455185,8.766044443118979,21.0,0,-0.7174526364551852,21.717452636455185,20.0,22.0
1951.0,21.509803408900247,21.714902653360518,8.765296007385835,21.0,0,-0.7149026533605181,21.714902653360518,20.0,22.0
1952.0,21.507254507419944,21.712353030990574,8.764546535552832,21.0,0,-0.7123530309905739,21.712353030990574,20.0,22.0
1953.0,21.504705965825572,21.70980376906558,8.763796028634642,21.0,0,-0.7098037690655801,21.70980376906558,20.0,22.0
1954.0,21.502157783838133,21.707254867306023,8.763044487647345,21.0,0,-0.7072548673060233,21.707254867306023,20.0,22.0
1955.0,21.499609961178894,21.704706325432653,8.762291913608419,21.0,0,-0.7047063254326531,21.704706325432653,20.0,22.0
1956.0,21.49706249756938,21.702158143166482,8.761538307536737,21.0,0,-0.7021581431664821,21.702158143166482,20.0,22.0
1957.0,21.494515392731376,21.699610320228764,8.760783670452575,21.0,0,-0.6996103202287642,21.699610320228764,20.0,22.0
1958.0,21.49196864638692,21.697062856341038,8.760028003377602,21.0,0,-0.6970628563410379,21.697062856341038,20.0,22.0
1959.0,21.489422258258315,21.694515751225076,8.759271307334881,21.0,0,-0.6945157512250759,21.694515751225076,20.0,22.0
1960.0,21.48687622806813,21.69196900460292,8.758513583348869,21.0,0,-0.691969004602921,21.69196900460292,20.0,22.0
1961.0,21.484330555539188,21.689422616196882,8.757754832445414,21.0,0,-0.6894226161968824,21.689422616196882,20.0,22.0
1962.0,21.48178524039457,21.68687658572952,8.756995055651757,21.0,0,-0.6868765857295216,21.68687658572952,20.0,22.0
1963.0,21.47924028235762,21.684330912923663,8.756234253996523,21.0,0,-0.684330912923663,21.684330912923663,20.0,22.0
1964.0,21.47669568115195,21.68178559750239,8.755472428509727,21.0,0,-0.6817855975023903,21.68178559750239,20.0,22.0
1965.0,21.47415143650142,21.679240639189047,8.754709580222773,21.0,0,-0.6792406391890466,21.679240639189047,20.0,22.0
1966.0,21.471607548130162,21.676696037707238,8.753945710168443,21.0,0,-0.676696037707238,21.676696037707238,20.0,22.0
1967.0,21.46906401576257,21.67415179278084,8.75318081938091,21.0,0,-0.6741517927808403,21.67415179278084,20.0,22.0
1968.0,21.466520839123294,21.671607904133975,8.752414908895725,21.0,0,-0.6716079041339746,21.671607904133975,20.0,22.0
1969.0,21.463978017937247,21.669064371491032,8.751647979749817,21.0,0,-0.6690643714910323,21.669064371491032,20.0,22.0
1970.0,21.46143555192961,21.666521194576667,8.750880032981499,21.0,0,-0.6665211945766671,21.666521194576667,20.0,22.0
1971.0,21.458893440825822,21.6639783731158,8.75011106963046,21.0,0,-0.6639783731157998,21.6639783731158,20.0,22.0
1972.0,21.45635168435158,21.661435906833603,8.749341090737763,21.0,0,-0.6614359068336029,21.661435906833603,20.0,22.0
1973.0,21.45381028223286,21.65889379545552,8.74857009734585,21.0,0,-0.6588937954555192,21.65889379545552,20.0,22.0
1974.0,21.45126923419588,21.656352038707247,8.747798090498533,21.0,0,-0.6563520387072472,21.656352038707247,20.0,22.0
1975.0,21.448728539967142,21.653810636314752,8.747025071240996,21.0,0,-0.653810636314752,21.653810636314752,20.0,22.0
1976.0,21.446188199273397,21.65126958800427,8.746251040619798,21.0,0,-0.6512695880042685,21.65126958800427,20.0,22.0
1977.0,21.443648211841666,21.648728893502287,8.745475999682862,21.0,0,-0.6487288935022875,21.648728893502287,20.0,22.0
1978.0,21.441108577399234,21.646188552535563,8.744699949479482,21.0,0,-0.6461885525355626,21.646188552535563,20.0,22.0
1979.0,21.43856929567365,21.643648564831118,8.743922891060318,21.0,0,-0.6436485648311177,21.643648564831118,20.0,22.0
1980.0,21.436030366392725,21.641108930116232,8.743144825477394,21.0,0,-0.641108930116232,21.641108930116232,20.0,22.0
1981.0,21.433491789284542,21.638569648118462,8.742365753784098,21.0,0,-0.6385696481184624,21.638569648118462,20.0,22.0
1982.0,21.43095356407744,21.636030718565618,8.74158567703518,21.0,0,-0.6360307185656175,21.636030718565618,20.0,22.0
1983.0,21.42841569050003,21.633492141185776,8.74080459628675,21.0,0,-0.6334921411857763,21.633492141185776,20.0,22.0
1984.0,21.425878168281187,21.630953915707284,8.74002251259628,21.0,0,-0.6309539157072841,21.630953915707284,20.0,22.0
1985.0,21.42334099715005,21.62841604185875,8.739239427022596,21.0,0,-0.628416041858749,21.62841604185875,20.0,22.0
1986.0,21.420804176836025,21.625878519369046,8.738455340625883,21.0,0,-0.6258785193690457,21.625878519369046,20.0,22.0
1987.0,21.418267707068782,21.623341347967315,8.737670254467682,21.0,0,-0.6233413479673153,21.623341347967315,20.0,22.0
1988.0,21.41573158757826,21.62080452738296,8.736884169610883,21.0,0,-0.6208045273829583,21.62080452738296,20.0,22.0
1989.0,21.413195818094668,21.618268057345652,8.736097087119735,21.0,0,-0.6182680573456523,21.618268057345652,20.0,22.0
1990.0,21.410660398348472,21.615731937585338,8.73530900805983,21.0,0,-0.6157319375853376,21.615731937585338,20.0,22.0
1991.0,21.408125328070415,21.61319616783221,8.734519933498111,21.0,0,-0.6131961678322106,21.61319616783221,20.0,22.0
1992.0,21.405590606991503,21.61066074781676,8.733729864502877,21.0,0,-0.6106607478167589,21.61066074781676,20.0,22.0
1993.0,21.403056234843003,21.608125677269705,8.732938802143762,21.0,0,-0.6081256772697046,21.608125677269705,20.0,22.0
1994.0,21.400522211356463,21.60559095592206,8.73214674749175,21.0,0,-0.6055909559220609,21.60559095592206,20.0,22.0
1995.0,21.39798853626369,21.603056583505104,8.73135370161917,21.0,0,-0.6030565835051043,21.603056583505104,20.0,22.0
1996.0,21.39545520929676,21.600522559750377,8.73055966559969,21.0,0,-0.6005225597503774,21.600522559750377,20.0,22.0
1997.0,21.39292223018802,21.597988884389682,8.729764640508321,21.0,0,-0.5979888843896823,21.597988884389682,20.0,22.0
1998.0,21.390389598670083,21.5954555571551,8.728968627421413,21.0,0,-0.5954555571550983,21.5954555571551,20.0,22.0
1999.0,21.387857314475834,21.59292257777897,8.728171627416646,21.0,0,-0.5929225777789711,21.59292257777897,20.0,22.0
2000.0,21.38532537733842,21.59038994599392,8.727373641573049,21.0,0,-0.5903899459939197,21.59038994599392,20.0,22.0
2001.0,21.382793786991268,21.587857661532823,8.726574670970976,21.0,0,-0.5878576615328228,21.587857661532823,20.0,22.0
2002.0,21.380262543168065,21.585325724128833,8.725774716692118,21.0,0,-0.5853257241288325,21.585325724128833,20.0,22.0
2003.0,21.37773164560277,21.582794133515367,8.724973779819498,21.0,0,-0.5827941335153675,21.582794133515367,20.0,22.0
2004.0,21.375201094029613,21.580262889426127,8.724171861437467,21.0,0,-0.5802628894261268,21.580262889426127,20.0,22.0
2005.0,21.372670888183094,21.577731991595062,8.723368962631708,21.0,0,-0.577731991595062,21.577731991595062,20.0,22.0
2006.0,21.370141027797985,21.575201439756405,8.722565084489228,21.0,0,-0.5752014397564054,21.575201439756405,20.0,22.0
2007.0,21.367611512609322,21.572671233644655,8.721760228098363,21.0,0,-0.5726712336446553,21.572671233644655,20.0,22.0
2008.0,21.36508234235242,21.570141372994584,8.72095439454877,21.0,0,-0.5701413729945841,21.570141372994584,20.0,22.0
2009.0,21.36255351676286,21.56761185754123,8.720147584931432,21.0,0,-0.5676118575412303,21.56761185754123,20.0,22.0
2010.0,21.36002503557649,21.565082687019913,8.719339800338652,21.0,0,-0.5650826870199133,21.565082687019913,20.0,22.0
2011.0,21.357496898529444,21.562553861166204,8.718531041864052,21.0,0,-0.5625538611662044,21.562553861166204,20.0,22.0
2012.0,21.354969105358112,21.56002537971596,8.717721310602577,21.0,0,-0.5600253797159596,21.56002537971596,20.0,22.0
2013.0,21.35244165579916,21.55749724240531,8.716910607650483,21.0,0,-0.5574972424053115,21.55749724240531,20.0,22.0
2014.0,21.34991454958953,21.554969448970645,8.716098934105345,21.0,0,-0.5549694489706454,21.554969448970645,20.0,22.0
2015.0,21.347387786466435,21.552441999148638,8.715286291066052,21.0,0,-0.5524419991486376,21.552441999148638,20.0,22.0
2016.0,21.344861366167354,21.54991489267622,8.714472679632804,21.0,0,-0.5499148926762203,21.54991489267622,20.0,22.0
2017.0,21.342335288430046,21.547388129290606,8.713658100907113,21.0,0,-0.5473881292906064,21.547388129290606,20.0,22.0
2018.0,21.33980955299254,21.544861708729286,8.7128425559918,21.0,0,-0.544861708729286,21.544861708729286,20.0,22.0
2019.0,21.337284159593143,21.542335630730005,8.712026045990996,21.0,0,-0.5423356307300047,21.542335630730005,20.0,22.0
2020.0,21.334759107970424,21.539809895030807,8.711208572010138,21.0,0,-0.5398098950308068,21.539809895030807,20.0,22.0
2021.0,21.332234397863232,21.537284501369978,8.710390135155963,21.0,0,-0.5372845013699781,21.537284501369978,20.0,22.0
2022.0,21.32971002901069,21.53475944948611,8.709570736536522,21.0,0,-0.5347594494861099,21.53475944948611,20.0,22.0
2023.0,21.327186001152196,21.53223473911804,8.708750377261156,21.0,0,-0.5322347391180386,21.53223473911804,20.0,22.0
2024.0,21.324662314027417,21.529710370004896,8.707929058440516,21.0,0,-0.5297103700048957,21.529710370004896,20.0,22.0
2025.0,21.3221389673763,21.527186341886072,8.707106781186548,21.0,0,-0.5271863418860718,21.527186341886072,20.0,22.0
2026.0,21.319615960939064,21.52466265450124,8.706283546612495,21.0,0,-0.5246626545012383,21.52466265450124,20.0,22.0
2027.0,21.3170932944562,21.52213930759034,8.7054593558329,21.0,0,-0.52213930759034,21.52213930759034,20.0,22.0
2028.0,21.314570967668477,21.519616300893595,8.704634209963595,21.0,0,-0.5196163008935955,21.519616300893595,20.0,22.0
2029.0,21.312048980316934,21.5170936341515,8.70380811012171,21.0,0,-0.5170936341515002,21.5170936341515,20.0,22.0
2030.0,21.309527332142896,21.514571307104823,8.702981057425662,21.0,0,-0.5145713071048235,21.514571307104823,20.0,22.0
2031.0,21.30700602288795,21.5120493194946,8.702153052995163,21.0,0,-0.5120493194946008,21.5120493194946,20.0,22.0
2032.0,21.304485052293973,21.509527671062152,8.70132409795121,21.0,0,-0.5095276710621519,21.509527671062152,20.0,22.0
2033.0,21.301964420103104,21.507006361549077,8.700494193416088,21.0,0,-0.5070063615490774,21.507006361549077,20.0,22.0
2034.0,21.299444126057768,21.504485390697244,8.699663340513366,21.0,0,-0.5044853906972442,21.504485390697244,20.0,22.0
2035.0,21.29692416990066,21.501964758248796,8.6988315403679,21.0,0,-0.5019647582487963,21.501964758248796,20.0,22.0
2036.0,21.294404551374754,21.49944446394616,8.697998794105827,21.0,0,-0.4994444639461584,21.49944446394616,20.0,22.0
2037.0,21.2918852702233,21.496924507532025,8.697165102854564,21.0,0,-0.4969245075320252,21.496924507532025,20.0,22.0
2038.0,21.28936632618983,21.494404888749372,8.69633046774281,21.0,0,-0.49440488874937216,21.494404888749372,20.0,22.0
2039.0,21.286847719018137,21.491885607341448,8.695494889900537,21.0,0,-0.49188560734144815,21.491885607341448,20.0,22.0
2040.0,21.284329448452315,21.489366663051776,8.694658370458997,21.0,0,-0.4893666630517757,21.489366663051776,20.0,22.0
2041.0,21.281811514236715,21.48684805562417,8.693820910550718,21.0,0,-0.48684805562416855,21.48684805562417,20.0,22.0
2042.0,21.27929391611598,21.484329784802707,8.692982511309497,21.0,0,-0.48432978480270705,21.484329784802707,20.0,22.0
2043.0,21.276776653835018,21.48181185033175,8.692143173870408,21.0,0,-0.48181185033174856,21.48181185033175,20.0,22.0
2044.0,21.274259727139025,21.479294251955928,8.691302899369788,21.0,0,-0.47929425195592756,21.479294251955928,20.0,22.0
2045.0,21.27174313577347,21.47677698942016,8.69046168894525,21.0,0,-0.4767769894201592,21.47677698942016,20.0,22.0
2046.0,21.269226879484105,21.474260062469636,8.68961954373567,21.0,0,-0.4742600624696358,21.474260062469636,20.0,22.0
2047.0,21.266710958016954,21.471743470849834,8.68877646488119,21.0,0,-0.4717434708498338,21.471743470849834,20.0,22.0
2048.0,21.264195371118326,21.469227214306496,8.687932453523219,21.0,0,-0.46922721430649617,21.469227214306496,20.0,22.0
2049.0,21.26168011853481,21.46671129258565,8.687087510804423,21.0,0,-0.46671129258565003,21.46671129258565,20.0,22.0
2050.0,21.259165200013264,21.46419570543361,8.686241637868733,21.0,0,-0.46419570543361033,21.46419570543361,20.0,22.0
2051.0,21.256650615300835,21.46168045259696,8.68539483586134,21.0,0,-0.46168045259695845,21.46168045259696,20.0,22.0
2052.0,21.254136364144948,21.459165533822556,8.684547105928688,21.0,0,-0.4591655338225564,21.459165533822556,20.0,22.0
2053.0,21.251622446293304,21.45665094885755,8.683698449218484,21.0,0,-0.45665094885755053,21.45665094885755,20.0,22.0
2054.0,21.249108861493887,21.454136697449364,8.682848866879683,21.0,0,-0.45413669744936414,21.454136697449364,20.0,22.0
2055.0,21.246595609494964,21.451622779345705,8.681998360062499,21.0,0,-0.45162277934570483,21.451622779345705,20.0,22.0
2056.0,21.244082690045076,21.449109194294554,8.681146929918393,21.0,0,-0.44910919429455376,21.449109194294554,20.0,22.0
2057.0,21.24157010289305,21.446595942044173,8.680294577600078,21.0,0,-0.44659594204417274,21.446595942044173,20.0,22.0
2058.0,21.23905784778799,21.444083022343108,8.679441304261516,21.0,0,-0.4440830223431078,21.444083022343108,20.0,22.0
2059.0,21.236545924479284,21.441570434940186,8.678587111057917,21.0,0,-0.44157043494018566,21.441570434940186,20.0,22.0
2060.0,21.2340343327166,21.439058179584514,8.677731999145733,21.0,0,-0.43905817958451365,21.439058179584514,20.0,22.0
2061.0,21.231523072249885,21.436546256025473,8.67687596968266,21.0,0,-0.4365462560254727,21.436546256025473,20.0,22.0
2062.0,21.229012142829372,21.434034664012735,8.676019023827642,21.0,0,-0.43403466401273505,21.434034664012735,20.0,22.0
2063.0,21.226501544205572,21.431523403296246,8.675161162740856,21.0,0,-0.4315234032962465,21.431523403296246,20.0,22.0
2064.0,21.22399127612928,21.42901247362625,8.674302387583724,21.0,0,-0.4290124736262513,21.42901247362625,20.0,22.0
2065.0,21.22148133835157,21.426501874753246,8.673442699518901,21.0,0,-0.42650187475324586,21.426501874753246,20.0,22.0
2066.0,21.218971730623803,21.42399160642803,8.67258209971028,21.0,0,-0.4239916064280287,21.42399160642803,20.0,22.0
2067.0,21.21646245269762,21.42148166840168,8.671720589322991,21.0,0,-0.4214816684016789,21.42148166840168,20.0,22.0
2068.0,21.213953504324945,21.418972060425556,8.67085816952339,21.0,0,-0.41897206042555624,21.418972060425556,20.0,22.0
2069.0,21.211444885257983,21.4164627822513,8.669994841479074,21.0,0,-0.4164627822513012,21.4164627822513,20.0,22.0
2070.0,21.208936595249227,21.413953833630835,8.66913060635886,21.0,0,-0.4139538336308348,21.413953833630835,20.0,22.0
2071.0,21.20642863405145,21.41144521431636,8.668265465332796,21.0,0,-0.41144521431635894,21.41144521431636,20.0,22.0
2072.0,21.203921001417704,21.408936924060377,8.66739941957216,21.0,0,-0.4089369240603773,21.408936924060377,20.0,22.0
2073.0,21.201413697101334,21.40642896261565,8.666532470249452,21.0,0,-0.4064289626156494,21.40642896261565,20.0,22.0
2074.0,21.198906720855963,21.403921329735248,8.665664618538397,21.0,0,-0.4039213297352475,21.403921329735248,20.0,22.0
2075.0,21.196400072435498,21.4014140251725,8.664795865613938,21.0,0,-0.4014140251724996,21.4014140251725,20.0,22.0
2076.0,21.193893751594135,21.398907048681036,8.663926212652242,21.0,0,-0.39890704868103555,21.398907048681036,20.0,22.0
2077.0,21.191387758086346,21.396400400014766,8.663055660830691,21.0,0,-0.39640040001476606,21.396400400014766,20.0,22.0
2078.0,21.188882091666894,21.39389407892788,8.66218421132789,21.0,0,-0.39389407892787887,21.39389407892788,20.0,22.0
2079.0,21.186376752090826,21.39138808517485,8.661311865323652,21.0,0,-0.39138808517484946,21.39138808517485,20.0,22.0
2080.0,21.183871739113474,21.38888241851044,8.660438623999008,21.0,0,-0.38888241851044114,21.38888241851044,20.0,22.0
2081.0,21.18136705249045,21.38637707868971,8.6595644885362,21.0,0,-0.3863770786897085,21.38637707868971,20.0,22.0
2082.0,21.17886269197766,21.383872065467973,8.65868946011868,21.0,0,-0.3838720654679726,21.383872065467973,20.0,22.0
2083.0,21.17635865733129,21.38136737860085,8.657813539931112,21.0,0,-0.38136737860084935,21.38136737860085,20.0,22.0
2084.0,21.17385494830781,21.378863017844246,8.656936729159362,21.0,0,-0.37886301784424603,21.378863017844246,20.0,22.0
2085.0,21.17135156466398,21.376358982954347,8.656059028990507,21.0,0,-0.376358982954347,21.376358982954347,20.0,22.0
2086.0,21.168848506156845,21.373855273687628,8.655180440612826,21.0,0,-0.37385527368762794,21.373855273687628,20.0,22.0
2087.0,21.166345772543735,21.37135188980084,8.654300965215796,21.0,0,-0.37135188980084166,21.37135188980084,20.0,22.0
2088.0,21.16384336358227,21.368848831051036,8.653420603990106,21.0,0,-0.36884883105103583,21.368848831051036,20.0,22.0
2089.0,21.161341279030353,21.366346097195542,8.652539358127632,21.0,0,-0.36634609719554234,21.366346097195542,20.0,22.0
2090.0,21.15883951864617,21.36384368799198,8.651657228821456,21.0,0,-0.36384368799198086,21.36384368799198,20.0,22.0
2091.0,21.156338082188206,21.36134160319825,8.650774217265852,21.0,0,-0.3613416031982517,21.36134160319825,20.0,22.0
2092.0,21.15383696941522,21.35883984257255,8.649890324656289,21.0,0,-0.3588398425725501,21.35883984257255,20.0,22.0
2093.0,21.15133618008627,21.356338405873352,8.649005552189431,21.0,0,-0.35633840587335186,21.356338405873352,20.0,22.0
2094.0,21.14883571396069,21.353837292859417,8.648119901063131,21.0,0,-0.3538372928594171,21.353837292859417,20.0,22.0
2095.0,21.14633557079811,21.351336503289804,8.647233372476432,21.0,0,-0.35133650328980437,21.351336503289804,20.0,22.0
2096.0,21.14383575035845,21.34883603692385,8.646345967629566,21.0,0,-0.34883603692384924,21.34883603692385,20.0,22.0
2097.0,21.141336252401903,21.34633589352119,8.645457687723951,21.0,0,-0.3463358935211893,21.34633589352119,20.0,22.0
2098.0,21.13883707668897,21.343836072841732,8.644568533962186,21.0,0,-0.34383607284173223,21.343836072841732,20.0,22.0
2099.0,21.136338222980424,21.34133657464568,8.643678507548062,21.0,0,-0.34133657464568046,21.34133657464568,20.0,22.0
2100.0,21.133839691037338,21.33883739869352,8.64278760968654,21.0,0,-0.3388373986935207,21.33883739869352,20.0,22.0
2101.0,21.131341480621067,21.336338544746045,8.641895841583768,21.0,0,-0.3363385447460452,21.336338544746045,20.0,22.0
2102.0,21.12884359149326,21.333840012564316,8.641003204447074,21.0,0,-0.33384001256431617,21.333840012564316,20.0,22.0
2103.0,21.126346023415852,21.33134180190969,8.640109699484956,21.0,0,-0.33134180190969076,21.33134180190969,20.0,22.0
2104.0,21.123848776151068,21.328843912543817,8.63921532790709,21.0,0,-0.3288439125438174,21.328843912543817,20.0,22.0
2105.0,21.12135184946142,21.326346344228632,8.638320090924328,21.0,0,-0.3263463442286323,21.326346344228632,20.0,22.0
2106.0,21.11885524310971,21.323849096726363,8.63742398974869,21.0,0,-0.323849096726363,21.323849096726363,20.0,22.0
2107.0,21.116358956859038,21.321352169799518,8.636527025593367,21.0,0,-0.32135216979951764,21.321352169799518,20.0,22.0
2108.0,21.113862990472786,21.318855563210906,8.635629199672717,21.0,0,-0.31885556321090647,21.318855563210906,20.0,22.0
2109.0,21.111367343714626,21.316359276723617,8.634730513202268,21.0,0,-0.31635927672361674,21.316359276723617,20.0,22.0
2110.0,21.108872016348524,21.313863310101038,8.63383096739871,21.0,0,-0.31386331010103774,21.313863310101038,20.0,22.0
2111.0,21.106377008138733,21.311367663106843,8.6329305634799,21.0,0,-0.31136766310684294,21.311367663106843,20.0,22.0
2112.0,21.103882318849802,21.308872335504994,8.63202930266485,21.0,0,-0.3088723355049936,21.308872335504994,20.0,22.0
2113.0,21.101387948246565,21.30637732705975,8.631127186173742,21.0,0,-0.3063773270597494,21.30637732705975,20.0,22.0
2114.0,21.09889389609415,21.303882637535654,8.630224215227907,21.0,0,-0.30388263753565425,21.303882637535654,20.0,22.0
2115.0,21.096400162157977,21.301388266697547,8.629320391049838,21.0,0,-0.3013882666975469,21.301388266697547,20.0,22.0
2116.0,21.093906746203753,21.298894214310554,8.62841571486318,21.0,0,-0.29889421431055396,21.298894214310554,20.0,22.0
2117.0,21.091413647997484,21.29640048014009,8.627510187892739,21.0,0,-0.2964004801400897,21.29640048014009,20.0,22.0
2118.0,21.088920867305465,21.29390706395187,8.626603811364461,21.0,0,-0.2939070639518704,21.29390706395187,20.0,22.0
2119.0,21.086428403894278,21.291413965511897,8.625696586505452,21.0,0,-0.2914139655118966,21.291413965511897,20.0,22.0
2120.0,21.0839362575308,21.28892118458646,8.62478851454396,21.0,0,-0.2889211845864601,21.28892118458646,20.0,22.0
2121.0,21.081444427982206,21.286428720942148,8.623879596709386,21.0,0,-0.28642872094214766,21.286428720942148,20.0,22.0
2122.0,21.07895291501595,21.28393657434584,8.622969834232272,21.0,0,-0.28393657434584085,21.28393657434584,20.0,22.0
2123.0,21.076461718399795,21.281444744564705,8.622059228344304,21.0,0,-0.2814447445647055,21.281444744564705,20.0,22.0
2124.0,21.073970837901783,21.27895323136621,8.62114778027831,21.0,0,-0.2789532313662093,21.27895323136621,20.0,22.0
2125.0,21.07148027329026,21.2764620345181,8.62023549126826,21.0,0,-0.2764620345181008,21.2764620345181,20.0,22.0
2126.0,21.068990024333853,21.27397115378843,8.61932236254926,21.0,0,-0.2739711537884304,21.27397115378843,20.0,22.0
2127.0,21.066500090801497,21.27148058894554,8.618408395357555,21.0,0,-0.27148058894553984,21.27148058894554,20.0,22.0
2128.0,21.06401047246241,21.268990339758062,8.617493590930522,21.0,0,-0.2689903397580622,21.268990339758062,20.0,22.0
2129.0,21.061521169086102,21.266500405994925,8.616577950506674,21.0,0,-0.2665004059949254,21.266500405994925,20.0,22.0
2130.0,21.059032180442387,21.264010787425356,8.615661475325659,21.0,0,-0.2640107874253559,21.264010787425356,20.0,22.0
2131.0,21.056543506301363,21.26152148381886,8.614744166628247,21.0,0,-0.26152148381886064,21.26152148381886,20.0,22.0
2132.0,21.054055146433427,21.259032494945245,8.613826025656342,21.0,0,-0.25903249494524516,21.259032494945245,20.0,22.0
2133.0,21.051567100609272,21.256543820574613,8.612907053652977,21.0,0,-0.25654382057461333,21.256543820574613,20.0,22.0
2134.0,21.04907936859988,21.25405546047737,8.611987251862303,21.0,0,-0.25405546047737104,21.25405546047737,20.0,22.0
2135.0,21.046591950176534,21.2515674144242,8.6110666215296,21.0,0,-0.2515674144242013,21.2515674144242,20.0,22.0
2136.0,21.044104845110805,21.24907968218609,8.610145163901267,21.0,0,-0.249079682186089,21.24907968218609,20.0,22.0
2137.0,21.041618053174563,21.246592263534318,8.609222880224827,21.0,0,-0.24659226353431762,21.246592263534318,20.0,22.0
2138.0,21.039131574139972,21.244105158240455,8.608299771748914,21.0,0,-0.24410515824045476,21.244105158240455,20.0,22.0
2139.0,21.036645407779496,21.241618366076377,8.607375839723286,21.0,0,-0.2416183660763771,21.241618366076377,20.0,22.0
2140.0,21.034159553865884,21.239131886814246,8.606451085398813,21.0,0,-0.23913188681424558,21.239131886814246,20.0,22.0
2141.0,21.03167401217219,21.236645720226523,8.605525510027478,21.0,0,-0.23664572022652308,21.236645720226523,20.0,22.0
2142.0,21.02918878247176,21.234159866085964,8.604599114862374,21.0,0,-0.23415986608596384,21.234159866085964,20.0,22.0
2143.0,21.026703864538238,21.231674324165617,8.603671901157709,21.0,0,-0.23167432416561695,21.231674324165617,20.0,22.0
2144.0,21.02421925814556,21.22918909423883,8.602743870168794,21.0,0,-0.22918909423882994,21.22918909423883,20.0,22.0
2145.0,21.021734963067964,21.226704176079245,8.601815023152048,21.0,0,-0.2267041760792452,21.226704176079245,20.0,22.0
2146.0,21.01925097907998,21.224219569460804,8.600885361364996,21.0,0,-0.22421956946080357,21.224219569460804,20.0,22.0
2147.0,21.01676730595644,21.221735274157737,8.599954886066266,21.0,0,-0.2217352741577372,21.221735274157737,20.0,22.0
2148.0,21.01428394347246,21.21925128994458,8.599023598515586,21.0,0,-0.2192512899445802,21.21925128994458,20.0,22.0
2149.0,21.011800891403468,21.21676761659616,8.598091499973783,21.0,0,-0.21676761659616162,21.21676761659616,20.0,22.0
2150.0,21.009318149525182,21.214284253887605,8.597158591702787,21.0,0,-0.2142842538876053,21.214284253887605,20.0,22.0
2151.0,21.00683571761362,21.211801201594334,8.596224874965616,21.0,0,-0.21180120159433358,21.211801201594334,20.0,22.0
2152.0,21.00435359544509,21.209318459492064,8.59529035102639,21.0,0,-0.20931845949206362,21.209318459492064,20.0,22.0
2153.0,21.001871782796204,21.206836027356815,8.594355021150317,21.0,0,-0.2068360273568146,21.206836027356815,20.0,22.0
2154.0,20.999390279443876,21.204353904964897,8.593418886603702,21.0,0,-0.20435390496489703,21.204353904964897,20.0,22.0
2155.0,20.996909085165306,21.20187209209292,8.59248194865393,21.0,0,-0.20187209209291979,21.20187209209292,20.0,22.0
2156.0,20.994428199738003,21.199390588517794,8.591544208569484,21.0,0,-0.1993905885177938,21.199390588517794,20.0,22.0
2157.0,20.99194762293977,21.196909394016732,8.590605667619926,21.0,0,-0.1969093940167319,21.196909394016732,20.0,22.0
2158.0,20.989467354548704,21.19442850836723,8.589666327075903,21.0,0,-0.19442850836723125,21.19442850836723,20.0,22.0
2159.0,20.98698739434321,21.191947931347098,8.588726188209149,21.0,0,-0.19194793134709798,21.191947931347098,20.0,22.0
2160.0,20.984507742101982,21.189467662734437,8.587785252292473,21.0,0,-0.18946766273443671,21.189467662734437,20.0,22.0
2161.0,20.98202839760402,21.18698770230764,8.586843520599768,21.0,0,-0.18698770230763984,21.18698770230764,20.0,22.0
2162.0,20.979549360628617,21.18450804984541,8.585900994406,21.0,0,-0.1845080498454088,21.18450804984541,20.0,22.0
2163.0,20.97707063095537,21.182028705126744,8.584957674987216,21.0,0,-0.18202870512674352,21.182028705126744,20.0,22.0
2164.0,20.97459220836418,21.179549667930935,8.58401356362053,21.0,0,-0.1795496679309352,21.179549667930935,20.0,22.0
2165.0,20.97211409263523,21.177070938037584,8.583068661584134,21.0,0,-0.1770709380375841,21.177070938037584,20.0,22.0
2166.0,20.969636283549022,21.174592515226585,8.58212297015729,21.0,0,-0.17459251522658548,21.174592515226585,20.0,22.0
2167.0,20.967158780886344,21.172114399278133,8.581176490620324,21.0,0,-0.17211439927813288,21.172114399278133,20.0,22.0
2168.0,20.96468158442829,21.16963658997272,8.580229224254634,21.0,0,-0.16963658997271835,21.16963658997272,20.0,22.0
2169.0,20.962204693956256,21.167159087091132,8.579281172342679,21.0,0,-0.16715908709113236,21.167159087091132,20.0,22.0
2170.0,20.959728109251934,21.164681890414474,8.578332336167986,21.0,0,-0.16468189041447445,21.164681890414474,20.0,22.0
2171.0,20.957251830097317,21.162204999724132,8.577382717015142,21.0,0,-0.16220499972413194,21.162204999724132,20.0,22.0
2172.0,20.9547758562747,21.1597284148018,8.576432316169793,21.0,0,-0.15972841480180122,21.1597284148018,20.0,22.0
2173.0,20.952300187566678,21.15725213542948,8.575481134918643,21.0,0,-0.1572521354294807,21.15725213542948,20.0,22.0
2174.0,20.94982482375615,21.154776161389456,8.574529174549456,21.0,0,-0.1547761613894565,21.154776161389456,20.0,22.0
2175.0,20.947349764626306,21.152300492464335,8.573576436351045,21.0,0,-0.15230049246433452,21.152300492464335,20.0,22.0
2176.0,20.94487500996065,21.149825128436998,8.572622921613283,21.0,0,-0.1498251284369978,21.149825128436998,20.0,22.0
2177.0,20.942400559542982,21.147350069090656,8.57166863162709,21.0,0,-0.14735006909065618,21.147350069090656,20.0,22.0
2178.0,20.939926413157398,21.144875314208797,8.570713567684432,21.0,0,-0.14487531420879662,21.144875314208797,20.0,22.0
2179.0,20.937452570588302,21.142400863575226,8.569757731078331,21.0,0,-0.14240086357522586,21.142400863575226,20.0,22.0
2180.0,20.9349790316204,21.13992671697405,8.568801123102851,21.0,0,-0.13992671697404901,21.13992671697405,20.0,22.0
2181.0,20.932505796038697,21.13745287418966,8.567843745053102,21.0,0,-0.137452874189659,21.13745287418966,20.0,22.0
2182.0,20.9300328636285,21.134979335006765,8.56688559822523,21.0,0,-0.13497933500676496,21.134979335006765,20.0,22.0
2183.0,20.92756023417542,21.132506099210367,8.565926683916434,21.0,0,-0.13250609921036727,21.132506099210367,20.0,22.0
2184.0,20.925087907465368,21.130033166585783,8.564967003424938,21.0,0,-0.13003316658578257,21.130033166585783,20.0,22.0
2185.0,20.92261588328456,21.127560536918615,8.564006558050014,21.0,0,-0.12756053691861524,21.127560536918615,20.0,22.0
2186.0,20.920144161419515,21.12508820999478,8.563045349091967,21.0,0,-0.12508820999477877,21.12508820999478,20.0,22.0
2187.0,20.91767274165705,21.122616185600485,8.562083377852131,21.0,0,-0.12261618560048504,21.122616185600485,20.0,22.0
2188.0,20.915201623784288,21.12014446352226,8.561120645632878,21.0,0,-0.1201444635222586,21.12014446352226,20.0,22.0
2189.0,20.91273080758866,21.11767304354692,8.560157153737608,21.0,0,-0.11767304354691888,21.11767304354692,20.0,22.0
2190.0,20.91026029285789,21.115201925461584,8.559192903470747,21.0,0,-0.1152019254615837,21.115201925461584,20.0,22.0
2191.0,20.90779007938001,21.11273110905368,8.558227896137753,21.0,0,-0.11273110905368,21.11273110905368,20.0,22.0
2192.0,20.905320166943362,21.110260594110944,8.557262133045104,21.0,0,-0.1102605941109438,21.110260594110944,20.0,22.0
2193.0,20.90285055533658,21.107790380421402,8.556295615500305,21.0,0,-0.10779038042140243,21.107790380421402,20.0,22.0
2194.0,20.900381244348615,21.105320467773392,8.55532834481188,21.0,0,-0.10532046777339232,21.105320467773392,20.0,22.0
2195.0,20.897912233768707,21.10285085595556,8.554360322289371,21.0,0,-0.10285085595555898,21.10285085595556,20.0,22.0
2196.0,20.89544352338641,21.100381544756836,8.553391549243344,21.0,0,-0.1003815447568357,21.100381544756836,20.0,22.0
2197.0,20.892975112991582,21.097912533966483,8.552422026985376,21.0,0,-0.09791253396648258,21.097912533966483,20.0,22.0
2198.0,20.89050700237438,21.09544382337404,8.551451756828056,21.0,0,-0.09544382337404045,21.09544382337404,20.0,22.0
2199.0,20.888039191325273,21.09297541276937,8.550480740084996,21.0,0,-0.09297541276936983,21.09297541276937,20.0,22.0
2200.0,20.885571679635024,21.090507301942633,8.549508978070806,21.0,0,-0.09050730194263323,21.090507301942633,20.0,22.0
2201.0,20.88310446709471,21.088039490684295,8.548536472101114,21.0,0,-0.08803949068429517,21.088039490684295,20.0,22.0
2202.0,20.880637553495713,21.085571978785122,8.547563223492551,21.0,0,-0.08557197878512213,21.085571978785122,20.0,22.0
2203.0,20.87817093862971,21.08310476603619,8.546589233562754,21.0,0,-0.08310476603618966,21.08310476603619,20.0,22.0
2204.0,20.875704622288698,21.080637852228875,8.545614503630365,21.0,0,-0.08063785222887532,21.080637852228875,20.0,22.0
2205.0,20.873238604264966,21.078171237154862,8.544639035015027,21.0,0,-0.07817123715486218,21.078171237154862,20.0,22.0
2206.0,20.870772884351116,21.075704920606142,8.543662829037384,21.0,0,-0.07570492060614242,21.075704920606142,20.0,22.0
2207.0,20.868307462340052,21.07323890237501,8.542685887019076,21.0,0,-0.07323890237501018,21.07323890237501,20.0,22.0
2208.0,20.865842338024986,21.070773182254065,8.54170821028274,21.0,0,-0.07077318225406515,21.070773182254065,20.0,22.0
2209.0,20.863377511199438,21.068307760036213,8.540729800152011,21.0,0,-0.06830776003621253,21.068307760036213,20.0,22.0
2210.0,20.86091298165723,21.065842635514667,8.539750657951513,21.0,0,-0.06584263551466663,21.065842635514667,20.0,22.0
2211.0,20.858448749192487,21.06337780848294,8.538770785006863,21.0,0,-0.06337780848294017,21.06337780848294,20.0,22.0
2212.0,20.85598481359965,21.06091327873486,8.537790182644667,21.0,0,-0.06091327873485852,21.06091327873486,20.0,22.0
2213.0,20.85352117467346,21.058449046064556,8.536808852192518,21.0,0,-0.05844904606455614,21.058449046064556,20.0,22.0
2214.0,20.851057832208966,21.055985110266462,8.535826794978997,21.0,0,-0.05598511026646236,21.055985110266462,20.0,22.0
2215.0,20.84859478600152,21.05352147113532,8.534844012333664,21.0,0,-0.05352147113531913,21.05352147113532,20.0,22.0
2216.0,20.846132035846786,21.051058128466178,8.533860505587068,21.0,0,-0.05105812846617752,21.051058128466178,20.0,22.0
2217.0,20.843669581540734,21.048595082054398,8.53287627607073,21.0,0,-0.048595082054397665,21.048595082054398,20.0,22.0
2218.0,20.84120742287964,21.04613233169563,8.531891325117158,21.0,0,-0.046132331695631024,21.04613233169563,20.0,22.0
2219.0,20.83874555966009,21.043669877185856,8.530905654059831,21.0,0,-0.04366987718585591,21.043669877185856,20.0,22.0
2220.0,20.83628399167897,21.041207718321346,8.529919264233206,21.0,0,-0.04120771832134551,21.041207718321346,20.0,22.0
2221.0,20.833822718733483,21.038745854898686,8.52893215697271,21.0,0,-0.03874585489868565,21.038745854898686,20.0,22.0
2222.0,20.83136174062113,21.036284286714768,8.527944333614743,21.0,0,-0.03628428671476769,21.036284286714768,20.0,22.0
2223.0,20.828901057139728,21.033823013566785,8.526955795496677,21.0,0,-0.033823013566784965,21.033823013566785,20.0,22.0
2224.0,20.8264406680874,21.03136203525225,8.525966543956848,21.0,0,-0.031362035252250564,21.03136203525225,20.0,22.0
2225.0,20.823980573262574,21.02890135156897,8.52497658033456,21.0,0,-0.02890135156896889,21.02890135156897,20.0,22.0
2226.0,20.821520772463987,21.02644096231507,8.523985905970079,21.0,0,-0.026440962315071204,21.02644096231507,20.0,22.0
2227.0,20.81906126549069,21.02398086728898,8.522994522204636,21.0,0,-0.02398086728898008,21.02398086728898,20.0,22.0
2228.0,20.81660205214203,21.021521066289445,8.522002430380418,21.0,0,-0.021521066289444946,21.021521066289445,20.0,22.0
2229.0,20.81414313221768,21.0190615591155,8.521009631840577,21.0,0,-0.01906155911549945,21.0190615591155,20.0,22.0
2230.0,20.811684505517604,21.016602345566504,8.520016127929216,21.0,0,-0.016602345566504084,21.016602345566504,20.0,22.0
2231.0,20.809226171842088,21.014143425442125,8.519021919991395,21.0,0,-0.01414342544212488,21.014143425442125,20.0,22.0
2232.0,20.806768130991717,21.01168479854233,8.51802700937313,21.0,0,-0.011684798542329844,21.01168479854233,20.0,22.0
2233.0,20.804310382767394,21.0092264646674,8.517031397421384,21.0,0,-0.009226464667399625,21.0092264646674,20.0,22.0
2234.0,20.801852926970323,21.00676842361793,8.516035085484072,21.0,0,-0.006768423617931063,21.00676842361793,20.0,22.0
2235.0,20.799395763402025,21.004310675194812,8.515038074910054,21.0,0,-0.004310675194812319,21.004310675194812,20.0,22.0
2236.0,20.796938891864325,21.00185321919926,8.514040367049141,21.0,0,-0.0018532191992584046,21.00185321919926,20.0,22.0
2237.0,20.794482312159364,20.99939605543279,8.513041963252082,21.0,0,0.0006039445672101351,20.99939605543279,20.0,22.0
2238.0,20.792026024089584,20.996939183697226,8.51204286487057,21.0,0,0.0030608163027743274,20.996939183697226,20.0,22.0
2239.0,20.78957002745774,20.99448260379471,8.511043073257245,21.0,0,0.00551739620528835,20.99448260379471,20.0,22.0
2240.0,20.7871143220669,20.99202631552769,8.510042589765675,21.0,0,0.007973684472311504,20.99202631552769,20.0,22.0
2241.0,20.784658907720438,20.989570318698913,8.50904141575037,21.0,0,0.010429681301086902,20.989570318698913,20.0,22.0
2242.0,20.782203784222045,20.987114613111448,8.508039552566778,21.0,0,0.01288538688855212,20.987114613111448,20.0,22.0
2243.0,20.779748951375712,20.98465919856867,8.507037001571273,21.0,0,0.015340801431328543,20.98465919856867,20.0,22.0
2244.0,20.77729440898575,20.98220407487427,8.506033764121163,21.0,0,0.017795925125728473,20.98220407487427,20.0,22.0
2245.0,20.774840156856776,20.979749241832245,8.50502984157469,21.0,0,0.020250758167755123,20.979749241832245,20.0,22.0
2246.0,20.772386194793718,20.977294699246904,8.504025235291017,21.0,0,0.022705300753095514,20.977294699246904,20.0,22.0
2247.0,20.769932522601817,20.97484044692286,8.503019946630236,21.0,0,0.02515955307713824,20.97484044692286,20.0,22.0
2248.0,20.76747914008662,20.972386484665044,8.50201397695336,21.0,0,0.027613515334955707,20.972386484665044,20.0,22.0
2249.0,20.765026047053993,20.969932812278692,8.501007327622329,21.0,0,0.030067187721307675,20.969932812278692,20.0,22.0
2250.0,20.762573243310108,20.96747942956936,8.5,21.0,0,0.03252057043064127,20.96747942956936,20.0,22.0
2251.0,20.760120728661445,20.965026336342905,8.498991995450147,21.0,0,0.034973663657094534,20.965026336342905,20.0,22.0
2252.0,20.757668502914804,20.962573532405504,8.497983315337464,21.0,0,0.037426467594496415,20.962573532405504,20.0,22.0
2253.0,20.755216565877287,20.960121017563637,8.496973961027555,21.0,0,0.03987898243636323,20.960121017563637,20.0,22.0
2254.0,20.752764917356316,20.9576687916241,8.495963933886943,21.0,0,0.042331208375898655,20.9576687916241,20.0,22.0
2255.0,20.750313557159622,20.955216854394003,8.494953235283054,21.0,0,0.04478314560599728,20.955216854394003,20.0,22.0
2256.0,20.747862485095247,20.952765205680766,8.493941866584231,21.0,0,0.04723479431923394,20.952765205680766,20.0,22.0
2257.0,20.745411700971545,20.950313845292115,8.492929829159719,21.0,0,0.049686154707885066,20.950313845292115,20.0,22.0
2258.0,20.742961204597183,20.947862773036093,8.49191712437967,21.0,0,0.052137226963907324,20.947862773036093,20.0,22.0
2259.0,20.74051099578114,20.945411988721055,8.490903753615141,21.0,0,0.05458801127894475,20.945411988721055,20.0,22.0
2260.0,20.738061074332705,20.942961492155675,8.489889718238087,21.0,0,0.05703850784432518,20.942961492155675,20.0,22.0
2261.0,20.735611440061486,20.940511283148926,8.488875019621366,21.0,0,0.059488716851074486,20.940511283148926,20.0,22.0
2262.0,20.7331620927774,20.938061361510094,8.487859659138733,21.0,0,0.061938638489905884,20.938061361510094,20.0,22.0
2263.0,20.73071303229067,20.93561172704879,8.486843638164839,21.0,0,0.0643882729512093,20.93561172704879,20.0,22.0
2264.0,20.728264258411844,20.93316237957493,8.485826958075227,21.0,0,0.06683762042506913,20.93316237957493,20.0,22.0
2265.0,20.725815770951776,20.930713318898746,8.484809620246336,21.0,0,0.06928668110125358,20.930713318898746,20.0,22.0
2266.0,20.723367569721635,20.928264544830775,8.483791626055496,21.0,0,0.0717354551692253,20.928264544830775,20.0,22.0
2267.0,20.720919654532903,20.925816057181873,8.482772976880922,21.0,0,0.07418394281812724,20.925816057181873,20.0,22.0
2268.0,20.71847202519737,20.923367855763214,8.481753674101714,21.0,0,0.0766321442367861,20.923367855763214,20.0,22.0
2269.0,20.716024681527152,20.920919940386277,8.480733719097866,21.0,0,0.07908005961372311,20.920919940386277,20.0,22.0
2270.0,20.713577623334665,20.918472310862853,8.479713113250247,21.0,0,0.08152768913714681,20.918472310862853,20.0,22.0
2271.0,20.71113085043265,20.916024967005054,8.478691857940607,21.0,0,0.08397503299494602,20.916024967005054,20.0,22.0
2272.0,20.708684362634152,20.913577908625303,8.47766995455158,21.0,0,0.08642209137469692,20.913577908625303,20.0,22.0
2273.0,20.706238159752534,20.911131135536333,8.476647404466675,21.0,0,0.0888688644636666,20.911131135536333,20.0,22.0
2274.0,20.703792241601477,20.9086846475512,8.475624209070276,21.0,0,0.09131535244879885,20.9086846475512,20.0,22.0
2275.0,20.70134660799497,20.90623844448326,8.474600369747641,21.0,0,0.09376155551673904,20.90623844448326,20.0,22.0
2276.0,20.69890125874732,20.903792526146198,8.4735758878849,21.0,0,0.09620747385380213,20.903792526146198,20.0,22.0
2277.0,20.696456193673146,20.901346892353995,8.472550764869053,21.0,0,0.09865310764600466,20.901346892353995,20.0,22.0
2278.0,20.694011412587386,20.898901542920967,8.47152500208797,21.0,0,0.10109845707903276,20.898901542920967,20.0,22.0
2279.0,20.691566915305287,20.89645647766173,8.470498600930384,21.0,0,0.10354352233827058,20.89645647766173,20.0,22.0
2280.0,20.68912270164241,20.894011696391217,8.469471562785891,21.0,0,0.10598830360878253,20.894011696391217,20.0,22.0
2281.0,20.68667877141464,20.891567198924683,8.468443889044954,21.0,0,0.10843280107531683,20.891567198924683,20.0,22.0
2282.0,20.684235124438167,20.889122985077684,8.467415581098894,21.0,0,0.11087701492231616,20.889122985077684,20.0,22.0
2283.0,20.6817917605295,20.886679054666107,8.466386640339891,21.0,0,0.11332094533389281,20.886679054666107,20.0,22.0
2284.0,20.679348679505463,20.884235407506143,8.465357068160982,21.0,0,0.11576459249385707,20.884235407506143,20.0,22.0
2285.0,20.676905881183195,20.8817920434143,8.464326865956057,21.0,0,0.11820795658569949,20.8817920434143,20.0,22.0
2286.0,20.67446336538015,20.879348962207402,8.463296035119862,21.0,0,0.120651037792598,20.879348962207402,20.0,22.0
2287.0,20.672021131914097,20.87690616370259,8.462264577047991,21.0,0,0.12309383629741077,20.87690616370259,20.0,22.0
2288.0,20.669579180603122,20.874463647717313,8.46123249313689,21.0,0,0.1255363522826869,20.874463647717313,20.0,22.0
2289.0,20.66713751126563,20.872021414069348,8.460199784783851,21.0,0,0.12797858593065214,20.872021414069348,20.0,22.0
2290.0,20.664696123720333,20.869579462576777,8.459166453387011,21.0,0,0.13042053742322324,20.869579462576777,20.0,22.0
2291.0,20.662255017786265,20.867137793058,8.458132500345352,21.0,0,0.13286220694200068,20.867137793058,20.0,22.0
2292.0,20.659814193282777,20.864696405331735,8.457097927058694,21.0,0,0.13530359466826525,20.864696405331735,20.0,22.0
2293.0,20.657373650029534,20.86225529921702,8.456062734927702,21.0,0,0.1377447007829815,20.86225529921702,20.0,22.0
2294.0,20.654933387846512,20.859814474533195,8.455026925353874,21.0,0,0.14018552546680496,20.859814474533195,20.0,22.0
2295.0,20.652493406554015,20.857373931099932,8.453990499739547,21.0,0,0.1426260689000678,20.857373931099932,20.0,22.0
2296.0,20.650053705972653,20.85493366873721,8.45295345948789,21.0,0,0.14506633126278956,20.85493366873721,20.0,22.0
2297.0,20.647614285923357,20.852493687265326,8.451915806002908,21.0,0,0.14750631273467363,20.852493687265326,20.0,22.0
2298.0,20.645175146227373,20.850053986504896,8.450877540689431,21.0,0,0.1499460134951036,20.850053986504896,20.0,22.0
2299.0,20.642736286706267,20.847614566276846,8.44983866495312,21.0,0,0.15238543372315405,20.847614566276846,20.0,22.0
2300.0,20.640297707181915,20.845175426402427,8.448799180200462,21.0,0,0.15482457359757262,20.845175426402427,20.0,22.0
2301.0,20.63785940747652,20.8427365667032,8.44775908783877,21.0,0,0.15726343329680148,20.8427365667032,20.0,22.0
2302.0,20.635421387412592,20.840297987001044,8.446718389276176,21.0,0,0.15970201299895592,20.840297987001044,20.0,22.0
2303.0,20.632983646812963,20.83785968711816,8.445677085921638,21.0,0,0.1621403128818386,20.83785968711816,20.0,22.0
2304.0,20.630546185500783,20.835421666877064,8.444635179184928,21.0,0,0.16457833312293602,20.835421666877064,20.0,22.0
2305.0,20.62810900329952,20.832983926100585,8.443592670476635,21.0,0,0.16701607389941486,20.832983926100585,20.0,22.0
2306.0,20.625672100032958,20.830546464611874,8.44254956120817,21.0,0,0.1694535353881257,20.830546464611874,20.0,22.0
2307.0,20.623235475525192,20.828109282234394,8.441505852791746,21.0,0,0.17189071776560638,20.828109282234394,20.0,22.0
2308.0,20.620799129600645,20.82567237879193,8.440461546640394,21.0,0,0.17432762120807155,20.82567237879193,20.0,22.0
2309.0,20.618363062084054,20.823235754108588,8.439416644167958,21.0,0,0.17676424589141249,20.823235754108588,20.0,22.0
2310.0,20.61592727280047,20.820799408008774,8.438371146789077,21.0,0,0.17920059199122562,20.820799408008774,20.0,22.0
2311.0,20.61349176157527,20.818363340317237,8.437325055919208,21.0,0,0.18163665968276277,20.818363340317237,20.0,22.0
2312.0,20.611056528234137,20.815927550859023,8.436278372974607,21.0,0,0.1840724491409773,20.815927550859023,20.0,22.0
2313.0,20.608621572603084,20.81349203945951,8.435231099372327,21.0,0,0.18650796054048868,20.81349203945951,20.0,22.0
2314.0,20.60618689450844,20.81105680594439,8.43418323653023,21.0,0,0.18894319405561077,20.81105680594439,20.0,22.0
2315.0,20.603752493776845,20.808621850139666,8.433134785866963,21.0,0,0.1913781498603342,20.808621850139666,20.0,22.0
2316.0,20.601318370235262,20.806187171871663,8.432085748801983,21.0,0,0.1938128281283369,20.806187171871663,20.0,22.0
2317.0,20.598884523710975,20.80375277096703,8.431036126755531,21.0,0,0.19624722903296998,20.80375277096703,20.0,22.0
2318.0,20.596450954031585,20.80131864725273,8.429985921148642,21.0,0,0.1986813527472684,20.80131864725273,20.0,22.0
2319.0,20.59401766102501,20.798884800556046,8.428935133403145,21.0,0,0.2011151994439544,20.798884800556046,20.0,22.0
2320.0,20.591584644519486,20.796451230704573,8.427883764941654,21.0,0,0.20354876929542698,20.796451230704573,20.0,22.0
2321.0,20.58915190434357,20.794017937526235,8.426831817187567,21.0,0,0.20598206247376538,20.794017937526235,20.0,22.0
2322.0,20.58671944032614,20.791584920849267,8.425779291565073,21.0,0,0.20841507915073265,20.791584920849267,20.0,22.0
2323.0,20.584287252296388,20.789152180502228,8.424726189499134,21.0,0,0.2108478194977721,20.789152180502228,20.0,22.0
2324.0,20.581855340083827,20.78671971631399,8.423672512415502,21.0,0,0.21328028368601082,20.78671971631399,20.0,22.0
2325.0,20.579423703518295,20.78428752811375,8.4226182617407,21.0,0,0.2157124718862491,20.78428752811375,20.0,22.0
2326.0,20.57699234242994,20.781855615731025,8.42156343890203,21.0,0,0.21814438426897453,20.781855615731025,20.0,22.0
2327.0,20.574561256649233,20.779423978995645,8.420508045327574,21.0,0,0.22057602100435503,20.779423978995645,20.0,22.0
2328.0,20.57213044600697,20.77699261773776,8.419452082446178,21.0,0,0.2230073822622387,20.77699261773776,20.0,22.0
2329.0,20.569699910334258,20.774561531787846,8.418395551687462,21.0,0,0.22543846821215396,20.774561531787846,20.0,22.0
2330.0,20.567269649462528,20.772130720976698,8.417338454481818,21.0,0,0.22786927902330234,20.772130720976698,20.0,22.0
2331.0,20.56483966322353,20.769700185135413,8.416280792260402,21.0,0,0.23029981486458695,20.769700185135413,20.0,22.0
2332.0,20.56240995144934,20.767269924095437,8.415222566455133,21.0,0,0.23273007590456274,20.767269924095437,20.0,22.0
2333.0,20.55998051397234,20.76483993768851,8.414163778498699,21.0,0,0.23516006231148978,20.76483993768851,20.0,22.0
2334.0,20.557551350625246,20.76241022574671,8.413104429824543,21.0,0,0.23758977425329064,20.76241022574671,20.0,22.0
2335.0,20.555122461241087,20.75998078810242,8.412044521866868,21.0,0,0.2400192118975788,20.75998078810242,20.0,22.0
2336.0,20.552693845653213,20.75755162458836,8.41098405606064,21.0,0,0.24244837541164088,20.75755162458836,20.0,22.0
2337.0,20.550265503695293,20.75512273503755,8.409923033841572,21.0,0,0.24487726496245088,20.75512273503755,20.0,22.0
2338.0,20.547837435201323,20.752694119283344,8.408861456646138,21.0,0,0.24730588071665593,20.752694119283344,20.0,22.0
2339.0,20.545409640005612,20.750265777159417,8.407799325911556,21.0,0,0.24973422284058344,20.750265777159417,20.0,22.0
2340.0,20.542982117942792,20.747837708499755,8.406736643075801,21.0,0,0.2521622915002446,20.747837708499755,20.0,22.0
2341.0,20.540554868847817,20.745409913138676,8.405673409577588,21.0,0,0.2545900868613238,20.745409913138676,20.0,22.0
2342.0,20.538127892555963,20.74298239091081,8.40460962685638,21.0,0,0.25701760908918914,20.74298239091081,20.0,22.0
2343.0,20.535701188902824,20.74055514165111,8.403545296352391,21.0,0,0.2594448583488891,20.74055514165111,20.0,22.0
2344.0,20.533274757724314,20.738128165194855,8.402480419506563,21.0,0,0.2618718348051452,20.738128165194855,20.0,22.0
2345.0,20.53084859885667,20.73570146137763,8.40141499776059,21.0,0,0.26429853862236996,20.73570146137763,20.0,22.0
2346.0,20.528422712136454,20.733275030035355,8.400349032556894,21.0,0,0.26672496996464545,20.733275030035355,20.0,22.0
2347.0,20.525997097400538,20.73084887100427,8.399282525338643,21.0,0,0.26915112899573046,20.73084887100427,20.0,22.0
2348.0,20.523571754486124,20.728422984120932,8.398215477549728,21.0,0,0.2715770158790676,20.728422984120932,20.0,22.0
2349.0,20.521146683230736,20.725997369222213,8.39714789063478,21.0,0,0.27400263077778675,20.725997369222213,20.0,22.0
2350.0,20.518721883472217,20.723572026145323,8.396079766039158,21.0,0,0.2764279738546769,20.723572026145323,20.0,22.0
2351.0,20.51629735504873,20.72114695472778,8.395011105208942,21.0,0,0.2788530452722213,20.72114695472778,20.0,22.0
2352.0,20.513873097798765,20.718722154807423,8.393941909590952,21.0,0,0.2812778451925766,20.718722154807423,20.0,22.0
2353.0,20.511449111561124,20.71629762622242,8.392872180632716,21.0,0,0.28370237377757945,20.71629762622242,20.0,22.0
2354.0,20.509025396174938,20.71387336881126,8.391801919782498,21.0,0,0.2861266311887398,20.71387336881126,20.0,22.0
2355.0,20.50660195147966,20.71144938241275,8.390731128489275,21.0,0,0.2885506175872514,20.71144938241275,20.0,22.0
2356.0,20.50417877731506,20.70902566686602,8.389659808202738,21.0,0,0.29097433313398113,20.70902566686602,20.0,22.0
2357.0,20.50175587352124,20.70660222201051,8.388587960373306,21.0,0,0.2933977779894903,20.70660222201051,20.0,22.0
2358.0,20.49933323993861,20.704179047686008,8.387515586452103,21.0,0,0.2958209523139921,20.704179047686008,20.0,22.0
2359.0,20.496910876407913,20.701756143732602,8.386442687890968,21.0,0,0.2982438562673977,20.701756143732602,20.0,22.0
2360.0,20.49448878277021,20.699333509990716,8.385369266142447,21.0,0,0.30066649000928436,20.699333509990716,20.0,22.0
2361.0,20.492066958866882,20.69691114630108,8.384295322659804,21.0,0,0.30308885369892025,20.69691114630108,20.0,22.0
2362.0,20.48964540453964,20.69448905250476,8.383220858896998,21.0,0,0.30551094749523955,20.69448905250476,20.0,22.0
2363.0,20.48722411963051,20.692067228443143,8.382145876308698,21.0,0,0.3079327715568567,20.692067228443143,20.0,22.0
2364.0,20.484803103981847,20.68964567395793,8.381070376350275,21.0,0,0.31035432604207003,20.68964567395793,20.0,22.0
2365.0,20.48238235743632,20.687224388891153,8.379994360477799,21.0,0,0.31277561110884733,20.687224388891153,20.0,22.0
2366.0,20.47996187983693,20.684803373085163,8.37891783014804,21.0,0,0.31519662691483674,20.684803373085163,20.0,22.0
2367.0,20.477541671026994,20.682382626382633,8.377840786818467,21.0,0,0.31761737361736664,20.682382626382633,20.0,22.0
2368.0,20.47512173085015,20.67996214862656,8.376763231947237,21.0,0,0.32003785137343854,20.67996214862656,20.0,22.0
2369.0,20.47270205915037,20.677541939660266,8.375685166993204,21.0,0,0.32245806033973423,20.677541939660266,20.0,22.0
2370.0,20.47028265577194,20.675121999327388,8.374606593415912,21.0,0,0.3248780006726122,20.675121999327388,20.0,22.0
2371.0,20.46786352055947,20.672702327471892,8.373527512675594,21.0,0,0.3272976725281076,20.672702327471892,20.0,22.0
2372.0,20.465444653357892,20.67028292393807,8.372447926233166,21.0,0,0.3297170760619288,20.67028292393807,20.0,22.0
2373.0,20.463026054012467,20.667863788570536,8.371367835550235,21.0,0,0.33213621142946437,20.667863788570536,20.0,22.0
2374.0,20.460607722368774,20.665444921214213,8.370287242089086,21.0,0,0.3345550787857867,20.665444921214213,20.0,22.0
2375.0,20.45818965827272,20.66302632171437,8.369206147312685,21.0,0,0.33697367828563074,20.66302632171437,20.0,22.0
2376.0,20.455771861570526,20.66060798991658,8.368124552684678,21.0,0,0.3393920100834187,20.66060798991658,20.0,22.0
2377.0,20.45335433210875,20.658189925666754,8.367042459669388,21.0,0,0.34181007433324595,20.658189925666754,20.0,22.0
2378.0,20.45093706973426,20.655772128811112,8.365959869731812,21.0,0,0.3442278711888882,20.655772128811112,20.0,22.0
2379.0,20.448520074294258,20.653354599196206,8.36487678433762,21.0,0,0.34664540080379425,20.653354599196206,20.0,22.0
2380.0,20.446103345636267,20.650937336668914,8.363793204953152,21.0,0,0.34906266333108604,20.650937336668914,20.0,22.0
2381.0,20.44368688360813,20.648520341076434,8.362709133045417,21.0,0,0.3514796589235658,20.648520341076434,20.0,22.0
2382.0,20.44127068805802,20.646103612266288,8.361624570082093,21.0,0,0.35389638773371246,20.646103612266288,20.0,22.0
2383.0,20.438854758834424,20.643687150086322,8.36053951753152,21.0,0,0.35631284991367806,20.643687150086322,20.0,22.0
2384.0,20.436439095786163,20.6412709543847,8.3594539768627,21.0,0,0.3587290456152985,20.6412709543847,20.0,22.0
2385.0,20.434023698762378,20.638855025009924,8.3583679495453,21.0,0,0.3611449749900757,20.638855025009924,20.0,22.0
2386.0,20.431608567612535,20.636439361810808,8.357281437049645,21.0,0,0.3635606381891918,20.636439361810808,20.0,22.0
2387.0,20.429193702186424,20.63402396463649,8.35619444084671,21.0,0,0.3659760353635093,20.63402396463649,20.0,22.0
2388.0,20.426779102334155,20.631608833336436,8.355106962408136,21.0,0,0.36839116666356375,20.631608833336436,20.0,22.0
2389.0,20.42436476790617,20.629193967760436,8.35401900320621,21.0,0,0.3708060322395639,20.629193967760436,20.0,22.0
2390.0,20.42195069875323,20.62677936775861,8.35293056471387,21.0,0,0.37322063224139157,20.62677936775861,20.0,22.0
2391.0,20.41953689472642,20.624365033181384,8.351841648404703,21.0,0,0.3756349668186161,20.624365033181384,20.0,22.0
2392.0,20.417123355677155,20.62195096387953,8.350752255752944,21.0,0,0.37804903612046914,20.62195096387953,20.0,22.0
2393.0,20.41471008145717,20.619537159704134,8.349662388233474,21.0,0,0.3804628402958663,20.619537159704134,20.0,22.0
2394.0,20.412297071918523,20.617123620506604,8.348572047321815,21.0,0,0.38287637949339626,20.617123620506604,20.0,22.0
2395.0,20.409884326913605,20.61471034613868,8.347481234494131,21.0,0,0.38528965386132086,20.61471034613868,20.0,22.0
2396.0,20.40747184629512,20.612297336452418,8.346389951227225,21.0,0,0.3877026635475822,20.612297336452418,20.0,22.0
2397.0,20.405059629916106,20.609884591300208,8.345298198998535,21.0,0,0.390115408699792,20.609884591300208,20.0,22.0
2398.0,20.402647677629922,20.607472110534758,8.344205979286135,21.0,0,0.3925278894652422,20.607472110534758,20.0,22.0
2399.0,20.400235989290252,20.605059894009106,8.343113293568734,21.0,0,0.39494010599089435,20.605059894009106,20.0,22.0
2400.0,20.397824564751108,20.602647941576606,8.34202014332567,21.0,0,0.39735205842339383,20.602647941576606,20.0,22.0
2401.0,20.395413403866822,20.600236253090948,8.340926530036906,21.0,0,0.39976374690905203,20.600236253090948,20.0,22.0
2402.0,20.393002506492056,20.597824828406136,8.339832455183041,21.0,0,0.4021751715938642,20.597824828406136,20.0,22.0
2403.0,20.390591872481796,20.595413667376512,8.338737920245292,21.0,0,0.404586332623488,20.595413667376512,20.0,22.0
2404.0,20.38818150169135,20.59300276985673,8.337642926705499,21.0,0,0.4069972301432685,20.59300276985673,20.0,22.0
2405.0,20.385771393976352,20.59059213570178,8.336547476046126,21.0,0,0.4094078642982204,20.59059213570178,20.0,22.0
2406.0,20.383361549192767,20.588181764766972,8.335451569750255,21.0,0,0.41181823523302796,20.588181764766972,20.0,22.0
2407.0,20.38095196719688,20.585771656907937,8.334355209301583,21.0,0,0.4142283430920628,20.585771656907937,20.0,22.0
2408.0,20.3785426478453,20.583361811980637,8.333258396184425,21.0,0,0.4166381880193626,20.583361811980637,20.0,22.0
2409.0,20.376133590994968,20.580952229841362,8.332161131883703,21.0,0,0.41904777015863814,20.580952229841362,20.0,22.0
2410.0,20.373724796503147,20.57854291034672,8.331063417884959,21.0,0,0.42145708965328055,20.57854291034672,20.0,22.0
2411.0,20.371316264227424,20.57613385335365,8.329965255674335,21.0,0,0.4238661466463505,20.57613385335365,20.0,22.0
2412.0,20.368907994025715,20.57372505871942,8.328866646738584,21.0,0,0.42627494128058174,20.57372505871942,20.0,22.0
2413.0,20.366499985756256,20.571316526301608,8.327767592565063,21.0,0,0.428683473698392,20.571316526301608,20.0,22.0
2414.0,20.364092239277618,20.56890825595814,8.326668094641734,21.0,0,0.43109174404186135,20.56890825595814,20.0,22.0
2415.0,20.36168475444869,20.566500247547246,8.325568154457157,21.0,0,0.43349975245275374,20.566500247547246,20.0,22.0
2416.0,20.35927753112869,20.5640925009275,8.32446777350049,21.0,0,0.43590749907249915,20.5640925009275,20.0,22.0
2417.0,20.356870569177165,20.56168501595779,8.323366953261491,21.0,0,0.43831498404221136,20.56168501595779,20.0,22.0
2418.0,20.354463868453983,20.559277792497333,8.322265695230511,21.0,0,0.44072220750266666,20.559277792497333,20.0,22.0
2419.0,20.35205742881934,20.55687083040568,8.321164000898493,21.0,0,0.4431291695943216,20.55687083040568,20.0,22.0
2420.0,20.349651250133757,20.55446412954269,8.320061871756971,21.0,0,0.44553587045730936,20.55446412954269,20.0,22.0
2421.0,20.347245332258083,20.55205768976857,8.318959309298071,21.0,0,0.4479423102314293,20.55205768976857,20.0,22.0
2422.0,20.344839675053493,20.54965151094384,8.317856315014499,21.0,0,0.45034848905616087,20.54965151094384,20.0,22.0
2423.0,20.342434278381486,20.54724559292934,8.31675289039955,21.0,0,0.4527544070706604,20.54724559292934,20.0,22.0
2424.0,20.34002914210389,20.54483993558625,8.315649036947102,21.0,0,0.4551600644137501,20.54483993558625,20.0,22.0
2425.0,20.33762426608286,20.54243453877607,8.314544756151614,21.0,0,0.45756546122392905,20.54243453877607,20.0,22.0
2426.0,20.33521965018087,20.540029402360624,8.31344004950812,21.0,0,0.4599705976393764,20.540029402360624,20.0,22.0
2427.0,20.332815294260737,20.537624526202073,8.312334918512233,21.0,0,0.4623754737979269,20.537624526202073,20.0,22.0
2428.0,20.330411198185587,20.53521991016289,8.31122936466014,21.0,0,0.4647800898371095,20.53521991016289,20.0,22.0
2429.0,20.32800736181888,20.532815554105888,8.310123389448602,21.0,0,0.46718444589411234,20.532815554105888,20.0,22.0
2430.0,20.325603785024406,20.530411457894196,8.309016994374948,21.0,0,0.4695885421058037,20.530411457894196,20.0,22.0
2431.0,20.323200467666275,20.528007621391275,8.307910180937077,21.0,0,0.471992378608725,20.528007621391275,20.0,22.0
2432.0,20.32079740960893,20.525604044460913,8.306802950633452,21.0,0,0.4743959555390873,20.525604044460913,20.0,22.0
2433.0,20.318394610717135,20.523200726967225,8.305695304963105,21.0,0,0.4767992730327748,20.523200726967225,20.0,22.0
2434.0,20.315992070855984,20.520797668774645,8.304587245425628,21.0,0,0.4792023312253555,20.520797668774645,20.0,22.0
2435.0,20.313589789890898,20.518394869747944,8.30347877352117,21.0,0,0.4816051302520563,20.518394869747944,20.0,22.0
2436.0,20.311187767687624,20.515992329752216,8.302369890750445,21.0,0,0.48400767024778446,20.515992329752216,20.0,22.0
2437.0,20.308786004112235,20.513590048652876,8.301260598614716,21.0,0,0.48640995134712384,20.513590048652876,20.0,22.0
2438.0,20.306384499031136,20.511188026315676,8.300150898615806,21.0,0,0.4888119736843244,20.511188026315676,20.0,22.0
2439.0,20.303983252311053,20.50878626260669,8.299040792256086,21.0,0,0.4912137373933092,20.50878626260669,20.0,22.0
2440.0,20.301582263819043,20.50638475739232,8.297930281038482,21.0,0,0.49361524260768164,20.50638475739232,20.0,22.0
2441.0,20.299181533422487,20.503983510539292,8.296819366466464,21.0,0,0.49601648946070753,20.503983510539292,20.0,22.0
2442.0,20.296781060989098,20.501582521914663,8.295708050044047,21.0,0,0.49841747808533654,20.501582521914663,20.0,22.0
2443.0,20.294380846386908,20.499181791385816,8.294596333275795,21.0,0,0.5008182086141844,20.499181791385816,20.0,22.0
2444.0,20.291980889484286,20.49678131882046,8.29348421766681,21.0,0,0.5032186811795398,20.49678131882046,20.0,22.0
2445.0,20.28958119014992,20.494381104086635,8.292371704722736,21.0,0,0.505618895913365,20.494381104086635,20.0,22.0
2446.0,20.287181748252834,20.491981147052705,8.291258795949755,21.0,0,0.5080188529472949,20.491981147052705,20.0,22.0
2447.0,20.284782563662375,20.489581447587362,8.290145492854583,21.0,0,0.5104185524126379,20.489581447587362,20.0,22.0
2448.0,20.282383636248213,20.487182005559625,8.289031796944471,21.0,0,0.5128179944403755,20.487182005559625,20.0,22.0
2449.0,20.279984965880352,20.484782820838838,8.287917709727203,21.0,0,0.5152171791611622,20.484782820838838,20.0,22.0
2450.0,20.27758655242912,20.482383893294678,8.28680323271109,21.0,0,0.5176161067053222,20.482383893294678,20.0,22.0
2451.0,20.275188395765177,20.479985222797147,8.285688367404973,21.0,0,0.5200147772028529,20.479985222797147,20.0,22.0
2452.0,20.272790495759505,20.477586809216568,8.284573115318219,21.0,0,0.522413190783432,20.477586809216568,20.0,22.0
2453.0,20.27039285228342,20.47518865242361,8.283457477960717,21.0,0,0.5248113475763887,20.47518865242361,20.0,22.0
2454.0,20.267995465208553,20.472790752289253,8.282341456842877,21.0,0,0.5272092477107471,20.472790752289253,20.0,22.0
2455.0,20.26559833440688,20.470393108684807,8.28122505347563,21.0,0,0.5296068913151935,20.470393108684807,20.0,22.0
2456.0,20.263201459750697,20.46799572148191,8.280108269370427,21.0,0,0.532004278518091,20.46799572148191,20.0,22.0
2457.0,20.26080484111262,20.46559859055253,8.27899110603923,21.0,0,0.5344014094474687,20.46559859055253,20.0,22.0
2458.0,20.258408478365606,20.463201715768967,8.277873564994515,21.0,0,0.5367982842310326,20.463201715768967,20.0,22.0
2459.0,20.256012371382933,20.460805097003846,8.276755647749273,21.0,0,0.5391949029961545,20.460805097003846,20.0,22.0
2460.0,20.253616520038207,20.45840873413011,8.275637355816999,21.0,0,0.54159126586989,20.45840873413011,20.0,22.0
2461.0,20.251220924205363,20.456012627021046,8.274518690711702,21.0,0,0.5439873729789539,20.456012627021046,20.0,22.0
2462.0,20.248825583758663,20.453616775550252,8.273399653947887,21.0,0,0.5463832244497482,20.453616775550252,20.0,22.0
2463.0,20.2464304985727,20.45122117959167,8.272280247040575,21.0,0,0.5487788204083301,20.45122117959167,20.0,22.0
2464.0,20.244035668522393,20.44882583901956,8.271160471505274,21.0,0,0.551174160980441,20.44882583901956,20.0,22.0
2465.0,20.24164109348299,20.446430753708515,8.270040328858,21.0,0,0.5535692462914845,20.446430753708515,20.0,22.0
2466.0,20.239246773330066,20.444035923533455,8.268919820615265,21.0,0,0.5559640764665446,20.444035923533455,20.0,22.0
2467.0,20.236852707939523,20.44164134836963,8.267798948294075,21.0,0,0.5583586516303711,20.44164134836963,20.0,22.0
2468.0,20.234458897187594,20.43924702809261,8.266677713411926,21.0,0,0.5607529719073909,20.43924702809261,20.0,22.0
2469.0,20.23206534095084,20.4368529625783,8.26555611748681,21.0,0,0.5631470374217002,20.4368529625783,20.0,22.0
2470.0,20.22967203910615,20.43445915170293,8.264434162037203,21.0,0,0.5655408482970685,20.43445915170293,20.0,22.0
2471.0,20.227278991530735,20.43206559534307,8.26331184858207,21.0,0,0.5679344046569312,20.43206559534307,20.0,22.0
2472.0,20.224886198102144,20.429672293375592,8.262189178640865,21.0,0,0.5703277066244077,20.429672293375592,20.0,22.0
2473.0,20.22249365869825,20.42727924567772,8.261066153733516,21.0,0,0.5727207543222796,20.42727924567772,20.0,22.0
2474.0,20.22010137319726,20.424886452127005,8.259942775380438,21.0,0,0.575113547872995,20.424886452127005,20.0,22.0
2475.0,20.217709341477697,20.42249391260131,8.258819045102522,21.0,0,0.5775060873986888,20.42249391260131,20.0,22.0
2476.0,20.215317563418424,20.420101626978852,8.257694964421134,21.0,0,0.5798983730211482,20.420101626978852,20.0,22.0
2477.0,20.212926038898622,20.417709595138145,8.256570534858119,21.0,0,0.5822904048618547,20.417709595138145,20.0,22.0
2478.0,20.210534767797814,20.41531781695806,8.25544575793579,21.0,0,0.5846821830419415,20.41531781695806,20.0,22.0
2479.0,20.20814374999584,20.412926292317778,8.254320635176935,21.0,0,0.5870737076822223,20.412926292317778,20.0,22.0
2480.0,20.20575298537288,20.410535021096813,8.253195168104803,21.0,0,0.5894649789031874,20.410535021096813,20.0,22.0
2481.0,20.203362473809424,20.408144003175014,8.252069358243114,21.0,0,0.5918559968249859,20.408144003175014,20.0,22.0
2482.0,20.20097221518631,20.405753238432553,8.250943207116054,21.0,0,0.5942467615674474,20.405753238432553,20.0,22.0
2483.0,20.198582209384696,20.40336272674993,8.249816716248265,21.0,0,0.5966372732500709,20.40336272674993,20.0,22.0
2484.0,20.19619245628607,20.400972468007975,8.248689887164854,21.0,0,0.5990275319920251,20.400972468007975,20.0,22.0
2485.0,20.193802955772245,20.398582462087848,8.247562721391386,21.0,0,0.6014175379121518,20.398582462087848,20.0,22.0
2486.0,20.19141370772537,20.396192708871038,8.246435220453877,21.0,0,0.6038072911289625,20.396192708871038,20.0,22.0
2487.0,20.189024712027916,20.39380320823936,8.245307385878803,21.0,0,0.6061967917606417,20.39380320823936,20.0,22.0
2488.0,20.186635968562687,20.391413960074956,8.244179219193086,21.0,0,0.6085860399250436,20.391413960074956,20.0,22.0
2489.0,20.184247477212814,20.389024964260305,8.2430507219241,21.0,0,0.6109750357396955,20.389024964260305,20.0,22.0
2490.0,20.181859237861758,20.386636220678206,8.241921895599669,21.0,0,0.6133637793217943,20.386636220678206,20.0,22.0
2491.0,20.179471250393306,20.384247729211797,8.240792741748056,21.0,0,0.615752270788203,20.384247729211797,20.0,22.0
2492.0,20.177083514691578,20.381859489744528,8.239663261897977,21.0,0,0.618140510255472,20.381859489744528,20.0,22.0
2493.0,20.17469603064102,20.379471502160193,8.238533457578582,21.0,0,0.6205284978398069,20.379471502160193,20.0,22.0
2494.0,20.17230879812641,20.377083766342913,8.23740333031946,21.0,0,0.6229162336570866,20.377083766342913,20.0,22.0
2495.0,20.169921817032847,20.374696282177133,8.236272881650642,21.0,0,0.6253037178228666,20.374696282177133,20.0,22.0
2496.0,20.16753508724577,20.372309049547624,8.23514211310259,21.0,0,0.6276909504523758,20.372309049547624,20.0,22.0
2497.0,20.16514860865094,20.3699220683395,8.234011026206202,21.0,0,0.6300779316605016,20.3699220683395,20.0,22.0
2498.0,20.162762381134453,20.36753533843818,8.232879622492806,21.0,0,0.6324646615618192,20.36753533843818,20.0,22.0
2499.0,20.160376404582724,20.365148859729445,8.231747903494158,21.0,0,0.6348511402705554,20.365148859729445,20.0,22.0
2500.0,20.157990678882506,20.362762632099376,8.23061587074244,21.0,0,0.6372373679006245,20.362762632099376,20.0,22.0
2501.0,20.155605203920878,20.360376655434397,8.229483525770263,21.0,0,0.639623344565603,20.360376655434397,20.0,22.0
2502.0,20.15321997958525,20.35799092962126,8.228350870110656,21.0,0,0.6420090703787409,20.35799092962126,20.0,22.0
2503.0,20.150835005763355,20.35560545454704,8.22721790529707,21.0,0,0.6443945454529612,20.35560545454704,20.0,22.0
2504.0,20.148450282343262,20.353220230099147,8.22608463286338,21.0,0,0.6467797699008528,20.353220230099147,20.0,22.0
2505.0,20.146065809213365,20.35083525616532,8.224951054343865,21.0,0,0.6491647438346817,20.35083525616532,20.0,22.0
2506.0,20.143681586262392,20.348450532633624,8.22381717127323,21.0,0,0.651549467366376,20.348450532633624,20.0,22.0
2507.0,20.141297613379393,20.346066059392452,8.22268298518659,21.0,0,0.6539339406075477,20.346066059392452,20.0,22.0
2508.0,20.138913890453754,20.343681836330532,8.221548497619468,21.0,0,0.6563181636694679,20.343681836330532,20.0,22.0
2509.0,20.136530417375187,20.341297863336916,8.220413710107792,21.0,0,0.6587021366630843,20.341297863336916,20.0,22.0
2510.0,20.134147194033734,20.33891414030099,8.219278624187904,21.0,0,0.6610858596990106,20.33891414030099,20.0,22.0
2511.0,20.131764220319763,20.336530667112463,8.218143241396543,21.0,0,0.6634693328875372,20.336530667112463,20.0,22.0
2512.0,20.12938149612398,20.33414744366138,8.217007563270855,21.0,0,0.6658525563386206,20.33414744366138,20.0,22.0
2513.0,20.126999021337408,20.33176446983811,8.21587159134838,21.0,0,0.6682355301618905,20.33176446983811,20.0,22.0
2514.0,20.12461679585141,20.329381745533354,8.214735327167062,21.0,0,0.6706182544666461,20.329381745533354,20.0,22.0
2515.0,20.122234819557672,20.32699927063814,8.21359877226524,21.0,0,0.6730007293618598,20.32699927063814,20.0,22.0
2516.0,20.119853092348215,20.32461704504383,8.212461928181641,21.0,0,0.6753829549561701,20.32461704504383,20.0,22.0
2517.0,20.11747161411538,20.322235068642108,8.211324796455388,21.0,0,0.677764931357892,20.322235068642108,20.0,22.0
2518.0,20.11509038475185,20.319853341324993,8.210187378625994,21.0,0,0.6801466586750067,20.319853341324993,20.0,22.0
2519.0,20.112709404150625,20.31747186298484,8.209049676233356,21.0,0,0.6825281370151615,20.31747186298484,20.0,22.0
2520.0,20.110328672205043,20.315090633514313,8.20791169081776,21.0,0,0.6849093664856873,20.315090633514313,20.0,22.0
2521.0,20.107948188808766,20.312709652806426,8.206773423919872,21.0,0,0.6872903471935743,20.312709652806426,20.0,22.0
2522.0,20.10556795385579,20.310328920754507,8.205634877080739,21.0,0,0.6896710792454925,20.310328920754507,20.0,22.0
2523.0,20.103187967240434,20.307948437252225,8.20449605184179,21.0,0,0.6920515627477748,20.307948437252225,20.0,22.0
2524.0,20.100808228857353,20.30556820219357,8.20335694974483,21.0,0,0.6944317978064305,20.30556820219357,20.0,22.0
2525.0,20.09842873860153,20.303188215472865,8.202217572332039,21.0,0,0.6968117845271351,20.303188215472865,20.0,22.0
2526.0,20.096049496368277,20.300808476984766,8.201077921145965,21.0,0,0.6991915230152337,20.300808476984766,20.0,22.0
2527.0,20.093670502053232,20.298428986624256,8.199937997729533,21.0,0,0.7015710133757445,20.298428986624256,20.0,22.0
2528.0,20.09129175555237,20.29604974428664,8.198797803626034,21.0,0,0.7039502557133588,20.29604974428664,20.0,22.0
2529.0,20.088913256761984,20.29367074986757,8.197657340379127,21.0,0,0.7063292501324305,20.29367074986757,20.0,22.0
2530.0,20.086535005578707,20.291292003263003,8.19651660953283,21.0,0,0.7087079967369974,20.291292003263003,20.0,22.0
2531.0,20.0841570018995,20.288913504369248,8.19537561263153,21.0,0,0.7110864956307523,20.288913504369248,20.0,22.0
2532.0,20.081779245621647,20.28653525308293,8.194234351219972,21.0,0,0.7134647469170687,20.28653525308293,20.0,22.0
2533.0,20.079401736642765,20.28415724930101,8.193092826843257,21.0,0,0.7158427506989895,20.28415724930101,20.0,22.0
2534.0,20.077024474860806,20.281779492920776,8.191951041046844,21.0,0,0.7182205070792236,20.281779492920776,20.0,22.0
2535.0,20.074647460174045,20.27940198383984,8.190808995376544,21.0,0,0.7205980161601602,20.27940198383984,20.0,22.0
2536.0,20.072270692481087,20.27702472195616,8.189666691378525,21.0,0,0.7229752780438403,20.27702472195616,20.0,22.0
2537.0,20.06989417168087,20.274647707168,8.188524130599298,21.0,0,0.7253522928319995,20.274647707168,20.0,22.0
2538.0,20.06751789767265,20.272270939373975,8.187381314585725,21.0,0,0.7277290606260252,20.272270939373975,20.0,22.0
2539.0,20.065141870356033,20.269894418473022,8.186238244885013,21.0,0,0.7301055815269777,20.269894418473022,20.0,22.0
2540.0,20.062766089630937,20.267518144364402,8.185094923044716,21.0,0,0.7324818556355979,20.267518144364402,20.0,22.0
2541.0,20.06039055539762,20.265142116947708,8.18395135061272,21.0,0,0.7348578830522925,20.265142116947708,20.0,22.0
2542.0,20.058015267556666,20.262766336122866,8.18280752913726,21.0,0,0.7372336638771344,20.262766336122866,20.0,22.0
2543.0,20.055640226008983,20.26039080179013,8.181663460166908,21.0,0,0.7396091982098696,20.26039080179013,20.0,22.0
2544.0,20.053265430655813,20.25801551385009,8.18051914525056,21.0,0,0.7419844861499101,20.25801551385009,20.0,22.0
2545.0,20.050890881398733,20.255640472203645,8.179374585937458,21.0,0,0.7443595277963553,20.255640472203645,20.0,22.0
2546.0,20.04851657813964,20.25326567675205,8.178229783777166,21.0,0,0.7467343232479493,20.25326567675205,20.0,22.0
2547.0,20.04614252078077,20.25089112739687,8.177084740319584,21.0,0,0.7491088726031307,20.25089112739687,20.0,22.0
2548.0,20.043768709224675,20.248516824040006,8.17593945711493,21.0,0,0.7514831759599936,20.248516824040006,20.0,22.0
2549.0,20.041395143374253,20.246142766583695,8.174793935713756,21.0,0,0.753857233416305,20.246142766583695,20.0,22.0
2550.0,20.03902182313272,20.24376895493049,8.17364817766693,21.0,0,0.7562310450695087,20.24376895493049,20.0,22.0
2551.0,20.03664874840363,20.241395388983285,8.172502184525642,21.0,0,0.7586046110167146,20.241395388983285,20.0,22.0
2552.0,20.034275919090852,20.239022068645305,8.171355957841401,21.0,0,0.7609779313546952,20.239022068645305,20.0,22.0
2553.0,20.0319033350986,20.23664899382009,8.170209499166033,21.0,0,0.76335100617991,20.23664899382009,20.0,22.0
2554.0,20.029530996331413,20.234276164411526,8.169062810051674,21.0,0,0.7657238355884743,20.234276164411526,20.0,22.0
2555.0,20.027158902694158,20.231903580323813,8.167915892050777,21.0,0,0.768096419676187,20.231903580323813,20.0,22.0
2556.0,20.02478705409203,20.229531241461494,8.166768746716103,21.0,0,0.7704687585385059,20.229531241461494,20.0,22.0
2557.0,20.022415450430554,20.227159147729438,8.165621375600718,21.0,0,0.7728408522705621,20.227159147729438,20.0,22.0
2558.0,20.02004409161559,20.224787299032833,8.164473780258,21.0,0,0.7752127009671668,20.224787299032833,20.0,22.0
2559.0,20.017672977553318,20.222415695277213,8.163325962241622,21.0,0,0.7775843047227866,20.222415695277213,20.0,22.0
2560.0,20.015302108150255,20.220044336368435,8.162177923105567,21.0,0,0.779955663631565,20.220044336368435,20.0,22.0
2561.0,20.012931483313245,20.217673222212674,8.161029664404113,21.0,0,0.7823267777873255,20.217673222212674,20.0,22.0
2562.0,20.010561102949463,20.215302352716456,8.159881187691836,21.0,0,0.7846976472835436,20.215302352716456,20.0,22.0
2563.0,20.00819096696641,20.21293172778662,8.158732494523605,21.0,0,0.7870682722133786,20.21293172778662,20.0,22.0
2564.0,20.00582107527192,20.210561347330344,8.157583586454583,21.0,0,0.7894386526696557,20.210561347330344,20.0,22.0
2565.0,20.00345142777416,20.208191211255123,8.156434465040231,21.0,0,0.791808788744877,20.208191211255123,20.0,22.0
2566.0,20.001082024381613,20.2058213194688,8.155285131836287,21.0,0,0.7941786805311999,20.2058213194688,20.0,22.0
2567.0,19.998712865003103,20.203451671879527,8.154135588398786,21.0,0,0.7965483281204726,20.203451671879527,20.0,22.0
2568.0,19.996343949547782,20.2010822683958,8.152985836284039,21.0,0,0.7989177316041989,20.2010822683958,20.0,22.0
2569.0,19.99397527792513,20.198713108926444,8.151835877048645,21.0,0,0.8012868910735556,20.198713108926444,20.0,22.0
2570.0,19.991606850044956,20.196344193380604,8.150685712249484,21.0,0,0.8036558066193962,20.196344193380604,20.0,22.0
2571.0,19.989238665817396,20.19397552166776,8.14953534344371,21.0,0,0.8060244783322403,20.19397552166776,20.0,22.0
2572.0,19.986870725152922,20.191607093697723,8.148384772188757,21.0,0,0.8083929063022772,20.191607093697723,20.0,22.0
2573.0,19.98450302796233,20.189238909380634,8.147234000042332,21.0,0,0.8107610906193656,20.189238909380634,20.0,22.0
2574.0,19.982135574156747,20.186870968626955,8.146083028562412,21.0,0,0.8131290313730446,20.186870968626955,20.0,22.0
2575.0,19.97976836364763,20.184503271347488,8.144931859307247,21.0,0,0.8154967286525121,20.184503271347488,20.0,22.0
2576.0,19.97740139634676,20.182135817453364,8.143780493835353,21.0,0,0.8178641825466357,20.182135817453364,20.0,22.0
2577.0,19.97503467216626,20.179768606856033,8.142628933705511,21.0,0,0.8202313931439669,20.179768606856033,20.0,22.0
2578.0,19.972668191018567,20.17740163946728,8.14147718047677,21.0,0,0.8225983605327194,20.17740163946728,20.0,22.0
2579.0,19.97030195281646,20.175034915199223,8.140325235708431,21.0,0,0.8249650848007768,20.175034915199223,20.0,22.0
2580.0,19.96793595747304,20.172668433964304,8.139173100960065,21.0,0,0.8273315660356957,20.172668433964304,20.0,22.0
2581.0,19.965570204901734,20.170302195675298,8.138020777791494,21.0,0,0.8296978043247023,20.170302195675298,20.0,22.0
2582.0,19.963204695016312,20.167936200245308,8.136868267762797,21.0,0,0.8320637997546925,20.167936200245308,20.0,22.0
2583.0,19.96083942773086,20.165570447587765,8.135715572434304,21.0,0,0.8344295524122352,20.165570447587765,20.0,22.0
2584.0,19.9584744029598,20.163204937616435,8.134562693366599,21.0,0,0.8367950623835654,20.163204937616435,20.0,22.0
2585.0,19.956109620617884,20.1608396702454,8.133409632120513,21.0,0,0.8391603297545984,20.1608396702454,20.0,22.0
2586.0,19.953745080620184,20.158474645389095,8.132256390257123,21.0,0,0.8415253546109049,20.158474645389095,20.0,22.0
2587.0,19.95138078288211,20.156109862962257,8.131102969337752,21.0,0,0.843890137037743,20.156109862962257,20.0,22.0
2588.0,19.949016727319403,20.153745322879963,8.129949370923963,21.0,0,0.8462546771200365,20.153745322879963,20.0,22.0
2589.0,19.946652913848123,20.151381025057628,8.128795596577563,21.0,0,0.8486189749423723,20.151381025057628,20.0,22.0
2590.0,19.944289342384668,20.149016969410987,8.127641647860594,21.0,0,0.8509830305890134,20.149016969410987,20.0,22.0
2591.0,19.941926012845762,20.1466531558561,8.126487526335337,21.0,0,0.8533468441438998,20.1466531558561,20.0,22.0
2592.0,19.93956292514846,20.14428958430937,8.125333233564305,21.0,0,0.8557104156906306,20.14428958430937,20.0,22.0
2593.0,19.937200079210143,20.14192625468752,8.124178771110241,21.0,0,0.8580737453124812,20.14192625468752,20.0,22.0
2594.0,19.934837474948523,20.1395631669076,8.12302414053612,21.0,0,0.8604368330924004,20.1395631669076,20.0,22.0
2595.0,19.93247511228164,20.137200320886997,8.121869343405148,21.0,0,0.862799679113003,20.137200320886997,20.0,22.0
2596.0,19.930112991127864,20.134837716543416,8.120714381280749,21.0,0,0.8651622834565842,20.134837716543416,20.0,22.0
2597.0,19.927751111405893,20.132475353794906,8.119559255726575,21.0,0,0.8675246462050943,20.132475353794906,20.0,22.0
2598.0,19.92538947303476,20.13011323255983,8.1184039683065,21.0,0,0.8698867674401711,20.13011323255983,20.0,22.0
2599.0,19.923028075933814,20.127751352756885,8.117248520584617,21.0,0,0.872248647243115,20.127751352756885,20.0,22.0
2600.0,19.920666920022743,20.125389714305108,8.11609291412523,21.0,0,0.8746102856948923,20.125389714305108,20.0,22.0
2601.0,19.918306005221563,20.123028317123847,8.114937150492867,21.0,0,0.8769716828761531,20.123028317123847,20.0,22.0
2602.0,19.91594533145062,20.120667161132793,8.113781231252261,21.0,0,0.8793328388672066,20.120667161132793,20.0,22.0
2603.0,19.913584898630578,20.118306246251954,8.112625157968363,21.0,0,0.8816937537480456,20.118306246251954,20.0,22.0
2604.0,19.911224706682447,20.11594557240168,8.111468932206325,21.0,0,0.8840544275983184,20.11594557240168,20.0,22.0
2605.0,19.908864755527553,20.113585139502643,8.110312555531513,21.0,0,0.8864148604973572,20.113585139502643,20.0,22.0
2606.0,19.906505045087552,20.11122494747584,8.109156029509489,21.0,0,0.88877505252416,20.11122494747584,20.0,22.0
2607.0,19.90414557528444,20.108864996242605,8.107999355706022,21.0,0,0.8911350037573946,20.108864996242605,20.0,22.0
2608.0,19.901786346040524,20.106505285724595,8.106842535687086,21.0,0,0.8934947142754055,20.106505285724595,20.0,22.0
2609.0,19.89942735727845,20.104145815843797,8.105685571018842,21.0,0,0.8958541841562031,20.104145815843797,20.0,22.0
2610.0,19.8970686089212,20.101786586522525,8.104528463267654,21.0,0,0.8982134134774746,20.101786586522525,20.0,22.0
2611.0,19.89471010089207,20.099427597683427,8.103371214000077,21.0,0,0.9005724023165733,20.099427597683427,20.0,22.0
2612.0,19.89235183311469,20.097068849249478,8.102213824782863,21.0,0,0.902931150750522,20.097068849249478,20.0,22.0
2613.0,19.889993805513026,20.094710341143976,8.101056297182947,21.0,0,0.9052896588560237,20.094710341143976,20.0,22.0
2614.0,19.88763601801136,20.092352073290563,8.099898632767452,21.0,0,0.9076479267094371,20.092352073290563,20.0,22.0
2615.0,19.88527847053431,20.089994045613185,8.098740833103689,21.0,0,0.9100059543868149,20.089994045613185,20.0,22.0
2616.0,19.882921163006824,20.087636258036135,8.09758289975915,21.0,0,0.9123637419638655,20.087636258036135,20.0,22.0
2617.0,19.880564095354174,20.085278710484033,8.096424834301509,21.0,0,0.9147212895159669,20.085278710484033,20.0,22.0
2618.0,19.878207267501963,20.082921402881823,8.095266638298622,21.0,0,0.9170785971181772,20.082921402881823,20.0,22.0
2619.0,19.87585067937612,20.080564335154776,8.094108313318515,21.0,0,0.9194356648452242,20.080564335154776,20.0,22.0
2620.0,19.87349433090291,20.0782075072285,8.092949860929393,21.0,0,0.9217924927715018,20.0782075072285,20.0,22.0
2621.0,19.871138222008916,20.075850919028916,8.091791282699631,21.0,0,0.924149080971084,20.075850919028916,20.0,22.0
2622.0,19.868782352621054,20.07349457048229,8.09063258019778,21.0,0,0.9265054295177109,20.07349457048229,20.0,22.0
2623.0,19.86642672266657,20.07113846151521,8.089473754992552,21.0,0,0.9288615384847887,20.07113846151521,20.0,22.0
2624.0,19.864071332073035,20.068782592054596,8.08831480865283,21.0,0,0.9312174079454039,20.068782592054596,20.0,22.0
2625.0,19.86171618076835,20.06642696202768,8.087155742747658,21.0,0,0.9335730379723195,20.06642696202768,20.0,22.0
2626.0,19.859361268680747,20.064071571362046,8.085996558846244,21.0,0,0.9359284286379541,20.064071571362046,20.0,22.0
2627.0,19.85700659573878,20.061716419985594,8.084837258517956,21.0,0,0.9382835800144065,20.061716419985594,20.0,22.0
2628.0,19.854652161871336,20.059361507826544,8.083677843332316,21.0,0,0.9406384921734556,20.059361507826544,20.0,22.0
2629.0,19.852297967007626,20.05700683481346,8.082518314859007,21.0,0,0.9429931651865395,20.05700683481346,20.0,22.0
2630.0,19.849944011077195,20.054652400875234,8.08135867466786,21.0,0,0.9453475991247657,20.054652400875234,20.0,22.0
2631.0,19.847590294009912,20.052298205941064,8.080198924328858,21.0,0,0.9477017940589363,20.052298205941064,20.0,22.0
2632.0,19.845236815735976,20.049944249940502,8.079039065412141,21.0,0,0.9500557500594979,20.049944249940502,20.0,22.0
2633.0,19.842883576185912,20.04759053280342,8.077879099487985,21.0,0,0.9524094671965813,20.04759053280342,20.0,22.0
2634.0,19.840530575290572,20.04523705446001,8.076719028126819,21.0,0,0.95476294553999,20.04523705446001,20.0,22.0
2635.0,19.83817781298114,20.0428838148408,8.075558852899208,21.0,0,0.9571161851592009,20.0428838148408,20.0,22.0
2636.0,19.835825289189124,20.04053081387664,8.074398575375863,21.0,0,0.9594691861233606,20.04053081387664,20.0,22.0
2637.0,19.83347300384636,20.03817805149872,8.073238197127631,21.0,0,0.9618219485012816,20.03817805149872,20.0,22.0
2638.0,19.831120956885016,20.03582552763854,8.072077719725497,21.0,0,0.96417447236146,20.03582552763854,20.0,22.0
2639.0,19.828769148237583,20.03347324222794,8.070917144740578,21.0,0,0.9665267577720584,20.03347324222794,20.0,22.0
2640.0,19.826417577836885,20.03112119519909,8.069756473744125,21.0,0,0.9688788048009087,20.03112119519909,20.0,22.0
2641.0,19.824066245616066,20.02876938648448,8.068595708307518,21.0,0,0.9712306135155195,20.02876938648448,20.0,22.0
2642.0,19.821715151508606,20.02641781601693,8.067434850002265,21.0,0,0.9735821839830692,20.02641781601693,20.0,22.0
2643.0,19.819364295448306,20.024066483729587,8.0662739004,21.0,0,0.9759335162704126,20.024066483729587,20.0,22.0
2644.0,19.817013677369296,20.02171538955593,8.06511286107248,21.0,0,0.9782846104440708,20.02171538955593,20.0,22.0
2645.0,19.814663297206035,20.01936453342976,8.063951733591585,21.0,0,0.9806354665702415,20.01936453342976,20.0,22.0
2646.0,19.812313154893314,20.017013915285208,8.062790519529313,21.0,0,0.982986084714792,20.017013915285208,20.0,22.0
2647.0,19.80996325036624,20.014663535056734,8.06162922045778,21.0,0,0.9853364649432663,20.014663535056734,20.0,22.0
2648.0,19.80761358356026,20.012313392679125,8.060467837949215,21.0,0,0.9876866073208745,20.012313392679125,20.0,22.0
2649.0,19.805264154411137,20.009963488087493,8.059306373575962,21.0,0,0.990036511912507,20.009963488087493,20.0,22.0
2650.0,19.80291496285497,20.00761382121728,8.058144828910475,21.0,0,0.99238617878272,20.00761382121728,20.0,22.0
2651.0,19.80056600882818,20.00526439200425,8.05698320552532,21.0,0,0.9947356079957501,20.00526439200425,20.0,22.0
2652.0,19.79821729226752,20.002915200384507,8.055821504993164,21.0,0,0.997084799615493,20.002915200384507,20.0,22.0
2653.0,19.795868813110065,20.00056624629447,8.054659728886781,21.0,0,0.9994337537055316,20.00056624629447,20.0,22.0
2654.0,19.79352057129322,19.998217529670885,8.05349787877905,21.0,1,1.0017824703291147,19.998217529670885,20.0,22.0
2655.0,19.79617256675472,19.996869050450833,8.052335956242944,21.0,1,1.003130949549167,19.996869050450833,20.0,22.0
2656.0,19.79882379943262,19.99652060857172,8.05117396285154,21.0,1,1.0034793914282787,19.99652060857172,20.0,22.0
2657.0,19.801474269465302,19.997172004011283,8.050011900178008,21.0,1,1.0028279959887172,19.997172004011283,20.0,22.0
2658.0,19.804123976991445,19.99882303678756,8.048849769795613,21.0,1,1.0011769632124405,19.99882303678756,20.0,22.0
2659.0,19.806772922150007,20.001473506958916,8.047687573277711,21.0,1,0.9985264930410835,20.001473506958916,20.0,22.0
2660.0,19.809421105080233,20.00412321462402,8.046525312197746,21.0,1,0.9958767853759802,20.00412321462402,20.0,22.0
2661.0,19.812068525921656,20.006772159921827,8.045362988129254,21.0,1,0.9932278400781733,20.006772159921827,20.0,22.0
2662.0,19.814715184814098,20.009420342991582,8.044200602645851,21.0,1,0.9905796570084178,20.009420342991582,20.0,22.0
2663.0,19.817361081897666,20.01206776397283,8.043038157321238,21.0,1,0.9879322360271701,20.01206776397283,20.0,22.0
2664.0,19.820006217312752,20.01471442300538,8.0418756537292,21.0,1,0.9852855769946203,20.01471442300538,20.0,22.0
2665.0,19.822650591200034,20.017360320229336,8.040713093443596,21.0,1,0.9826396797706636,20.017360320229336,20.0,22.0
2666.0,19.825294203700484,20.020005455785103,8.039550478038365,21.0,1,0.9799945442148967,20.020005455785103,20.0,22.0
2667.0,19.827937054955353,20.022649829813354,8.03838780908752,21.0,1,0.9773501701866465,20.022649829813354,20.0,22.0
2668.0,19.830579145106178,20.02529344245506,8.037225088165146,21.0,1,0.9747065575449412,20.02529344245506,20.0,22.0
2669.0,19.83322047429479,20.027936293851464,8.036062316845399,21.0,1,0.9720637061485355,20.027936293851464,20.0,22.0
2670.0,19.8358610426633,20.030578384144118,8.0348994967025,21.0,1,0.9694216158558824,20.030578384144118,20.0,22.0
2671.0,19.83850085035411,20.033219713474843,8.033736629310743,21.0,1,0.9667802865251574,20.033219713474843,20.0,22.0
2672.0,19.8411398975099,20.035860281985755,8.032573716244482,21.0,1,0.9641397180142448,20.035860281985755,20.0,22.0
2673.0,19.84377818427365,20.038500089819248,8.03141075907813,21.0,1,0.961499910180752,20.038500089819248,20.0,22.0
2674.0,19.84641571078861,20.041139137118012,8.03024775938616,21.0,1,0.9588608628819877,20.041139137118012,20.0,22.0
2675.0,19.849052477198327,20.043777424025016,8.029084718743112,21.0,1,0.9562225759749836,20.043777424025016,20.0,22.0
2676.0,19.851688483646637,20.046414950683523,8.02792163872357,21.0,1,0.9535850493164766,20.046414950683523,20.0,22.0
2677.0,19.854323730277653,20.049051717237074,8.026758520902176,21.0,1,0.9509482827629263,20.049051717237074,20.0,22.0
2678.0,19.85695821723578,20.0516877238295,8.025595366853622,21.0,1,0.9483122761705012,20.0516877238295,20.0,22.0
2679.0,19.859591944665702,20.054322970604918,8.024432178152654,21.0,1,0.9456770293950818,20.054322970604918,20.0,22.0
2680.0,19.8622249127124,20.056957457707732,8.023268956374057,21.0,1,0.9430425422922681,20.056957457707732,20.0,22.0
2681.0,19.864857121521133,20.05959118528263,8.022105703092667,21.0,1,0.9404088147173688,20.05959118528263,20.0,22.0
2682.0,19.86748857123745,20.06222415347459,8.020942419883356,21.0,1,0.9377758465254082,20.06222415347459,20.0,22.0
2683.0,19.870119262007176,20.064856362428873,8.019779108321048,21.0,1,0.9351436375711266,20.064856362428873,20.0,22.0
2684.0,19.87274919397644,20.06748781229102,8.018615769980693,21.0,1,0.9325121877089799,20.06748781229102,20.0,22.0
2685.0,19.87537836729164,20.070118503206867,8.017452406437284,21.0,1,0.9298814967931328,20.070118503206867,20.0,22.0
2686.0,19.87800678209947,20.072748435322534,8.016289019265846,21.0,1,0.9272515646774657,20.072748435322534,20.0,22.0
2687.0,19.880634438546902,20.075377608784425,8.015125610041437,21.0,1,0.9246223912155749,20.075377608784425,20.0,22.0
2688.0,19.883261336781203,20.07800602373923,8.013962180339146,21.0,1,0.9219939762607687,20.07800602373923,20.0,22.0
2689.0,19.885887476949915,20.08063368033393,8.012798731734085,21.0,1,0.9193663196660715,20.08063368033393,20.0,22.0
2690.0,19.888512859200873,20.083260578715777,8.011635265801397,21.0,1,0.9167394212842233,20.083260578715777,20.0,22.0
2691.0,19.891137483682193,20.085886719032324,8.010471784116246,21.0,1,0.9141132809676762,20.085886719032324,20.0,22.0
2692.0,19.89376135054228,20.088512101431398,8.009308288253816,21.0,1,0.9114878985686019,20.088512101431398,20.0,22.0
2693.0,19.896384459929823,20.091136726061123,8.008144779789315,21.0,1,0.9088632739388771,20.091136726061123,20.0,22.0
2694.0,19.899006811993797,20.093760593069895,8.00698126029796,21.0,1,0.906239406930105,20.093760593069895,20.0,22.0
2695.0,19.901628406883457,20.096383702606413,8.005817731354995,21.0,1,0.9036162973935866,20.096383702606413,20.0,22.0
2696.0,19.904249244748353,20.099006054819647,8.00465419453566,21.0,1,0.9009939451803533,20.099006054819647,20.0,22.0
2697.0,19.90686932573831,20.10162764985885,8.003490651415223,21.0,1,0.8983723501411482,20.10162764985885,20.0,22.0
2698.0,19.909488650003446,20.104248487873576,8.00232710356895,21.0,1,0.8957515121264237,20.104248487873576,20.0,22.0
2699.0,19.91210721769416,20.10686856901365,8.001163552572116,21.0,1,0.893131430986351,20.10686856901365,20.0,22.0
2700.0,19.914725028961136,20.109487893429183,8.0,21.0,1,0.8905121065708173,20.109487893429183,20.0,22.0
2701.0,19.917342083955344,20.11210646127058,7.998836447427885,21.0,1,0.8878935387294185,20.11210646127058,20.0,22.0
2702.0,19.91995838282804,20.114724272688527,7.99767289643105,21.0,1,0.8852757273114733,20.114724272688527,20.0,22.0
2703.0,19.92257392573076,20.11734132783399,7.996509348584777,21.0,1,0.8826586721660092,20.11734132783399,20.0,22.0
2704.0,19.92518871281533,20.119957626858227,7.995345805464338,21.0,1,0.880042373141773,20.119957626858227,20.0,22.0
2705.0,19.927802744233862,20.122573169912773,7.994182268645006,21.0,1,0.8774268300872272,20.122573169912773,20.0,22.0
2706.0,19.930416020138743,20.12518795714945,7.993018739702039,21.0,1,0.8748120428505501,20.12518795714945,20.0,22.0
2707.0,19.933028540682656,20.127801988720375,7.991855220210685,21.0,1,0.8721980112796253,20.127801988720375,20.0,22.0
2708.0,19.935640306018563,20.130415264777934,7.990691711746184,21.0,1,0.869584735222066,20.130415264777934,20.0,22.0
2709.0,19.93825131629971,20.133027785474813,7.989528215883754,21.0,1,0.8669722145251875,20.133027785474813,20.0,22.0
2710.0,19.940861571679626,20.135639550963965,7.988364734198603,21.0,1,0.8643604490360346,20.135639550963965,20.0,22.0
2711.0,19.94347107231213,20.138250561398642,7.987201268265915,21.0,1,0.8617494386013576,20.138250561398642,20.0,22.0
2712.0,19.94607981835132,20.14086081693237,7.986037819660855,21.0,1,0.8591391830676294,20.14086081693237,20.0,22.0
2713.0,19.94868780995158,20.143470317718975,7.984874389958563,21.0,1,0.8565296822810247,20.143470317718975,20.0,22.0
2714.0,19.951295047267582,20.14607906391255,7.983710980734154,21.0,1,0.8539209360874516,20.14607906391255,20.0,22.0
2715.0,19.953901530454274,20.14868705566748,7.982547593562717,21.0,1,0.8513129443325198,20.14868705566748,20.0,22.0
2716.0,19.956507259666896,20.151294293138434,7.981384230019307,21.0,1,0.8487057068615655,20.151294293138434,20.0,22.0
2717.0,19.959112235060967,20.153900776480363,7.980220891678953,21.0,1,0.8460992235196372,20.153900776480363,20.0,22.0
2718.0,19.961716456792292,20.156506505848505,7.979057580116644,21.0,1,0.8434934941514953,20.156506505848505,20.0,22.0
2719.0,19.964319925016955,20.159111481398376,7.977894296907334,21.0,1,0.8408885186016235,20.159111481398376,20.0,22.0
2720.0,19.966922639891333,20.16171570328579,7.976731043625944,21.0,1,0.8382842967142103,20.16171570328579,20.0,22.0
2721.0,19.96952460157208,20.164319171666826,7.9755678218473465,21.0,1,0.8356808283331745,20.164319171666826,20.0,22.0
2722.0,19.972125810216134,20.16692188669786,7.974404633146378,21.0,1,0.8330781133021397,20.16692188669786,20.0,22.0
2723.0,19.97472626598072,20.169523848535547,7.973241479097826,21.0,1,0.8304761514644525,20.169523848535547,20.0,22.0
2724.0,19.977325969023344,20.172125057336824,7.972078361276431,21.0,1,0.8278749426631755,20.172125057336824,20.0,22.0
2725.0,19.979924919501794,20.174725513258913,7.970915281256889,21.0,1,0.8252744867410868,20.174725513258913,20.0,22.0
2726.0,19.982523117574146,20.17732521645933,7.969752240613839,21.0,1,0.8226747835406698,20.17732521645933,20.0,22.0
2727.0,19.985120563398755,20.179924167095855,7.9685892409218715,21.0,1,0.8200758329041449,20.179924167095855,20.0,22.0
2728.0,19.98771725713426,20.18252236532656,7.967426283755519,21.0,1,0.8174776346734411,20.18252236532656,20.0,22.0
2729.0,19.990313198939585,20.185119811309807,7.966263370689256,21.0,1,0.8148801886901929,20.185119811309807,20.0,22.0
2730.0,19.992908388973934,20.187716505204236,7.965100503297499,21.0,1,0.8122834947957642,20.187716505204236,20.0,22.0
2731.0,19.9955028273968,20.190312447168765,7.963937683154602,21.0,1,0.8096875528312353,20.190312447168765,20.0,22.0
2732.0,19.99809651436795,20.1929076373626,7.962774911834854,21.0,1,0.8070923626373983,20.1929076373626,20.0,22.0
2733.0,20.000689450047446,20.19550207594524,7.96161219091248,21.0,1,0.8044979240547612,20.19550207594524,20.0,22.0
2734.0,20.00328163459562,20.198095763076445,7.960449521961635,21.0,1,0.801904236923555,20.198095763076445,20.0,22.0
2735.0,20.00587306817309,20.200688698916277,7.959286906556405,21.0,1,0.7993113010837227,20.200688698916277,20.0,22.0
2736.0,20.008463750940766,20.203280883625073,7.9581243462708,21.0,1,0.796719116374927,20.203280883625073,20.0,22.0
2737.0,20.01105368305983,20.20587231736345,7.956961842678762,21.0,1,0.7941276826365495,20.20587231736345,20.0,22.0
2738.0,20.013642864691754,20.20846300029231,7.955799397354149,21.0,1,0.7915369997076915,20.20846300029231,20.0,22.0
2739.0,20.016231295998285,20.21105293257284,7.954637011870746,21.0,1,0.7889470674271593,20.21105293257284,20.0,22.0
2740.0,20.01881897714146,20.213642114366515,7.953474687802253,21.0,1,0.7863578856334854,20.213642114366515,20.0,22.0
2741.0,20.021405908283594,20.21623054583508,7.9523124267222896,21.0,1,0.7837694541649185,20.21623054583508,20.0,22.0
2742.0,20.02399208958728,20.21881822714057,7.951150230204386,21.0,1,0.7811817728594299,20.21881822714057,20.0,22.0
2743.0,20.026577521215405,20.2214051584453,7.949988099821992,21.0,1,0.7785948415546997,20.2214051584453,20.0,22.0
2744.0,20.029162203331126,20.22399133991187,7.94882603714846,21.0,1,0.7760086600881309,20.22399133991187,20.0,22.0
2745.0,20.03174613609789,20.226576771703158,7.947664043757056,21.0,1,0.7734232282968421,20.226576771703158,20.0,22.0
2746.0,20.034329319679422,20.22916145398232,7.946502121220951,21.0,1,0.7708385460176785,20.22916145398232,20.0,22.0
2747.0,20.036911754239732,20.231745386912813,7.945340271113219,21.0,1,0.768254613087187,20.231745386912813,20.0,22.0
2748.0,20.039493439943108,20.234328570658352,7.944178495006836,21.0,1,0.7656714293416478,20.234328570658352,20.0,22.0
2749.0,20.04207437695412,20.23691100538295,7.94301679447468,21.0,1,0.7630889946170498,20.23691100538295,20.0,22.0
2750.0,20.04465456543762,20.2394926912509,7.941855171089524,21.0,1,0.7605073087491014,20.2394926912509,20.0,22.0
2751.0,20.047234005558753,20.242073628426766,7.940693626424038,21.0,1,0.7579263715732338,20.242073628426766,20.0,22.0
2752.0,20.049812697482928,20.244653817075406,7.939532162050786,21.0,1,0.755346182924594,20.244653817075406,20.0,22.0
2753.0,20.05239064137584,20.247233257361952,7.938370779542221,21.0,1,0.7527667426380482,20.247233257361952,20.0,22.0
2754.0,20.054967837403474,20.24981194945182,7.9372094804706865,21.0,1,0.7501880505481786,20.24981194945182,20.0,22.0
2755.0,20.05754428573209,20.252389893510713,7.936048266408414,21.0,1,0.7476101064892866,20.252389893510713,20.0,22.0
2756.0,20.060119986528225,20.254967089704607,7.93488713892752,21.0,1,0.745032910295393,20.254967089704607,20.0,22.0
2757.0,20.062694939958703,20.257543538199762,7.9337260996,21.0,1,0.7424564618002378,20.257543538199762,20.0,22.0
2758.0,20.06526914619063,20.260119239162723,7.932565149997735,21.0,1,0.739880760837277,20.260119239162723,20.0,22.0
2759.0,20.06784260539139,20.262694192760307,7.931404291692482,21.0,1,0.737305807239693,20.262694192760307,20.0,22.0
2760.0,20.070415317728653,20.265268399159616,7.930243526255874,21.0,1,0.7347316008403837,20.265268399159616,20.0,22.0
2761.0,20.07298728337036,20.267841858528044,7.929082855259422,21.0,1,0.732158141471956,20.267841858528044,20.0,22.0
2762.0,20.075558502484736,20.27041457103325,7.927922280274503,21.0,1,0.7295854289667503,20.27041457103325,20.0,22.0
2763.0,20.078128975240293,20.27298653684318,7.9267618028723685,21.0,1,0.727013463156819,20.27298653684318,20.0,22.0
2764.0,20.08069870180582,20.275557756126066,7.925601424624137,21.0,1,0.7244422438739342,20.275557756126066,20.0,22.0
2765.0,20.08326768235038,20.278128229050413,7.924441147100792,21.0,1,0.721871770949587,20.278128229050413,20.0,22.0
2766.0,20.085835917043333,20.28069795578501,7.923280971873181,21.0,1,0.7193020442149916,20.28069795578501,20.0,22.0
2767.0,20.0884034060543,20.283266936498922,7.922120900512015,21.0,1,0.7167330635010778,20.283266936498922,20.0,22.0
2768.0,20.090970149553193,20.2858351713615,7.9209609345878595,21.0,1,0.7141648286384985,20.2858351713615,20.0,22.0
2769.0,20.0935361477102,20.288402660542378,7.919801075671141,21.0,1,0.7115973394576223,20.288402660542378,20.0,22.0
2770.0,20.096101400695794,20.29096940421146,7.918641325332142,21.0,1,0.7090305957885406,20.29096940421146,20.0,22.0
2771.0,20.098665908680722,20.293535402538936,7.917481685140995,21.0,1,0.7064645974610642,20.293535402538936,20.0,22.0
2772.0,20.101229671836013,20.296100655695277,7.916322156667685,21.0,1,0.7038993443047232,20.296100655695277,20.0,22.0
2773.0,20.10379269033298,20.298665163851236,7.915162741482045,21.0,1,0.7013348361487637,20.298665163851236,20.0,22.0
2774.0,20.10635496434321,20.30122892717784,7.914003441153756,21.0,1,0.6987710728221614,20.30122892717784,20.0,22.0
2775.0,20.108916494038574,20.303791945846395,7.912844257252342,21.0,1,0.6962080541536046,20.303791945846395,20.0,22.0
2776.0,20.111477279591217,20.306354220028496,7.91168519134717,21.0,1,0.6936457799715043,20.306354220028496,20.0,22.0
2777.0,20.11403732117357,20.30891574989601,7.910526245007447,21.0,1,0.6910842501039909,20.30891574989601,20.0,22.0
2778.0,20.116596618958337,20.31147653562108,7.90936741980222,21.0,1,0.6885234643789211,20.31147653562108,20.0,22.0
2779.0,20.119155173118504,20.314036577376136,7.908208717300369,21.0,1,0.685963422623864,20.314036577376136,20.0,22.0
2780.0,20.12171298382734,20.316595875333892,7.907050139070608,21.0,1,0.683404124666108,20.316595875333892,20.0,22.0
2781.0,20.12427005125839,20.319154429667325,7.9058916866814855,21.0,1,0.680845570332675,20.319154429667325,20.0,22.0
2782.0,20.126826375585473,20.321712240549704,7.904733361701378,21.0,1,0.6782877594502956,20.321712240549704,20.0,22.0
2783.0,20.129381956982698,20.324269308154577,7.9035751656984905,21.0,1,0.6757306918454233,20.324269308154577,20.0,22.0
2784.0,20.13193679562444,20.326825632655765,7.902417100240851,21.0,1,0.6731743673442345,20.326825632655765,20.0,22.0
2785.0,20.134490891685363,20.32938121422737,7.901259166896312,21.0,1,0.6706187857726285,20.32938121422737,20.0,22.0
2786.0,20.137044245340405,20.331936053043773,7.9001013672325495,21.0,1,0.6680639469562273,20.331936053043773,20.0,22.0
2787.0,20.139596856764783,20.334490149279638,7.8989437028170535,21.0,1,0.6655098507203618,20.334490149279638,20.0,22.0
2788.0,20.142148726133993,20.337043503109896,7.897786175217136,21.0,1,0.6629564968901036,20.337043503109896,20.0,22.0
2789.0,20.14469985362381,20.33959611470977,7.896628785999922,21.0,1,0.6604038852902292,20.33959611470977,20.0,22.0
2790.0,20.147250239410283,20.342147984254755,7.895471536732347,21.0,1,0.6578520157452452,20.342147984254755,20.0,22.0
2791.0,20.149799883669747,20.344699111920622,7.8943144289811595,21.0,1,0.6553008880793776,20.344699111920622,20.0,22.0
2792.0,20.15234878657881,20.34724949788343,7.893157464312915,21.0,1,0.6527505021165716,20.34724949788343,20.0,22.0
2793.0,20.154896948314356,20.3497991423195,7.892000644293977,21.0,1,0.650200857680499,20.3497991423195,20.0,22.0
2794.0,20.15744436905355,20.35234804540545,7.890843970490512,21.0,1,0.6476519545945507,20.35234804540545,20.0,22.0
2795.0,20.159991048973836,20.35489620731816,7.889687444468489,21.0,1,0.6451037926818408,20.35489620731816,20.0,22.0
2796.0,20.162536988252935,20.357443628234797,7.888531067793675,21.0,1,0.6425563717652025,20.357443628234797,20.0,22.0
2797.0,20.165082187068844,20.359990308332804,7.887374842031637,21.0,1,0.6400096916671956,20.359990308332804,20.0,22.0
2798.0,20.167626645599835,20.362536247789905,7.886218768747738,21.0,1,0.6374637522100954,20.362536247789905,20.0,22.0
2799.0,20.170170364024465,20.365081446784085,7.8850628495071335,21.0,1,0.6349185532159147,20.365081446784085,20.0,22.0
2800.0,20.17271334252156,20.367625905493632,7.88390708587477,21.0,1,0.6323740945063676,20.367625905493632,20.0,22.0
2801.0,20.175255581270232,20.370169624097088,7.882751479415385,21.0,1,0.6298303759029125,20.370169624097088,20.0,22.0
2802.0,20.17779708044986,20.372712602773287,7.881596031693499,21.0,1,0.6272873972267128,20.372712602773287,20.0,22.0
2803.0,20.18033784024011,20.37525484170134,7.880440744273424,21.0,1,0.6247451582986585,20.37525484170134,20.0,22.0
2804.0,20.182877860820916,20.377796341060634,7.879285618719251,21.0,1,0.622203658939366,20.377796341060634,20.0,22.0
2805.0,20.185417142372497,20.38033710103082,7.878130656594853,21.0,1,0.6196628989691817,20.38033710103082,20.0,22.0
2806.0,20.18795568507534,20.382877121791843,7.8769758594638795,21.0,1,0.617122878208157,20.382877121791843,20.0,22.0
2807.0,20.190493489110217,20.385416403523912,7.87582122888976,21.0,1,0.6145835964760877,20.385416403523912,20.0,22.0
2808.0,20.193030554658172,20.387954946407525,7.874666766435696,21.0,1,0.6120450535924746,20.387954946407525,20.0,22.0
2809.0,20.19556688190053,20.390492750623444,7.873512473664663,21.0,1,0.6095072493765556,20.390492750623444,20.0,22.0
2810.0,20.19810247101888,20.393029816352726,7.872358352139405,21.0,1,0.6069701836472738,20.393029816352726,20.0,22.0
2811.0,20.200637322195107,20.39556614377668,7.871204403422438,21.0,1,0.60443385622332,20.39556614377668,20.0,22.0
2812.0,20.203171435611353,20.398101733076906,7.8700506290760375,21.0,1,0.6018982669230937,20.398101733076906,20.0,22.0
2813.0,20.205704811450044,20.400636584435283,7.868897030662249,21.0,1,0.5993634155647172,20.400636584435283,20.0,22.0
2814.0,20.208237449893886,20.403170698033954,7.8677436097428775,21.0,1,0.5968293019660464,20.403170698033954,20.0,22.0
2815.0,20.210769351125855,20.405704074055347,7.866590367879487,21.0,1,0.5942959259446532,20.405704074055347,20.0,22.0
2816.0,20.213300515329205,20.408236712682168,7.865437306633401,21.0,1,0.591763287317832,20.408236712682168,20.0,22.0
2817.0,20.215830942687464,20.41076861409739,7.864284427565695,21.0,1,0.589231385902611,20.41076861409739,20.0,22.0
2818.0,20.21836063338444,20.41329977848427,7.863131732237203,21.0,1,0.5867002215157306,20.41329977848427,20.0,22.0
2819.0,20.22088958760421,20.415830206026335,7.861979222208506,21.0,1,0.5841697939736648,20.415830206026335,20.0,22.0
2820.0,20.22341780553113,20.41835989690739,7.860826899039934,21.0,1,0.5816401030926102,20.41835989690739,20.0,22.0
2821.0,20.225945287349834,20.420888851311513,7.859674764291569,21.0,1,0.5791111486884866,20.420888851311513,20.0,22.0
2822.0,20.22847203324522,20.423417069423063,7.858522819523231,21.0,1,0.5765829305769365,20.423417069423063,20.0,22.0
2823.0,20.230998043402476,20.425944551426674,7.857371066294489,21.0,1,0.5740554485733256,20.425944551426674,20.0,22.0
2824.0,20.233523318007055,20.428471297507244,7.856219506164647,21.0,1,0.5715287024927562,20.428471297507244,20.0,22.0
2825.0,20.236047857244685,20.430997307849957,7.855068140692754,21.0,1,0.5690026921500433,20.430997307849957,20.0,22.0
2826.0,20.238571661301375,20.43352258264026,7.853916971437588,21.0,1,0.5664774173597387,20.43352258264026,20.0,22.0
2827.0,20.2410947303634,20.4360471220639,7.852765999957668,21.0,1,0.5639528779360994,20.4360471220639,20.0,22.0
2828.0,20.243617064617318,20.43857092630687,7.851615227811243,21.0,1,0.5614290736931302,20.43857092630687,20.0,22.0
2829.0,20.24613866424996,20.441093995555452,7.850464656556291,21.0,1,0.5589060044445482,20.441093995555452,20.0,22.0
2830.0,20.24865952944842,20.443616329996196,7.849314287750517,21.0,1,0.5563836700038038,20.443616329996196,20.0,22.0
2831.0,20.25117966040008,20.44613792981594,7.8481641229513555,21.0,1,0.55386207018406,20.44613792981594,20.0,22.0
2832.0,20.25369905729259,20.448658795201776,7.847014163715961,21.0,1,0.5513412047982236,20.448658795201776,20.0,22.0
2833.0,20.256217720313874,20.45117892634109,7.845864411601215,21.0,1,0.5488210736589103,20.45117892634109,20.0,22.0
2834.0,20.25873564965213,20.453698323421523,7.844714868163712,21.0,1,0.5463016765784765,20.453698323421523,20.0,22.0
2835.0,20.261252845495832,20.456216986631006,7.843565534959769,21.0,1,0.5437830133689943,20.456216986631006,20.0,22.0
2836.0,20.263769308033726,20.458734916157738,7.842416413545416,21.0,1,0.5412650838422621,20.458734916157738,20.0,22.0
2837.0,20.26628503745483,20.461252112190188,7.841267505476396,21.0,1,0.5387478878098122,20.461252112190188,20.0,22.0
2838.0,20.268800033948434,20.4637685749171,7.840118812308165,21.0,1,0.5362314250828994,20.4637685749171,20.0,22.0
2839.0,20.271314297704105,20.4662843045275,7.838970335595887,21.0,1,0.5337156954725017,20.4662843045275,20.0,22.0
2840.0,20.273827828911685,20.468799301210666,7.837822076894433,21.0,1,0.5312006987893341,20.468799301210666,20.0,22.0
2841.0,20.276340627761282,20.471313565156173,7.836674037758378,21.0,1,0.5286864348438272,20.471313565156173,20.0,22.0
2842.0,20.27885269444328,20.473827096553865,7.835526219742001,21.0,1,0.5261729034461347,20.473827096553865,20.0,22.0
2843.0,20.28136402914834,20.476339895593846,7.834378624399282,21.0,1,0.5236601044061544,20.476339895593846,20.0,22.0
2844.0,20.283874632067388,20.4788519624665,7.833231253283898,21.0,1,0.5211480375335,20.4788519624665,20.0,22.0
2845.0,20.28638450339163,20.481363297362492,7.832084107949223,21.0,1,0.518636702637508,20.481363297362492,20.0,22.0
2846.0,20.28889364331254,20.48387390047274,7.830937189948326,21.0,1,0.5161260995272592,20.48387390047274,20.0,22.0
2847.0,20.29140205202187,20.48638377198846,7.829790500833967,21.0,1,0.5136162280115393,20.48638377198846,20.0,22.0
2848.0,20.293909729711633,20.488892912101118,7.828644042158598,21.0,1,0.5111070878988819,20.488892912101118,20.0,22.0
2849.0,20.296416676574122,20.491401321002463,7.8274978154743575,21.0,1,0.5085986789975365,20.491401321002463,20.0,22.0
2850.0,20.2989228928019,20.493908998884518,7.82635182233307,21.0,1,0.5060910011154824,20.493908998884518,20.0,22.0
2851.0,20.301428378587808,20.49641594593957,7.8252060642862435,21.0,1,0.503584054060429,20.49641594593957,20.0,22.0
2852.0,20.303933134124946,20.498922162360188,7.82406054288507,21.0,1,0.5010778376398122,20.498922162360188,20.0,22.0
2853.0,20.3064371596067,20.501427648339202,7.822915259680417,21.0,1,0.4985723516607976,20.501427648339202,20.0,22.0
2854.0,20.308940455226715,20.503932404069722,7.821770216222833,21.0,1,0.4960675959302776,20.503932404069722,20.0,22.0
2855.0,20.311443021178913,20.506436429745126,7.820625414062543,21.0,1,0.4935635702548744,20.506436429745126,20.0,22.0
2856.0,20.31394485765749,20.508939725559063,7.8194808547494405,21.0,1,0.4910602744409367,20.508939725559063,20.0,22.0
2857.0,20.316445964856907,20.511442291705457,7.818336539833093,21.0,1,0.48855770829454315,20.511442291705457,20.0,22.0
2858.0,20.318946342971902,20.513944128378494,7.8171924708627385,21.0,1,0.486055871621506,20.513944128378494,20.0,22.0
2859.0,20.32144599219748,20.516445235772647,7.81604864938728,21.0,1,0.4835547642273532,20.516445235772647,20.0,22.0
2860.0,20.323944912728916,20.51894561408265,7.814905076955285,21.0,1,0.48105438591734995,20.51894561408265,20.0,22.0
2861.0,20.32644310476176,20.521445263503505,7.813761755114987,21.0,1,0.4785547364964948,20.521445263503505,20.0,22.0
2862.0,20.32894056849183,20.523944184230494,7.812618685414276,21.0,1,0.47605581576950584,20.523944184230494,20.0,22.0
2863.0,20.331437304115216,20.526442376459155,7.811475869400703,21.0,1,0.4735576235408452,20.526442376459155,20.0,22.0
2864.0,20.33393331182827,20.528939840385316,7.810333308621475,21.0,1,0.4710601596146837,20.528939840385316,20.0,22.0
2865.0,20.33642859182763,20.53143657620506,7.809191004623456,21.0,1,0.4685634237949401,20.53143657620506,20.0,22.0
2866.0,20.33892314431019,20.533932584114744,7.808048958953157,21.0,1,0.4660674158852558,20.533932584114744,20.0,22.0
2867.0,20.34141696947312,20.536427864311,7.806907173156744,21.0,1,0.4635721356889988,20.536427864311,20.0,22.0
2868.0,20.343910067513857,20.53892241699073,7.805765648780028,21.0,1,0.4610775830092706,20.53892241699073,20.0,22.0
2869.0,20.34640243863011,20.541416242351097,7.804624387368469,21.0,1,0.4585837576489027,20.541416242351097,20.0,22.0
2870.0,20.348894083019857,20.543909340589543,7.80348339046717,21.0,1,0.45609065941045657,20.543909340589543,20.0,22.0
2871.0,20.351385000881347,20.546401711903776,7.802342659620874,21.0,1,0.4535982880962237,20.546401711903776,20.0,22.0
2872.0,20.353875192413096,20.54889335649177,7.801202196373966,21.0,1,0.45110664350822915,20.54889335649177,20.0,22.0
2873.0,20.356364657813888,20.551384274551776,7.800062002270467,21.0,1,0.44861572544822437,20.551384274551776,20.0,22.0
2874.0,20.35885339728278,20.55387446628231,7.798922078854035,21.0,1,0.4461255337176908,20.55387446628231,20.0,22.0
2875.0,20.361341411019094,20.556363931882156,7.797782427667962,21.0,1,0.4436360681178435,20.556363931882156,20.0,22.0
2876.0,20.363828699222424,20.558852671550376,7.796643050255169,21.0,1,0.4411473284496239,20.558852671550376,20.0,22.0
2877.0,20.36631526209263,20.561340685486282,7.79550394815821,21.0,1,0.43865931451371765,20.561340685486282,20.0,22.0
2878.0,20.368801099829845,20.563827973889474,7.794365122919262,21.0,1,0.4361720261105262,20.563827973889474,20.0,22.0
2879.0,20.371286212634462,20.566314536959812,7.79322657608013,21.0,1,0.43368546304018807,20.566314536959812,20.0,22.0
2880.0,20.37377060070715,20.56880037489742,7.79208830918224,21.0,1,0.4311996251025789,20.56880037489742,20.0,22.0
2881.0,20.376254264248846,20.571285487902706,7.790950323766643,21.0,1,0.4287145120972937,20.571285487902706,20.0,22.0
2882.0,20.37873720346075,20.57376987617633,7.789812621374006,21.0,1,0.42623012382367165,20.57376987617633,20.0,22.0
2883.0,20.381219418544333,20.57625353991923,7.788675203544612,21.0,1,0.4237464600807712,20.57625353991923,20.0,22.0
2884.0,20.383700909701332,20.5787364793326,7.787538071818359,21.0,1,0.4212635206673987,20.5787364793326,20.0,22.0
2885.0,20.386181677133756,20.581218694617924,7.78640122773476,21.0,1,0.41878130538207614,20.581218694617924,20.0,22.0
2886.0,20.388661721043874,20.58370018597693,7.785264672832937,21.0,1,0.4162998140230698,20.58370018597693,20.0,22.0
2887.0,20.39114104163423,20.586180953611624,7.78412840865162,21.0,1,0.41381904638837597,20.586180953611624,20.0,22.0
2888.0,20.393619639107634,20.588660997724283,7.782992436729147,21.0,1,0.4113390022757173,20.588660997724283,20.0,22.0
2889.0,20.396097513667158,20.59114031851745,7.781856758603458,21.0,1,0.40885968148255003,20.59114031851745,20.0,22.0
2890.0,20.398574665516144,20.593618916193925,7.780721375812097,21.0,1,0.40638108380607463,20.593618916193925,20.0,22.0
2891.0,20.401051094858204,20.596096790956793,7.779586289892208,21.0,1,0.4039032090432073,20.596096790956793,20.0,22.0
2892.0,20.40352680189721,20.59857394300939,7.778451502380532,21.0,1,0.4014260569906085,20.59857394300939,20.0,22.0
2893.0,20.406001786837308,20.601050372555328,7.777317014813409,21.0,1,0.3989496274446722,20.601050372555328,20.0,22.0
2894.0,20.408476049882903,20.603526079798474,7.776182828726769,21.0,1,0.39647392020152594,20.603526079798474,20.0,22.0
2895.0,20.410949591238673,20.60600106494298,7.775048945656135,21.0,1,0.3939989350570201,20.60600106494298,20.0,22.0
2896.0,20.413422411109558,20.608475328193247,7.773915367136621,21.0,1,0.3915246718067529,20.608475328193247,20.0,22.0
2897.0,20.415894509700763,20.61094886975396,7.7727820947029285,21.0,1,0.38905113024604177,20.61094886975396,20.0,22.0
2898.0,20.418365887217764,20.613421689830048,7.771649129889344,21.0,1,0.38657831016995203,20.613421689830048,20.0,22.0
2899.0,20.420836543866297,20.615893788626728,7.770516474229738,21.0,1,0.38410621137327183,20.615893788626728,20.0,22.0
2900.0,20.42330647985237,20.61836516634947,7.76938412925756,21.0,1,0.38163483365052997,20.61836516634947,20.0,22.0
2901.0,20.425775695382253,20.62083582320401,7.768252096505843,21.0,1,0.3791641767959888,20.62083582320401,20.0,22.0
2902.0,20.42824419066248,20.623305759396352,7.767120377507194,21.0,1,0.37669424060364776,20.623305759396352,20.0,22.0
2903.0,20.43071196589985,20.62577497513277,7.765988973793798,21.0,1,0.3742250248672292,20.62577497513277,20.0,22.0
2904.0,20.433179021301427,20.6282434706198,7.76485788689741,21.0,1,0.37175652938019965,20.6282434706198,20.0,22.0
2905.0,20.435645357074545,20.63071124606423,7.763727118349359,21.0,1,0.3692887539357699,20.63071124606423,20.0,22.0
2906.0,20.4381109734268,20.633178301673137,7.762596669680541,21.0,1,0.36682169832686284,20.633178301673137,20.0,22.0
2907.0,20.44057587056605,20.635644637653854,7.761466542421419,21.0,1,0.36435536234614574,20.635644637653854,20.0,22.0
2908.0,20.44304004870042,20.638110254213966,7.760336738102023,21.0,1,0.3618897457860335,20.638110254213966,20.0,22.0
2909.0,20.445503508038303,20.640575151561343,7.759207258251943,21.0,1,0.35942484843865685,20.640575151561343,20.0,22.0
2910.0,20.447966248788347,20.643039329904106,7.758078104400332,21.0,1,0.3569606700958943,20.643039329904106,20.0,22.0
2911.0,20.45042827115947,20.64550278945064,7.756949278075901,21.0,1,0.35449721054936134,20.64550278945064,20.0,22.0
2912.0,20.452889575360853,20.6479655304096,7.755820780806915,21.0,1,0.3520344695904001,20.6479655304096,20.0,22.0
2913.0,20.45535016160194,20.650427552989903,7.754692614121198,21.0,1,0.3495724470100967,20.650427552989903,20.0,22.0
2914.0,20.457810030092446,20.652888857400733,7.753564779546122,21.0,1,0.34711114259926745,20.652888857400733,20.0,22.0
2915.0,20.460269181042335,20.655349443851527,7.752437278608614,21.0,1,0.34465055614847273,20.655349443851527,20.0,22.0
2916.0,20.462727614661848,20.657809312552004,7.751310112835146,21.0,1,0.34219068744799586,20.657809312552004,20.0,22.0
2917.0,20.465185331161482,20.66026846371213,7.750183283751736,21.0,1,0.33973153628787145,20.66026846371213,20.0,22.0
2918.0,20.467642330752,20.66272689754214,7.749056792883947,21.0,1,0.3372731024578606,20.66272689754214,20.0,22.0
2919.0,20.470098613644428,20.665184614252535,7.747930641756886,21.0,1,0.33481538574746494,20.665184614252535,20.0,22.0
2920.0,20.47255418005005,20.667641614054077,7.746804831895198,21.0,1,0.3323583859459234,20.667641614054077,20.0,22.0
2921.0,20.47500903018042,20.670097897157792,7.745679364823067,21.0,1,0.3299021028422082,20.670097897157792,20.0,22.0
2922.0,20.47746316424735,20.672553463774964,7.7445542420642095,21.0,1,0.32744653622503606,20.672553463774964,20.0,22.0
2923.0,20.479916582462913,20.675008314117143,7.743429465141881,21.0,1,0.324991685882857,20.675008314117143,20.0,22.0
2924.0,20.48236928503945,20.67746244839615,7.742305035578866,21.0,1,0.3225375516038511,20.67746244839615,20.0,22.0
2925.0,20.484821272189556,20.679915866824047,7.741180954897479,21.0,1,0.3200841331759534,20.679915866824047,20.0,22.0
2926.0,20.4872725441261,20.682368569613182,7.740057224619562,21.0,1,0.3176314303868182,20.682368569613182,20.0,22.0
2927.0,20.4897231010622,20.684820556976156,7.738933846266485,21.0,1,0.31517944302384393,20.684820556976156,20.0,22.0
2928.0,20.49217294321124,20.68727182912582,7.737810821359135,21.0,1,0.3127281708741805,20.68727182912582,20.0,22.0
2929.0,20.49462207078687,20.689722386275303,7.736688151417929,21.0,1,0.310277613724697,20.689722386275303,20.0,22.0
2930.0,20.497070484002997,20.692172228637993,7.735565837962798,21.0,1,0.3078277713620068,20.692172228637993,20.0,22.0
2931.0,20.49951818307379,20.69462135642753,7.734443882513191,21.0,1,0.305378643572471,20.69462135642753,20.0,22.0
2932.0,20.501965168213676,20.697069769857826,7.733322286588074,21.0,1,0.3029302301421737,20.697069769857826,20.0,22.0
2933.0,20.50441143963735,20.699517469143046,7.732201051705926,21.0,1,0.30048253085695364,20.699517469143046,20.0,22.0
2934.0,20.506856997559765,20.701964454497624,7.731080179384734,21.0,1,0.2980355455023762,20.701964454497624,20.0,22.0
2935.0,20.50930184219613,20.704410726136253,7.729959671142,21.0,1,0.29558927386374734,20.704410726136253,20.0,22.0
2936.0,20.51174597376192,20.706856284273876,7.728839528494726,21.0,1,0.2931437157261243,20.706856284273876,20.0,22.0
2937.0,20.514189392472865,20.709301129125713,7.727719752959426,21.0,1,0.29069887087428725,20.709301129125713,20.0,22.0
2938.0,20.516632098544964,20.711745260907236,7.726600346052112,21.0,1,0.2882547390927641,20.711745260907236,20.0,22.0
2939.0,20.519074092194465,20.714188679834173,7.725481309288299,21.0,1,0.285811320165827,20.714188679834173,20.0,22.0
2940.0,20.521515373637882,20.716631386122526,7.724362644183001,21.0,1,0.2833686138774745,20.716631386122526,20.0,22.0
2941.0,20.52395594309199,20.71907337998854,7.723244352250728,21.0,1,0.28092662001145996,20.71907337998854,20.0,22.0
2942.0,20.526395800773823,20.721514661648733,7.722126435005485,21.0,1,0.2784853383512669,20.721514661648733,20.0,22.0
2943.0,20.52883494690067,20.723955231319874,7.7210088939607715,21.0,1,0.2760447686801264,20.723955231319874,20.0,22.0
2944.0,20.53127338169008,20.726395089219,7.719891730629573,21.0,1,0.2736049107809997,20.726395089219,20.0,22.0
2945.0,20.53371110535987,20.728834235563397,7.71877494652437,21.0,1,0.2711657644366028,20.728834235563397,20.0,22.0
2946.0,20.536148118128104,20.73127267057062,7.717658543157124,21.0,1,0.2687273294293817,20.73127267057062,20.0,22.0
2947.0,20.53858442021311,20.733710394458477,7.716542522039284,21.0,1,0.26628960554152314,20.733710394458477,20.0,22.0
2948.0,20.541020011833474,20.73614740744504,7.715426884681781,21.0,1,0.2638525925549615,20.73614740744504,20.0,22.0
2949.0,20.543454893208043,20.738583709748628,7.7143116325950265,21.0,1,0.2614162902513719,20.738583709748628,20.0,22.0
2950.0,20.545889064555922,20.741019301587837,7.71319676728891,21.0,1,0.258980698412163,20.741019301587837,20.0,22.0
2951.0,20.54832252609647,20.743454183181512,7.7120822902727975,21.0,1,0.25654581681848754,20.743454183181512,20.0,22.0
2952.0,20.550755278049305,20.74588835474875,7.710968203055528,21.0,1,0.25411164525124974,20.74588835474875,20.0,22.0
2953.0,20.553187320634308,20.74832181650892,7.709854507145417,21.0,1,0.2516781834910802,20.74832181650892,20.0,22.0
2954.0,20.55561865407161,20.750754568681636,7.708741204050245,21.0,1,0.2492454313183643,20.750754568681636,20.0,22.0
2955.0,20.558049278581603,20.753186611486772,7.707628295277264,21.0,1,0.2468133885132282,20.753186611486772,20.0,22.0
2956.0,20.560479194384943,20.755617945144465,7.70651578233319,21.0,1,0.2443820548555351,20.755617945144465,20.0,22.0
2957.0,20.562908401702533,20.758048569875108,7.705403666724205,21.0,1,0.2419514301248924,20.758048569875108,20.0,22.0
2958.0,20.565336900755536,20.760478485899352,7.7042919499559535,21.0,1,0.23952151410064815,20.760478485899352,20.0,22.0
2959.0,20.567764691765376,20.762907693438105,7.703180633533536,21.0,1,0.23709230656189462,20.762907693438105,20.0,22.0
2960.0,20.57019177495373,20.76533619271253,7.702069718961519,21.0,1,0.23466380728746827,20.76533619271253,20.0,22.0
2961.0,20.57261815054253,20.76776398394405,7.700959207743914,21.0,1,0.2322360160559498,20.76776398394405,20.0,22.0
2962.0,20.575043818753972,20.77019106735434,7.699849101384195,21.0,1,0.2298089326456605,20.77019106735434,20.0,22.0
2963.0,20.5774687798105,20.77261744316533,7.698739401385284,21.0,1,0.22738255683466946,20.77261744316533,20.0,22.0
2964.0,20.579893033934813,20.775043111599217,7.697630109249555,21.0,1,0.22495688840078287,20.775043111599217,20.0,22.0
2965.0,20.582316581349875,20.777468072878445,7.69652122647883,21.0,1,0.22253192712155467,20.777468072878445,20.0,22.0
2966.0,20.5847394222789,20.77989232722572,7.695412754574373,21.0,1,0.22010767277427945,20.77989232722572,20.0,22.0
2967.0,20.58716155694536,20.782315874864,7.6943046950368945,21.0,1,0.21768412513599955,20.782315874864,20.0,22.0
2968.0,20.589582985572978,20.784738716016495,7.693197049366548,21.0,1,0.21526128398350508,20.784738716016495,20.0,22.0
2969.0,20.592003708385736,20.78716085090668,7.692089819062923,21.0,1,0.2128391490933197,20.78716085090668,20.0,22.0
2970.0,20.59442372560787,20.789582279758278,7.6909830056250525,21.0,1,0.2104177202417219,20.789582279758278,20.0,22.0
2971.0,20.596843037463874,20.792003002795273,7.689876610551399,21.0,1,0.2079969972047273,20.792003002795273,20.0,22.0
2972.0,20.59926164417849,20.794423020241897,7.688770635339861,21.0,1,0.20557697975810285,20.794423020241897,20.0,22.0
2973.0,20.601679545976722,20.796842332322647,7.687665081487768,21.0,1,0.20315766767735255,20.796842332322647,20.0,22.0
2974.0,20.604096743083826,20.799260939262265,7.686559950491881,21.0,1,0.2007390607377353,20.799260939262265,20.0,22.0
2975.0,20.60651323572531,20.801678841285753,7.685455243848386,21.0,1,0.19832115871424705,20.801678841285753,20.0,22.0
2976.0,20.608929024126933,20.804096038618365,7.684350963052898,21.0,1,0.19590396138163513,20.804096038618365,20.0,22.0
2977.0,20.611344108514718,20.806512531485613,7.683247109600451,21.0,1,0.19348746851438747,20.806512531485613,20.0,22.0
2978.0,20.613758489114936,20.808928320113253,7.682143684985502,21.0,1,0.1910716798867469,20.808928320113253,20.0,22.0
2979.0,20.61617216615411,20.811343404727314,7.68104069070193,21.0,1,0.1886565952726862,20.811343404727314,20.0,22.0
2980.0,20.61858513985902,20.813757785554056,7.679938128243029,21.0,1,0.1862422144459437,20.813757785554056,20.0,22.0
2981.0,20.6209974104567,20.816171462820012,7.678835999101507,21.0,1,0.1838285371799877,20.816171462820012,20.0,22.0
2982.0,20.623408978174428,20.818584436751955,7.67773430476949,21.0,1,0.18141556324804498,20.818584436751955,20.0,22.0
2983.0,20.625819843239746,20.820996707576917,7.676633046738509,21.0,1,0.17900329242308288,20.820996707576917,20.0,22.0
2984.0,20.628230005880447,20.823408275522183,7.675532226499509,21.0,1,0.17659172447781657,20.823408275522183,20.0,22.0
2985.0,20.63063946632457,20.82581914081529,7.674431845542843,21.0,1,0.17418085918470894,20.82581914081529,20.0,22.0
2986.0,20.633048224800415,20.828229303684036,7.673331905358266,21.0,1,0.17177069631596353,20.828229303684036,20.0,22.0
2987.0,20.635456281536527,20.830638764356458,7.6722324074349375,21.0,1,0.16936123564354233,20.830638764356458,20.0,22.0
2988.0,20.637863636761708,20.83304752306085,7.671133353261417,21.0,1,0.1669524769391515,20.83304752306085,20.0,22.0
2989.0,20.640270290705008,20.835455580025762,7.670034744325666,21.0,1,0.16454441997423785,20.835455580025762,20.0,22.0
2990.0,20.642676243595734,20.837862935479997,7.668936582115042,21.0,1,0.1621370645200031,20.837862935479997,20.0,22.0
2991.0,20.645081495663437,20.8402695896526,7.667838868116297,21.0,1,0.1597304103474002,20.8402695896526,20.0,22.0
2992.0,20.647486047137928,20.842675542772877,7.666741603815576,21.0,1,0.15732445722712285,20.842675542772877,20.0,22.0
2993.0,20.649889898249263,20.845080795070388,7.665644790698417,21.0,1,0.15491920492961242,20.845080795070388,20.0,22.0
2994.0,20.652293049227755,20.84748534677494,7.664548430249745,21.0,1,0.15251465322506164,20.84748534677494,20.0,22.0
2995.0,20.65469550030396,20.849889198116582,7.6634525239538736,21.0,1,0.15011080188341808,20.849889198116582,20.0,22.0
2996.0,20.657097251708688,20.85229234932563,7.662357073294501,21.0,1,0.14770765067436997,20.85229234932563,20.0,22.0
2997.0,20.659498303673004,20.85469480063265,7.661262079754708,21.0,1,0.14530519936734976,20.85469480063265,20.0,22.0
2998.0,20.66189865642822,20.85709655226844,7.660167544816959,21.0,1,0.14290344773155894,20.85709655226844,20.0,22.0
2999.0,20.664298310205897,20.85949760446407,7.659073469963094,21.0,1,0.14050239553592903,20.85949760446407,20.0,22.0
